team_id,team_name,understat_league,year,understat_season,matches,wins,draws,losses,scored,conceded,xG,xGA,npxG,npxGA,deep,deep_allowed,pts,xpts,ppda_coef,oppda_coef,npxGD,xG_diff,xGA_diff,xpts_diff,position,scrape_timestamp,understat_id,understat_name,transfermarkt_id,transfermarkt_club,transfermarkt_season,transfermarkt_league,transfermarkt_joined_club,total_spent,players_bought,loans,funds_received,net_spend,avg_age,age_std,young_u21_pct,veteran_o30_pct,avg_height,squad_size,manager_count_season,primary_manager_tenure,manager_change_flag,revenue,wage_bill,gd,xGD,npxGD_calc,goals_minus_xG,goals_conceded_minus_xGA,gd_minus_xGD,pts_minus_xpts,deep_diff,deep_ratio,big_six,qualified_for_europe,top_half,mid_table_band,at_risk_position,relegated,net_spend_per_point,total_spent_per_point,net_spend_per_xpt,total_spent_per_xpt,points_rank,xpts_rank,gd_rank,xGD_rank,npxGD_rank,xGA_rank,npxGA_rank,total_spent_rank,net_spend_rank,funds_received_rank,avg_age_rank,squad_size_rank,net_spend_efficiency_npxGD,total_spend_efficiency_npxGD,net_spend_efficiency_position,young_plus_peak_balance,age_risk_flag,multiple_managers,wage_to_revenue,net_spend_to_revenue,total_spent_to_revenue,wage_per_point,revenue_per_point,revenue_rank,wage_rank,wage_efficiency_npxGD,revenue_efficiency_npxGD,wage_efficiency_position,next_position,next_pts,next_npxGD,survived_next_season,top_15_next_season,mid_table_next_season,position_t_plus_2,survived_next_2_seasons,top_15_next_2_seasons
83,Arsenal,EPL,2016,2016/17,38,23,6,9,77,44,63.58125699999999,47.071277,59.01423599999999,39.4595841,478,199,75,62.1195,8.26158940397351,12.535672514619884,19.5546519,-13.418743000000012,3.071276999999995,-12.880499999999998,5,2025-09-01T17:43:15.144962,83,Arsenal,11,Arsenal FC,2016,Premier League,Arsenal FC,113000000.0,5,0,10350000.0,102650000.0,25.61815537303217,4.0484719215238965,0.15625,0.1875,182.84375,32,1,19,0,416.0,199.0,33,16.509979999999985,19.55465189999999,13.418743000000013,-3.071277000000002,16.490020000000015,12.880499999999998,279,2.4020100502512562,1,1,1,0,0,0,1368666.6666666667,1506666.6666666667,1652460.1775609911,1819074.5257125378,5.0,6.0,5.0,6.0,6.0,8.0,7.0,4.0,3.0,18.0,9.0,5.0,-3.0,-2.0,-2.0,-0.03125,1,0,0.47836538461538464,246754.8076923077,271634.6153846154,2.6533333333333333,5.546666666666667,3.0,5.0,-1.0,-3.0,0.0,6.0,63.0,24.285192999999992,1,1,0,5.0,1,1
83,Arsenal,EPL,2017,2017/18,38,19,6,13,74,51,72.269335,48.745316,68.46348599999999,44.178293,488,203,63,65.89910000000002,9.125452352231603,15.636363636363637,24.285192999999992,-1.730665000000002,-2.254683999999997,2.8991000000000184,6,2025-09-01T17:43:15.144962,83,Arsenal,11,Arsenal FC,2017,Premier League,Arsenal FC,152850000.0,5,0,162400000.0,-9550000.0,25.549872441042872,4.673281497960883,0.1818181818181818,0.1818181818181818,182.3636363636364,33,1,20,0,386.0,223.0,23,23.524018999999996,24.285192999999992,1.730665000000002,2.2546839999999975,-0.5240189999999956,-2.8991000000000184,285,2.4039408866995076,1,1,1,0,0,0,-151587.3015873016,2426190.476190476,-144918.51937279868,2319455.045668301,6.0,5.0,6.0,5.0,5.0,7.0,6.0,6.0,17.0,3.0,8.0,3.0,12.0,1.0,11.0,0.0,1,0,0.5777202072538861,-24740.932642487045,395984.4559585492,3.5396825396825395,6.126984126984127,5.0,5.0,0.0,0.0,-1.0,5.0,70.0,9.020181499999993,1,1,0,8.0,1,1
83,Arsenal,EPL,2018,2018/19,38,21,7,10,73,51,64.79537200000001,57.2974875,60.98952099999999,51.9693395,400,253,70,58.9713,9.467821782178218,12.790821771611526,9.020181499999993,-8.204627999999985,6.297487500000003,-11.0287,5,2025-09-01T17:43:15.144962,83,Arsenal,11,Arsenal FC,2018,Premier League,Arsenal FC,80150000.0,6,1,9100000.0,71050000.0,25.376344086021508,5.0537843829971445,0.2580645161290322,0.1612903225806451,183.2258064516129,31,1,0,0,390.0,232.0,22,7.497884500000012,9.020181499999993,8.204627999999985,-6.297487500000003,14.502115499999988,11.0287,147,1.5810276679841897,1,1,1,0,0,0,1015000.0,1145000.0,1204823.363229232,1359135.7151699218,5.0,7.0,5.0,7.0,7.0,10.0,10.0,11.0,9.0,15.0,6.0,2.0,2.0,4.0,4.0,0.0967741935483871,0,0,0.5948717948717949,182179.4871794872,205512.8205128205,3.3142857142857145,5.571428571428571,6.0,5.0,-2.0,-1.0,0.0,8.0,56.0,-2.468798000000014,1,1,1,8.0,1,1
83,Arsenal,EPL,2019,2019/20,38,14,14,10,56,48,50.82221799999999,57.25226600000001,48.53879799999999,51.00759600000001,265,253,56,50.14710000000001,11.017241379310343,11.446185997910137,-2.468798000000014,-5.177782000000008,9.252266000000011,-5.852899999999991,8,2025-09-01T17:43:15.144962,83,Arsenal,11,Arsenal FC,2019,Premier League,Arsenal FC,160800000.0,8,3,53650000.0,107150000.0,24.420018520755324,4.494835177313105,0.2941176470588235,0.1764705882352941,182.94117647058823,34,3,0,1,340.0,225.0,8,-6.430048000000021,-2.468798000000014,5.177782000000008,-9.252266000000013,14.43004800000002,5.852899999999991,12,1.0474308300395256,1,0,1,1,0,0,1913392.857142857,2871428.5714285714,2136713.788035599,3206566.28199836,8.0,9.0,8.0,12.0,9.0,12.0,11.0,3.0,3.0,9.0,4.0,2.0,-6.0,-6.0,-5.0,0.11764705882352938,0,1,0.6617647058823529,315147.0588235294,472941.17647058825,4.017857142857143,6.071428571428571,6.0,5.0,-4.0,-3.0,-3.0,8.0,61.0,6.731510300000004,1,1,1,5.0,1,1
83,Arsenal,EPL,2020,2020/21,38,18,7,13,55,39,52.247381,43.232285,47.680362,40.94885169999999,292,203,61,58.71769999999999,13.642061281337048,16.277699859747546,6.731510300000004,-2.752619000000003,4.232284999999997,-2.282300000000013,8,2025-09-01T17:43:15.144962,83,Arsenal,11,Arsenal FC,2020,Premier League,Arsenal FC,86000000.0,8,2,19150000.0,66850000.0,25.220286591154974,3.976821096141195,0.1935483870967742,0.0967741935483871,182.6129032258065,31,1,0,0,325.0,238.0,16,9.015096,6.731510300000011,2.752619000000003,-4.232284999999997,6.984904,2.2823000000000135,89,1.438423645320197,1,0,1,1,0,0,1095901.6393442622,1409836.0655737706,1138498.27224159,1464635.0248732497,8.0,8.0,7.0,8.0,8.0,5.0,5.0,7.0,8.0,10.0,11.0,12.0,0.0,-1.0,0.0,0.0967741935483871,0,0,0.7323076923076923,205692.3076923077,264615.3846153846,3.901639344262295,5.327868852459017,6.0,5.0,-3.0,-2.0,-3.0,5.0,69.0,13.368983999999998,1,1,0,2.0,1,1
83,Arsenal,EPL,2021,2021/22,38,22,3,13,61,48,63.39157700000001,48.389506,57.191476,43.822492,314,220,69,64.7622,12.553370786516854,13.940085592011412,13.368983999999998,2.3915770000000123,0.3895060000000043,-4.237799999999993,5,2025-09-01T17:43:15.144962,83,Arsenal,11,Arsenal FC,2021,Premier League,Arsenal FC,167400000.0,7,0,31400000.0,136000000.0,23.0336722258393,4.190829458663443,0.3902439024390244,0.048780487804878,183.1951219512195,41,1,1,0,367.0,212.0,13,15.002071000000015,13.368984000000005,-2.3915770000000123,-0.38950599999999724,-2.002071000000015,4.237799999999993,94,1.4272727272727272,1,1,1,0,0,0,1971014.4927536233,2426086.9565217393,2099990.426514232,2584841.1573417825,5.0,5.0,5.0,5.0,5.0,7.0,6.0,1.0,1.0,12.0,1.0,1.0,-4.0,-4.0,-4.0,0.3414634146341464,0,0,0.5776566757493188,370572.2070844687,456130.7901907357,3.072463768115942,5.318840579710145,6.0,5.0,0.0,1.0,0.0,2.0,84.0,32.110088700000006,1,1,0,2.0,1,1
83,Arsenal,EPL,2022,2022/23,38,26,6,6,88,43,76.512308,45.16339229999999,73.467624,41.3575353,452,199,84,72.5338,9.553299492385786,14.364511691884458,32.110088700000006,-11.487691999999996,2.163392299999991,-11.4662,2,2025-09-01T17:43:15.144962,83,Arsenal,11,Arsenal FC,2022,Premier League,Arsenal FC,186400000.0,8,0,23800000.0,162600000.0,23.52854209445585,4.08305834084649,0.2571428571428571,0.0857142857142857,181.02857142857144,35,1,2,0,463.0,235.0,45,31.348915700000013,32.1100887,11.487691999999996,-2.163392299999991,13.651084299999987,11.4662,253,2.271356783919598,1,1,1,0,0,0,1935714.2857142857,2219047.619047619,2241713.5183872897,2569836.4073025268,2.0,2.0,2.0,3.0,3.0,3.0,3.0,6.0,6.0,12.0,1.0,10.0,3.0,3.0,4.0,0.17142857142857143,0,0,0.5075593952483801,351187.9049676026,402591.7926565875,2.7976190476190474,5.511904761904762,6.0,6.0,3.0,3.0,4.0,2.0,89.0,47.282211600000025,1,1,0,2.0,1,1
83,Arsenal,EPL,2023,2023/24,38,28,5,5,91,29,84.39247899999998,31.78212539999999,76.78082900000001,29.498617399999983,531,151,89,81.9379,9.602064220183486,16.825347758887172,47.282211600000025,-6.60752100000002,2.782125399999991,-7.062100000000001,2,2025-09-01T17:43:15.144962,83,Arsenal,11,Arsenal FC,2023,Premier League,Arsenal FC,235100000.0,4,1,69200000.0,165900000.0,23.91298767967146,4.080363229433995,0.21875,0.125,175.84375,32,1,3,0,612.0,328.0,62,52.61035359999999,47.282211600000025,6.60752100000002,-2.782125399999991,9.38964640000001,7.062100000000001,380,3.5165562913907285,1,1,1,0,0,0,1864044.9438202246,2641573.033707865,2024704.074671184,2869246.099790207,2.0,2.0,1.0,1.0,1.0,1.0,1.0,4.0,2.0,9.0,5.0,17.0,1.0,3.0,0.0,0.09375,0,0,0.5359477124183006,271078.43137254904,384150.32679738564,3.6853932584269664,6.876404494382022,4.0,5.0,4.0,3.0,3.0,2.0,74.0,34.35121630000001,1,1,0,,0,0
83,Arsenal,EPL,2024,2024/25,38,20,14,4,69,34,73.56990500000002,39.97986170000001,72.047565,37.6963487,366,156,74,72.9622,8.797846889952153,14.311111111111112,34.35121630000001,4.56990500000002,5.979861700000008,-1.0378000000000045,2,2025-09-01T17:43:15.144962,83,Arsenal,11,Arsenal FC,2024,Premier League,Arsenal FC,108900000.0,5,2,83790000.0,25110000.0,23.978241291112788,4.705001112703546,0.3157894736842105,0.0789473684210526,172.6578947368421,38,1,4,0,690.0,347.0,35,33.59004330000001,34.351216300000004,-4.56990500000002,-5.979861700000008,1.409956699999988,1.0378000000000043,210,2.3461538461538463,1,1,1,0,0,0,339324.3243243243,1471621.6216216215,344150.80685615295,1492553.6784800899,2.0,2.0,2.0,2.0,2.0,1.0,1.0,12.0,11.0,10.0,7.0,4.0,9.0,10.0,9.0,0.2368421052631579,0,0,0.5028985507246376,36391.30434782609,157826.08695652173,4.6891891891891895,9.324324324324325,3.0,4.0,2.0,1.0,2.0,,,,0,0,0,,0,0
71,Aston Villa,EPL,2019,2019/20,38,9,8,21,41,67,45.08898899999999,71.595382,42.65250099999999,66.88436700000001,186,343,35,37.22690000000001,12.341207349081364,7.889137737961926,-24.231866000000025,4.088988999999991,4.595382000000001,2.226900000000008,17,2025-09-01T17:43:15.144962,71,Aston Villa,405,Aston Villa,2019,Premier League,Aston Villa,159500000.0,16,2,3000000.0,156500000.0,26.31427877503257,4.27016699971816,0.064516129032258,0.1612903225806451,183.9354838709677,31,1,0,0,113.0,109.0,-26,-26.50639300000001,-24.231866000000025,-4.088988999999991,-4.595382000000001,0.5063930000000099,-2.2269000000000077,-157,0.5422740524781341,0,0,0,0,1,0,4471428.571428572,4557142.857142857,4203949.294730423,4284536.182169344,17.0,18.0,18.0,18.0,17.0,19.0,20.0,4.0,1.0,18.0,16.0,7.0,-16.0,-13.0,-16.0,-0.09677419354838711,0,0,0.9646017699115044,1384955.7522123894,1411504.424778761,3.1142857142857143,3.2285714285714286,19.0,13.0,-4.0,2.0,-4.0,11.0,55.0,3.4628794000000056,1,1,1,14.0,1,1
71,Aston Villa,EPL,2020,2020/21,38,16,7,15,55,46,56.715489000000005,53.25255619999999,52.14847200000001,48.68559260000001,274,312,55,54.06,10.842171717171718,9.261349693251534,3.4628794000000056,1.7154890000000051,7.252556199999987,-0.9399999999999976,11,2025-09-01T17:43:15.144962,71,Aston Villa,405,Aston Villa,2020,Premier League,Aston Villa,101350000.0,6,1,2770000.0,98580000.0,25.15414571974793,4.063485370711814,0.1379310344827586,0.1034482758620689,183.8275862068965,29,1,1,0,184.0,138.0,9,3.4629328000000186,3.4628794000000056,-1.7154890000000051,-7.252556199999987,5.537067199999981,0.9399999999999977,-38,0.8782051282051282,0,0,0,1,0,0,1792363.6363636365,1842727.2727272727,1823529.4117647058,1874768.7754347022,11.0,9.0,9.0,10.0,10.0,12.0,12.0,5.0,4.0,15.0,10.0,18.0,-6.0,-5.0,-7.0,0.034482758620689696,0,0,0.75,535760.8695652174,550815.2173913043,2.5090909090909093,3.3454545454545452,11.0,10.0,0.0,1.0,-1.0,14.0,45.0,-7.571921000000024,1,1,1,7.0,1,1
71,Aston Villa,EPL,2021,2021/22,38,13,6,19,52,54,43.12954299999999,53.09572500000001,40.84603499999999,48.41795600000002,258,258,45,46.20119999999999,12.91469816272966,8.930365296803654,-7.571921000000024,-8.870457000000009,-0.9042749999999912,1.201199999999993,14,2025-09-01T17:43:15.144962,71,Aston Villa,405,Aston Villa,2021,Premier League,Aston Villa,129800000.0,9,3,127000000.0,2800000.0,24.203001619338576,4.658129821116669,0.3170731707317073,0.073170731707317,182.78048780487805,41,2,0,1,178.0,137.0,-2,-9.966182000000018,-7.5719210000000245,8.870457000000009,0.9042749999999913,7.966182000000018,-1.201199999999993,0,1.0,0,0,0,1,0,0,62222.22222222222,2884444.4444444445,60604.48646355507,2809450.8367748028,14.0,11.0,10.0,11.0,11.0,9.0,9.0,5.0,17.0,2.0,6.0,1.0,6.0,-6.0,3.0,0.24390243902439032,0,1,0.7696629213483146,15730.337078651686,729213.4831460674,3.0444444444444443,3.9555555555555557,12.0,10.0,-1.0,1.0,-4.0,7.0,61.0,-2.294278999999996,1,1,0,4.0,1,1
71,Aston Villa,EPL,2022,2022/23,38,18,7,13,51,46,49.995345,53.95553699999999,46.950666,49.244945,258,237,61,54.3668,11.78388746803069,9.564430244941429,-2.294278999999996,-1.0046549999999996,7.955536999999992,-6.633200000000002,7,2025-09-01T17:43:15.144962,71,Aston Villa,405,Aston Villa,2022,Premier League,Aston Villa,113000000.0,9,2,54000000.0,59000000.0,24.59461796174213,5.114893395760466,0.3421052631578947,0.1052631578947368,177.8684210526316,38,3,0,1,218.0,194.0,5,-3.960191999999992,-2.294279000000003,1.0046549999999996,-7.9555369999999925,8.960191999999992,6.633200000000002,21,1.0886075949367089,0,1,1,0,0,0,967213.1147540984,1852459.0163934426,1085221.1275999323,2078474.363030379,7.0,9.0,9.0,10.0,9.0,9.0,8.0,13.0,12.0,9.0,8.0,7.0,3.0,4.0,5.0,0.2368421052631579,0,1,0.8899082568807339,270642.2018348624,518348.623853211,3.180327868852459,3.5737704918032787,9.0,8.0,-1.0,0.0,1.0,4.0,68.0,0.9455614999999752,1,1,0,5.0,1,1
71,Aston Villa,EPL,2023,2023/24,38,20,8,10,76,61,67.42259349999999,65.07581200000001,64.37791349999999,63.432352000000016,344,268,68,55.42860000000002,13.683284457478006,10.307307307307306,0.9455614999999752,-8.57740650000001,4.075812000000013,-12.571399999999985,4,2025-09-01T17:43:15.144962,71,Aston Villa,405,Aston Villa,2023,Premier League,Aston Villa,111500000.0,8,2,33158000.0,78342000.0,24.402604468312884,4.59874837487995,0.3076923076923077,0.1794871794871795,174.0,39,1,0,0,276.0,252.0,15,2.3467814999999774,0.9455614999999753,8.57740650000001,-4.075812000000013,12.653218500000023,12.571399999999983,76,1.2835820895522387,0,1,1,0,0,0,1152088.2352941176,1639705.8823529412,1413385.8693887268,2011596.9012387102,4.0,7.0,5.0,8.0,10.0,11.0,14.0,11.0,10.0,14.0,10.0,5.0,0.0,1.0,6.0,0.12820512820512822,0,0,0.9130434782608695,283847.82608695654,403985.50724637683,3.7058823529411766,4.0588235294117645,8.0,6.0,-4.0,-2.0,2.0,5.0,66.0,8.996203000000008,1,1,0,,0,0
71,Aston Villa,EPL,2024,2024/25,38,19,9,10,58,51,66.38524600000002,54.99810299999999,61.710806000000005,52.714603,285,248,66,61.5269,12.38881118881119,9.955723542116631,8.996203000000008,8.385246000000024,3.998102999999993,-4.473100000000002,5,2025-09-01T17:43:15.144962,71,Aston Villa,405,Aston Villa,2024,Premier League,Aston Villa,214200000.0,13,3,257170000.0,-42970000.0,25.21383419897733,4.557876946958046,0.2352941176470588,0.1764705882352941,179.2941176470588,34,1,1,0,378.0,273.0,7,11.38714300000003,8.996203000000008,-8.385246000000024,-3.9981029999999933,-4.38714300000003,4.473100000000002,37,1.1491935483870968,0,1,1,0,0,0,-651060.6060606061,3245454.5454545454,-698393.7107184012,3481404.068789424,5.0,7.0,9.0,7.0,7.0,9.0,10.0,5.0,20.0,1.0,13.0,14.0,13.0,-2.0,15.0,0.05882352941176469,0,0,0.7222222222222222,-113677.24867724867,566666.6666666666,4.136363636363637,5.7272727272727275,7.0,6.0,-1.0,0.0,1.0,,,,0,0,0,,0,0
73,Bournemouth,EPL,2016,2016/17,38,12,10,16,55,67,50.01613400000001,62.992387,42.4044348,59.18653199999999,244,321,46,43.174200000000006,10.678391959798995,9.093555093555093,-16.78209719999998,-4.983865999999992,-4.007613000000006,-2.825799999999994,8,2025-09-01T17:43:15.144962,73,Bournemouth,989,AFC Bournemouth,2016,Premier League,AFC Bournemouth,40690000.0,9,3,23690000.0,17000000.0,24.98157020812736,4.392762805505943,0.1851851851851851,0.1111111111111111,182.2962962962963,27,1,3,0,139.0,71.5,-12,-12.976252999999993,-16.782097199999995,4.983865999999992,4.007612999999999,0.9762529999999927,2.825799999999994,-77,0.7601246105919003,0,0,1,1,0,0,369565.2173913043,884565.2173913043,393753.67696448334,942461.0068049899,8.0,14.0,10.0,14.0,15.0,17.0,18.0,18.0,14.0,16.0,5.0,16.0,-1.0,3.0,6.0,0.07407407407407399,0,0,0.5143884892086331,122302.1582733813,292733.81294964027,1.5543478260869565,3.0217391304347827,12.0,17.0,2.0,-3.0,9.0,10.0,44.0,-24.94067100000001,1,1,1,13.0,1,1
73,Bournemouth,EPL,2017,2017/18,38,11,11,16,45,61,39.99186,64.93248999999999,37.708349,62.64902000000001,245,339,44,37.6404,14.025835866261398,8.963480128893663,-24.94067100000001,-5.008139999999997,3.932489999999987,-6.3596,10,2025-09-01T17:43:15.144962,73,Bournemouth,989,AFC Bournemouth,2017,Premier League,AFC Bournemouth,34300000.0,4,0,0.0,34300000.0,25.33081451060917,4.927738907480988,0.2,0.2,180.8,25,1,4,0,140.0,102.0,-16,-24.940629999999985,-24.94067100000001,5.008139999999997,-3.932489999999987,8.940629999999985,6.3596,-94,0.7227138643067846,0,0,1,1,0,0,779545.4545454546,779545.4545454546,911254.9282154281,911254.9282154281,10.0,17.0,12.0,18.0,18.0,19.0,20.0,20.0,10.0,20.0,6.0,19.0,-8.0,2.0,0.0,0.0,1,0,0.7285714285714285,245000.0,245000.0,2.3181818181818183,3.1818181818181817,13.0,13.0,-5.0,-5.0,3.0,13.0,45.0,-6.6550339999999935,1,1,1,18.0,1,0
73,Bournemouth,EPL,2018,2018/19,38,13,6,19,56,70,58.812899,62.423162,51.962379,58.61741299999999,280,313,45,51.4947,15.335423197492164,10.30414201183432,-6.6550339999999935,2.8128990000000016,-7.576838000000002,6.494700000000002,13,2025-09-01T17:43:15.144962,73,Bournemouth,989,AFC Bournemouth,2018,Premier League,AFC Bournemouth,91600000.0,7,2,20200000.0,71400000.0,25.357218721234865,5.105466037065241,0.2068965517241379,0.1724137931034483,181.3448275862069,29,1,5,0,139.0,111.0,-14,-3.6102629999999962,-6.6550339999999935,-2.8128990000000016,7.576838000000002,-10.389737000000004,-6.494700000000002,-33,0.8945686900958466,0,0,0,1,0,0,1586666.6666666667,2035555.5555555555,1386550.4605328315,1778823.8401233524,13.0,11.0,14.0,11.0,10.0,13.0,14.0,8.0,7.0,11.0,5.0,6.0,-3.0,-2.0,-6.0,0.03448275862068961,1,0,0.7985611510791367,513669.06474820146,658992.8057553957,2.466666666666667,3.088888888888889,16.0,12.0,2.0,6.0,-1.0,18.0,34.0,-17.10087809999998,1,0,0,15.0,1,0
73,Bournemouth,EPL,2019,2019/20,38,9,7,22,40,65,44.6710449,63.29434499999999,41.6264589,58.727336999999984,210,326,34,39.1979,13.378205128205128,9.148456057007126,-17.10087809999998,4.671044899999998,-1.7056550000000072,5.197900000000004,18,2025-09-01T17:43:15.144962,73,Bournemouth,989,AFC Bournemouth,2019,Premier League,AFC Bournemouth,54910000.0,6,2,34625000.0,20285000.0,24.8415240702715,4.839788121289852,0.1666666666666666,0.1,182.2333333333333,30,1,6,0,102.0,108.0,-25,-18.623300099999994,-17.10087809999998,-4.671044899999998,1.7056550000000072,-6.3766999000000055,-5.197899999999997,-116,0.6441717791411042,0,0,0,0,1,1,596617.6470588235,1615000.0,517502.2131287646,1400840.3511412602,18.0,15.0,17.0,15.0,15.0,16.0,15.0,15.0,14.0,12.0,6.0,11.0,-1.0,0.0,-4.0,0.0666666666666666,0,0,1.0588235294117647,198872.54901960783,538333.3333333334,3.176470588235294,3.0,20.0,14.0,-1.0,5.0,-4.0,15.0,39.0,-22.189944,1,1,1,12.0,1,1
73,Bournemouth,EPL,2022,2022/23,38,11,6,21,37,71,40.083965000000006,67.60209400000001,40.083965000000006,62.273909,200,383,39,34.7342,15.777460770328103,8.811764705882354,-22.189944,3.0839650000000063,-3.397905999999992,-4.265799999999999,15,2025-09-01T17:43:15.144962,73,Bournemouth,989,AFC Bournemouth,2022,Premier League,AFC Bournemouth,93400000.0,12,3,0.0,93400000.0,24.510935106417648,4.442110337519648,0.2857142857142857,0.0952380952380952,177.9047619047619,42,2,0,1,141.0,100.0,-34,-27.518129000000002,-22.189943999999997,-3.0839650000000063,3.397905999999992,-6.481870999999998,4.265799999999999,-183,0.5221932114882507,0,0,0,1,0,0,2394871.794871795,2394871.794871795,2688992.405179909,2688992.405179909,15.0,20.0,19.0,18.0,16.0,16.0,17.0,14.0,10.0,20.0,6.0,1.0,-6.0,-2.0,-5.0,0.1904761904761905,0,1,0.7092198581560284,662411.3475177306,662411.3475177306,2.5641025641025643,3.6153846153846154,20.0,19.0,3.0,4.0,4.0,12.0,48.0,1.4517029999999878,1,1,1,9.0,1,1
73,Bournemouth,EPL,2023,2023/24,38,13,9,16,54,67,63.75544599999999,65.50767,61.47194599999999,60.020243,303,379,48,53.47010000000001,9.709325396825395,8.373493975903614,1.4517029999999878,9.755445999999992,-1.4923299999999955,5.470100000000009,12,2025-09-01T17:43:15.144962,73,Bournemouth,989,AFC Bournemouth,2023,Premier League,AFC Bournemouth,129890000.0,10,3,1500000.0,128390000.0,24.762380450265464,4.237813264913164,0.1891891891891892,0.1081081081081081,181.97297297297297,37,1,0,0,170.0,136.0,-13,-1.7522240000000124,1.4517029999999878,-9.755445999999992,1.4923299999999955,-11.247775999999988,-5.470100000000009,-76,0.7994722955145118,0,0,0,1,0,0,2674791.6666666665,2706041.6666666665,2401155.038049302,2429208.099479896,11.0,9.0,14.0,11.0,9.0,12.0,11.0,10.0,5.0,18.0,12.0,10.0,-4.0,1.0,-7.0,0.0810810810810811,0,0,0.8,755235.2941176471,764058.8235294118,2.8333333333333335,3.5416666666666665,16.0,15.0,6.0,7.0,3.0,9.0,56.0,16.343776000000027,1,1,1,,0,0
73,Bournemouth,EPL,2024,2024/25,38,15,11,12,58,46,72.620869,53.99358699999999,67.29268200000001,50.94890599999999,283,327,56,65.0254,8.530938123752495,9.791610284167794,16.343776000000027,14.620869,7.993586999999991,9.025400000000005,9,2025-09-01T17:43:15.144962,73,Bournemouth,989,AFC Bournemouth,2024,Premier League,AFC Bournemouth,134900000.0,11,1,66090000.0,68810000.0,23.94623165259716,4.177466738793602,0.3055555555555556,0.0555555555555555,176.52777777777777,36,1,1,0,182.0,158.0,12,18.627282000000008,16.343776000000027,-14.620868999999999,-7.993586999999991,-6.627282000000008,-9.025400000000005,-44,0.8654434250764526,0,0,1,1,0,0,1228750.0,2408928.5714285714,1058201.87188391,2074573.9357235786,9.0,3.0,6.0,5.0,5.0,7.0,6.0,9.0,8.0,13.0,6.0,9.0,3.0,4.0,-1.0,0.2500000000000001,0,0,0.8681318681318682,378076.92307692306,741208.7912087912,2.8214285714285716,3.25,16.0,14.0,9.0,11.0,5.0,,,,0,0,0,,0,0
244,Brentford,EPL,2021,2021/22,38,13,7,18,48,56,52.889575,49.500452,48.322585,45.694635000000005,232,226,46,55.9965,11.664490861618798,10.200808625336927,2.627949999999992,4.889575000000001,-6.499548000000004,9.996499999999996,13,2025-09-01T17:43:15.144962,244,Brentford,1148,Brentford FC,2021,Premier League,Brentford FC,38200000.0,8,2,1000000.0,37200000.0,24.00965852916572,3.7647952547543446,0.2222222222222222,0.0833333333333333,183.38888888888889,36,1,2,0,141.0,59.7,-8,3.389122999999998,2.6279499999999913,-4.889575000000001,6.499547999999997,-11.389122999999998,-9.996499999999997,6,1.0265486725663717,0,0,0,1,0,0,808695.6521739131,830434.7826086957,664327.2347378854,682185.4937362156,13.0,7.0,13.0,7.0,7.0,8.0,8.0,19.0,11.0,17.0,3.0,5.0,4.0,12.0,-2.0,0.1388888888888889,0,0,0.42340425531914894,263829.78723404254,270921.9858156028,1.297826086956522,3.0652173913043477,17.0,20.0,13.0,10.0,7.0,9.0,59.0,3.206988999999993,1,1,1,16.0,1,0
244,Brentford,EPL,2022,2022/23,38,15,14,9,58,46,59.22704499999998,51.453067,53.13771599999999,49.930727,231,301,59,58.26480000000001,11.306493506493506,9.775204359673024,3.206988999999993,1.2270449999999826,5.453066999999997,-0.7351999999999919,9,2025-09-01T17:43:15.144962,244,Brentford,1148,Brentford FC,2022,Premier League,Brentford FC,49250000.0,6,1,3600000.0,45650000.0,24.36079739904175,3.960993288456544,0.25,0.09375,182.75,32,1,3,0,167.0,98.8,12,7.773977999999985,3.206988999999993,-1.2270449999999826,-5.453066999999997,4.226022000000015,0.7351999999999919,-70,0.7674418604651163,0,0,1,1,0,0,773728.813559322,834745.7627118644,783491.9196495997,845278.796117038,9.0,7.0,7.0,7.0,8.0,6.0,9.0,18.0,15.0,19.0,5.0,17.0,7.0,10.0,6.0,0.15625,0,0,0.5916167664670658,273353.29341317364,294910.17964071856,1.6745762711864407,2.830508474576271,17.0,20.0,12.0,9.0,11.0,16.0,39.0,3.269870999999973,1,0,0,10.0,1,0
244,Brentford,EPL,2023,2023/24,38,10,9,19,56,65,64.291682,60.26065900000001,62.008191,58.73832000000002,286,351,39,52.941500000000005,10.072139303482588,10.337254901960783,3.269870999999973,8.291681999999994,-4.739340999999989,13.941500000000003,16,2025-09-01T17:43:15.144962,244,Brentford,1148,Brentford FC,2023,Premier League,Brentford FC,72350000.0,7,2,10250000.0,62100000.0,24.34126940081766,4.226868593115936,0.2702702702702703,0.1081081081081081,178.45945945945945,37,1,4,0,167.0,114.0,-9,4.031022999999983,3.2698709999999735,-8.291681999999994,4.739340999999989,-13.031022999999983,-13.941500000000005,-65,0.8148148148148148,0,0,0,0,1,0,1592307.6923076923,1855128.2051282052,1172992.8317104727,1366602.759649802,16.0,11.0,12.0,7.0,8.0,7.0,9.0,16.0,12.0,16.0,9.0,10.0,4.0,8.0,-4.0,0.16216216216216217,0,0,0.6826347305389222,371856.2874251497,433233.53293413174,2.923076923076923,4.282051282051282,17.0,17.0,9.0,9.0,1.0,10.0,56.0,2.4491469999999964,1,1,1,,0,0
244,Brentford,EPL,2024,2024/25,38,16,8,14,66,57,67.11979699999999,60.86479799999999,62.552775,60.103628,278,394,56,54.93919999999999,10.869623655913978,12.144886363636363,2.4491469999999964,1.1197969999999913,3.864797999999993,-1.0608000000000075,10,2025-09-01T17:43:15.144962,244,Brentford,1148,Brentford FC,2024,Premier League,Brentford FC,98400000.0,6,1,74500000.0,23900000.0,23.91777891854894,4.220702042283816,0.25,0.125,183.65625,32,1,5,0,173.0,131.0,9,6.254998999999998,2.4491469999999964,-1.1197969999999913,-3.8647979999999933,2.745001000000002,1.0608000000000075,-116,0.7055837563451777,0,0,1,1,0,0,426785.71428571426,1757142.857142857,435026.35640853894,1791070.85651047,9.0,11.0,8.0,10.0,11.0,14.0,15.0,14.0,12.0,11.0,5.0,15.0,1.0,3.0,2.0,0.125,0,0,0.7572254335260116,138150.28901734104,568786.12716763,2.3392857142857144,3.0892857142857144,17.0,18.0,7.0,6.0,8.0,,,,0,0,0,,0,0
220,Brighton,EPL,2017,2017/18,38,9,13,16,34,54,37.2144165,53.083801,31.8862345,50.80029899999998,159,291,40,40.84720000000001,15.56842105263158,11.228490832157968,-18.91406449999998,3.2144164999999987,-0.916199000000006,0.847200000000008,15,2025-09-01T17:43:15.144962,220,Brighton,1237,Brighton & Hove Albion,2017,Premier League,Brighton & Hove Albion,70000000.0,15,3,400000.0,69600000.0,27.281656399726216,3.984012474426166,0.0833333333333333,0.25,183.91666666666663,24,1,2,0,139.0,77.6,-20,-15.869384500000002,-18.91406449999998,-3.2144164999999987,0.9161989999999989,-4.1306154999999976,-0.847200000000008,-132,0.5463917525773195,0,0,0,1,0,0,1740000.0,1750000.0,1703911.1615973674,1713703.754480111,15.0,15.0,14.0,14.0,16.0,12.0,14.0,11.0,4.0,19.0,19.0,20.0,-12.0,-5.0,-11.0,-0.16666666666666669,1,0,0.558273381294964,500719.4244604317,503597.12230215827,1.94,3.475,14.0,19.0,3.0,-2.0,4.0,17.0,36.0,-22.389689999999987,1,0,0,15.0,1,0
220,Brighton,EPL,2018,2018/19,38,9,9,20,35,60,37.027868,62.462145,32.46084400000001,54.850534,153,321,36,36.186,13.629770992366412,10.15086782376502,-22.389689999999987,2.027867999999998,2.462145,0.1859999999999999,17,2025-09-01T17:43:15.144962,220,Brighton,1237,Brighton & Hove Albion,2018,Premier League,Brighton & Hove Albion,90620000.0,16,0,13620000.0,77000000.0,26.023271731690624,3.845117791016457,0.16,0.16,184.56,25,1,3,0,143.0,102.0,-25,-25.434277,-22.389689999999995,-2.027867999999998,-2.4621449999999996,0.4342770000000016,-0.18599999999999994,-168,0.4766355140186916,0,0,0,0,1,0,2138888.888888889,2517222.222222222,2127894.7659315756,2504283.4245288232,17.0,18.0,17.0,18.0,17.0,14.0,12.0,9.0,6.0,13.0,12.0,17.0,-11.0,-8.0,-11.0,0.0,0,0,0.7132867132867133,538461.5384615385,633706.2937062937,2.8333333333333335,3.9722222222222223,15.0,13.0,-4.0,-2.0,-4.0,15.0,41.0,-12.991778999999973,1,1,1,16.0,1,0
220,Brighton,EPL,2019,2019/20,38,9,14,15,39,54,47.42406100000001,60.41584899999999,45.901730000000015,58.89350899999999,242,264,41,48.02409999999999,10.35894495412844,12.783088235294118,-12.991778999999973,8.424061000000009,6.415848999999987,7.02409999999999,15,2025-09-01T17:43:15.144962,220,Brighton,1237,Brighton & Hove Albion,2019,Premier League,Brighton & Hove Albion,61740000.0,7,1,8500000.0,53240000.0,26.19526742935367,4.104707538153344,0.1785714285714285,0.2142857142857142,182.4642857142857,28,1,0,0,133.0,103.0,-15,-12.991787999999978,-12.991778999999973,-8.424061000000009,-6.415848999999987,-2.0082120000000216,-7.02409999999999,-22,0.9166666666666666,0,0,0,1,0,0,1298536.5853658537,1505853.6585365853,1108610.0520363736,1285604.5193975528,15.0,13.0,14.0,14.0,14.0,15.0,16.0,12.0,9.0,17.0,15.0,18.0,-5.0,-2.0,-6.0,-0.0357142857142857,1,0,0.7744360902255639,400300.75187969924,464210.5263157895,2.5121951219512195,3.2439024390243905,14.0,15.0,1.0,0.0,0.0,16.0,41.0,12.390132,1,0,0,9.0,1,0
220,Brighton,EPL,2020,2020/21,38,9,14,15,40,46,53.819028,39.906692,46.968639,34.578506999999995,311,208,41,61.40669999999997,10.3125,13.632928475033738,12.390132,13.819027999999996,-6.093308,20.40669999999997,16,2025-09-01T17:43:15.144962,220,Brighton,1237,Brighton & Hove Albion,2020,Premier League,Brighton & Hove Albion,50100000.0,8,0,20600000.0,29500000.0,24.37203480981715,4.072078395399112,0.2571428571428571,0.0571428571428571,182.45714285714288,35,1,1,0,146.0,109.0,-6,13.912336000000003,12.390132000000008,-13.819028000000003,6.093308,-19.912336000000003,-20.406699999999972,103,1.4951923076923077,0,0,0,0,1,0,719512.1951219512,1221951.219512195,480403.6041669722,815871.8836869596,16.0,5.0,12.0,5.0,5.0,3.0,3.0,14.0,14.0,7.0,4.0,4.0,9.0,9.0,-2.0,0.2,0,0,0.7465753424657534,202054.79452054793,343150.68493150687,2.658536585365854,3.5609756097560976,14.0,15.0,10.0,9.0,-1.0,9.0,51.0,0.0725149999999956,1,1,1,6.0,1,1
220,Brighton,EPL,2021,2021/22,38,12,15,11,42,44,49.567475,47.211438,44.23931299999999,44.16679799999999,305,244,51,54.1822,9.372119815668205,13.443569553805776,0.0725149999999956,7.567475000000002,3.211437999999994,3.1821999999999946,9,2025-09-01T17:43:15.144962,220,Brighton,1237,Brighton & Hove Albion,2021,Premier League,Brighton & Hove Albion,75580000.0,8,0,78800000.0,-3220000.0,24.22239170822333,4.364493980909833,0.2857142857142857,0.1142857142857142,183.28571428571428,35,1,2,0,175.0,115.0,-2,2.3560370000000006,0.07251499999999567,-7.567475000000002,-3.211438000000001,-4.356037000000001,-3.1822000000000017,61,1.25,0,0,1,1,0,0,-63137.25490196078,1481960.7843137255,-59429.11140559077,1394923.055911351,9.0,9.0,10.0,8.0,10.0,6.0,7.0,10.0,18.0,4.0,8.0,7.0,8.0,0.0,9.0,0.17142857142857149,0,0,0.6571428571428571,-18400.0,431885.71428571426,2.2549019607843137,3.4313725490196076,13.0,16.0,6.0,3.0,7.0,6.0,62.0,29.179226000000007,1,1,0,13.0,1,1
220,Brighton,EPL,2022,2022/23,38,18,8,12,72,53,77.72342200000001,50.154518,73.15639800000001,43.977172,362,231,62,70.85740000000001,8.92789598108747,15.00875,29.179226000000007,5.7234220000000136,-2.845481999999997,8.857400000000013,6,2025-09-01T17:43:15.144962,220,Brighton,1237,Brighton & Hove Albion,2022,Premier League,Brighton & Hove Albion,55700000.0,7,1,138400000.0,-82700000.0,23.646660799843552,4.777155885774053,0.4,0.1714285714285714,180.37142857142857,35,2,0,1,204.0,128.0,19,27.56890400000001,29.179226000000007,-5.7234220000000136,2.845481999999997,-8.56890400000001,-8.857400000000013,131,1.567099567099567,0,1,1,0,0,0,-1333870.9677419355,898387.0967741936,-1167132.8612113905,786085.8569464867,6.0,4.0,5.0,4.0,4.0,4.0,4.0,17.0,20.0,2.0,2.0,10.0,16.0,13.0,14.0,0.22857142857142862,0,1,0.6274509803921569,-405392.1568627451,273039.2156862745,2.064516129032258,3.2903225806451615,10.0,17.0,13.0,6.0,11.0,13.0,48.0,0.8521564999999853,1,1,1,8.0,1,1
220,Brighton,EPL,2023,2023/24,38,12,12,14,55,62,61.910402,60.9371845,57.222334,56.37017750000001,361,314,48,54.43240000000002,9.995354239256676,17.218712029161605,0.8521564999999853,6.910401999999998,-1.0628154999999992,6.432400000000023,13,2025-09-01T17:43:15.144962,220,Brighton,1237,Brighton & Hove Albion,2023,Premier League,Brighton & Hove Albion,106850000.0,8,1,189000000.0,-82150000.0,23.78034012530932,5.457447923038678,0.4871794871794871,0.1794871794871795,172.23076923076923,39,1,0,0,261.0,146.0,-7,0.973217499999997,0.8521564999999853,-6.910401999999998,1.0628154999999992,-7.973217499999997,-6.4324000000000225,47,1.1496815286624205,0,0,0,1,0,0,-1711458.3333333333,2226041.6666666665,-1509211.4255480187,1962985.28082539,11.0,8.0,11.0,9.0,11.0,8.0,7.0,13.0,20.0,2.0,4.0,5.0,9.0,2.0,7.0,0.3076923076923076,0,0,0.5593869731800766,-314750.95785440615,409386.97318007663,3.0416666666666665,5.4375,10.0,13.0,2.0,-1.0,0.0,8.0,61.0,7.675214999999987,1,1,1,,0,0
220,Brighton,EPL,2024,2024/25,38,16,13,9,66,59,65.27686999999999,59.123991,59.94868399999999,52.273469,322,243,61,57.26350000000002,9.933127572016462,12.555974842767297,7.675214999999987,-0.7231300000000118,0.1239910000000037,-3.736499999999978,8,2025-09-01T17:43:15.144962,220,Brighton,1237,Brighton & Hove Albion,2024,Premier League,Brighton & Hove Albion,281450000.0,12,0,49990000.0,231460000.0,23.61774388057756,5.028445830311059,0.3809523809523809,0.1428571428571428,160.38095238095238,42,1,0,0,222.0,165.0,7,6.1528789999999915,7.675214999999994,0.7231300000000118,-0.12399099999999663,0.8471210000000085,3.736499999999978,79,1.3251028806584362,0,0,1,1,0,0,3794426.229508197,4613934.426229509,4042016.2931011887,4914998.210029074,8.0,10.0,9.0,11.0,9.0,12.0,8.0,2.0,1.0,15.0,3.0,1.0,-8.0,-7.0,-7.0,0.23809523809523808,0,0,0.7432432432432432,1042612.6126126127,1267792.792792793,2.7049180327868854,3.639344262295082,10.0,12.0,3.0,1.0,4.0,,,,0,0,0,,0,0
92,Burnley,EPL,2016,2016/17,38,11,7,20,39,55,35.591733999999995,55.26861699999999,31.024714000000003,51.248536,174,290,40,38.35810000000001,12.129742962056303,9.301391035548686,-20.22382199999999,-3.4082660000000047,0.2686169999999848,-1.6418999999999926,17,2025-09-01T17:43:15.144962,92,Burnley,1132,Burnley FC,2016,Premier League,Burnley FC,45600000.0,10,2,1200000.0,44400000.0,26.42720250317786,3.912094846064681,0.0714285714285714,0.2142857142857142,183.17857142857144,28,1,3,0,121.0,61.2,-16,-19.676882999999997,-20.223822,3.4082660000000047,-0.2686169999999919,3.6768829999999966,1.6418999999999926,-116,0.6,0,0,0,0,1,0,1110000.0,1140000.0,1157513.015503896,1188797.1510580552,16.0,16.0,14.0,16.0,16.0,14.0,14.0,15.0,5.0,20.0,12.0,15.0,-11.0,-1.0,-12.0,-0.1428571428571428,1,0,0.5057851239669422,366942.1487603306,376859.5041322314,1.53,3.025,18.0,20.0,4.0,2.0,3.0,7.0,54.0,-15.579331000000003,1,1,0,15.0,1,1
92,Burnley,EPL,2017,2017/18,38,14,12,12,36,39,32.771712,52.156891,32.771712,48.351043,162,305,54,41.00169999999999,13.672992700729926,10.2572741194487,-15.579331000000003,-3.228287999999999,13.156891000000002,-12.998300000000008,7,2025-09-01T17:43:15.144962,92,Burnley,1132,Burnley FC,2017,Premier League,Burnley FC,35740000.0,10,1,50000000.0,-14260000.0,27.50954707451202,3.898139215770202,0.0689655172413793,0.2758620689655172,182.31034482758625,29,1,4,0,139.0,81.6,-3,-19.385179,-15.579330999999996,3.228287999999999,-13.156891000000002,16.385179,12.998300000000008,-143,0.5311475409836065,0,1,1,0,0,0,-264074.0740740741,661851.8518518518,-347790.45746883674,871671.1746098334,7.0,14.0,7.0,15.0,14.0,10.0,11.0,19.0,19.0,11.0,20.0,12.0,5.0,5.0,12.0,-0.2068965517241379,1,0,0.5870503597122302,-102589.92805755396,257122.30215827338,1.511111111111111,2.574074074074074,14.0,18.0,4.0,0.0,11.0,15.0,40.0,-20.619679099999992,1,1,1,9.0,1,1
92,Burnley,EPL,2018,2018/19,38,11,7,20,45,68,44.7412159,66.12206499999999,43.2189159,63.83859499999999,193,315,40,41.9982,13.584093872229465,10.156199677938808,-20.619679099999992,-0.2587840999999997,-1.877935000000008,1.998200000000004,15,2025-09-01T17:43:15.144962,92,Burnley,1132,Burnley FC,2018,Premier League,Burnley FC,33000000.0,4,0,8000000.0,25000000.0,27.751159784014,4.841002563327844,0.1481481481481481,0.2962962962962963,183.22222222222223,27,1,5,0,138.0,86.6,-23,-21.380849099999992,-20.619679099999992,0.25878409999999974,1.877935000000008,-1.6191509000000082,-1.998199999999997,-122,0.6126984126984127,0,0,0,1,0,0,625000.0,825000.0,595263.6065355182,785747.960626884,15.0,15.0,16.0,16.0,16.0,17.0,19.0,17.0,14.0,16.0,20.0,11.0,-2.0,1.0,-1.0,-0.14814814814814817,1,0,0.6275362318840579,181159.42028985507,239130.4347826087,2.165,3.45,17.0,17.0,1.0,1.0,2.0,9.0,54.0,-2.954927200000008,1,1,1,17.0,1,0
92,Burnley,EPL,2019,2019/20,38,15,9,14,43,50,49.3468938,53.839223,47.06338279999999,50.01831,145,263,54,49.5405,11.890377588306944,9.34841628959276,-2.954927200000008,6.346893800000004,3.839222999999997,-4.459499999999999,9,2025-09-01T17:43:15.144962,92,Burnley,1132,Burnley FC,2019,Premier League,Burnley FC,23850000.0,5,1,13550000.0,10300000.0,25.94561632754651,4.733866770168142,0.2727272727272727,0.2121212121212121,184.0,33,1,6,0,134.0,100.0,-7,-4.4923292,-2.9549272000000073,-6.346893799999997,-3.839222999999997,-2.5076707999999996,4.4594999999999985,-118,0.5513307984790875,0,0,1,1,0,0,190740.74074074073,441666.6666666667,207910.6993268134,481424.2892179126,9.0,10.0,10.0,9.0,10.0,9.0,10.0,17.0,16.0,16.0,13.0,4.0,6.0,7.0,7.0,0.06060606060606061,0,0,0.746268656716418,76865.67164179105,177985.07462686568,1.8518518518518519,2.4814814814814814,13.0,16.0,6.0,3.0,7.0,17.0,39.0,-20.928794499999995,1,0,0,18.0,1,0
92,Burnley,EPL,2020,2020/21,38,10,9,19,33,55,38.1279285,59.056713,35.84441350000001,56.773208,233,332,39,38.1024,13.159653465346535,9.718654434250764,-20.928794499999995,5.127928500000003,4.056713000000002,-0.8976000000000042,17,2025-09-01T17:43:15.144962,92,Burnley,1132,Burnley FC,2020,Premier League,Burnley FC,1100000.0,2,0,2300000.0,-1200000.0,26.152657260824444,4.919266646992399,0.2580645161290322,0.2903225806451613,183.9354838709677,31,1,7,0,115.0,85.9,-22,-20.9287845,-20.928794499999988,-5.127928500000003,-4.056713000000002,-1.071215500000001,0.8975999999999971,-99,0.7018072289156626,0,0,0,0,1,0,-30769.23076923077,28205.128205128207,-31494.07911312673,28869.572520366168,17.0,17.0,16.0,17.0,17.0,15.0,17.0,20.0,20.0,16.0,16.0,12.0,3.0,3.0,3.0,-0.032258064516129115,0,0,0.7469565217391305,-10434.782608695652,9565.217391304348,2.2025641025641027,2.948717948717949,18.0,18.0,1.0,1.0,1.0,18.0,35.0,-16.8337517,1,0,0,19.0,1,0
92,Burnley,EPL,2021,2021/22,38,7,14,17,34,53,41.1058913,60.22312,39.5835523,56.417304,184,316,35,38.1035,12.88875,9.495741056218058,-16.8337517,7.105891299999996,7.223119999999994,3.103500000000004,18,2025-09-01T17:43:15.144962,92,Burnley,1132,Burnley FC,2021,Premier League,Burnley FC,49400000.0,6,0,40500000.0,8900000.0,27.374058863791923,5.631270069304731,0.25,0.40625,178.09375,32,2,8,1,123.0,92.0,-19,-19.1172287,-16.8337517,-7.105891300000003,-7.2231200000000015,0.1172286999999983,-3.103499999999997,-132,0.5822784810126582,0,0,0,0,1,1,254285.7142857143,1411428.5714285714,233574.34356423953,1296468.8283228576,18.0,18.0,15.0,15.0,14.0,13.0,13.0,16.0,14.0,7.0,20.0,15.0,0.0,2.0,-4.0,-0.15625,0,1,0.7479674796747967,72357.72357723577,401626.0162601626,2.6285714285714286,3.5142857142857142,20.0,18.0,4.0,6.0,0.0,19.0,24.0,-29.231541400000022,1,0,0,,0,0
92,Burnley,EPL,2023,2023/24,38,5,9,24,41,78,43.4420856,75.71830500000003,41.1585836,70.39012500000003,211,383,24,33.6878,13.32349165596919,11.881806108897742,-29.231541400000022,2.442085599999998,-2.2816949999999707,9.687800000000005,19,2025-09-01T17:43:15.144962,92,Burnley,1132,Burnley FC,2023,Premier League,Burnley FC,111050000.0,18,5,3800000.0,107250000.0,24.79472341484662,4.06370352468358,0.1818181818181818,0.0909090909090909,182.54545454545453,33,1,1,0,134.0,93.4,-37,-32.27621940000003,-29.231541400000026,-2.4420855999999986,2.2816949999999707,-4.723780599999969,-9.687800000000003,-172,0.5509138381201044,0,0,0,0,1,1,4468750.0,4627083.333333333,3183645.1178171323,3296445.5975160142,19.0,18.0,19.0,18.0,18.0,16.0,18.0,12.0,8.0,17.0,13.0,16.0,-10.0,-6.0,-11.0,0.0909090909090909,0,0,0.6970149253731344,800373.1343283582,828731.3432835821,3.891666666666667,5.583333333333333,19.0,18.0,0.0,1.0,-1.0,,,,0,0,0,,0,0
227,Cardiff,EPL,2018,2018/19,38,10,4,24,34,69,41.7697266,66.503167,38.7250676,61.174976,143,357,34,37.44920000000001,14.644823066841417,5.650145772594752,-22.449908400000005,7.7697265999999985,-2.496832999999995,3.449200000000012,18,2025-09-01T17:43:15.144962,227,Cardiff,603,Cardiff City,2018,Premier League,Cardiff City,51200000.0,9,3,0.0,51200000.0,27.664711058961576,2.869514779626797,0.0,0.1785714285714285,181.42857142857144,28,1,1,0,125.0,53.6,-35,-24.733440400000006,-22.449908399999998,-7.7697265999999985,2.496832999999995,-10.266559599999994,-3.449200000000012,-214,0.4005602240896359,0,0,0,0,1,1,1505882.3529411764,1505882.3529411764,1367185.4138406157,1367185.4138406157,18.0,17.0,18.0,17.0,18.0,18.0,17.0,15.0,11.0,20.0,19.0,10.0,-7.0,-3.0,-7.0,-0.1785714285714285,1,0,0.4288,409600.0,409600.0,1.576470588235294,3.676470588235294,19.0,20.0,2.0,1.0,2.0,,,,0,0,0,,0,0
80,Chelsea,EPL,2016,2016/17,38,30,3,5,85,33,61.796887,28.6189194,58.607913,27.0965814,435,150,93,75.737,11.077205882352942,11.137931034482758,31.5113316,-23.203113,-4.381080600000004,-17.263000000000005,1,2025-09-01T17:43:15.144962,80,Chelsea,631,Chelsea FC,2016,Premier League,Chelsea FC,132800000.0,5,0,108900000.0,23900000.0,25.78891170431212,4.229855197765273,0.16,0.12,184.04,25,1,0,0,361.0,220.0,52,33.1779676,31.511331600000002,23.203113000000002,4.381080600000001,18.822032399999998,17.263000000000005,285,2.9,1,1,1,0,0,0,256989.24731182796,1427956.9892473118,315565.7076461967,1753436.2332809593,1.0,2.0,2.0,3.0,2.0,1.0,2.0,3.0,12.0,1.0,10.0,20.0,10.0,1.0,11.0,0.04000000000000001,0,0,0.6094182825484764,66204.98614958448,367867.0360110803,2.3655913978494625,3.881720430107527,5.0,3.0,1.0,3.0,2.0,5.0,70.0,24.36484430000001,1,1,0,3.0,1,1
80,Chelsea,EPL,2017,2017/18,38,21,7,10,62,38,59.160689000000005,34.034713700000005,56.87721900000001,32.5123747,373,220,70,68.45700000000001,12.3116036505867,12.55813953488372,24.36484430000001,-2.839310999999995,-3.9652862999999954,-1.5429999999999922,5,2025-09-01T17:43:15.144962,80,Chelsea,631,Chelsea FC,2017,Premier League,Chelsea FC,260500000.0,10,0,194600000.0,65900000.0,24.680753350555296,4.761224356566818,0.2580645161290322,0.1935483870967742,182.32258064516128,31,1,1,0,443.0,244.0,24,25.1259753,24.36484430000001,2.839310999999995,3.9652862999999954,-1.1259753000000003,1.5429999999999922,153,1.6954545454545455,1,1,1,0,0,0,941428.5714285715,3721428.5714285714,962648.085659611,3805308.441795579,5.0,4.0,5.0,4.0,4.0,2.0,3.0,2.0,5.0,1.0,2.0,7.0,1.0,-2.0,0.0,0.06451612903225801,0,0,0.5507900677200903,148758.4650112867,588036.1173814898,3.4857142857142858,6.328571428571428,4.0,4.0,0.0,0.0,-1.0,3.0,72.0,23.714901,1,1,0,3.0,1,1
80,Chelsea,EPL,2018,2018/19,38,21,9,8,63,39,63.968004,38.107687000000006,60.162158,36.447257,376,188,72,71.451,9.785977859778598,14.842105263157896,23.714901,0.9680040000000004,-0.8923129999999944,-0.5490000000000066,3,2025-09-01T17:43:15.144962,80,Chelsea,631,Chelsea FC,2018,Premier League,Chelsea FC,208800000.0,6,2,83250000.0,125550000.0,26.74271807742034,4.640229043588166,0.1111111111111111,0.2592592592592592,182.22222222222223,27,1,0,0,447.0,286.0,24,25.860316999999995,23.714900999999998,-0.9680040000000005,0.8923129999999944,-1.860316999999995,0.5490000000000066,188,2.0,1,1,1,0,0,0,1743750.0,2900000.0,1757148.2554477896,2922282.403325356,3.0,3.0,4.0,3.0,3.0,3.0,3.0,1.0,2.0,2.0,16.0,11.0,-1.0,-2.0,-1.0,-0.14814814814814808,1,0,0.639821029082774,280872.4832214765,467114.0939597315,3.9722222222222223,6.208333333333333,5.0,4.0,1.0,2.0,1.0,3.0,66.0,31.333631100000005,1,1,0,4.0,1,1
80,Chelsea,EPL,2019,2019/20,38,20,6,12,69,54,76.227787,41.0882999,70.89959900000001,39.5659679,326,169,66,73.4872,9.006500541711809,14.658643326039387,31.333631100000005,7.227787000000006,-12.911700099999996,7.487200000000001,3,2025-09-01T17:43:15.144962,80,Chelsea,631,Chelsea FC,2019,Premier League,Chelsea FC,45000000.0,1,0,165066000.0,-120066000.0,24.258453114305265,5.183509152717342,0.3333333333333333,0.1333333333333333,181.46666666666667,30,1,0,0,407.0,283.0,15,35.139487100000004,31.333631100000012,-7.227787000000006,12.911700099999997,-20.139487100000004,-7.487200000000001,157,1.9289940828402368,1,1,1,0,0,0,-1819181.8181818181,681818.1818181818,-1633835.5523138724,612351.5387713779,3.0,3.0,5.0,3.0,3.0,5.0,5.0,16.0,20.0,1.0,3.0,11.0,17.0,13.0,17.0,0.2,0,0,0.6953316953316954,-295002.457002457,110565.11056511056,4.287878787878788,6.166666666666667,4.0,4.0,1.0,1.0,1.0,4.0,67.0,33.18419000000001,1,1,0,3.0,1,1
80,Chelsea,EPL,2020,2020/21,38,19,10,9,58,36,68.65559400000001,30.904465,61.043974000000006,27.859784,337,179,67,77.4102,9.19343891402715,16.5,33.18419000000001,10.655594000000008,-5.095535000000002,10.410200000000003,4,2025-09-01T17:43:15.144962,80,Chelsea,631,Chelsea FC,2020,Premier League,Chelsea FC,267200000.0,7,0,57150000.0,210050000.0,25.42413871777322,5.109648525151748,0.2,0.1333333333333333,183.6,30,2,1,1,435.0,333.0,22,37.751129000000006,33.18419,-10.655594000000008,5.095535000000002,-15.751129000000006,-10.410200000000003,158,1.8826815642458101,1,1,1,0,0,0,3135074.6268656715,3988059.7014925373,2713466.7007706994,3451741.501765917,4.0,2.0,5.0,2.0,2.0,2.0,2.0,1.0,1.0,3.0,13.0,16.0,-1.0,-1.0,-3.0,0.06666666666666671,0,1,0.7655172413793103,482873.5632183908,614252.8735632184,4.970149253731344,6.492537313432836,4.0,2.0,0.0,2.0,-2.0,3.0,74.0,31.8979018,1,1,0,12.0,1,1
80,Chelsea,EPL,2021,2021/22,38,21,11,6,76,33,69.297032,35.11562419999999,62.446512000000006,30.54861020000001,385,163,74,73.38340000000001,8.756563245823388,16.36258064516129,31.8979018,-6.702967999999999,2.115624199999992,-0.6165999999999912,3,2025-09-01T17:43:15.144962,80,Chelsea,631,Chelsea FC,2021,Premier League,Chelsea FC,118000000.0,3,1,157590000.0,-39590000.0,25.95482546201232,4.157679147668471,0.0967741935483871,0.1290322580645161,183.96774193548387,31,1,0,0,481.0,340.0,43,34.18140780000001,31.897901799999996,6.7029679999999985,-2.115624199999992,8.81859219999999,0.6165999999999912,222,2.361963190184049,1,1,1,0,0,0,-535000.0,1594594.5945945946,-539495.3082032176,1607993.088355132,3.0,3.0,3.0,3.0,3.0,3.0,2.0,6.0,20.0,1.0,15.0,16.0,17.0,3.0,17.0,-0.032258064516129004,0,0,0.7068607068607069,-82307.69230769231,245322.24532224532,4.594594594594595,6.5,4.0,4.0,1.0,1.0,1.0,12.0,44.0,-3.649938000000006,1,1,1,6.0,1,1
80,Chelsea,EPL,2022,2022/23,38,11,11,16,38,47,51.894923000000006,54.022507,49.611409,53.261347,322,214,44,52.28199999999999,9.10011641443539,13.329199549041714,-3.649938000000006,13.894923000000006,7.0225070000000045,8.28199999999999,12,2025-09-01T17:43:15.144962,80,Chelsea,631,Chelsea FC,2022,Premier League,Chelsea FC,630250000.0,17,2,67860000.0,562390000.0,24.56666491163412,4.91109432962859,0.2307692307692307,0.2051282051282051,182.30769230769232,39,3,0,1,513.0,404.0,-9,-2.1275839999999917,-3.649937999999999,-13.894923000000006,-7.022506999999997,-6.872416000000008,-8.28199999999999,108,1.5046728971962617,1,0,0,1,0,0,12781590.909090908,14323863.636363637,10756857.044489501,12054818.101832373,12.0,10.0,11.0,9.0,10.0,10.0,12.0,1.0,1.0,7.0,7.0,4.0,-9.0,-9.0,-11.0,0.025641025641025605,0,1,0.7875243664717348,1096276.8031189083,1228557.5048732944,9.181818181818182,11.659090909090908,5.0,2.0,-8.0,-5.0,-10.0,6.0,63.0,12.968151,1,1,0,4.0,1,1
80,Chelsea,EPL,2023,2023/24,38,18,9,11,77,63,80.881514,62.60043299999999,71.747502,58.779351,382,292,63,64.1976,9.573185731857318,14.180525164113783,12.968151,3.881513999999996,-0.3995670000000118,1.1975999999999942,6,2025-09-01T17:43:15.144962,80,Chelsea,631,Chelsea FC,2023,Premier League,Chelsea FC,464100000.0,12,0,282200000.0,181900000.0,21.53182751540041,4.047878470597662,0.5625,0.0416666666666666,177.02083333333334,48,1,0,0,486.0,338.0,14,18.281081000000007,12.968150999999999,-3.8815139999999957,0.3995670000000118,-4.2810810000000075,-1.1975999999999942,90,1.3082191780821917,1,1,1,0,0,0,2887301.587301587,7366666.666666667,2833439.256296186,7229242.214662231,6.0,5.0,6.0,5.0,5.0,10.0,10.0,1.0,1.0,1.0,1.0,1.0,-4.0,-4.0,-5.0,0.5208333333333334,0,0,0.6954732510288066,374279.8353909465,954938.2716049383,5.365079365079365,7.714285714285714,6.0,4.0,-1.0,1.0,-2.0,4.0,69.0,19.61627000000004,1,1,0,,0,0
80,Chelsea,EPL,2024,2024/25,38,20,9,9,64,43,73.11728900000001,54.26218799999998,69.31144900000002,49.69517899999999,337,226,69,62.5617,10.84029484029484,13.98343949044586,19.61627000000004,9.117289000000014,11.26218799999998,-6.438299999999998,4,2025-09-01T17:43:15.144962,80,Chelsea,631,Chelsea FC,2024,Premier League,Chelsea FC,281900000.0,13,1,239000000.0,42900000.0,22.60682507089078,3.3860884354288645,0.2857142857142857,0.0285714285714285,173.9142857142857,35,1,0,0,491.0,359.0,21,18.855101000000033,19.616270000000036,-9.117289000000014,-11.26218799999998,2.144898999999967,6.438299999999998,111,1.491150442477876,1,1,1,0,0,0,621739.1304347826,4085507.2463768115,685723.0542008928,4505951.724457615,4.0,6.0,4.0,4.0,4.0,8.0,4.0,1.0,10.0,2.0,1.0,11.0,6.0,-3.0,6.0,0.2571428571428572,0,0,0.7311608961303462,87372.70875763748,574134.4195519348,5.202898550724638,7.115942028985507,6.0,3.0,-1.0,2.0,-1.0,,,,0,0,0,,0,0
78,Crystal Palace,EPL,2016,2016/17,38,12,5,21,50,63,45.40267000000001,50.031654,40.074497,48.509315,204,297,41,48.4526,9.06674082313682,7.574829931972789,-8.434818,-4.597329999999992,-12.968345999999997,7.452599999999997,14,2025-09-01T17:43:15.144962,78,Crystal Palace,873,Crystal Palace,2016,Premier League,Crystal Palace,101200000.0,11,2,50200000.0,51000000.0,26.65060954177997,4.309207984637244,0.1081081081081081,0.1891891891891892,183.4324324324324,37,2,0,1,143.0,112.0,-13,-4.6289839999999955,-8.434818,4.597329999999992,12.968345999999997,-8.371016000000004,-7.452599999999997,-93,0.6868686868686869,0,0,0,1,0,0,1243902.4390243902,2468292.6829268294,1052575.0940094031,2088639.206151992,14.0,10.0,11.0,10.0,11.0,11.0,12.0,5.0,4.0,8.0,14.0,1.0,-7.0,-6.0,-10.0,-0.0810810810810811,1,1,0.7832167832167832,356643.3566433566,707692.3076923077,2.731707317073171,3.4878048780487805,11.0,8.0,-3.0,0.0,-6.0,11.0,44.0,-2.8747570000000024,1,1,1,12.0,1,1
78,Crystal Palace,EPL,2017,2017/18,38,11,11,16,45,55,56.749704,53.53526900000001,49.138176,52.012933,247,269,44,58.03449999999998,11.692493946731236,7.712719298245614,-2.8747570000000024,11.749704,-1.4647309999999931,14.03449999999998,11,2025-09-01T17:43:15.144962,78,Crystal Palace,873,Crystal Palace,2017,Premier League,Crystal Palace,55950000.0,9,3,3000000.0,52950000.0,25.658101633460976,5.16111433601168,0.2162162162162162,0.1891891891891892,183.4324324324324,37,2,0,1,150.0,117.0,-10,3.2144349999999946,-2.8747569999999953,-11.749704000000001,1.4647309999999933,-13.214434999999995,-14.03449999999998,-22,0.9182156133828996,0,0,0,1,0,0,1203409.0909090908,1271590.9090909092,912388.3207402497,964081.7100173177,10.0,7.0,10.0,7.0,8.0,14.0,16.0,16.0,7.0,17.0,10.0,1.0,-1.0,8.0,-4.0,0.027027027027027,1,1,0.78,353000.0,373000.0,2.659090909090909,3.409090909090909,12.0,9.0,1.0,4.0,-2.0,12.0,49.0,-6.729080999999994,1,1,1,14.0,1,1
78,Crystal Palace,EPL,2018,2018/19,38,14,7,17,51,53,50.642166,52.804285,42.269351,48.998432,256,261,49,51.92549999999999,14.155462184873947,8.78298800436205,-6.729080999999994,-0.357834000000004,-0.1957149999999998,2.9254999999999924,12,2025-09-01T17:43:15.144962,78,Crystal Palace,873,Crystal Palace,2018,Premier League,Crystal Palace,11850000.0,7,3,350000.0,11500000.0,27.153437654889192,4.277234024199599,0.1034482758620689,0.2413793103448276,184.5862068965517,29,1,0,0,155.0,119.0,-2,-2.162118999999997,-6.729081000000001,0.3578339999999969,0.19571499999999986,0.16211899999999702,-2.9254999999999924,-5,0.9808429118773946,0,0,0,1,0,0,234693.8775510204,241836.73469387754,221471.1461613273,228211.57234884598,12.0,10.0,10.0,10.0,11.0,9.0,9.0,19.0,17.0,19.0,17.0,6.0,6.0,8.0,5.0,-0.1379310344827587,1,0,0.7677419354838709,74193.54838709677,76451.6129032258,2.4285714285714284,3.163265306122449,12.0,10.0,-1.0,1.0,-2.0,14.0,43.0,-24.4666215,1,1,1,14.0,1,1
78,Crystal Palace,EPL,2019,2019/20,38,11,10,17,31,50,34.447955500000006,57.392237,32.1644455,56.631067,225,281,43,38.263000000000005,12.997395833333334,7.9888097660223805,-24.4666215,3.447955500000006,7.392236999999994,-4.736999999999995,14,2025-09-01T17:43:15.144962,78,Crystal Palace,873,Crystal Palace,2019,Premier League,Crystal Palace,7600000.0,6,2,55375000.0,-47775000.0,26.691307323750856,4.812030581986979,0.2258064516129032,0.2258064516129032,184.3548387096774,31,1,1,0,142.0,133.0,-19,-22.944281499999995,-24.466621500000002,-3.447955500000006,-7.3922370000000015,3.9442814999999953,4.736999999999995,-56,0.800711743772242,0,0,0,1,0,0,-1111046.511627907,176744.18604651163,-1248595.2486736532,198625.3038183101,14.0,17.0,15.0,17.0,18.0,13.0,14.0,20.0,19.0,8.0,18.0,7.0,1.0,2.0,5.0,0.0,0,0,0.9366197183098591,-336443.661971831,53521.126760563384,3.0930232558139537,3.302325581395349,11.0,9.0,-9.0,-7.0,-5.0,14.0,44.0,-26.61734759999998,1,1,1,12.0,1,1
78,Crystal Palace,EPL,2020,2020/21,38,12,8,18,41,66,35.2866084,61.90394699999998,32.2419274,58.85927499999998,201,272,44,37.9485,16.136671177266578,7.60337552742616,-26.61734759999998,-5.713391600000001,-4.096053000000019,-6.051500000000004,14,2025-09-01T17:43:15.144962,78,Crystal Palace,873,Crystal Palace,2020,Premier League,Crystal Palace,22400000.0,6,2,20000000.0,2400000.0,28.00213894592745,4.328645786114333,0.09375,0.34375,185.40625,32,1,2,0,134.0,130.0,-25,-26.617338599999982,-26.61734759999998,5.713391600000001,4.096053000000019,1.6173385999999823,6.051499999999997,-71,0.7389705882352942,0,0,0,1,0,0,54545.454545454544,509090.9090909091,63243.606466658755,590273.6603554818,14.0,18.0,17.0,18.0,18.0,17.0,18.0,19.0,19.0,8.0,20.0,9.0,1.0,1.0,5.0,-0.25,1,0,0.9701492537313433,17910.44776119403,167164.1791044776,2.9545454545454546,3.0454545454545454,16.0,11.0,-7.0,-2.0,-3.0,12.0,48.0,4.377117400000017,1,1,1,11.0,1,1
78,Crystal Palace,EPL,2021,2021/22,38,11,15,12,50,46,48.843907,41.3314426,42.663892,38.28677459999998,213,238,48,58.15,11.381770145310435,9.563097514340344,4.377117400000017,-1.1560929999999985,-4.6685574000000045,10.15,12,2025-09-01T17:43:15.144962,78,Crystal Palace,873,Crystal Palace,2021,Premier League,Crystal Palace,85620000.0,10,1,0.0,85620000.0,25.96121378051563,5.031813381720641,0.2333333333333333,0.3,184.8,30,1,0,0,160.0,124.0,4,7.512464399999999,4.377117400000017,1.1560929999999985,4.668557399999997,-3.512464399999999,-10.149999999999999,-25,0.8949579831932774,0,0,0,1,0,0,1783750.0,1783750.0,1472398.9681857266,1472398.9681857266,12.0,6.0,7.0,6.0,6.0,4.0,4.0,9.0,4.0,18.0,16.0,19.0,-2.0,3.0,-8.0,-0.06666666666666668,0,0,0.775,535125.0,535125.0,2.5833333333333335,3.3333333333333335,15.0,12.0,6.0,9.0,0.0,11.0,45.0,-10.285157999999996,1,1,1,10.0,1,1
78,Crystal Palace,EPL,2022,2022/23,38,11,12,15,40,49,40.723491,51.626247,38.296407,48.581565,197,311,45,44.23969999999999,13.054658385093168,8.67184265010352,-10.285157999999996,0.7234909999999957,2.626247,-0.760300000000008,11,2025-09-01T17:43:15.144962,78,Crystal Palace,873,Crystal Palace,2022,Premier League,Crystal Palace,46600000.0,6,1,5460000.0,41140000.0,24.69721325902024,5.464902260550301,0.3428571428571428,0.2,184.8571428571429,35,2,1,1,180.0,130.0,-9,-10.902755999999997,-10.285157999999996,-0.7234910000000028,-2.6262469999999993,1.9027559999999966,0.760300000000008,-114,0.6334405144694534,0,0,0,1,0,0,914222.2222222222,1035555.5555555555,929933.9733316457,1053352.5317757581,11.0,13.0,11.0,13.0,12.0,7.0,6.0,20.0,16.0,17.0,9.0,10.0,4.0,8.0,5.0,0.1428571428571428,0,1,0.7222222222222222,228555.55555555556,258888.88888888888,2.888888888888889,4.0,13.0,16.0,4.0,1.0,5.0,10.0,49.0,-4.81657460000001,1,1,1,12.0,1,1
78,Crystal Palace,EPL,2023,2023/24,38,13,10,15,57,58,53.93545399999999,57.99083260000001,50.890788,55.70736260000001,244,296,49,50.456300000000006,13.74626865671642,8.993250843644544,-4.81657460000001,-3.064546000000007,-0.0091673999999883,1.456300000000006,10,2025-09-01T17:43:15.144962,78,Crystal Palace,873,Crystal Palace,2023,Premier League,Crystal Palace,67800000.0,6,0,0.0,67800000.0,24.41918715430009,4.800543306686891,0.3783783783783784,0.1621621621621621,169.6216216216216,37,3,0,1,189.0,134.0,-1,-4.055378600000019,-4.81657460000001,3.064546000000007,0.00916739999998839,3.0553786000000187,-1.456300000000006,-52,0.8243243243243243,0,0,1,1,0,0,1383673.469387755,1383673.469387755,1343737.0556303177,1343737.0556303177,10.0,12.0,8.0,12.0,13.0,5.0,6.0,17.0,11.0,20.0,11.0,10.0,-2.0,4.0,1.0,0.2162162162162163,0,1,0.708994708994709,358730.15873015876,358730.15873015876,2.7346938775510203,3.857142857142857,12.0,16.0,3.0,-1.0,6.0,12.0,53.0,7.374098999999987,1,1,1,,0,0
78,Crystal Palace,EPL,2024,2024/25,38,13,14,11,51,51,67.78077,58.88433500000001,64.736094,57.36199500000001,243,270,53,58.15670000000001,13.17142857142857,9.024970273483948,7.374098999999987,16.780770000000004,7.884335000000007,5.156700000000008,12,2025-09-01T17:43:15.144962,78,Crystal Palace,873,Crystal Palace,2024,Premier League,Crystal Palace,91900000.0,9,3,100700000.0,-8800000.0,25.668609060806187,4.58453005733158,0.2432432432432432,0.1891891891891892,169.35135135135135,37,1,0,0,195.0,145.0,0,8.896434999999997,7.374098999999987,-16.780770000000004,-7.884335000000007,-8.896434999999997,-5.156700000000008,-27,0.9,0,0,0,1,0,0,-166037.7358490566,1733962.2641509434,-151315.32566325116,1580213.4577787253,12.0,8.0,11.0,8.0,10.0,11.0,13.0,15.0,17.0,6.0,15.0,6.0,7.0,5.0,5.0,0.054054054054054,0,0,0.7435897435897436,-45128.205128205125,471282.0512820513,2.7358490566037736,3.6792452830188678,13.0,17.0,7.0,3.0,5.0,,,,0,0,0,,0,0
72,Everton,EPL,2016,2016/17,38,17,10,11,62,44,49.6324541,45.78298399999999,46.5877771,41.977173,197,261,61,55.7771,9.850835322195705,10.406147091108672,4.610604100000003,-12.367545899999996,1.782983999999992,-5.222899999999996,7,2025-09-01T17:43:15.144962,72,Everton,29,Everton FC,2016,Premier League,Everton FC,86000000.0,8,1,60800000.0,25200000.0,25.577973548828687,5.008327306313237,0.2580645161290322,0.1935483870967742,181.9354838709677,31,1,0,0,171.0,105.0,18,3.849470100000005,4.610604099999996,12.367545900000003,-1.782983999999992,14.150529899999995,5.222900000000003,-64,0.7547892720306514,0,1,1,0,0,0,413114.75409836066,1409836.0655737706,451798.31866482843,1541851.4049672715,7.0,7.0,7.0,8.0,8.0,7.0,8.0,7.0,11.0,5.0,8.0,8.0,3.0,-1.0,4.0,0.06451612903225801,0,0,0.6140350877192983,147368.42105263157,502923.97660818713,1.721311475409836,2.80327868852459,10.0,10.0,2.0,2.0,3.0,8.0,49.0,-14.188131000000006,1,1,1,8.0,1,1
72,Everton,EPL,2017,2017/18,38,13,10,15,44,58,43.70751099999999,55.495772,37.50187199999999,51.690003,185,297,49,47.00149999999998,10.238623751387347,10.550824175824175,-14.188131000000006,-0.2924890000000104,-2.5042279999999977,-1.9985000000000213,8,2025-09-01T17:43:15.144962,72,Everton,29,Everton FC,2017,Premier League,Everton FC,203200000.0,12,1,126380000.0,76820000.0,26.26660859104391,4.497555202182811,0.2121212121212121,0.1818181818181818,181.3030303030303,33,3,0,1,189.0,145.0,-14,-11.788261000000013,-14.188131000000006,0.29248900000001044,2.5042279999999977,-2.2117389999999872,1.9985000000000213,-112,0.622895622895623,0,0,1,1,0,0,1567755.1020408163,4146938.775510204,1634415.9228960786,4323266.278735787,8.0,10.0,11.0,12.0,13.0,16.0,15.0,3.0,3.0,4.0,14.0,3.0,-10.0,-10.0,-5.0,0.030303030303030304,1,1,0.7671957671957672,406455.02645502647,1075132.2751322752,2.9591836734693877,3.857142857142857,7.0,7.0,-6.0,-6.0,-1.0,8.0,54.0,4.526037099999975,1,1,1,12.0,1,1
72,Everton,EPL,2018,2018/19,38,15,9,14,54,46,53.86613399999999,49.30978990000001,49.92234399999998,45.396306900000006,211,210,54,55.5378,9.809090909090909,10.082758620689654,4.526037099999975,-0.1338660000000118,3.3097899000000126,1.5378000000000045,8,2025-09-01T17:43:15.144962,72,Everton,29,Everton FC,2018,Premier League,Everton FC,99800000.0,6,2,28650000.0,71150000.0,26.01627500190128,4.4405796238673485,0.1111111111111111,0.1111111111111111,182.14814814814807,27,1,0,0,188.0,160.0,8,4.556344099999976,4.526037099999975,0.1338660000000118,-3.3097899000000126,3.4436559000000244,-1.5377999999999972,1,1.0047619047619047,0,0,1,1,0,0,1317592.5925925926,1848148.148148148,1281109.442577848,1796974.312990432,8.0,9.0,7.0,9.0,9.0,7.0,7.0,7.0,8.0,8.0,11.0,11.0,-1.0,-2.0,0.0,0.0,0,0,0.851063829787234,378457.44680851063,530851.0638297872,2.962962962962963,3.4814814814814814,8.0,7.0,-2.0,-1.0,-1.0,12.0,49.0,6.781945,1,1,1,9.0,1,1
72,Everton,EPL,2019,2019/20,38,13,10,15,44,56,53.710143,49.211622000000006,52.948976,46.167031,203,215,49,55.7761,10.169934640522875,10.381688466111772,6.781945,9.710143000000002,-6.7883779999999945,6.7761,12,2025-09-01T17:43:15.144962,72,Everton,29,Everton FC,2019,Premier League,Everton FC,121000000.0,8,1,87800000.0,33200000.0,25.52639597270981,4.989421288897158,0.2258064516129032,0.1612903225806451,184.25806451612905,31,3,0,1,186.0,165.0,-12,4.498520999999997,6.781945,-9.710143000000002,6.7883779999999945,-16.498520999999997,-6.7761,-12,0.9441860465116279,0,0,0,1,0,0,677551.0204081633,2469387.7551020407,595237.0280460628,2169387.963661855,12.0,8.0,12.0,7.0,7.0,7.0,7.0,6.0,12.0,3.0,10.0,7.0,5.0,-1.0,0.0,0.06451612903225809,0,1,0.8870967741935484,178494.62365591398,650537.6344086021,3.36734693877551,3.795918367346939,7.0,7.0,0.0,0.0,-5.0,9.0,59.0,-1.7018150000000247,1,1,1,16.0,1,0
72,Everton,EPL,2020,2020/21,38,17,8,13,47,48,49.23711799999999,50.16416100000001,45.41766999999998,47.119485000000005,207,270,59,50.7233,14.213010204081632,11.818906605922551,-1.7018150000000247,2.237117999999988,2.164161000000007,-8.276700000000005,9,2025-09-01T17:43:15.144962,72,Everton,29,Everton FC,2020,Premier League,Everton FC,74370000.0,7,1,4430000.0,69940000.0,24.43301271659642,4.708218955612015,0.3157894736842105,0.1578947368421052,179.3684210526316,38,1,0,0,193.0,183.0,-1,-0.9270430000000189,-1.7018150000000247,-2.237117999999988,-2.164161000000007,-0.07295699999998106,8.276699999999998,-63,0.7666666666666667,0,0,1,1,0,0,1185423.7288135593,1260508.4745762711,1378853.5051938654,1466190.0940987673,9.0,12.0,11.0,11.0,12.0,9.0,11.0,10.0,6.0,14.0,5.0,1.0,-6.0,-2.0,-3.0,0.1578947368421053,0,0,0.9481865284974094,362383.41968911915,385336.7875647668,3.1016949152542375,3.2711864406779663,9.0,8.0,-4.0,-3.0,-1.0,16.0,39.0,-20.03029400000001,1,0,0,17.0,1,0
72,Everton,EPL,2021,2021/22,38,11,6,21,43,66,44.46973099999999,60.694247,39.14160999999999,59.171904000000005,190,299,39,43.538,14.0286783042394,7.827541827541827,-20.03029400000001,1.4697309999999888,-5.305752999999996,4.538000000000004,16,2025-09-01T17:43:15.144962,72,Everton,29,Everton FC,2021,Premier League,Everton FC,39500000.0,10,2,46000000.0,-6500000.0,25.016974674880217,4.95020502329568,0.275,0.2,180.35,40,3,0,1,181.0,162.0,-23,-16.22451600000001,-20.030294000000012,-1.4697309999999888,5.305753000000003,-6.775483999999992,-4.537999999999997,-109,0.6354515050167224,0,0,0,0,1,0,-166666.66666666666,1012820.5128205129,-149294.86885019983,907253.4337819837,16.0,13.0,16.0,12.0,17.0,14.0,16.0,18.0,19.0,6.0,11.0,3.0,2.0,1.0,3.0,0.07500000000000001,0,1,0.8950276243093923,-35911.60220994475,218232.04419889502,4.153846153846154,4.641025641025641,10.0,9.0,-8.0,-7.0,-7.0,17.0,36.0,-17.649514399999973,1,0,0,11.0,1,0
72,Everton,EPL,2022,2022/23,38,8,12,18,34,57,48.6498356,68.58286199999999,46.36632660000001,64.01584099999998,197,309,36,40.71319999999999,13.647509578544062,9.624352331606218,-17.649514399999973,14.649835600000005,11.582861999999992,4.713199999999986,17,2025-09-01T17:43:15.144962,72,Everton,29,Everton FC,2022,Premier League,Everton FC,83070000.0,9,2,103600000.0,-20530000.0,25.8016462205374,5.56379134071922,0.2307692307692307,0.1794871794871795,179.69230769230768,39,2,0,1,172.0,159.0,-23,-19.93302639999999,-17.649514399999973,-14.649835600000003,-11.582861999999992,-3.0669736000000114,-4.713199999999993,-112,0.6375404530744336,0,0,0,0,1,0,-570277.7777777778,2307500.0,-504259.06094337965,2040370.1993456671,17.0,14.0,15.0,14.0,14.0,18.0,18.0,15.0,18.0,4.0,17.0,4.0,4.0,1.0,1.0,0.05128205128205121,0,1,0.9244186046511628,-119360.46511627907,482965.11627906974,4.416666666666667,4.777777777777778,15.0,10.0,-4.0,1.0,-7.0,11.0,48.0,4.302826500000016,1,1,1,13.0,1,1
72,Everton,EPL,2023,2023/24,38,13,9,16,40,51,60.7541755,60.25709199999999,58.4706585,54.16783199999998,237,314,48,53.102,13.115675675675677,10.147540983606556,4.302826500000016,20.7541755,9.257091999999986,5.102000000000004,11,2025-09-01T17:43:15.144962,72,Everton,29,Everton FC,2023,Premier League,Everton FC,40500000.0,5,2,82800000.0,-42300000.0,25.80330253251197,5.514724416510403,0.21875,0.25,184.28125,32,1,0,0,187.0,157.0,-11,0.49708350000000934,4.302826500000016,-20.754175500000002,-9.257091999999993,-11.49708350000001,-5.101999999999997,-77,0.7547770700636943,0,0,0,1,0,0,-881250.0,843750.0,-796580.1664720727,762683.138111559,11.0,10.0,13.0,10.0,7.0,6.0,5.0,19.0,18.0,8.0,17.0,17.0,11.0,12.0,7.0,-0.03125,0,0,0.839572192513369,-226203.20855614974,216577.54010695187,3.2708333333333335,3.8958333333333335,13.0,11.0,4.0,6.0,0.0,13.0,48.0,-6.793681999999997,1,1,1,,0,0
72,Everton,EPL,2024,2024/25,38,11,15,12,42,44,46.869415,53.663086000000014,45.347074000000006,52.140756,186,267,48,47.6514,14.28337531486146,8.983247422680412,-6.793681999999997,4.869415000000004,9.663086000000014,-0.3486000000000047,13,2025-09-01T17:43:15.144962,72,Everton,29,Everton FC,2024,Premier League,Everton FC,50200000.0,8,4,84150000.0,-33950000.0,25.43181773736189,5.681702686708547,0.2571428571428571,0.2285714285714285,168.71428571428572,35,2,1,1,197.0,152.0,-2,-6.793671000000018,-6.793681999999997,-4.8694149999999965,-9.663086000000014,4.793671000000018,0.3485999999999976,-81,0.6966292134831461,0,0,0,1,0,0,-707291.6666666666,1045833.3333333334,-712465.9506331398,1053484.2627918592,13.0,15.0,14.0,15.0,15.0,5.0,7.0,19.0,19.0,9.0,14.0,11.0,4.0,4.0,6.0,0.02857142857142861,0,1,0.7715736040609137,-172335.02538071066,254822.33502538071,3.1666666666666665,4.104166666666667,12.0,16.0,1.0,-3.0,3.0,,,,0,0,0,,0,0
228,Fulham,EPL,2018,2018/19,38,7,5,26,34,81,42.621864,73.58661000000001,40.338362,68.25856000000002,171,335,26,33.6044,13.754054054054054,10.97872340425532,-27.92019800000002,8.621863999999995,-7.413389999999993,7.604399999999998,19,2025-09-01T17:43:15.144962,228,Fulham,931,Fulham FC,2018,Premier League,Fulham FC,116500000.0,15,6,5350000.0,111150000.0,25.411503693738343,4.089259640791559,0.1724137931034483,0.1379310344827586,175.6206896551724,29,3,0,1,138.0,92.6,-47,-30.964746000000005,-27.92019800000002,-8.621864000000002,7.413389999999993,-16.035253999999995,-7.604399999999998,-164,0.5104477611940299,0,0,0,0,1,1,4275000.0,4480769.230769231,3307602.5758531624,3466807.918010737,19.0,19.0,19.0,19.0,19.0,20.0,20.0,4.0,3.0,17.0,7.0,6.0,-16.0,-15.0,-16.0,0.034482758620689696,0,1,0.6710144927536231,805434.7826086957,844202.8985507246,3.5615384615384613,5.3076923076923075,17.0,15.0,-4.0,-2.0,-4.0,18.0,28.0,-15.819351100000013,1,0,0,10.0,1,0
228,Fulham,EPL,2020,2020/21,38,5,13,20,27,53,41.055309,57.6358378,36.4883067,52.30765780000001,224,227,28,42.41830000000001,12.161057692307692,10.376826722338205,-15.819351100000013,14.055308999999994,4.6358378000000044,14.41830000000001,18,2025-09-01T17:43:15.144962,228,Fulham,931,Fulham FC,2020,Premier League,Fulham FC,37250000.0,13,7,0.0,37250000.0,25.91475328230976,3.668361065763297,0.0909090909090909,0.1212121212121212,182.42424242424244,33,1,1,0,116.0,114.0,-26,-16.580528799999996,-15.819351100000006,-14.055309000000001,-4.635837799999997,-9.419471200000004,-14.41830000000001,-3,0.986784140969163,0,0,0,0,1,1,1330357.142857143,1330357.142857143,878158.7192320294,878158.7192320294,18.0,16.0,18.0,16.0,15.0,13.0,14.0,18.0,12.0,18.0,15.0,6.0,-3.0,3.0,-6.0,-0.030303030303030304,0,0,0.9827586206896551,321120.6896551724,321120.6896551724,4.071428571428571,4.142857142857143,17.0,13.0,-2.0,2.0,-5.0,10.0,52.0,-24.179839200000004,1,1,1,14.0,1,1
228,Fulham,EPL,2022,2022/23,38,15,7,16,55,53,47.984977,71.490811,41.1344488,65.314288,203,286,52,39.23700000000001,12.961139896373057,10.425837320574162,-24.179839200000004,-7.015022999999999,18.490811,-12.762999999999993,10,2025-09-01T17:43:15.144962,228,Fulham,931,Fulham FC,2022,Premier League,Fulham FC,76100000.0,14,5,25400000.0,50700000.0,25.41650480048837,4.657317807591718,0.2432432432432432,0.1891891891891892,172.6216216216216,37,1,1,0,182.0,139.0,2,-23.505833999999993,-24.179839200000004,7.015022999999999,-18.490810999999994,25.505833999999993,12.762999999999991,-83,0.7097902097902098,0,0,1,1,0,0,975000.0,1463461.5384615385,1292147.7177154215,1939495.8839870526,10.0,16.0,10.0,16.0,17.0,20.0,20.0,16.0,13.0,11.0,14.0,8.0,-4.0,-1.0,3.0,0.054054054054054,0,0,0.7637362637362637,278571.4285714286,418131.86813186813,2.673076923076923,3.5,12.0,14.0,-3.0,-5.0,4.0,14.0,47.0,-9.52843150000001,1,1,1,11.0,1,1
228,Fulham,EPL,2023,2023/24,38,13,8,17,55,61,52.808695500000006,66.90413200000002,51.286358500000006,60.814790000000016,288,320,47,44.98500000000001,13.729974160206718,13.10545905707196,-9.52843150000001,-2.191304499999994,5.904132000000018,-2.014999999999993,14,2025-09-01T17:43:15.144962,228,Fulham,931,Fulham FC,2023,Premier League,Fulham FC,73170000.0,8,2,53200000.0,19970000.0,26.04364456254781,4.799422362145447,0.2058823529411764,0.1764705882352941,183.35294117647047,34,1,2,0,182.0,155.0,-6,-14.095436500000012,-9.52843150000001,2.191304499999994,-5.904132000000018,8.095436500000012,2.0149999999999935,-32,0.9,0,0,0,1,0,0,424893.6170212766,1556808.5106382978,443925.7530287873,1626542.1807269088,14.0,14.0,10.0,14.0,14.0,13.0,12.0,15.0,16.0,12.0,19.0,15.0,2.0,1.0,2.0,0.029411764705882304,1,0,0.8516483516483516,109725.27472527472,402032.967032967,3.297872340425532,3.872340425531915,14.0,12.0,-2.0,0.0,-2.0,11.0,54.0,8.770872000000018,1,1,1,,0,0
228,Fulham,EPL,2024,2024/25,38,15,9,14,54,54,58.00341400000001,49.232539,54.958735,46.18786299999999,232,226,54,57.6028,12.1,13.06924101198402,8.770872000000018,4.003414000000007,-4.767461000000004,3.602799999999995,11,2025-09-01T17:43:15.144962,228,Fulham,931,Fulham FC,2024,Premier League,Fulham FC,91550000.0,7,1,68800000.0,22750000.0,26.808252664515503,4.334340012527685,0.0714285714285714,0.1428571428571428,176.71428571428572,28,1,3,0,195.0,167.0,0,8.770875000000004,8.770872000000004,-4.0034140000000065,4.767460999999997,-8.770875000000004,-3.602800000000002,6,1.0265486725663717,0,0,0,1,0,0,421296.2962962963,1695370.3703703703,394946.0790100481,1589332.4630052706,11.0,9.0,11.0,9.0,8.0,3.0,3.0,16.0,13.0,12.0,18.0,19.0,5.0,8.0,2.0,-0.0714285714285714,0,0,0.8564102564102564,116666.66666666667,469487.1794871795,3.0925925925925926,3.611111111111111,13.0,10.0,2.0,5.0,-1.0,,,,0,0,0,,0,0
219,Huddersfield,EPL,2017,2017/18,38,9,10,19,28,58,32.1338432,53.216161,30.611543200000003,48.502149,125,251,37,36.8432,12.21775147928994,9.98664886515354,-17.8906058,4.133843200000001,-4.783839,-0.1567999999999969,16,2025-09-01T17:43:15.144962,219,Huddersfield,1110,Huddersfield Town,2017,Premier League,Huddersfield Town,56750000.0,15,4,6455000.0,50295000.0,26.11960351864527,4.040433762711852,0.074074074074074,0.1111111111111111,170.74074074074073,27,1,1,0,125.0,62.6,-30,-21.0823178,-17.8906058,-4.133843200000001,4.783839,-8.917682200000002,0.15679999999999694,-126,0.49800796812749004,0,0,0,0,1,0,1359324.3243243243,1533783.7837837837,1365109.4367481652,1540311.3736048986,16.0,18.0,19.0,16.0,15.0,13.0,12.0,15.0,9.0,16.0,11.0,14.0,-6.0,0.0,-7.0,-0.037037037037037104,0,0,0.5008,402360.0,454000.0,1.691891891891892,3.3783783783783785,19.0,20.0,5.0,4.0,4.0,20.0,16.0,-32.86364100000001,1,0,0,,0,0
219,Huddersfield,EPL,2018,2018/19,38,3,7,28,22,76,29.002263000000003,67.194016,28.241098,61.10473900000001,133,276,16,29.610599999999994,10.92755214050494,10.675392670157068,-32.86364100000001,7.002263000000003,-8.805983999999995,13.610599999999994,20,2025-09-01T17:43:15.144962,219,Huddersfield,1110,Huddersfield Town,2018,Premier League,Huddersfield Town,50700000.0,11,2,12330000.0,38370000.0,24.72447064538209,3.970946268438994,0.1935483870967742,0.064516129032258,171.32258064516128,31,2,2,1,119.0,64.2,-54,-38.191753000000006,-32.86364100000001,-7.002263000000003,8.805983999999995,-15.808246999999994,-13.610599999999994,-143,0.48188405797101447,0,0,0,0,1,1,2398125.0,3168750.0,1295819.7402281617,1712224.676298353,20.0,20.0,20.0,20.0,20.0,19.0,16.0,16.0,12.0,14.0,2.0,2.0,-8.0,-4.0,-8.0,0.12903225806451618,0,1,0.5394957983193277,322436.97478991596,426050.4201680672,4.0125,7.4375,20.0,19.0,-1.0,0.0,-1.0,,,,0,0,0,,0,0
91,Hull,EPL,2016,2016/17,38,9,7,22,37,80,33.839492,71.77442400000001,31.555987,61.87924200000001,160,326,34,30.7344,14.160511363636363,10.149358226371062,-30.32325500000001,-3.160508,-8.22557599999999,-3.265599999999999,18,2025-09-01T17:43:15.144962,91,Hull,3008,Hull City,2016,Premier League,Hull City,40000000.0,15,7,28900000.0,11100000.0,26.752817704768425,4.158162481948683,0.1,0.2333333333333333,183.56666666666663,30,2,0,1,117.0,61.3,-43,-37.93493200000001,-30.323255000000014,3.160508,8.22557599999999,-5.0650679999999895,3.265599999999999,-166,0.49079754601226994,0,0,0,0,1,1,326470.5882352941,1176470.5882352942,361158.83179759484,1301473.2677390806,18.0,20.0,20.0,20.0,19.0,20.0,19.0,19.0,16.0,13.0,15.0,10.0,-3.0,0.0,-2.0,-0.1333333333333333,1,1,0.523931623931624,94871.79487179487,341880.3418803419,1.802941176470588,3.4411764705882355,20.0,19.0,0.0,1.0,1.0,,,,0,0,0,,0,0
285,Ipswich,EPL,2024,2024/25,38,4,10,24,36,82,40.42059270000001,83.732644,38.8982547,79.16563399999998,132,373,22,28.4466,14.197643979057592,8.973778307508939,-40.26737929999998,4.420592700000007,1.7326439999999934,6.4466,19,2025-09-01T17:43:15.144962,285,Ipswich,677,Ipswich Town,2024,Premier League,Ipswich Town,152590000.0,16,4,2360000.0,150230000.0,25.69903197418597,3.475793803256808,0.1142857142857142,0.0857142857142857,173.0857142857143,35,1,2,0,155.0,77.1,-46,-43.312051299999986,-40.26737929999998,-4.420592700000007,-1.7326439999999934,-2.687948700000014,-6.4466,-241,0.353887399463807,0,0,0,0,1,1,6828636.363636363,6935909.090909091,5281123.227380425,5364085.6903812755,19.0,18.0,18.0,18.0,18.0,18.0,18.0,7.0,2.0,20.0,16.0,11.0,-16.0,-11.0,-17.0,0.028571428571428498,0,0,0.49741935483870964,969225.8064516129,984451.6129032258,3.5045454545454544,7.045454545454546,20.0,20.0,2.0,2.0,1.0,,,,0,0,0,,0,0
245,Leeds,EPL,2020,2020/21,38,18,5,15,62,54,59.25863799999999,63.021957,56.213962,56.010729,305,283,59,51.8098,7.168845315904139,12.273863636363636,0.2032330000000044,-2.7413620000000094,9.021957,-7.190200000000004,10,2025-09-01T17:43:15.144962,245,Leeds,399,Leeds United,2020,Premier League,Leeds United,127800000.0,8,0,0.0,127800000.0,23.90947980835044,5.126456745877328,0.46875,0.125,181.5,32,1,2,0,171.0,108.0,8,-3.76331900000001,0.20323300000000444,2.7413620000000094,-9.021957,11.76331900000001,7.190199999999997,22,1.0777385159010602,0,0,1,1,0,0,2166101.694915254,2166101.694915254,2466714.7914101193,2466714.7914101193,9.0,11.0,10.0,12.0,11.0,18.0,15.0,3.0,2.0,18.0,2.0,9.0,-9.0,-8.0,-8.0,0.34375,0,0,0.631578947368421,747368.4210526316,747368.4210526316,1.8305084745762712,2.8983050847457625,12.0,16.0,5.0,1.0,6.0,17.0,38.0,-20.123538,1,0,0,19.0,1,0
245,Leeds,EPL,2021,2021/22,38,9,11,18,42,79,51.186082000000006,71.30961199999999,47.380234,67.503772,239,300,38,43.85870000000002,8.58095238095238,11.339712918660288,-20.123538,9.186082000000006,-7.690388000000013,5.85870000000002,17,2025-09-01T17:43:15.144962,245,Leeds,399,Leeds United,2021,Premier League,Leeds United,59300000.0,5,0,0.0,59300000.0,23.21647688382801,4.564591686402626,0.4242424242424242,0.0909090909090909,176.6060606060606,33,2,3,1,189.0,121.0,-37,-20.12352999999998,-20.123537999999996,-9.186082000000006,7.690388000000013,-16.87647000000002,-5.85870000000002,-61,0.7966666666666666,0,0,0,0,1,0,1560526.3157894737,1560526.3157894737,1352069.2587787593,1352069.2587787593,17.0,12.0,18.0,17.0,18.0,19.0,19.0,15.0,8.0,18.0,2.0,12.0,-10.0,-3.0,-9.0,0.3333333333333333,0,1,0.6402116402116402,313756.61375661375,313756.61375661375,3.1842105263157894,4.973684210526316,9.0,13.0,-5.0,-9.0,-4.0,19.0,31.0,-19.501572000000003,1,0,0,,0,0
245,Leeds,EPL,2022,2022/23,38,7,10,21,48,78,47.795965,69.58103300000002,45.512455,65.014027,230,267,31,40.5808,9.47872340425532,9.024479804161569,-19.501572000000003,-0.2040350000000046,-8.41896699999998,9.580800000000004,19,2025-09-01T17:43:15.144962,245,Leeds,399,Leeds United,2022,Premier League,Leeds United,163890000.0,11,1,114500000.0,49390000.0,23.742720250317788,4.680078808140021,0.3714285714285714,0.1714285714285714,178.28571428571428,35,4,0,1,190.0,146.0,-30,-21.785068000000017,-19.501571999999996,0.20403499999999752,8.41896699999998,-8.214931999999983,-9.580800000000004,-37,0.8614232209737828,0,0,0,0,1,1,1593225.8064516129,5286774.193548387,1217078.0270472735,4038609.3916334817,19.0,15.0,17.0,15.0,15.0,19.0,19.0,9.0,14.0,3.0,3.0,10.0,-1.0,-6.0,-5.0,0.19999999999999998,0,1,0.7684210526315789,259947.36842105264,862578.947368421,4.709677419354839,6.129032258064516,11.0,11.0,-4.0,-4.0,-8.0,,,,0,0,0,,0,0
75,Leicester,EPL,2016,2016/17,38,12,8,18,48,63,44.34083300000001,51.304373000000005,39.656960000000005,48.259735,196,279,44,48.11949999999999,11.481522956326987,8.467376830892144,-8.602774999999994,-3.659166999999989,-11.695626999999996,4.119499999999988,12,2025-09-01T17:43:15.144962,75,Leicester,1003,Leicester City,2016,Premier League,Leicester City,92100000.0,9,1,66050000.0,26050000.0,26.210662407787662,4.094111033296466,0.1851851851851851,0.1851851851851851,182.4814814814815,27,2,0,1,233.0,113.0,-15,-6.963539999999995,-8.602774999999994,3.6591669999999894,11.695626999999995,-8.036460000000005,-4.119499999999988,-83,0.7025089605734767,0,0,0,1,0,0,592045.4545454546,2093181.8181818181,541360.5710782532,1913984.9749062236,12.0,11.0,12.0,11.0,13.0,12.0,11.0,6.0,10.0,4.0,11.0,16.0,-3.0,-7.0,-2.0,0.0,1,1,0.48497854077253216,111802.57510729614,395278.96995708154,2.5681818181818183,5.295454545454546,7.0,7.0,-6.0,-6.0,-5.0,9.0,47.0,-0.592296300000001,1,1,1,9.0,1,1
75,Leicester,EPL,2017,2017/18,38,12,11,15,56,60,50.28871369999999,49.35872299999999,45.72174069999999,46.31403699999999,183,268,47,55.85470000000001,11.365333333333334,9.461170848267622,-0.592296300000001,-5.711286300000012,-10.64127700000001,8.854700000000008,9,2025-09-01T17:43:15.144962,75,Leicester,1003,Leicester City,2017,Premier League,Leicester City,83845000.0,9,1,50100000.0,33745000.0,26.12174309833447,4.752053146984993,0.2666666666666666,0.3,182.56666666666663,30,3,0,1,159.0,119.0,-4,0.9299906999999976,-0.592296300000001,5.711286300000012,10.64127700000001,-4.929990699999998,-8.854700000000008,-85,0.6828358208955224,0,0,1,1,0,0,717978.7234042553,1783936.170212766,604156.8569878631,1501127.0313867945,9.0,8.0,8.0,8.0,7.0,9.0,8.0,8.0,11.0,10.0,12.0,10.0,4.0,1.0,2.0,-0.03333333333333338,0,1,0.7484276729559748,212232.70440251572,527327.0440251572,2.5319148936170213,3.382978723404255,10.0,8.0,1.0,3.0,-1.0,9.0,52.0,5.949230000000014,1,1,1,5.0,1,1
75,Leicester,EPL,2018,2018/19,38,15,7,16,51,48,52.11415300000001,44.642585,46.78597900000001,40.836749,205,253,52,56.23779999999999,11.27061855670103,10.56878612716763,5.949230000000014,1.1141530000000088,-3.357415000000003,4.237799999999993,9,2025-09-01T17:43:15.144962,75,Leicester,1003,Leicester City,2018,Premier League,Leicester City,114600000.0,9,1,95800000.0,18800000.0,26.14278944874428,4.557572435027092,0.1153846153846153,0.3076923076923077,181.84615384615384,26,2,0,1,178.0,150.0,3,7.471568000000012,5.949230000000014,-1.1141530000000088,3.357415000000003,-4.471568000000012,-4.237799999999993,-48,0.8102766798418972,0,0,1,1,0,0,361538.46153846156,2203846.153846154,334294.72703413013,2037775.304154857,9.0,8.0,8.0,8.0,8.0,5.0,5.0,5.0,16.0,1.0,13.0,15.0,8.0,-3.0,7.0,-0.1923076923076924,1,1,0.8426966292134831,105617.97752808989,643820.2247191011,2.8846153846153846,3.423076923076923,9.0,8.0,0.0,1.0,-1.0,5.0,62.0,15.391500700000002,1,1,0,5.0,1,1
75,Leicester,EPL,2019,2019/20,38,18,8,12,67,41,61.0171647,47.894043,55.6739347,40.282434,293,203,62,61.1553,7.948717948717949,12.747416762342135,15.391500700000002,-5.982835300000005,6.894042999999996,-0.8447000000000031,5,2025-09-01T17:43:15.144962,75,Leicester,1003,Leicester City,2019,Premier League,Leicester City,104300000.0,7,1,88500000.0,15800000.0,25.601116200705523,4.684654231643078,0.1153846153846153,0.1923076923076923,182.3846153846154,26,1,0,0,150.0,157.0,26,13.123121699999999,15.391500699999995,5.982835299999998,-6.8940430000000035,12.876878300000001,0.8447000000000031,90,1.4433497536945812,0,1,1,0,0,0,254838.70967741936,1682258.064516129,258358.6377632029,1705494.045487472,5.0,6.0,4.0,6.0,6.0,6.0,6.0,9.0,15.0,2.0,11.0,20.0,9.0,3.0,10.0,-0.076923076923077,1,0,1.0466666666666666,105333.33333333333,695333.3333333334,2.532258064516129,2.4193548387096775,9.0,8.0,2.0,3.0,3.0,5.0,66.0,5.645738300000005,1,1,0,8.0,1,1
75,Leicester,EPL,2020,2020/21,38,20,6,12,68,50,58.80011600000001,47.06503269999999,49.666092000000006,44.0203537,237,209,66,59.74900000000002,9.99439461883408,13.502463054187192,5.645738300000005,-9.19988399999999,-2.934967300000011,-6.250999999999984,5,2025-09-01T17:43:15.144962,75,Leicester,1003,Leicester City,2020,Premier League,Leicester City,59400000.0,3,1,53770000.0,5630000.0,25.27018612969464,5.235980543237947,0.2580645161290322,0.2258064516129032,175.3548387096774,31,1,1,0,226.0,192.0,18,11.73508330000002,5.645738300000005,9.19988399999999,2.934967300000011,6.264916699999979,6.2509999999999835,28,1.1339712918660287,0,1,1,0,0,0,85303.0303030303,900000.0,94227.51845219164,994158.898056871,5.0,6.0,6.0,6.0,9.0,6.0,7.0,12.0,18.0,4.0,12.0,12.0,9.0,3.0,13.0,0.032258064516129004,0,0,0.8495575221238938,24911.504424778763,262831.85840707965,2.909090909090909,3.4242424242424243,7.0,7.0,-2.0,-2.0,2.0,8.0,52.0,-11.097022800000005,1,1,1,18.0,1,0
75,Leicester,EPL,2021,2021/22,38,14,10,14,62,59,49.4886742,66.10659400000002,47.9663352,59.063358,252,293,52,42.31229999999999,11.78048780487805,12.4,-11.097022800000005,-12.511325800000002,7.106594000000015,-9.687700000000008,8,2025-09-01T17:43:15.144962,75,Leicester,1003,Leicester City,2021,Premier League,Leicester City,67600000.0,5,1,4000000.0,63600000.0,25.968073127111342,4.914919196739404,0.1935483870967742,0.1935483870967742,182.3870967741936,31,1,2,0,215.0,182.0,3,-16.617919800000017,-11.097022799999998,12.511325800000002,-7.106594000000015,19.617919800000017,9.687700000000007,-41,0.8600682593856656,0,0,1,1,0,0,1223076.923076923,1300000.0,1503109.0250352737,1597644.1838425235,8.0,15.0,8.0,13.0,12.0,17.0,15.0,12.0,6.0,16.0,17.0,16.0,-6.0,0.0,-2.0,0.0,1,0,0.8465116279069768,295813.9534883721,314418.6046511628,3.5,4.134615384615385,8.0,7.0,-5.0,-4.0,-1.0,18.0,34.0,-11.650683500000014,1,0,0,18.0,1,0
75,Leicester,EPL,2022,2022/23,38,9,7,22,51,68,48.98699850000001,59.789351,44.33282749999999,55.98351100000001,205,289,34,45.07360000000001,12.017605633802816,12.668373879641486,-11.650683500000014,-2.0130014999999872,-8.210648999999997,11.073600000000011,18,2025-09-01T17:43:15.144962,75,Leicester,1003,Leicester City,2022,Premier League,Leicester City,49000000.0,5,1,81400000.0,-32400000.0,25.59741148652853,4.448966571227733,0.1515151515151515,0.1515151515151515,177.3030303030303,33,2,3,1,177.0,206.0,-17,-10.80235249999999,-11.650683500000014,2.0130014999999872,8.210648999999997,-6.197647500000009,-11.073600000000013,-84,0.7093425605536332,0,0,0,0,1,1,-952941.1764705882,1441176.4705882352,-718824.3228852364,1087110.8586844625,18.0,12.0,14.0,12.0,13.0,13.0,13.0,19.0,19.0,5.0,16.0,15.0,6.0,6.0,1.0,0.0,0,1,1.1638418079096045,-183050.84745762713,276836.1581920904,6.0588235294117645,5.205882352941177,14.0,7.0,-6.0,1.0,-11.0,18.0,25.0,-47.068087,1,0,0,,0,0
75,Leicester,EPL,2024,2024/25,38,6,7,25,33,80,38.058101,85.887374,35.774607,82.842694,159,381,25,26.43030000000001,13.2484237074401,10.760770975056689,-47.068087,5.058101000000001,5.887373999999994,1.430300000000006,18,2025-09-01T17:43:15.144962,75,Leicester,1003,Leicester City,2024,Premier League,Leicester City,91050000.0,10,2,47250000.0,43800000.0,24.68823649111124,4.994104438901623,0.2972972972972973,0.1891891891891892,163.45945945945945,37,3,0,1,187.0,153.0,-47,-47.82927299999999,-47.06808699999999,-5.058101000000001,-5.887373999999994,0.8292729999999935,-1.4303000000000097,-222,0.41732283464566927,0,0,0,0,1,1,1752000.0,3642000.0,1657188.9081849235,3444909.81941181,18.0,19.0,19.0,19.0,19.0,19.0,19.0,17.0,9.0,16.0,8.0,6.0,-10.0,-2.0,-9.0,0.10810810810810811,0,1,0.8181818181818182,234224.5989304813,486898.39572192513,6.12,7.48,15.0,15.0,-4.0,-4.0,-3.0,,,,0,0,0,,0,0
87,Liverpool,EPL,2016,2016/17,38,22,10,6,78,42,66.63255800000002,37.6523285,60.54320899999999,33.8464865,446,134,76,69.8308,7.234746639089969,14.585677749360611,26.6967225,-11.367441999999985,-4.347671499999997,-6.169200000000004,4,2025-09-01T17:43:15.144962,87,Liverpool,31,Liverpool FC,2016,Premier League,Liverpool FC,79900000.0,6,0,88980000.0,-9080000.0,24.44732269783605,5.0542257325520055,0.2592592592592592,0.1111111111111111,174.85185185185185,27,1,0,0,364.0,208.0,36,28.980229500000014,26.696722499999993,11.367441999999983,4.347671499999997,7.019770499999986,6.169200000000004,312,3.328358208955224,1,1,1,0,0,0,-119473.68421052632,1051315.7894736843,-130028.58337581698,1144194.252392927,4.0,5.0,4.0,4.0,5.0,5.0,5.0,10.0,19.0,2.0,2.0,16.0,14.0,5.0,15.0,0.14814814814814808,0,0,0.5714285714285714,-24945.054945054944,219505.4945054945,2.736842105263158,4.7894736842105265,4.0,4.0,-1.0,-1.0,0.0,4.0,75.0,43.9987043,1,1,0,2.0,1,1
87,Liverpool,EPL,2017,2017/18,38,21,12,5,84,38,77.48511899999998,35.751620700000004,75.183319,31.1846147,436,148,75,79.38480000000001,9.547785547785548,19.487218045112783,43.9987043,-6.514881000000017,-2.2483792999999963,4.384800000000013,4,2025-09-01T17:43:15.144962,87,Liverpool,31,Liverpool FC,2017,Premier League,Liverpool FC,173650000.0,5,0,184500000.0,-10850000.0,24.502030572667124,3.829504723527892,0.1935483870967742,0.064516129032258,182.5806451612904,31,1,1,0,455.0,264.0,46,41.73349829999998,43.9987043,6.514881000000017,2.2483792999999963,4.2665017000000205,-4.384800000000013,288,2.945945945945946,1,1,1,0,0,0,-144666.66666666666,2315333.3333333335,-136676.03873789439,2187446.463302798,4.0,2.0,2.0,2.0,2.0,3.0,2.0,5.0,18.0,2.0,1.0,7.0,16.0,3.0,14.0,0.12903225806451618,0,0,0.5802197802197803,-23846.153846153848,381648.35164835164,3.52,6.066666666666666,3.0,2.0,0.0,1.0,-2.0,2.0,97.0,45.745424,1,1,0,1.0,1,1
87,Liverpool,EPL,2018,2018/19,38,30,7,1,89,22,79.45754000000001,29.145105000000004,74.12936,28.38393600000001,431,152,97,83.45409999999998,9.99125,19.150916784203105,45.745424,-9.542459999999991,7.1451050000000045,-13.545900000000016,2,2025-09-01T17:43:15.144962,87,Liverpool,31,Liverpool FC,2018,Premier League,Liverpool FC,192200000.0,4,0,41320000.0,150880000.0,25.99589322381929,3.385099601422545,0.08,0.12,182.08,25,1,2,0,533.0,310.0,67,50.31243500000001,45.745424,9.542459999999991,-7.1451050000000045,16.687564999999992,13.545900000000017,279,2.835526315789474,1,1,1,0,0,0,1555463.9175257732,1981443.298969072,1807939.933448447,2303062.4019670696,2.0,2.0,2.0,2.0,2.0,2.0,2.0,2.0,1.0,6.0,10.0,17.0,-1.0,0.0,-1.0,-0.039999999999999994,0,0,0.5816135084427767,283076.92307692306,360600.3752345216,3.195876288659794,5.494845360824742,3.0,3.0,1.0,1.0,1.0,1.0,99.0,32.57579180000001,1,1,0,3.0,1,1
87,Liverpool,EPL,2019,2019/20,38,32,3,3,85,33,75.19336999999999,39.5728982,71.38752000000001,38.8117282,429,145,99,74.27839999999999,8.012931034482758,21.331179321486267,32.57579180000001,-9.806630000000013,6.572898199999997,-24.72160000000001,1,2025-09-01T17:43:15.144962,87,Liverpool,31,Liverpool FC,2019,Premier League,Liverpool FC,10400000.0,4,0,48000000.0,-37600000.0,25.44656301945829,5.015726104098392,0.2413793103448276,0.1724137931034483,182.17241379310343,29,1,3,0,490.0,326.0,52,35.62047179999999,32.57579180000001,9.806630000000013,-6.572898199999997,16.37952820000001,24.72160000000001,284,2.9586206896551723,1,1,1,0,0,0,-379797.9797979798,105050.50505050505,-506203.6877477168,140013.78597277272,1.0,2.0,2.0,2.0,2.0,4.0,4.0,18.0,18.0,10.0,9.0,15.0,16.0,16.0,17.0,0.06896551724137931,0,0,0.6653061224489796,-76734.69387755102,21224.48979591837,3.292929292929293,4.94949494949495,2.0,2.0,0.0,0.0,1.0,3.0,69.0,26.425265999999965,1,1,0,2.0,1,1
87,Liverpool,EPL,2020,2020/21,38,20,9,9,68,42,72.207518,47.30458800000002,67.64050799999998,41.21524200000002,458,144,69,68.7981,9.125835189309576,18.56846473029045,26.425265999999965,4.207517999999993,5.304588000000017,-0.2018999999999948,3,2025-09-01T17:43:15.144962,87,Liverpool,31,Liverpool FC,2020,Premier League,Liverpool FC,84800000.0,6,1,17200000.0,67600000.0,24.67326971856504,4.595408365920086,0.2857142857142857,0.0857142857142857,177.97142857142856,35,1,4,0,487.0,311.0,26,24.902929999999976,26.425265999999965,-4.207517999999993,-5.304588000000017,1.0970700000000235,0.20189999999999486,314,3.1805555555555554,1,1,1,0,0,0,979710.1449275363,1228985.5072463767,982585.2748840447,1232592.1791444821,3.0,3.0,3.0,3.0,3.0,7.0,6.0,8.0,7.0,11.0,7.0,4.0,4.0,5.0,4.0,0.2,0,0,0.6386036960985626,138809.03490759752,174127.31006160163,4.507246376811594,7.057971014492754,3.0,4.0,1.0,0.0,1.0,2.0,92.0,54.099965,1,1,0,5.0,1,1
87,Liverpool,EPL,2021,2021/22,38,28,8,2,94,26,93.02239799999998,32.731055,86.83102,32.731055,461,159,92,86.56340000000003,8.071200850159405,21.7105719237435,54.099965,-0.9776020000000188,6.731054999999998,-5.43659999999997,2,2025-09-01T17:43:15.144962,87,Liverpool,31,Liverpool FC,2021,Premier League,Liverpool FC,89000000.0,2,0,31650000.0,57350000.0,24.79413777831461,4.940705016748908,0.2857142857142857,0.1428571428571428,182.7428571428572,35,1,5,0,594.0,366.0,68,60.29134299999998,54.099965,0.9776020000000187,-6.731054999999998,7.7086570000000165,5.43659999999997,302,2.89937106918239,1,1,1,0,0,0,623369.5652173914,967391.304347826,662520.1875157397,1028148.1549939116,2.0,2.0,2.0,2.0,2.0,2.0,3.0,8.0,9.0,11.0,10.0,7.0,7.0,6.0,7.0,0.1428571428571429,0,0,0.6161616161616161,96548.82154882155,149831.64983164982,3.9782608695652173,6.456521739130435,2.0,2.0,0.0,0.0,0.0,5.0,67.0,24.99867,1,1,0,3.0,1,1
87,Liverpool,EPL,2022,2022/23,38,19,10,9,75,47,80.771997,55.773338,77.727328,52.728658,419,209,67,67.36929999999998,8.83481152993348,19.09882005899705,24.99867,5.771996999999999,8.773338000000003,0.3692999999999813,5,2025-09-01T17:43:15.144962,87,Liverpool,31,Liverpool FC,2022,Premier League,Liverpool FC,140900000.0,4,1,80100000.0,60800000.0,25.083705761565405,5.280569191377978,0.2571428571428571,0.2,182.94285714285715,35,1,6,0,594.0,373.0,28,24.998658999999996,24.998669999999997,-5.771996999999999,-8.773338000000003,3.0013410000000036,-0.3692999999999813,210,2.0047846889952154,1,1,1,0,0,0,907462.6865671641,2102985.074626866,902488.2253489351,2091457.0880208053,5.0,5.0,4.0,5.0,5.0,12.0,11.0,12.0,11.0,6.0,12.0,10.0,6.0,7.0,6.0,0.057142857142857106,0,0,0.6279461279461279,102356.90235690236,237205.3872053872,5.567164179104478,8.865671641791044,3.0,3.0,-2.0,-2.0,-2.0,3.0,82.0,41.01233750000001,1,1,0,1.0,1,1
87,Liverpool,EPL,2023,2023/24,38,24,10,4,86,41,94.785242,47.39875449999999,87.649932,46.6375945,510,233,82,76.88369999999998,7.659274193548387,16.637450199203187,41.01233750000001,8.785241999999997,6.398754499999988,-5.116300000000024,3,2025-09-01T17:43:15.144962,87,Liverpool,31,Liverpool FC,2023,Premier League,Liverpool FC,172000000.0,4,0,60700000.0,111300000.0,23.330558484562587,5.178027676208017,0.4473684210526316,0.1578947368421052,178.60526315789474,38,1,7,0,614.0,377.0,45,47.38648750000001,41.01233750000001,-8.785241999999997,-6.398754499999988,-2.3864875000000083,5.116300000000024,277,2.188841201716738,1,1,1,0,0,0,1357317.0731707318,2097560.975609756,1447641.0474521911,2237145.1946251295,3.0,3.0,3.0,3.0,3.0,3.0,3.0,6.0,7.0,11.0,2.0,8.0,4.0,3.0,4.0,0.2894736842105264,0,0,0.6140065146579805,181270.35830618892,280130.29315960914,4.597560975609756,7.487804878048781,3.0,2.0,-1.0,0.0,-1.0,1.0,84.0,45.72730499999999,1,1,0,,0,0
87,Liverpool,EPL,2024,2024/25,38,25,9,4,86,41,93.23934099999998,42.320521,86.38883099999998,40.661526,442,200,84,81.84370000000001,8.936353829557714,16.0,45.72730499999999,7.239340999999982,1.3205209999999994,-2.1562999999999874,1,2025-09-01T17:43:15.144962,87,Liverpool,31,Liverpool FC,2024,Premier League,Liverpool FC,42000000.0,2,0,47000000.0,-5000000.0,24.86931482923836,4.367720045100934,0.1724137931034483,0.1724137931034483,183.93103448275863,29,1,0,0,703.0,428.0,45,50.91881999999998,45.72730499999998,-7.239340999999982,-1.3205209999999994,-5.918819999999982,2.1562999999999874,242,2.21,1,1,1,0,0,0,-59523.80952380953,500000.0,-61092.05717727814,513173.2802891364,1.0,1.0,1.0,1.0,1.0,2.0,2.0,20.0,16.0,17.0,10.0,17.0,15.0,19.0,15.0,0.0,1,0,0.6088193456614509,-7112.375533428165,59743.95448079659,5.095238095238095,8.369047619047619,1.0,1.0,0.0,0.0,0.0,,,,0,0,0,,0,0
256,Luton,EPL,2023,2023/24,38,6,8,24,52,85,49.87246200000002,91.647698,46.06662200000002,88.60301400000002,178,377,26,32.327000000000005,13.156565656565656,7.750577367205543,-42.53639199999999,-2.12753799999998,6.647697999999991,6.327000000000005,18,2025-09-01T17:43:15.144962,256,Luton,1031,Luton Town,2023,Premier League,Luton Town,25900000.0,15,2,300000.0,25600000.0,25.22230627904464,4.899152916872402,0.2105263157894736,0.131578947368421,164.07894736842104,38,1,0,0,132.0,56.9,-33,-41.775235999999985,-42.536392,2.12753799999998,-6.647698000000005,8.775235999999985,-6.327000000000005,-199,0.47214854111405835,0,0,0,0,1,1,984615.3846153846,996153.8461538461,791907.6932595043,801187.8615398891,18.0,19.0,18.0,19.0,19.0,20.0,20.0,20.0,15.0,19.0,14.0,8.0,-4.0,1.0,-3.0,0.0789473684210526,0,0,0.43106060606060603,193939.39393939395,196212.12121212122,2.1884615384615382,5.076923076923077,20.0,20.0,1.0,1.0,2.0,,,,0,0,0,,0,0
88,Manchester City,EPL,2016,2016/17,38,23,9,6,80,39,79.851438,29.607516,73.00099800000001,25.657368,441,131,78,85.41309999999999,6.429166666666666,14.246207701283549,47.343630000000005,-0.1485619999999983,-9.392484,7.413099999999986,3,2025-09-01T17:43:15.144962,88,Manchester City,281,Manchester City,2016,Premier League,Manchester City,216250000.0,12,0,35350000.0,180900000.0,27.01333522150629,5.194474635142231,0.2413793103448276,0.3793103448275862,180.79310344827587,29,1,0,0,473.0,264.0,41,50.243922,47.343630000000005,0.1485619999999983,9.392484,-9.243921999999998,-7.413099999999986,310,3.366412213740458,1,1,1,0,0,0,2319230.769230769,2772435.8974358975,2117942.095533355,2531813.0357052963,3.0,1.0,3.0,1.0,1.0,2.0,1.0,1.0,1.0,12.0,18.0,12.0,0.0,0.0,-2.0,-0.1379310344827586,0,0,0.5581395348837209,382452.4312896406,457188.1606765328,3.3846153846153846,6.064102564102564,2.0,1.0,0.0,1.0,-2.0,1.0,100.0,62.134365300000006,1,1,0,1.0,1,1
88,Manchester City,EPL,2017,2017/18,38,32,4,2,106,27,91.43414500000002,24.511917699999994,85.123985,22.9896197,541,96,100,91.0893,6.397508493771235,23.280882352941177,62.134365300000006,-14.565854999999983,-2.4880823000000056,-8.910700000000006,1,2025-09-01T17:43:15.144962,88,Manchester City,281,Manchester City,2017,Premier League,Manchester City,317500000.0,10,0,91350000.0,226150000.0,25.29489812036013,4.9510274109633485,0.2307692307692307,0.1923076923076923,181.03846153846155,26,1,1,0,500.0,260.0,79,66.92222730000002,62.134365300000006,14.565854999999985,2.4880823000000056,12.077772699999983,8.910700000000006,445,5.635416666666667,1,1,1,0,0,0,2261500.0,3175000.0,2482728.4873195863,3485590.513924248,1.0,1.0,1.0,1.0,1.0,1.0,1.0,1.0,1.0,7.0,4.0,17.0,0.0,0.0,0.0,0.03846153846153841,0,0,0.52,452300.0,635000.0,2.6,5.0,2.0,3.0,2.0,1.0,2.0,1.0,98.0,67.9879549,1,1,0,2.0,1,1
88,Manchester City,EPL,2018,2018/19,38,32,2,4,95,23,93.720559,25.7326041,90.67588,22.687925100000005,582,135,98,90.6406,8.435960591133005,26.308687615526804,67.9879549,-1.2794409999999914,2.7326041,-7.359400000000008,1,2025-09-01T17:43:15.144962,88,Manchester City,281,Manchester City,2018,Premier League,Manchester City,78590000.0,5,0,57600000.0,20990000.0,26.255532740132328,4.53056165216659,0.0833333333333333,0.25,181.125,24,1,2,0,535.0,316.0,72,67.98795489999999,67.9879549,1.2794410000000056,-2.7326040999999996,4.012045100000009,7.359399999999994,447,4.311111111111111,1,1,1,0,0,0,214183.67346938775,801938.775510204,231573.93044617973,867050.7476781927,1.0,1.0,1.0,1.0,1.0,1.0,1.0,12.0,15.0,3.0,14.0,20.0,14.0,11.0,14.0,-0.16666666666666669,1,0,0.5906542056074766,39233.64485981308,146897.19626168226,3.2244897959183674,5.459183673469388,2.0,2.0,1.0,1.0,1.0,2.0,81.0,58.81890299999999,1,1,0,1.0,1,1
88,Manchester City,EPL,2019,2019/20,38,26,3,9,102,35,102.20523300000004,36.99762900000001,93.533026,34.71412300000001,547,135,81,86.75639999999997,8.48536036036036,23.765676567656765,58.81890299999999,0.2052330000000353,1.9976290000000103,5.756399999999971,2,2025-09-01T17:43:15.144962,88,Manchester City,281,Manchester City,2019,Premier League,Manchester City,169820000.0,8,1,71000000.0,98820000.0,25.76733338403428,5.37861009661592,0.1851851851851851,0.2222222222222222,180.3703703703704,27,1,3,0,478.0,351.0,67,65.20760400000003,58.818903,-0.2052330000000353,-1.9976290000000105,1.7923959999999681,-5.756399999999971,412,4.051851851851852,1,1,1,0,0,0,1220000.0,2096543.2098765431,1139051.4129216983,1957434.840542024,2.0,1.0,1.0,1.0,1.0,1.0,1.0,2.0,4.0,5.0,12.0,19.0,3.0,1.0,2.0,-0.03703703703703712,1,0,0.7343096234309623,206736.40167364015,355271.96652719664,4.333333333333333,5.901234567901234,3.0,1.0,0.0,2.0,-1.0,1.0,86.0,48.0481479,1,1,0,1.0,1,1
88,Manchester City,EPL,2020,2020/21,38,27,5,6,83,32,77.715218,30.61327409999999,70.864704,22.8165561,405,150,86,83.38159999999999,10.112559241706162,20.385611510791367,48.0481479,-5.284782000000007,-1.386725900000009,-2.6184000000000083,1,2025-09-01T17:43:15.144962,88,Manchester City,281,Manchester City,2020,Premier League,Manchester City,173400000.0,7,0,64000000.0,109400000.0,24.49629767904922,5.207036650912502,0.3636363636363636,0.1515151515151515,182.03030303030303,33,1,4,0,570.0,355.0,51,47.1019439,48.048147900000004,5.284782000000007,1.386725900000009,3.898056099999998,2.6184000000000083,255,2.7,1,1,1,0,0,0,1272093.0232558139,2016279.0697674418,1312040.066393545,2079595.498287392,1.0,1.0,1.0,1.0,1.0,1.0,1.0,2.0,3.0,2.0,6.0,6.0,2.0,1.0,2.0,0.2121212121212121,0,0,0.6228070175438597,191929.8245614035,304210.5263157895,4.127906976744186,6.627906976744186,1.0,1.0,0.0,0.0,0.0,1.0,93.0,61.87315399999999,1,1,0,1.0,1,1
88,Manchester City,EPL,2021,2021/22,38,29,6,3,99,26,93.39987299999996,25.212244,86.32423299999999,24.451079,508,138,93,91.8845,8.521315468940317,22.92153589315526,61.87315399999999,-5.600127000000029,-0.7877559999999981,-1.1154999999999973,1,2025-09-01T17:43:15.144962,88,Manchester City,281,Manchester City,2021,Premier League,Manchester City,138900000.0,3,0,93800000.0,45100000.0,24.50882542052973,5.268016096727851,0.3333333333333333,0.1818181818181818,181.6060606060606,33,1,5,0,613.0,354.0,73,68.18762899999996,61.87315399999999,5.600127000000043,0.7877560000000017,4.8123710000000415,1.1154999999999973,370,3.681159420289855,1,1,1,0,0,0,484946.2365591398,1493548.3870967743,490833.6008793648,1511680.4248812366,1.0,1.0,1.0,1.0,1.0,1.0,1.0,3.0,10.0,3.0,9.0,12.0,9.0,2.0,9.0,0.15151515151515152,0,0,0.5774877650897227,73572.5938009788,226590.5383360522,3.806451612903226,6.591397849462366,1.0,3.0,2.0,0.0,2.0,1.0,89.0,44.78499330000002,1,1,0,1.0,1,1
88,Manchester City,EPL,2022,2022/23,38,28,5,5,94,33,84.32156700000002,34.208414899999994,76.70989100000001,31.924897699999995,450,154,89,83.04229999999998,10.333778371161548,22.324409448818898,44.78499330000002,-9.678432999999984,1.208414899999994,-5.957700000000017,1,2025-09-01T17:43:15.144962,88,Manchester City,281,Manchester City,2022,Premier League,Manchester City,155000000.0,6,0,162170000.0,-7170000.0,24.86113963039014,5.112939471411296,0.3125,0.15625,181.6875,32,1,6,0,713.0,423.0,61,50.11315210000002,44.78499330000002,9.678432999999984,-1.208414899999994,10.886847899999978,5.957700000000017,296,2.9220779220779223,1,1,1,0,0,0,-80561.79775280898,1741573.0337078653,-86341.53919147231,1866518.6296622327,1.0,1.0,1.0,1.0,1.0,1.0,1.0,10.0,17.0,1.0,10.0,17.0,16.0,9.0,16.0,0.15625,0,0,0.5932678821879382,-10056.10098176718,217391.30434782608,4.752808988764045,8.01123595505618,1.0,1.0,0.0,0.0,0.0,1.0,91.0,46.94914249999999,1,1,0,3.0,1,1
88,Manchester City,EPL,2023,2023/24,38,28,7,3,96,34,89.54875299999999,37.2714265,81.93706299999998,34.987920499999994,516,155,91,83.06739999999999,11.25371120107962,20.08885542168675,46.94914249999999,-6.451247000000009,3.271426499999997,-7.932600000000008,1,2025-09-01T17:43:15.144962,88,Manchester City,281,Manchester City,2023,Premier League,Manchester City,259600000.0,5,0,138800000.0,120800000.0,25.448870636550307,4.995040213358195,0.2333333333333333,0.1333333333333333,180.8,30,1,7,0,715.0,413.0,62,52.277326499999994,46.94914249999999,6.451247000000009,-3.271426499999997,9.722673500000006,7.932600000000008,361,3.329032258064516,1,1,1,0,0,0,1327472.5274725275,2852747.2527472526,1454240.7731552932,3125173.0522443224,1.0,1.0,1.0,2.0,2.0,2.0,2.0,3.0,6.0,5.0,15.0,20.0,4.0,1.0,5.0,0.1,0,0,0.5776223776223777,168951.04895104896,363076.92307692306,4.538461538461538,7.857142857142857,1.0,1.0,-1.0,-1.0,0.0,3.0,71.0,20.245241000000007,1,1,0,,0,0
88,Manchester City,EPL,2024,2024/25,38,21,8,9,72,44,73.14843,52.903197000000006,70.10376000000001,49.858519,431,198,71,64.66310000000001,12.08898305084746,17.078582434514637,20.245241000000007,1.1484300000000047,8.903197000000006,-6.336899999999986,3,2025-09-01T17:43:15.144962,88,Manchester City,281,Manchester City,2024,Premier League,Manchester City,243000000.0,7,0,141700000.0,101300000.0,25.020609932314247,5.598701763936631,0.3055555555555556,0.2222222222222222,177.02777777777777,36,1,8,0,694.0,408.0,28,20.245233,20.245241000000007,-1.1484300000000047,-8.903197000000006,7.754767000000001,6.336899999999986,233,2.176767676767677,1,1,1,0,0,0,1426760.5633802817,3422535.2112676054,1566581.249584384,3757939.2265449683,3.0,4.0,3.0,3.0,3.0,4.0,5.0,4.0,5.0,3.0,11.0,9.0,2.0,1.0,2.0,0.08333333333333337,0,0,0.5878962536023055,145965.41786743517,350144.0922190202,5.746478873239437,9.774647887323944,2.0,2.0,-1.0,-1.0,-1.0,,,,0,0,0,,0,0
89,Manchester United,EPL,2016,2016/17,38,18,15,5,54,29,57.571359,31.623915,54.526678,27.818071799999995,334,177,69,70.89420000000001,8.574603174603174,12.030373831775702,26.7086062,3.571358999999994,2.623915,1.894200000000012,6,2025-09-01T17:43:15.144962,89,Manchester United,985,Manchester United,2016,Premier League,Manchester United,185000000.0,4,0,47250000.0,137750000.0,24.933264887063658,5.067295445286159,0.3125,0.1875,177.875,32,1,0,0,581.0,263.0,25,25.947444,26.708606200000002,-3.571359000000001,-2.623915,-0.9474440000000008,-1.894200000000012,157,1.887005649717514,1,1,1,0,0,0,1996376.8115942029,2681159.420289855,1943036.24273918,2609522.358669679,6.0,4.0,6.0,5.0,4.0,3.0,3.0,2.0,2.0,10.0,4.0,5.0,-2.0,-2.0,-4.0,0.125,0,0,0.45266781411359724,237091.22203098107,318416.5232358003,3.8115942028985508,8.420289855072463,1.0,2.0,-2.0,-3.0,-4.0,2.0,81.0,13.852137,1,1,0,6.0,1,1
89,Manchester United,EPL,2017,2017/18,38,25,6,7,68,28,59.043412,43.540152000000006,56.631119,42.778982,319,243,81,62.330700000000014,10.251764705882351,13.15024630541872,13.852137,-8.956587999999996,15.540152000000006,-18.669299999999986,2,2025-09-01T17:43:15.144962,89,Manchester United,985,Manchester United,2017,Premier League,Manchester United,198400000.0,4,0,45500000.0,152900000.0,26.622354044667528,4.501783922864027,0.1111111111111111,0.1851851851851851,184.8148148148148,27,1,1,0,590.0,296.0,40,15.50325999999999,13.852136999999999,8.956588000000004,-15.540152000000006,24.49674000000001,18.669299999999986,76,1.3127572016460904,1,1,1,0,0,0,1887654.3209876544,2449382.716049383,2453044.8077753014,3183022.1704553287,2.0,6.0,3.0,6.0,6.0,5.0,5.0,4.0,2.0,12.0,16.0,14.0,-4.0,-2.0,0.0,-0.07407407407407399,1,0,0.5016949152542373,259152.54237288135,336271.18644067796,3.654320987654321,7.283950617283951,1.0,1.0,-5.0,-5.0,-1.0,6.0,66.0,11.642679999999984,1,1,0,4.0,1,1
89,Manchester United,EPL,2018,2018/19,38,19,9,10,65,54,68.61749799999998,52.30019000000002,59.37586199999999,47.733182000000006,313,268,66,61.85960000000002,10.485237483953789,13.3690036900369,11.642679999999984,3.617497999999984,-1.699809999999978,-4.140399999999978,6,2025-09-01T17:43:15.144962,89,Manchester United,985,Manchester United,2018,Premier League,Manchester United,82700000.0,3,0,30550000.0,52150000.0,25.685760815690728,5.067731162513577,0.2068965517241379,0.2068965517241379,183.24137931034485,29,2,0,1,627.0,332.0,11,16.31730799999996,11.642679999999984,-3.6174979999999834,1.699809999999978,-5.3173079999999615,4.140399999999978,45,1.1679104477611941,1,1,1,0,0,0,790151.5151515151,1253030.303030303,843038.1056456877,1336898.3957219247,6.0,4.0,6.0,4.0,5.0,8.0,8.0,10.0,10.0,7.0,9.0,6.0,5.0,5.0,4.0,0.0,1,1,0.529505582137161,83173.84370015949,131897.92663476875,5.03030303030303,9.5,1.0,1.0,-4.0,-4.0,-5.0,4.0,66.0,19.75472499999998,1,1,0,2.0,1,1
89,Manchester United,EPL,2019,2019/20,38,18,12,8,66,36,66.186663,38.05916400000001,55.53038399999999,35.77565900000001,290,178,66,70.99169999999998,9.63905325443787,11.102833158447009,19.75472499999998,0.1866629999999958,2.0591640000000098,4.99169999999998,4,2025-09-01T17:43:15.144962,89,Manchester United,985,Manchester United,2019,Premier League,Manchester United,236800000.0,5,1,81180000.0,155620000.0,24.96874287018024,4.857044582250116,0.2,0.2,182.7333333333333,30,1,0,0,509.0,284.0,30,28.127498999999986,19.75472499999998,-0.1866629999999958,-2.0591640000000098,1.872501000000014,-4.99169999999998,112,1.6292134831460674,1,1,1,0,0,0,2357878.787878788,3587878.787878788,2192087.2440017643,3335601.204084422,3.0,4.0,3.0,4.0,4.0,3.0,3.0,1.0,2.0,4.0,7.0,11.0,-2.0,-3.0,-2.0,0.0,1,0,0.5579567779960707,305736.7387033399,465225.93320235756,4.303030303030303,7.712121212121212,1.0,3.0,-1.0,-3.0,-1.0,2.0,74.0,15.926088999999976,1,1,0,6.0,1,1
89,Manchester United,EPL,2020,2020/21,38,21,11,6,73,44,63.17223699999997,41.917999,54.79945899999998,38.87337,339,186,74,65.63639999999997,10.946449359720605,12.45679012345679,15.926088999999976,-9.827763000000026,-2.082000999999998,-8.363600000000034,2,2025-09-01T17:43:15.144962,89,Manchester United,985,Manchester United,2020,Premier League,Manchester United,83950000.0,5,0,19500000.0,64450000.0,24.76933607118412,5.134328296688636,0.25,0.15625,182.9375,32,1,1,0,494.0,323.0,29,21.254237999999965,15.926088999999976,9.827763000000033,2.082000999999998,7.745762000000035,8.363600000000034,153,1.8225806451612903,1,1,1,0,0,0,870945.9459459459,1134459.4594594594,981924.6637536493,1279015.9119025425,2.0,4.0,2.0,4.0,4.0,4.0,4.0,9.0,9.0,9.0,8.0,9.0,5.0,5.0,7.0,0.09375,0,0,0.6538461538461539,130465.58704453442,169939.27125506074,4.364864864864865,6.675675675675675,2.0,3.0,-1.0,-2.0,1.0,6.0,58.0,0.362601000000005,1,1,0,3.0,1,1
89,Manchester United,EPL,2021,2021/22,38,16,10,12,57,57,57.214908,56.85227999999999,53.409058,53.046457,293,261,58,54.52470000000001,12.83918918918919,12.092233009708735,0.362601000000005,0.2149079999999941,-0.1477200000000067,-3.47529999999999,6,2025-09-01T17:43:15.144962,89,Manchester United,985,Manchester United,2021,Premier League,Manchester United,142000000.0,4,0,31100000.0,110900000.0,25.5254391968971,5.284005307292576,0.25,0.1666666666666666,182.72222222222223,36,3,0,1,583.0,384.0,0,0.36262800000000794,0.36260100000000506,-0.2149080000000012,0.14772000000000673,-0.36262800000000794,3.47529999999999,32,1.1226053639846743,1,1,1,0,0,0,1912068.9655172413,2448275.8620689656,2033940.5810577588,2604324.2787213866,6.0,8.0,9.0,10.0,9.0,11.0,12.0,2.0,3.0,13.0,13.0,5.0,-6.0,-7.0,-3.0,0.0833333333333334,0,1,0.6586620926243568,190222.9845626072,243567.75300171526,6.620689655172414,10.051724137931034,3.0,1.0,-8.0,-6.0,-5.0,3.0,75.0,21.613549,1,1,0,8.0,1,1
89,Manchester United,EPL,2022,2022/23,38,23,6,9,58,43,71.90117799999999,50.28763899999999,69.617674,48.004125,391,253,75,66.39949999999999,11.52299605781866,13.658038147138964,21.613549,13.901177999999987,7.287638999999991,-8.600500000000011,3,2025-09-01T17:43:15.144962,89,Manchester United,985,Manchester United,2022,Premier League,Manchester United,243150000.0,9,4,23650000.0,219500000.0,25.426864235899146,5.154050485344279,0.2162162162162162,0.1621621621621621,183.21621621621625,37,1,0,0,648.0,331.0,15,21.613538999999996,21.613548999999992,-13.901177999999987,-7.2876389999999915,-6.613538999999996,8.600500000000011,138,1.5454545454545454,1,1,1,0,0,0,2926666.6666666665,3242000.0,3305747.784245364,3661925.1650991356,3.0,6.0,6.0,6.0,6.0,5.0,5.0,2.0,2.0,13.0,15.0,8.0,-4.0,-4.0,-1.0,0.05405405405405411,0,0,0.5108024691358025,338734.56790123455,375231.48148148146,4.413333333333333,8.64,2.0,4.0,-2.0,-4.0,1.0,8.0,60.0,-14.44616400000001,1,1,1,15.0,1,1
89,Manchester United,EPL,2023,2023/24,38,18,6,14,57,58,60.329903,74.76084100000001,54.98649399999999,69.432658,319,371,60,44.418600000000005,11.960154241645244,13.10655737704918,-14.44616400000001,3.3299030000000016,16.760841000000013,-15.581399999999997,8,2025-09-01T17:43:15.144962,89,Manchester United,985,Manchester United,2023,Premier League,Manchester United,210700000.0,7,2,63770000.0,146930000.0,24.339092836513583,5.059301670220157,0.3658536585365853,0.1463414634146341,175.14634146341464,41,1,1,0,662.0,365.0,-1,-14.430938000000012,-14.44616400000001,-3.3299030000000016,-16.760841000000013,13.430938000000012,15.581399999999995,-52,0.8598382749326146,1,0,1,1,0,0,2448833.3333333335,3511666.6666666665,3307848.513910839,4743508.3501055855,7.0,15.0,8.0,15.0,15.0,15.0,15.0,5.0,4.0,10.0,8.0,3.0,-11.0,-10.0,-4.0,0.2195121951219512,0,0,0.5513595166163142,221948.64048338367,318277.94561933534,6.083333333333333,11.033333333333333,2.0,3.0,-12.0,-13.0,-5.0,15.0,42.0,-3.766745999999991,1,1,1,,0,0
89,Manchester United,EPL,2024,2024/25,38,11,9,18,44,54,56.91131000000001,60.72751,53.866651000000005,57.633397,309,218,42,52.2395,10.06810442678774,13.2588092345079,-3.766745999999991,12.911310000000007,6.727510000000002,10.2395,15,2025-09-01T17:43:15.144962,89,Manchester United,985,Manchester United,2024,Premier League,Manchester United,246300000.0,7,0,117200000.0,129100000.0,23.80327540441729,5.613990596405491,0.3902439024390244,0.1463414634146341,175.41463414634146,41,3,0,1,667.0,313.0,-10,-3.816199999999995,-3.7667459999999977,-12.911310000000007,-6.727510000000002,-6.183800000000005,-10.2395,91,1.4174311926605505,1,0,0,1,0,0,3073809.523809524,5864285.714285715,2471310.0240239664,4714823.074493439,15.0,12.0,15.0,14.0,14.0,13.0,14.0,3.0,4.0,4.0,4.0,2.0,-10.0,-11.0,-11.0,0.2439024390243903,0,1,0.46926536731634183,193553.22338830584,369265.36731634184,7.4523809523809526,15.880952380952381,4.0,5.0,-9.0,-10.0,-10.0,,,,0,0,0,,0,0
93,Middlesbrough,EPL,2016,2016/17,38,5,13,20,27,53,30.930126300000005,55.3013599,29.4077853,51.4955189,144,320,28,37.25339999999999,10.282805429864254,10.04932735426009,-22.0877336,3.930126300000005,2.3013598999999942,9.253399999999992,19,2025-09-01T17:43:15.144962,93,Middlesbrough,641,Middlesbrough FC,2016,Premier League,Middlesbrough FC,47950000.0,14,2,13500000.0,34450000.0,27.09625256673512,4.30300301703592,0.0625,0.28125,183.625,32,2,2,1,121.0,64.9,-26,-24.371233599999996,-22.0877336,-3.930126300000005,-2.3013599000000013,-1.6287664000000035,-9.253399999999992,-176,0.45,0,0,0,0,1,1,1230357.142857143,1712500.0,924747.8082537435,1287130.839064354,19.0,17.0,17.0,17.0,18.0,15.0,15.0,14.0,8.0,17.0,20.0,5.0,-10.0,-4.0,-11.0,-0.21875,1,1,0.5363636363636364,284710.7438016529,396280.9917355372,2.317857142857143,4.321428571428571,18.0,18.0,0.0,0.0,-1.0,,,,0,0,0,,0,0
86,Newcastle United,EPL,2017,2017/18,38,12,8,18,39,47,44.62560799999999,52.472364000000006,43.86443799999999,47.754042000000005,171,287,44,46.23800000000002,13.377450980392156,8.468339307048984,-3.8896040000000127,5.625607999999993,5.472364000000006,2.238000000000021,12,2025-09-01T17:43:15.144962,86,Newcastle United,762,Newcastle United,2017,Premier League,Newcastle United,46500000.0,9,4,21220000.0,25280000.0,25.49425811848809,3.2141722729289186,0.037037037037037,0.1111111111111111,183.07407407407408,27,1,1,0,179.0,103.0,-8,-7.846756000000013,-3.8896040000000127,-5.625607999999993,-5.472364000000006,-0.1532439999999866,-2.238000000000021,-116,0.5958188153310104,0,0,0,1,0,0,574545.4545454546,1056818.1818181819,546736.4505385179,1005666.3350490934,10.0,12.0,9.0,10.0,9.0,11.0,9.0,18.0,12.0,14.0,7.0,14.0,3.0,9.0,0.0,-0.0740740740740741,0,0,0.5754189944134078,141229.05027932962,259776.53631284917,2.340909090909091,4.068181818181818,8.0,12.0,3.0,-1.0,0.0,14.0,45.0,-15.351343500000006,1,1,1,13.0,1,1
86,Newcastle United,EPL,2018,2018/19,38,12,9,17,42,48,39.9106505,57.545492,37.6271415,52.978485000000006,178,305,45,39.2231,13.985436893203884,9.404341926729986,-15.351343500000006,-2.0893495000000044,9.545492000000005,-5.776899999999998,14,2025-09-01T17:43:15.144962,86,Newcastle United,762,Newcastle United,2018,Premier League,Newcastle United,59750000.0,9,2,51050000.0,8700000.0,25.593124952467864,3.369884577354027,0.1111111111111111,0.037037037037037,184.11111111111111,27,1,2,0,176.0,101.0,-6,-17.6348415,-15.351343500000006,2.0893494999999973,-9.545492000000003,11.6348415,5.776899999999998,-127,0.5836065573770491,0,0,0,1,0,0,193333.33333333334,1327777.7777777778,221808.06718489868,1523337.0131376663,13.0,16.0,12.0,14.0,14.0,11.0,11.0,14.0,18.0,5.0,8.0,11.0,4.0,0.0,4.0,0.0740740740740741,0,0,0.5738636363636364,49431.818181818184,339488.63636363635,2.2444444444444445,3.911111111111111,10.0,14.0,0.0,-4.0,0.0,13.0,44.0,-29.776444,1,1,1,12.0,1,1
86,Newcastle United,EPL,2019,2019/20,38,11,11,16,38,58,36.491737,67.02935099999999,35.73056699999999,65.50701099999999,132,344,44,31.917299999999987,19.00162601626016,7.551130247578041,-29.776444,-1.5082629999999997,9.029350999999991,-12.082700000000012,13,2025-09-01T17:43:15.144962,86,Newcastle United,762,Newcastle United,2019,Premier League,Newcastle United,72400000.0,8,4,35640000.0,36760000.0,26.03730321697467,3.8142596111849536,0.125,0.15625,182.40625,32,1,0,0,153.0,121.0,-20,-30.53761399999999,-29.776443999999998,1.5082629999999995,-9.029350999999991,10.53761399999999,12.082700000000013,-212,0.38372093023255816,0,0,0,1,0,0,835454.5454545454,1645454.5454545454,1151726.49315575,2268362.2988160034,13.0,20.0,16.0,19.0,19.0,17.0,18.0,11.0,10.0,11.0,14.0,6.0,-9.0,-8.0,-3.0,-0.03125,0,0,0.7908496732026143,240261.43790849674,473202.61437908496,2.75,3.477272727272727,8.0,11.0,-8.0,-11.0,-2.0,12.0,45.0,-17.758238999999982,1,1,1,11.0,1,1
86,Newcastle United,EPL,2020,2020/21,38,12,9,17,46,62,43.959188,60.02364799999998,38.45959,56.21782899999998,138,322,45,42.65110000000001,17.998487140695914,8.271971496437054,-17.758238999999982,-2.0408120000000025,-1.97635200000002,-2.3488999999999933,12,2025-09-01T17:43:15.144962,86,Newcastle United,762,Newcastle United,2020,Premier League,Newcastle United,38750000.0,6,1,780000.0,37970000.0,26.51929476740069,3.82676596201517,0.1379310344827586,0.2068965517241379,182.48275862068965,29,1,1,0,140.0,107.0,-16,-16.064459999999983,-17.758238999999982,2.0408120000000025,1.9763520000000199,0.06445999999998264,2.3488999999999933,-184,0.42857142857142855,0,0,0,1,0,0,843777.7777777778,861111.1111111111,890246.6759356733,908534.5981698008,12.0,15.0,13.0,15.0,16.0,16.0,16.0,16.0,11.0,17.0,18.0,18.0,-5.0,0.0,-1.0,-0.06896551724137931,1,0,0.7642857142857142,271214.28571428574,276785.71428571426,2.3777777777777778,3.111111111111111,15.0,17.0,1.0,-1.0,5.0,11.0,49.0,-18.745926999999995,1,1,1,4.0,1,1
86,Newcastle United,EPL,2021,2021/22,38,13,10,15,44,62,41.526526,62.711766,39.24301299999999,57.98893999999999,170,293,49,41.52550000000001,13.800262812089356,7.848069738480698,-18.745926999999995,-2.473474000000003,0.7117659999999972,-7.474499999999992,11,2025-09-01T17:43:15.144962,86,Newcastle United,762,Newcastle United,2021,Premier League,Newcastle United,130500000.0,6,1,0.0,130500000.0,27.175740982722505,3.9208942369811415,0.0909090909090909,0.2121212121212121,177.4848484848485,33,3,0,1,180.0,170.0,-18,-21.18524,-18.745927000000002,2.473474000000003,-0.7117659999999972,3.1852400000000003,7.474499999999992,-123,0.5802047781569966,0,0,0,1,0,0,2663265.3061224488,2663265.3061224488,3142647.2890151828,3142647.2890151828,11.0,16.0,14.0,18.0,16.0,15.0,14.0,4.0,2.0,18.0,19.0,12.0,-14.0,-12.0,-9.0,-0.1212121212121212,1,1,0.9444444444444444,725000.0,725000.0,3.4693877551020407,3.673469387755102,11.0,8.0,-8.0,-5.0,-3.0,4.0,71.0,34.35964010000001,1,1,0,7.0,1,1
86,Newcastle United,EPL,2022,2022/23,38,19,14,5,68,33,76.977056,41.8562479,72.410043,38.0504029,376,215,71,71.6661,9.188722669735329,10.6640522875817,34.35964010000001,8.977056000000005,8.8562479,0.6661000000000001,4,2025-09-01T17:43:15.144962,86,Newcastle United,762,Newcastle United,2022,Premier League,Newcastle United,189100000.0,6,0,14057000.0,175043000.0,27.219455852156056,4.198932982643849,0.09375,0.375,184.0,32,1,0,0,250.0,187.0,35,35.120808100000005,34.3596401,-8.977056000000005,-8.8562479,-0.12080810000000497,-0.6661000000000001,161,1.7488372093023257,0,1,1,0,0,0,2465394.3661971833,2663380.2816901407,2442479.7777470797,2638625.514713372,4.0,3.0,3.0,2.0,2.0,2.0,2.0,5.0,5.0,15.0,20.0,17.0,3.0,3.0,1.0,-0.28125,1,0,0.748,700172.0,756400.0,2.6338028169014085,3.5211267605633805,7.0,9.0,7.0,5.0,5.0,7.0,60.0,19.103650000000016,1,1,0,6.0,1,1
86,Newcastle United,EPL,2023,2023/24,38,18,6,14,85,62,84.47785200000003,62.455156,77.62733300000002,58.523683000000005,348,274,60,65.58999999999999,10.259171597633136,11.063249727371865,19.103650000000016,-0.522147999999973,0.4551560000000023,5.589999999999989,7,2025-09-01T17:43:15.144962,86,Newcastle United,762,Newcastle United,2023,Premier League,Newcastle United,148100000.0,5,1,44600000.0,103500000.0,25.96389948176396,5.2109824420373405,0.2857142857142857,0.2857142857142857,178.74285714285713,35,1,1,0,320.0,219.0,23,22.022696000000025,19.103650000000016,0.522147999999973,-0.45515600000000234,0.9773039999999753,-5.589999999999989,74,1.27007299270073,0,1,1,0,0,0,1725000.0,2468333.3333333335,1577984.4488489102,2257966.1533770394,7.0,4.0,4.0,4.0,4.0,9.0,8.0,7.0,9.0,13.0,18.0,14.0,5.0,3.0,2.0,0.0,0,0,0.684375,323437.5,462812.5,3.65,5.333333333333333,7.0,8.0,4.0,3.0,1.0,6.0,66.0,14.460187000000005,1,1,0,,0,0
86,Newcastle United,EPL,2024,2024/25,38,20,6,12,68,47,71.482065,53.97721599999999,66.915061,52.45487399999999,349,232,66,62.61070000000001,10.276412776412776,10.838337182448036,14.460187000000005,3.4820650000000057,6.977215999999991,-3.3892999999999915,6,2025-09-01T17:43:15.144962,86,Newcastle United,762,Newcastle United,2024,Premier League,Newcastle United,68200000.0,5,0,89550000.0,-21350000.0,26.93159936116815,5.485333485377026,0.2,0.3333333333333333,179.8,30,1,2,0,335.0,244.0,21,17.504849000000014,14.460187000000005,-3.4820650000000057,-6.977215999999991,3.4951509999999857,3.3892999999999915,117,1.5043103448275863,0,1,1,0,0,0,-323484.8484848485,1033333.3333333334,-340996.02783549775,1089270.6837649154,5.0,5.0,4.0,6.0,6.0,6.0,9.0,18.0,18.0,7.0,19.0,16.0,12.0,12.0,12.0,-0.1333333333333333,1,0,0.7283582089552239,-63731.34328358209,203582.08955223882,3.696969696969697,5.075757575757576,8.0,8.0,2.0,2.0,2.0,,,,0,0,0,,0,0
79,Norwich,EPL,2019,2019/20,38,5,6,27,26,75,37.234174900000006,71.60755700000001,35.7118339,66.126467,207,345,21,33.12230000000002,12.594202898550725,9.653769841269842,-30.414633100000003,11.234174900000006,-3.392442999999986,12.122300000000015,20,2025-09-01T17:43:15.144962,79,Norwich,1123,Norwich City,2019,Premier League,Norwich City,8815000.0,10,4,2200000.0,6615000.0,25.29885352498289,4.760165419593328,0.2121212121212121,0.1818181818181818,178.15151515151516,33,1,2,0,119.0,88.9,-49,-34.37338210000001,-30.414633100000003,-11.234174900000006,3.392442999999986,-14.626617899999992,-12.122300000000017,-138,0.6,0,0,0,0,1,1,315000.0,419761.90476190473,199714.391814578,266134.9000522305,20.0,19.0,20.0,20.0,20.0,20.0,19.0,19.0,17.0,19.0,8.0,4.0,-3.0,-1.0,-3.0,0.030303030303030304,1,0,0.7470588235294118,55588.23529411765,74075.63025210085,4.233333333333333,5.666666666666667,18.0,19.0,-1.0,-2.0,-1.0,20.0,22.0,-41.488207200000005,1,0,0,,0,0
79,Norwich,EPL,2021,2021/22,38,5,7,26,23,84,31.5116008,80.07547500000003,29.22812980000001,70.71633700000001,188,374,22,25.0385,15.326979472140762,9.353418308227116,-41.488207200000005,8.5116008,-3.9245249999999743,3.0384999999999955,20,2025-09-01T17:43:15.144962,79,Norwich,1123,Norwich City,2021,Premier League,Norwich City,63550000.0,11,4,38400000.0,25150000.0,24.0513749647703,4.920595831099447,0.3529411764705882,0.1176470588235294,182.7058823529412,34,2,0,1,134.0,118.0,-61,-48.56387420000003,-41.488207200000005,-8.5116008,3.9245249999999743,-12.43612579999997,-3.038499999999999,-186,0.5026737967914439,0,0,0,0,1,1,1143181.8181818181,2888636.3636363638,1004453.142161072,2538091.3393374206,20.0,20.0,20.0,20.0,20.0,20.0,20.0,13.0,13.0,8.0,5.0,10.0,-7.0,-7.0,-7.0,0.23529411764705882,0,1,0.8805970149253731,187686.5671641791,474253.7313432836,5.363636363636363,6.090909090909091,18.0,15.0,-5.0,-2.0,-5.0,,,,0,0,0,,0,0
249,Nottingham Forest,EPL,2022,2022/23,38,9,11,18,38,68,39.57446,68.459309,35.00746399999999,61.60879700000001,157,390,38,35.04610000000001,16.480712166172108,8.018134715025907,-26.60133300000001,1.574460000000002,0.4593090000000046,-2.95389999999999,16,2025-09-01T17:43:15.144962,249,Nottingham Forest,703,Nottingham Forest,2022,Premier League,Nottingham Forest,198350000.0,30,5,5000000.0,193350000.0,26.663997262149213,4.684108804333454,0.075,0.3,183.5,40,1,0,0,155.0,145.0,-30,-28.884849000000003,-26.601333000000018,-1.574460000000002,-0.45930900000000463,-1.1151509999999973,2.95389999999999,-233,0.4025641025641026,0,0,0,0,1,0,5088157.894736842,5219736.842105263,5517019.012101202,5659688.239204931,16.0,18.0,17.0,20.0,19.0,17.0,16.0,3.0,3.0,18.0,19.0,2.0,-16.0,-16.0,-13.0,-0.22499999999999998,1,0,0.9354838709677419,1247419.3548387096,1279677.4193548388,3.8157894736842106,4.078947368421052,18.0,12.0,-7.0,-1.0,-4.0,17.0,36.0,-1.8106340000000003,1,0,0,7.0,1,0
249,Nottingham Forest,EPL,2023,2023/24,38,9,9,20,49,67,52.15733199999999,56.25140399999999,51.396162,53.206796,213,334,36,50.17410000000001,17.736517719568567,9.94422310756972,-1.8106340000000003,3.1573319999999896,-10.748596000000012,14.17410000000001,17,2025-09-01T17:43:15.144962,249,Nottingham Forest,703,Nottingham Forest,2023,Premier League,Nottingham Forest,131630000.0,17,6,82820000.0,48810000.0,25.77646449975793,4.772726868103669,0.1707317073170731,0.2195121951219512,180.02439024390245,41,2,0,1,190.0,166.0,-18,-4.094071999999997,-1.8106340000000003,-3.1573319999999896,10.748596000000013,-13.905928000000003,-14.17410000000001,-121,0.6377245508982036,0,0,0,0,1,0,1355833.3333333333,3656388.888888889,972812.6662959573,2623465.0945408083,17.0,13.0,17.0,13.0,12.0,4.0,4.0,9.0,13.0,7.0,16.0,3.0,1.0,-3.0,-4.0,-0.04878048780487809,1,1,0.8736842105263158,256894.73684210525,692789.4736842106,4.611111111111111,5.277777777777778,11.0,9.0,-3.0,-1.0,-8.0,7.0,65.0,-3.168439,1,1,0,,0,0
249,Nottingham Forest,EPL,2024,2024/25,38,19,8,11,58,46,52.74925299999999,55.917692,50.465744,53.63418299999999,220,271,65,50.0071,14.215297450424927,8.22628726287263,-3.168439,-5.250747000000011,9.917691999999995,-14.992900000000006,7,2025-09-01T17:43:15.144962,249,Nottingham Forest,703,Nottingham Forest,2024,Premier League,Nottingham Forest,105500000.0,13,2,86700000.0,18800000.0,26.423735060285363,4.385736474657999,0.0384615384615384,0.1923076923076923,184.65384615384616,26,1,0,0,222.0,167.0,12,-3.1684390000000136,-3.1684389999999922,5.250747000000011,-9.917692000000002,15.168439000000014,14.992899999999999,-51,0.8118081180811808,0,1,1,0,0,0,289230.76923076925,1623076.923076923,375946.61558058753,2109700.4225399992,7.0,14.0,6.0,13.0,12.0,10.0,11.0,13.0,14.0,8.0,17.0,20.0,2.0,1.0,7.0,-0.15384615384615388,1,0,0.7522522522522522,84684.68468468469,475225.2252252252,2.5692307692307694,3.4153846153846152,10.0,10.0,-2.0,-2.0,3.0,,,,0,0,0,,0,0
238,Sheffield United,EPL,2019,2019/20,38,14,12,12,39,39,45.81162100000001,52.04245699999999,45.050451,49.75894499999998,198,231,54,49.3411,13.708089097303636,11.346026490066226,-4.70849399999998,6.8116210000000095,13.042456999999985,-4.658900000000003,10,2025-09-01T17:43:15.144962,238,Sheffield United,350,Sheffield United,2019,Premier League,Sheffield United,72500000.0,15,4,350000.0,72150000.0,26.99210586356377,3.979492496813438,0.0333333333333333,0.2,183.66666666666663,30,1,3,0,144.0,78.5,0,-6.230835999999982,-4.70849399999998,-6.8116210000000095,-13.042456999999992,6.230835999999982,4.658900000000003,-33,0.8571428571428571,0,0,1,1,0,0,1336111.111111111,1342592.5925925926,1462269.7913098817,1469363.2691610039,9.0,11.0,9.0,11.0,12.0,8.0,9.0,10.0,7.0,20.0,19.0,11.0,-5.0,-2.0,-3.0,-0.1666666666666667,1,0,0.5451388888888888,501041.6666666667,503472.22222222225,1.4537037037037037,2.6666666666666665,10.0,20.0,8.0,-2.0,10.0,20.0,23.0,-32.948654899999994,1,0,0,20.0,1,0
238,Sheffield United,EPL,2020,2020/21,38,7,2,29,20,63,33.1591767,66.10782100000002,30.114499100000007,63.063154,198,285,23,29.9189,14.103806228373704,11.489326765188832,-32.948654899999994,13.159176700000003,3.1078210000000155,6.918899999999997,20,2025-09-01T17:43:15.144962,238,Sheffield United,350,Sheffield United,2020,Premier League,Sheffield United,62700000.0,8,1,0.0,62700000.0,24.93669824026849,5.307340133772336,0.2903225806451613,0.1612903225806451,183.29032258064515,31,2,4,1,115.0,56.5,-43,-32.94864430000001,-32.948654899999994,-13.159176700000003,-3.1078210000000155,-10.051355699999988,-6.918900000000001,-87,0.6947368421052632,0,0,0,0,1,1,2726086.9565217393,2726086.9565217393,2095665.2818118313,2095665.2818118313,20.0,19.0,20.0,19.0,19.0,19.0,19.0,11.0,10.0,18.0,9.0,12.0,-9.0,-8.0,-10.0,0.1290322580645162,0,1,0.49130434782608695,545217.3913043478,545217.3913043478,2.4565217391304346,5.0,18.0,20.0,1.0,-1.0,0.0,20.0,16.0,-42.87859060000001,1,0,0,,0,0
238,Sheffield United,EPL,2023,2023/24,38,3,7,28,35,104,41.30625640000001,85.70720200000001,37.5004414,80.37903200000001,169,392,16,28.53139999999999,17.195561719833563,8.473537604456824,-42.87859060000001,6.306256400000009,-18.29279799999999,12.53139999999999,20,2025-09-01T17:43:15.144962,238,Sheffield United,350,Sheffield United,2023,Premier League,Sheffield United,66950000.0,13,5,30900000.0,36050000.0,24.167595580326584,4.688885717870463,0.3095238095238095,0.1666666666666666,173.54761904761904,42,2,0,1,138.0,63.7,-69,-44.4009456,-42.87859060000001,-6.306256400000009,18.29279799999999,-24.5990544,-12.53139999999999,-223,0.43112244897959184,0,0,0,0,1,1,2253125.0,4184375.0,1263520.1917886965,2346537.4990361505,20.0,20.0,20.0,20.0,20.0,19.0,19.0,18.0,14.0,15.0,6.0,2.0,-6.0,-2.0,-6.0,0.14285714285714288,0,1,0.46159420289855074,261231.884057971,485144.9275362319,3.98125,8.625,18.0,19.0,-1.0,-2.0,-1.0,,,,0,0,0,,0,0
74,Southampton,EPL,2016,2016/17,38,12,10,16,41,48,49.9841215,43.08468100000001,45.4171075,36.234156000000006,249,256,46,55.685100000000006,8.598870056497175,11.836759371221282,9.182951499999994,8.9841215,-4.91531899999999,9.685100000000006,9,2025-09-01T17:43:15.144962,74,Southampton,180,Southampton FC,2016,Premier League,Southampton FC,68900000.0,9,1,85050000.0,-16150000.0,25.14804265748161,4.060318771141182,0.1612903225806451,0.0967741935483871,182.67741935483872,31,1,0,0,182.0,112.0,-7,6.89944049999999,9.182951499999994,-8.9841215,4.91531899999999,-13.89944049999999,-9.685100000000006,-7,0.97265625,0,0,1,1,0,0,-351086.95652173914,1497826.0869565217,-290023.7226834467,1237314.8292810821,8.0,8.0,8.0,7.0,7.0,6.0,6.0,12.0,20.0,3.0,6.0,8.0,13.0,5.0,11.0,0.06451612903225801,0,0,0.6153846153846154,-88736.26373626373,378571.4285714286,2.4347826086956523,3.9565217391304346,9.0,8.0,1.0,2.0,-1.0,17.0,36.0,-5.436452999999979,1,0,0,16.0,1,0
74,Southampton,EPL,2017,2017/18,38,7,15,16,37,56,41.88014700000001,46.555427,39.596638000000006,45.03309099999999,225,277,36,48.71569999999999,9.551266586248492,11.445569620253163,-5.436452999999979,4.880147000000008,-9.444573000000004,12.715699999999991,17,2025-09-01T17:43:15.144962,74,Southampton,180,Southampton FC,2017,Premier League,Southampton FC,61250000.0,5,0,98350000.0,-37100000.0,25.620597062075504,4.151120365338715,0.0769230769230769,0.1153846153846153,183.53846153846155,26,2,0,1,153.0,113.0,-19,-4.675279999999994,-5.436452999999986,-4.880147000000008,9.444572999999998,-14.324720000000006,-12.715699999999991,-52,0.8122743682310469,0,0,0,0,1,0,-1030555.5555555555,1701388.888888889,-761561.4678635431,1257294.8761898116,17.0,9.0,13.0,9.0,10.0,6.0,7.0,12.0,20.0,6.0,9.0,17.0,10.0,2.0,3.0,-0.038461538461538394,0,1,0.738562091503268,-242483.66013071896,400326.79738562094,3.138888888888889,4.25,11.0,10.0,0.0,1.0,-7.0,16.0,39.0,-11.122734000000024,1,0,0,11.0,1,0
74,Southampton,EPL,2018,2018/19,38,9,12,17,45,65,49.671325,59.27171400000001,45.86548,56.98821400000002,206,300,39,45.10750000000001,11.126077586206897,10.094202898550725,-11.122734000000024,4.671325000000003,-5.72828599999999,6.107500000000009,16,2025-09-01T17:43:15.144962,74,Southampton,180,Southampton FC,2018,Premier League,Southampton FC,62250000.0,5,1,26100000.0,36150000.0,24.74752158265439,3.986746502088045,0.1935483870967742,0.0967741935483871,183.51612903225808,31,2,0,1,150.0,115.0,-20,-9.600389000000007,-11.122734000000023,-4.671325000000003,5.72828599999999,-10.399610999999993,-6.107500000000009,-94,0.6866666666666666,0,0,0,0,1,0,926923.0769230769,1596153.8461538462,801418.8327883388,1380036.5792828242,16.0,13.0,15.0,12.0,13.0,12.0,13.0,13.0,13.0,9.0,3.0,2.0,0.0,0.0,-3.0,0.0967741935483871,0,1,0.7666666666666667,241000.0,415000.0,2.948717948717949,3.8461538461538463,13.0,11.0,-2.0,0.0,-5.0,11.0,52.0,-1.0124309999999994,1,1,1,15.0,1,1
74,Southampton,EPL,2019,2019/20,38,15,7,16,51,60,56.496626000000006,56.592573,52.535483000000006,53.547914000000006,230,249,52,56.8654,8.260696517412935,9.966101694915254,-1.0124309999999994,5.496626000000006,-3.4074269999999984,4.865400000000001,11,2025-09-01T17:43:15.144962,74,Southampton,180,Southampton FC,2019,Premier League,Southampton FC,61500000.0,5,2,27300000.0,34200000.0,24.15384955068336,4.185074117247906,0.3225806451612903,0.0967741935483871,182.5806451612904,31,1,0,0,127.0,114.0,-9,-0.09594699999999534,-1.0124309999999994,-5.496626000000006,3.4074269999999984,-8.904053000000005,-4.865400000000001,-19,0.9236947791164659,0,0,0,1,0,0,657692.3076923077,1182692.3076923077,601420.1957605152,1081501.2292184702,11.0,7.0,11.0,8.0,8.0,11.0,13.0,13.0,11.0,14.0,2.0,7.0,3.0,5.0,0.0,0.22580645161290322,0,0,0.8976377952755905,269291.3385826772,484251.968503937,2.1923076923076925,2.4423076923076925,16.0,12.0,4.0,8.0,1.0,15.0,43.0,-10.980374999999997,1,1,1,15.0,1,1
74,Southampton,EPL,2020,2020/21,38,12,7,19,47,68,45.284568,58.548461,40.717553,51.697928,222,275,43,44.173,9.733257661748013,10.465625,-10.980374999999997,-1.7154319999999998,-9.451538999999997,1.1730000000000018,15,2025-09-01T17:43:15.144962,74,Southampton,180,Southampton FC,2020,Premier League,Southampton FC,37300000.0,5,2,26300000.0,11000000.0,23.938522805052585,4.677582669264004,0.303030303030303,0.1515151515151515,176.0909090909091,33,1,1,0,157.0,113.0,-21,-13.263893000000003,-10.980374999999995,1.7154319999999998,9.451538999999997,-7.736106999999997,-1.1730000000000018,-53,0.8072727272727273,0,0,0,1,0,0,255813.9534883721,867441.8604651163,249020.8951169266,844407.2170783057,15.0,14.0,15.0,13.0,14.0,14.0,13.0,17.0,15.0,6.0,3.0,6.0,1.0,3.0,0.0,0.1515151515151515,0,0,0.7197452229299363,70063.69426751592,237579.6178343949,2.627906976744186,3.6511627906976742,13.0,14.0,0.0,-1.0,-1.0,15.0,40.0,-18.73178000000001,1,1,1,20.0,1,0
74,Southampton,EPL,2021,2021/22,38,9,13,16,43,67,47.34804199999999,64.557484,44.303364,63.03514400000001,209,286,40,43.44809999999999,10.498792270531402,9.55297157622739,-18.73178000000001,4.348041999999992,-2.4425159999999977,3.448099999999989,15,2025-09-01T17:43:15.144962,74,Southampton,180,Southampton FC,2021,Premier League,Southampton FC,63400000.0,7,1,60350000.0,3050000.0,25.11704312114989,5.522244078112752,0.2,0.1666666666666666,181.86666666666667,30,1,2,0,151.0,113.0,-24,-17.20944200000001,-18.731780000000008,-4.348041999999992,2.4425159999999977,-6.79055799999999,-3.4480999999999895,-77,0.7307692307692307,0,0,0,1,0,0,76250.0,1585000.0,70198.69683599514,1459212.2555416697,15.0,14.0,17.0,14.0,15.0,16.0,18.0,14.0,16.0,5.0,12.0,19.0,1.0,-1.0,1.0,0.03333333333333341,0,0,0.7483443708609272,20198.675496688742,419867.5496688742,2.825,3.775,16.0,17.0,2.0,1.0,2.0,20.0,25.0,-24.483745,1,0,0,20.0,1,0
74,Southampton,EPL,2022,2022/23,38,6,7,25,36,73,39.26548299999999,62.900044,36.13280999999999,60.61655499999999,199,339,25,36.4664,12.369928400954654,8.399117971334068,-24.483745,3.265482999999989,-10.099956000000006,11.4664,20,2025-09-01T17:43:15.144962,74,Southampton,180,Southampton FC,2022,Premier League,Southampton FC,154210000.0,15,1,5500000.0,148710000.0,24.22908966461328,5.355167602747922,0.375,0.125,172.225,40,3,0,1,146.0,123.0,-37,-23.634561000000012,-24.483745,-3.265482999999989,10.099955999999999,-13.365438999999988,-11.4664,-140,0.5870206489675516,0,0,0,0,1,1,5948400.0,6168400.0,4078000.5703880833,4228824.342408354,20.0,17.0,20.0,17.0,18.0,15.0,15.0,11.0,7.0,16.0,4.0,2.0,-11.0,-7.0,-13.0,0.25,0,1,0.8424657534246576,1018561.6438356164,1056232.8767123288,4.92,5.84,19.0,18.0,0.0,1.0,-2.0,20.0,12.0,-54.46690000000001,1,0,0,,0,0
74,Southampton,EPL,2024,2024/25,38,2,6,30,26,86,38.63121599999999,98.34760799999998,36.92276799999999,91.389668,179,398,12,22.6856,12.041237113402062,10.962805526036131,-54.46690000000001,12.631215999999988,12.34760799999998,10.685599999999996,20,2025-09-01T17:43:15.144962,74,Southampton,180,Southampton FC,2024,Premier League,Southampton FC,123050000.0,19,3,41590000.0,81460000.0,24.79203141323535,4.747498167010163,0.2105263157894736,0.1578947368421052,177.05263157894737,38,4,1,1,158.0,116.0,-60,-59.71639199999999,-54.46690000000001,-12.631215999999988,-12.34760799999998,-0.2836080000000081,-10.6856,-219,0.44974874371859297,0,0,0,0,1,1,6788333.333333333,10254166.666666666,3590824.135134182,5424145.713580421,20.0,20.0,20.0,20.0,20.0,20.0,20.0,11.0,7.0,19.0,9.0,4.0,-13.0,-9.0,-13.0,0.05263157894736839,0,1,0.7341772151898734,515569.62025316455,778797.4683544304,9.666666666666666,13.166666666666666,19.0,19.0,-1.0,-1.0,-1.0,,,,0,0,0,,0,0
85,Stoke,EPL,2016,2016/17,38,11,11,16,41,56,47.87402199999998,48.66872600000001,43.30700399999999,47.14638600000001,217,253,44,52.2932,11.493718592964823,7.795168067226891,-3.839382000000015,6.874021999999982,-7.331273999999993,8.293199999999999,13,2025-09-01T17:43:15.144962,85,Stoke,512,Stoke City,2016,Premier League,Stoke City,42165000.0,9,3,3800000.0,38365000.0,27.020415870093696,5.568381903385968,0.1724137931034483,0.3448275862068966,171.13793103448276,29,1,3,0,136.0,84.9,-15,-0.7947040000000243,-3.8393820000000147,-6.874021999999982,7.331273999999993,-14.205295999999976,-8.293199999999999,-36,0.857707509881423,0,0,0,1,0,0,871931.8181818182,958295.4545454546,733651.7941147224,806318.9860249517,12.0,9.0,12.0,9.0,9.0,10.0,10.0,16.0,7.0,19.0,19.0,12.0,-2.0,7.0,-6.0,-0.1724137931034483,1,0,0.6242647058823529,282095.5882352941,310036.76470588235,1.9295454545454547,3.090909090909091,14.0,13.0,4.0,5.0,0.0,19.0,33.0,-27.26442200000001,1,0,0,,0,0
85,Stoke,EPL,2017,2017/18,38,7,12,19,35,68,36.754259,65.54098400000001,34.47075399999999,61.735176,189,315,33,36.1678,13.813245033112583,8.110103626943005,-27.26442200000001,1.7542589999999976,-2.459015999999991,3.1678,19,2025-09-01T17:43:15.144962,85,Stoke,512,Stoke City,2017,Premier League,Stoke City,57700000.0,10,3,35140000.0,22560000.0,26.200889801505816,5.257652953784381,0.21875,0.25,178.53125,32,2,4,1,127.0,94.2,-33,-28.78672500000001,-27.26442200000001,-1.7542589999999976,2.459015999999991,-4.213274999999989,-3.1677999999999997,-126,0.6,0,0,0,0,1,1,683636.3636363636,1748484.8484848484,623759.2554703355,1595341.7127942534,18.0,19.0,20.0,19.0,19.0,20.0,19.0,13.0,13.0,13.0,13.0,6.0,-6.0,-6.0,-6.0,-0.03125,0,1,0.741732283464567,177637.79527559056,454330.7086614173,2.8545454545454545,3.8484848484848486,17.0,14.0,-5.0,-2.0,-5.0,,,,0,0,0,,0,0
77,Sunderland,EPL,2016,2016/17,38,6,6,26,29,69,34.22368,65.66352800000001,30.417833100000006,62.61884800000001,180,334,24,32.2426,12.653164556962023,7.97476759628154,-32.201014900000004,5.223680000000002,-3.3364719999999863,8.242600000000003,20,2025-09-01T17:43:15.144962,77,Sunderland,289,Sunderland AFC,2016,Premier League,Sunderland AFC,41900000.0,14,3,23770000.0,18130000.0,25.33763567028453,4.968494381012427,0.1714285714285714,0.1714285714285714,177.25714285714287,35,1,0,0,126.0,84.4,-40,-31.439848000000012,-32.201014900000004,-5.223680000000002,3.3364719999999863,-8.560151999999988,-8.242600000000003,-154,0.5389221556886228,0,0,0,0,1,1,755416.6666666666,1745833.3333333333,562299.5664121379,1299522.9913220396,20.0,19.0,19.0,19.0,20.0,19.0,20.0,17.0,13.0,15.0,7.0,2.0,-7.0,-3.0,-7.0,0.0,0,0,0.6698412698412699,143888.88888888888,332539.68253968254,3.516666666666667,5.25,16.0,14.0,-6.0,-4.0,-6.0,,,,0,0,0,,0,0
84,Swansea,EPL,2016,2016/17,38,12,5,21,45,70,39.49954290000001,65.129661,37.21603390000001,58.923443000000006,161,308,41,36.49079999999999,12.517456359102244,10.625730994152049,-21.707409099999992,-5.500457099999991,-4.870339000000001,-4.509200000000007,15,2025-09-01T17:43:15.144962,84,Swansea,2288,Swansea City,2016,Premier League,Swansea City,58100000.0,10,0,49300000.0,8800000.0,26.62121834360028,4.302017632635965,0.1,0.2,169.86666666666667,30,4,0,1,128.0,98.7,-25,-25.63011809999999,-21.707409099999992,5.500457099999991,4.870339000000001,0.63011809999999,4.509200000000007,-147,0.5227272727272727,0,0,0,1,0,0,214634.1463414634,1417073.1707317072,241156.67510715034,1592182.1390597085,14.0,18.0,16.0,18.0,17.0,18.0,17.0,13.0,18.0,9.0,13.0,10.0,1.0,-4.0,3.0,-0.1,1,1,0.77109375,68750.0,453906.25,2.4073170731707316,3.1219512195121952,15.0,11.0,-6.0,-2.0,-4.0,18.0,33.0,-28.172586300000003,1,0,0,,0,0
84,Swansea,EPL,2017,2017/18,38,8,9,21,28,56,29.7130847,61.83360399999999,28.9519147,57.124501,148,301,33,32.307100000000005,14.64690026954178,10.91044776119403,-28.172586300000003,1.7130846999999996,5.833603999999987,-0.6928999999999945,18,2025-09-01T17:43:15.144962,84,Swansea,2288,Swansea City,2017,Premier League,Swansea City,73385000.0,11,3,81100000.0,-7715000.0,26.88540138848148,4.111899278859704,0.1071428571428571,0.1428571428571428,176.67857142857142,28,3,0,1,127.0,90.7,-28,-32.120519299999984,-28.172586300000003,-1.7130846999999996,-5.833603999999987,4.120519299999984,0.6928999999999945,-153,0.49169435215946844,0,0,0,0,1,1,-233787.87878787878,2223787.878787879,-238801.99708423222,2271482.120029343,18.0,20.0,18.0,20.0,20.0,18.0,18.0,10.0,16.0,8.0,18.0,13.0,-4.0,-10.0,-2.0,-0.0357142857142857,0,1,0.7141732283464567,-60748.03149606299,577834.6456692914,2.7484848484848485,3.8484848484848486,17.0,16.0,-4.0,-3.0,-2.0,,,,0,0,0,,0,0
82,Tottenham,EPL,2016,2016/17,38,26,8,4,86,26,70.065979,33.7819329,63.21544900000001,32.259602900000004,300,182,86,75.37169999999999,7.397727272727272,11.361344537815128,30.9558461,-15.934021,7.781932900000001,-10.62830000000001,2,2025-09-01T17:43:15.144962,82,Tottenham,148,Tottenham Hotspur,2016,Premier League,Tottenham Hotspur,83500000.0,5,1,52300000.0,31200000.0,23.97696428992896,3.6074605356791016,0.2413793103448276,0.0344827586206896,182.7586206896552,29,1,2,0,306.0,127.0,60,36.2840461,30.955846100000002,15.934021000000001,-7.781932900000001,23.715953900000002,10.62830000000001,118,1.6483516483516483,1,1,1,0,0,0,362790.6976744186,970930.2325581395,413948.47137586126,1107842.8640988595,2.0,3.0,1.0,2.0,3.0,4.0,4.0,8.0,9.0,7.0,1.0,12.0,6.0,5.0,7.0,0.206896551724138,0,0,0.4150326797385621,101960.7843137255,272875.8169934641,1.4767441860465116,3.558139534883721,6.0,6.0,3.0,3.0,4.0,3.0,77.0,33.15157,1,1,0,4.0,1,1
82,Tottenham,EPL,2017,2017/18,38,23,8,7,74,36,68.91189399999999,35.859433,66.628384,33.476814,339,162,77,76.01619999999998,7.581757508342603,14.34718826405868,33.15157,-5.0881060000000105,-0.1405670000000043,-0.9838000000000164,3,2025-09-01T17:43:15.144962,82,Tottenham,148,Tottenham Hotspur,2017,Premier League,Tottenham Hotspur,121000000.0,6,0,103800000.0,17200000.0,24.68251970590184,4.139034139968638,0.1935483870967742,0.1612903225806451,183.29032258064515,31,1,3,0,381.0,148.0,38,33.05246099999999,33.15157,5.0881060000000105,0.14056699999999722,4.947539000000013,0.9838000000000164,177,2.0925925925925926,1,1,1,0,0,0,223376.62337662338,1571428.5714285714,226267.55875721233,1591765.965675738,3.0,3.0,4.0,3.0,3.0,4.0,4.0,7.0,14.0,5.0,3.0,7.0,11.0,4.0,11.0,0.03225806451612909,0,0,0.3884514435695538,45144.35695538058,317585.3018372703,1.922077922077922,4.9480519480519485,6.0,6.0,3.0,3.0,3.0,4.0,71.0,13.361799999999995,1,1,0,6.0,1,1
82,Tottenham,EPL,2018,2018/19,38,23,2,13,67,39,61.746657000000006,49.146068000000014,58.70202,45.34022,270,202,71,61.43999999999999,9.402010050251256,14.448642266824084,13.361799999999995,-5.253342999999994,10.146068000000014,-9.56000000000001,4,2025-09-01T17:43:15.144962,82,Tottenham,148,Tottenham Hotspur,2018,Premier League,Tottenham Hotspur,0.0,0,0,5350000.0,-5350000.0,25.279175222450377,4.386535455822546,0.1875,0.15625,182.625,32,1,4,0,461.0,179.0,28,12.600588999999992,13.361799999999995,5.253342999999994,-10.146068000000014,15.399411000000008,9.56000000000001,68,1.3366336633663367,1,1,1,0,0,0,-75352.11267605633,0.0,-87076.82291666669,0.0,4.0,5.0,3.0,5.0,4.0,6.0,6.0,20.0,19.0,17.0,4.0,1.0,15.0,16.0,15.0,0.03125,0,0,0.3882863340563991,-11605.206073752712,0.0,2.5211267605633805,6.492957746478873,4.0,6.0,2.0,0.0,2.0,6.0,59.0,-2.9663320000000013,1,1,0,7.0,1,1
82,Tottenham,EPL,2019,2019/20,38,16,11,11,61,47,49.021303,54.12711099999999,45.83264,48.798972,224,264,59,49.264600000000016,10.935637663885576,10.110019646365425,-2.9663320000000013,-11.978697000000004,7.127110999999992,-9.735399999999984,6,2025-09-01T17:43:15.144962,82,Tottenham,148,Tottenham Hotspur,2019,Premier League,Tottenham Hotspur,150500000.0,7,2,64500000.0,86000000.0,24.64975641180497,4.598854415462573,0.2647058823529412,0.1176470588235294,182.02941176470588,34,2,0,1,402.0,181.0,14,-5.105807999999989,-2.9663320000000013,11.978696999999997,-7.127110999999992,19.10580799999999,9.735399999999984,-40,0.8484848484848485,1,1,1,0,0,0,1457627.1186440678,2550847.4576271186,1745675.3936903977,3054931.938958196,6.0,12.0,6.0,10.0,11.0,10.0,8.0,5.0,6.0,6.0,5.0,2.0,-5.0,-6.0,0.0,0.1470588235294118,0,1,0.4502487562189055,213930.34825870648,374378.10945273633,3.0677966101694913,6.813559322033898,5.0,6.0,-5.0,-6.0,0.0,7.0,62.0,7.930688000000011,1,1,0,4.0,1,1
82,Tottenham,EPL,2020,2020/21,38,18,8,12,68,45,56.676279,52.55146,52.870451,44.93976299999999,193,293,62,53.9769,11.268090154211151,11.517169614984391,7.930688000000011,-11.323721000000006,7.551459999999999,-8.0231,7,2025-09-01T17:43:15.144962,82,Tottenham,148,Tottenham Hotspur,2020,Premier League,Tottenham Hotspur,110500000.0,8,2,13300000.0,97200000.0,25.52820964114599,4.566601917894993,0.1071428571428571,0.1785714285714285,183.5,28,2,0,1,362.0,205.0,23,4.124819000000002,7.930688000000011,11.323720999999999,-7.551459999999999,18.875180999999998,8.0231,-100,0.658703071672355,1,1,1,0,0,0,1567741.935483871,1782258.064516129,1800770.3295298545,2047172.0309984456,7.0,10.0,4.0,9.0,7.0,11.0,8.0,4.0,5.0,12.0,14.0,20.0,-2.0,-3.0,-2.0,-0.0714285714285714,1,1,0.5662983425414365,268508.28729281767,305248.6187845304,3.306451612903226,5.838709677419355,5.0,6.0,-1.0,-2.0,-1.0,4.0,71.0,21.968508600000007,1,1,0,8.0,1,1
82,Tottenham,EPL,2021,2021/22,38,22,5,11,69,40,67.9513206,43.69930299999999,64.1454716,42.17696299999999,285,255,71,66.09469999999997,12.53042328042328,12.384701912260969,21.968508600000007,-1.0486793999999977,3.699302999999993,-4.905300000000025,4,2025-09-01T17:43:15.144962,82,Tottenham,148,Tottenham Hotspur,2021,Premier League,Tottenham Hotspur,95900000.0,7,3,34620000.0,61280000.0,24.05061112740784,4.04987883062309,0.2571428571428571,0.0571428571428571,182.4857142857143,35,2,0,1,444.0,209.0,29,24.25201760000001,21.9685086,1.0486793999999975,-3.6993029999999933,4.747982399999991,4.905300000000025,30,1.1176470588235294,1,1,1,0,0,0,863098.5915492958,1350704.2253521127,927154.5222234161,1450948.4118998956,4.0,4.0,4.0,4.0,4.0,5.0,5.0,7.0,7.0,9.0,4.0,7.0,3.0,3.0,3.0,0.2,0,1,0.47072072072072074,138018.01801801802,215990.99099099098,2.943661971830986,6.253521126760563,5.0,6.0,2.0,1.0,2.0,8.0,60.0,4.650706999999983,1,1,1,5.0,1,1
82,Tottenham,EPL,2022,2022/23,38,18,6,14,70,63,57.83378999999999,51.660728000000006,53.26676599999999,48.61605900000001,239,280,60,57.60180000000001,12.65432098765432,12.730723606168446,4.650706999999983,-12.166210000000008,-11.339271999999994,-2.398199999999989,8,2025-09-01T17:43:15.144962,82,Tottenham,148,Tottenham Hotspur,2022,Premier League,Tottenham Hotspur,179900000.0,10,3,38750000.0,141150000.0,24.96330865119366,4.758694749524105,0.2121212121212121,0.1515151515151515,177.24242424242425,33,3,0,1,550.0,251.0,7,6.173061999999987,4.650706999999983,12.166210000000007,11.339271999999994,0.8269380000000126,2.3981999999999886,-41,0.8535714285714285,1,0,1,1,0,0,2352500.0,2998333.3333333335,2450444.256950303,3123166.2899423274,8.0,8.0,8.0,8.0,7.0,8.0,7.0,7.0,8.0,10.0,11.0,15.0,1.0,0.0,0.0,0.06060606060606061,0,1,0.45636363636363636,256636.36363636365,327090.9090909091,4.183333333333334,9.166666666666666,4.0,5.0,-2.0,-3.0,-3.0,5.0,66.0,9.091947999999988,1,1,0,17.0,1,0
82,Tottenham,EPL,2023,2023/24,38,20,6,12,74,61,73.35177999999999,68.065662,71.82943999999999,62.737492,493,264,66,57.42,7.5005213764337855,12.34250764525994,9.091947999999988,-0.6482200000000091,7.065662000000003,-8.580000000000005,5,2025-09-01T17:43:15.144962,82,Tottenham,148,Tottenham Hotspur,2023,Premier League,Tottenham Hotspur,272100000.0,11,1,120700000.0,151400000.0,24.302456460567345,4.562929963807005,0.2777777777777778,0.1111111111111111,174.0,36,1,0,0,528.0,222.0,13,5.286117999999988,9.091947999999988,0.6482200000000091,-7.065662000000003,7.713882000000012,8.579999999999998,229,1.8674242424242424,1,1,1,0,0,0,2293939.393939394,4122727.272727273,2636711.9470567745,4738766.980146291,5.0,6.0,7.0,6.0,6.0,14.0,13.0,2.0,3.0,6.0,7.0,13.0,-3.0,-4.0,-2.0,0.16666666666666669,0,0,0.42045454545454547,286742.42424242425,515340.9090909091,3.3636363636363638,8.0,5.0,7.0,1.0,-1.0,2.0,17.0,38.0,-3.628671000000004,1,0,0,,0,0
82,Tottenham,EPL,2024,2024/25,38,11,5,22,64,65,65.363487,68.23099700000002,62.318816000000005,65.94748700000001,316,280,38,50.0654,9.431302270011948,10.225510204081631,-3.628671000000004,1.3634870000000063,3.2309970000000163,12.065399999999997,17,2025-09-01T17:43:15.144962,82,Tottenham,148,Tottenham Hotspur,2024,Premier League,Tottenham Hotspur,185350000.0,8,2,55300000.0,130050000.0,23.204585900068444,4.757789130954498,0.4,0.075,166.125,40,1,1,0,565.0,256.0,-1,-2.86751000000001,-3.628671000000004,-1.3634870000000063,-3.2309970000000163,1.86751000000001,-12.065399999999997,36,1.1285714285714286,1,0,0,0,1,0,3422368.4210526315,4877631.578947368,2597602.3361443235,3702157.5778881228,17.0,13.0,13.0,12.0,13.0,17.0,17.0,6.0,3.0,14.0,2.0,3.0,-10.0,-7.0,-14.0,0.325,0,0,0.45309734513274336,230176.99115044248,328053.09734513273,6.7368421052631575,14.868421052631579,5.0,7.0,-6.0,-8.0,-10.0,,,,0,0,0,,0,0
90,Watford,EPL,2016,2016/17,38,11,7,20,40,68,36.25455790000001,52.61801400000001,33.9710549,49.573337,171,240,40,40.62490000000001,10.254137115839244,8.713615023474178,-15.602282100000004,-3.745442099999991,-15.38198599999999,0.6249000000000109,16,2025-09-01T17:43:15.144962,90,Watford,1010,Watford FC,2016,Premier League,Watford FC,70450000.0,18,4,58100000.0,12350000.0,26.93373156617509,4.280571102999409,0.1515151515151515,0.2121212121212121,178.54545454545453,33,1,0,0,124.0,76.0,-28,-16.3634561,-15.602282100000004,3.745442099999991,15.38198599999999,-11.6365439,-0.6249000000000109,-69,0.7125,0,0,0,0,1,0,308750.0,1761250.0,304000.7483095342,1734158.1148507437,16.0,15.0,18.0,15.0,14.0,13.0,13.0,11.0,15.0,6.0,16.0,4.0,1.0,-3.0,-1.0,-0.06060606060606061,1,0,0.6129032258064516,99596.7741935484,568145.1612903225,1.9,3.1,17.0,16.0,2.0,3.0,0.0,14.0,41.0,-8.285069,1,1,1,11.0,1,1
90,Watford,EPL,2017,2017/18,38,11,8,19,44,64,45.847429,53.981191,41.129107,49.414176,232,237,41,46.6939,10.34192037470726,9.934755332496865,-8.285069,1.8474289999999984,-10.018809000000005,5.693899999999999,14,2025-09-01T17:43:15.144962,90,Watford,1010,Watford FC,2017,Premier League,Watford FC,73400000.0,19,5,18740000.0,54660000.0,26.862132619832824,4.404896734008632,0.1212121212121212,0.303030303030303,179.36363636363637,33,2,0,1,129.0,85.9,-20,-8.133762000000004,-8.285069,-1.8474289999999982,10.018808999999997,-11.866237999999996,-5.693899999999999,-5,0.9789029535864979,0,0,0,1,0,0,1333170.731707317,1790243.9024390243,1170602.584063443,1571939.8037002692,14.0,11.0,14.0,11.0,11.0,15.0,13.0,9.0,6.0,15.0,17.0,3.0,-5.0,-2.0,-8.0,-0.18181818181818177,1,1,0.6658914728682171,423720.93023255817,568992.2480620155,2.0951219512195123,3.1463414634146343,16.0,17.0,6.0,5.0,3.0,11.0,50.0,-8.512946999999976,1,1,1,19.0,1,0
90,Watford,EPL,2018,2018/19,38,14,8,16,52,59,51.73354600000001,63.291170999999984,50.97237600000002,59.485323,275,264,50,46.00149999999999,11.359756097560975,9.998760842627014,-8.512946999999976,-0.2664539999999888,4.291170999999984,-3.998500000000007,11,2025-09-01T17:43:15.144962,90,Watford,1010,Watford FC,2018,Premier League,Watford FC,30100000.0,9,0,51840000.0,-21740000.0,27.3303848786395,4.845870796458144,0.0769230769230769,0.3076923076923077,177.23076923076923,26,1,0,0,148.0,83.6,-7,-11.557624999999973,-8.512946999999983,0.26645399999998887,-4.291170999999984,4.557624999999973,3.998500000000007,11,1.0416666666666667,0,0,0,1,0,0,-434800.0,602000.0,-472593.2850015761,654326.4893536081,11.0,12.0,13.0,13.0,12.0,15.0,15.0,18.0,20.0,4.0,18.0,15.0,8.0,6.0,9.0,-0.2307692307692308,1,0,0.5648648648648649,-146891.8918918919,203378.37837837837,1.672,2.96,14.0,18.0,6.0,2.0,7.0,19.0,34.0,-10.049648000000012,1,0,0,19.0,1,0
90,Watford,EPL,2019,2019/20,38,8,10,20,36,64,48.56263699999999,59.528113000000005,42.47327499999999,52.522923,227,259,34,47.87369999999999,12.196610169491525,9.644351464435148,-10.049648000000012,12.562636999999988,-4.471886999999995,13.873699999999992,19,2025-09-01T17:43:15.144962,90,Watford,1010,Watford FC,2019,Premier League,Watford FC,56000000.0,7,0,29400000.0,26600000.0,27.440156718355407,4.975495888986083,0.1034482758620689,0.2758620689655172,177.17241379310346,29,5,0,1,120.0,96.2,-28,-10.965476000000017,-10.049648000000012,-12.562636999999988,4.471886999999995,-17.034523999999983,-13.873699999999992,-32,0.8764478764478765,0,0,0,0,1,1,782352.9411764706,1647058.8235294118,555628.6645903701,1169744.5570323581,18.0,14.0,19.0,13.0,13.0,14.0,12.0,14.0,13.0,13.0,20.0,15.0,0.0,1.0,-6.0,-0.1724137931034483,1,1,0.8016666666666666,221666.66666666666,466666.6666666667,2.8294117647058825,3.5294117647058822,17.0,17.0,4.0,4.0,-2.0,19.0,23.0,-24.388179,1,0,0,,0,0
90,Watford,EPL,2021,2021/22,38,6,5,27,34,77,39.340391,67.53443,37.818061,62.20624,159,339,23,35.4528,14.265706806282722,7.623705408515535,-24.388179,5.340390999999997,-9.46557,12.452799999999996,19,2025-09-01T17:43:15.144962,90,Watford,1010,Watford FC,2021,Premier League,Watford FC,43500000.0,18,3,12850000.0,30650000.0,25.931729233577283,5.792025649622996,0.2564102564102564,0.3076923076923077,177.92307692307693,39,3,0,1,128.0,79.0,-43,-28.194039000000004,-24.388179,-5.340390999999997,9.46557,-14.805960999999996,-12.452800000000003,-180,0.4690265486725664,0,0,0,0,1,1,1332608.6956521738,1891304.347826087,864529.7409513493,1226983.482263742,19.0,19.0,19.0,19.0,19.0,18.0,17.0,17.0,12.0,14.0,14.0,4.0,-7.0,-2.0,-7.0,-0.05128205128205132,0,1,0.6171875,239453.125,339843.75,3.4347826086956523,5.565217391304348,19.0,19.0,0.0,0.0,0.0,,,,0,0,0,,0,0
76,West Bromwich Albion,EPL,2016,2016/17,38,12,9,17,43,51,38.213618,47.90015100000001,37.452448,45.616635,133,275,45,45.5854,14.709333333333332,6.8686493184634445,-8.164186999999998,-4.786381999999996,-3.099848999999992,0.5853999999999999,10,2025-09-01T17:43:15.144962,76,West Bromwich Albion,984,West Bromwich Albion,2016,Premier League,West Bromwich Albion,37900000.0,7,2,26975000.0,10925000.0,26.98892184450021,5.76851046190217,0.2222222222222222,0.2962962962962963,185.66666666666663,27,1,1,0,138.0,79.1,-8,-9.686533000000011,-8.164187000000005,4.786382000000003,3.099848999999992,1.6865330000000114,-0.5853999999999999,-142,0.48363636363636364,0,0,1,1,0,0,242777.77777777778,842222.2222222222,239660.06660027115,831406.5468329772,10.0,13.0,9.0,12.0,10.0,9.0,9.0,20.0,17.0,14.0,17.0,16.0,7.0,10.0,7.0,-0.07407407407407407,0,0,0.5731884057971014,79166.66666666667,274637.6811594203,1.7577777777777777,3.066666666666667,13.0,15.0,5.0,3.0,5.0,20.0,31.0,-13.809514,1,0,0,19.0,1,0
76,West Bromwich Albion,EPL,2017,2017/18,38,6,13,19,31,56,35.184401,48.993914,34.42323,48.232744,140,263,31,42.9637,13.33080808080808,8.301488833746898,-13.809514,4.184401000000001,-7.006086000000003,11.963700000000005,20,2025-09-01T17:43:15.144962,76,West Bromwich Albion,984,West Bromwich Albion,2017,Premier League,West Bromwich Albion,53500000.0,10,4,2050000.0,51450000.0,26.43294547113849,6.06929245369638,0.3,0.2333333333333333,185.5,30,3,0,1,125.0,92.2,-25,-13.809512999999995,-13.809514,-4.184401000000001,7.006086000000003,-11.190487000000005,-11.963700000000003,-123,0.532319391634981,0,0,0,0,1,1,1659677.4193548388,1725806.4516129033,1197522.559742294,1245237.2584297906,20.0,13.0,17.0,13.0,12.0,8.0,10.0,17.0,8.0,18.0,15.0,10.0,-4.0,5.0,-12.0,0.06666666666666668,0,1,0.7376,411600.0,428000.0,2.9741935483870967,4.032258064516129,19.0,15.0,3.0,7.0,-5.0,19.0,26.0,-33.739454800000004,1,0,0,,0,0
76,West Bromwich Albion,EPL,2020,2020/21,38,5,11,22,35,76,34.9712902,74.03887199999998,31.9266212,65.666076,164,343,26,29.592600000000004,15.985795454545457,7.985488126649076,-33.739454800000004,-0.0287098000000014,-1.9611280000000164,3.5926000000000045,19,2025-09-01T17:43:15.144962,76,West Bromwich Albion,984,West Bromwich Albion,2020,Premier League,West Bromwich Albion,42140000.0,14,5,8100000.0,34040000.0,26.24311375030061,5.257632735670968,0.1891891891891892,0.2702702702702703,179.83783783783784,37,2,0,1,107.0,76.9,-41,-39.067581799999985,-33.739454800000004,0.02870980000000145,1.9611280000000164,-1.932418200000015,-3.5926000000000045,-179,0.478134110787172,0,0,0,0,1,1,1309230.7692307692,1620769.2307692308,1150287.571892973,1424004.6498111011,19.0,20.0,19.0,20.0,20.0,20.0,20.0,15.0,13.0,13.0,17.0,2.0,-7.0,-5.0,-6.0,-0.08108108108108109,1,1,0.7186915887850468,318130.84112149535,393831.7757009346,2.957692307692308,4.115384615384615,20.0,19.0,-1.0,0.0,0.0,,,,0,0,0,,0,0
81,West Ham,EPL,2016,2016/17,38,12,9,17,47,64,48.245556000000015,59.67157099999998,44.986651000000016,53.58221899999998,166,297,45,46.0425,11.025200458190149,9.807142857142855,-8.595567999999965,1.2455560000000148,-4.328429000000021,1.0424999999999969,11,2025-09-01T17:43:15.144962,81,West Ham,379,West Ham United,2016,Premier League,West Ham United,83500000.0,13,3,41000000.0,42500000.0,24.90294318959617,4.646251830306483,0.2571428571428571,0.0857142857142857,182.9142857142857,35,1,1,0,183.0,95.0,-17,-11.426014999999964,-8.595567999999965,-1.2455560000000148,4.328429000000021,-5.573985000000036,-1.0424999999999969,-131,0.5589225589225589,0,0,0,1,0,0,944444.4444444445,1855555.5555555555,923060.2161046859,1813541.8363468535,10.0,12.0,15.0,13.0,12.0,16.0,16.0,8.0,6.0,11.0,3.0,2.0,-6.0,-4.0,-5.0,0.17142857142857143,0,0,0.5191256830601093,232240.43715846995,456284.15300546447,2.111111111111111,4.066666666666666,8.0,12.0,0.0,-4.0,1.0,13.0,42.0,-19.949309,1,1,1,10.0,1,1
81,West Ham,EPL,2017,2017/18,38,10,12,16,48,68,36.80133,58.36886899999997,33.75665299999999,53.70596199999999,173,308,42,39.2592,12.387351778656129,8.152078774617069,-19.949309,-11.19867,-9.631131000000032,-2.7408,13,2025-09-01T17:43:15.144962,81,West Ham,379,West Ham United,2017,Premier League,West Ham United,56800000.0,8,2,64020000.0,-7220000.0,25.318919354189315,5.311423441156543,0.2941176470588235,0.2058823529411764,183.08823529411765,34,2,0,1,176.0,107.0,-20,-21.567538999999968,-19.949309,11.19867,9.631131000000032,1.567538999999968,2.7408,-135,0.5616883116883117,0,0,0,1,0,0,-171904.7619047619,1352380.9523809524,-183905.93797122713,1446794.6366711496,13.0,16.0,14.0,17.0,17.0,17.0,17.0,14.0,15.0,9.0,5.0,2.0,-2.0,-3.0,2.0,0.08823529411764708,0,1,0.6079545454545454,-41022.72727272727,322727.2727272727,2.5476190476190474,4.190476190476191,9.0,11.0,-6.0,-8.0,-2.0,10.0,52.0,-17.701346099999974,1,1,1,16.0,1,0
81,West Ham,EPL,2018,2018/19,38,15,7,16,52,55,47.96052790000002,65.66202299999999,44.15483690000002,61.856183,261,293,52,43.7194,12.2,9.794813979706875,-17.701346099999974,-4.039472099999976,10.66202299999999,-8.2806,10,2025-09-01T17:43:15.144962,81,West Ham,379,West Ham United,2018,Premier League,West Ham United,100900000.0,11,0,13765000.0,87135000.0,26.653981291352945,4.728891080263845,0.2,0.3,175.86666666666667,30,1,0,0,191.0,136.0,-3,-17.701495099999974,-17.70134609999998,4.039472099999983,-10.66202299999999,14.701495099999974,8.2806,-32,0.8907849829351536,0,0,1,1,0,0,1675673.076923077,1940384.6153846155,1993051.1397686154,2307899.9254335603,9.0,14.0,11.0,15.0,15.0,16.0,18.0,6.0,5.0,12.0,15.0,5.0,-10.0,-9.0,-5.0,-0.09999999999999998,1,0,0.7120418848167539,456204.1884816754,528272.2513089005,2.6153846153846154,3.673076923076923,7.0,9.0,-6.0,-8.0,-1.0,16.0,39.0,-17.731902799999993,1,0,0,6.0,1,0
81,West Ham,EPL,2019,2019/20,38,10,9,19,49,62,49.0691132,68.323322,46.0244362,63.75633899999999,217,308,39,38.747400000000006,13.215922798552471,9.501940491591204,-17.731902799999993,0.0691131999999967,6.3233220000000046,-0.2525999999999939,16,2025-09-01T17:43:15.144962,81,West Ham,379,West Ham United,2019,Premier League,West Ham United,119800000.0,8,1,55730000.0,64070000.0,26.32299034147084,5.294607532900081,0.2222222222222222,0.3055555555555556,182.25,36,2,0,1,140.0,127.0,-13,-19.254208800000008,-17.731902799999993,-0.06911319999999677,-6.3233220000000046,6.254208800000008,0.25259999999999394,-91,0.7045454545454546,0,0,0,0,1,0,1642820.5128205128,3071794.871794872,1653530.3013879638,3091820.354397972,16.0,16.0,13.0,16.0,16.0,18.0,17.0,7.0,8.0,7.0,17.0,1.0,-8.0,-9.0,-8.0,-0.08333333333333337,0,1,0.9071428571428571,457642.85714285716,855714.2857142857,3.2564102564102564,3.58974358974359,12.0,10.0,-6.0,-4.0,-6.0,6.0,65.0,11.076598000000011,1,1,0,7.0,1,1
81,West Ham,EPL,2020,2020/21,38,19,8,11,62,47,60.33827100000001,49.862080000000006,57.132841000000006,46.056243,172,286,65,59.1827,16.45179856115108,11.07909604519774,11.076598000000011,-1.661728999999987,2.862080000000006,-5.817300000000003,6,2025-09-01T17:43:15.144962,81,West Ham,379,West Ham United,2020,Premier League,West Ham United,54700000.0,7,3,45410000.0,9290000.0,26.82117271275382,5.017556881276975,0.1666666666666666,0.3333333333333333,183.06666666666663,30,1,0,0,193.0,129.0,15,10.476191000000007,11.076598000000004,1.661728999999987,-2.862080000000006,4.523808999999993,5.817300000000003,-114,0.6013986013986014,0,1,1,0,0,0,142923.07692307694,841538.4615384615,156971.547428556,924256.5817375686,6.0,7.0,8.0,7.0,6.0,8.0,9.0,13.0,16.0,5.0,19.0,16.0,10.0,7.0,10.0,-0.1666666666666667,1,0,0.6683937823834197,48134.715025906735,283419.689119171,1.9846153846153847,2.9692307692307693,9.0,12.0,6.0,3.0,6.0,7.0,56.0,0.9510740000000056,1,1,0,14.0,1,1
81,West Ham,EPL,2021,2021/22,38,16,8,14,60,51,54.98359900000002,53.87672200000001,50.26077400000001,49.30970000000001,239,294,56,53.56340000000001,14.058571428571428,13.775193798449612,0.9510740000000056,-5.016400999999981,2.876722000000008,-2.4365999999999914,7,2025-09-01T17:43:15.144962,81,West Ham,379,West Ham United,2021,Premier League,West Ham United,74500000.0,5,2,4235000.0,70265000.0,26.00763948687377,5.344301483048663,0.2258064516129032,0.2580645161290322,177.70967741935485,31,1,1,0,253.0,136.0,9,1.1068770000000114,0.9510740000000055,5.016400999999981,-2.876722000000008,7.893122999999989,2.4365999999999914,-55,0.8129251700680272,0,1,1,0,0,0,1254732.142857143,1330357.142857143,1311809.9299148298,1390875.112483524,7.0,10.0,6.0,9.0,8.0,10.0,10.0,11.0,5.0,15.0,18.0,16.0,-3.0,3.0,-2.0,-0.032258064516129004,0,0,0.5375494071146245,277727.2727272727,294466.40316205536,2.4285714285714284,4.517857142857143,7.0,11.0,3.0,-1.0,4.0,14.0,40.0,-5.623793000000035,1,1,1,9.0,1,1
81,West Ham,EPL,2022,2022/23,38,11,7,20,42,55,51.21073199999999,55.31217300000002,45.121372999999984,50.74516600000002,173,285,40,51.61719999999999,15.956580732700136,11.107449856733524,-5.623793000000035,9.210731999999991,0.3121730000000227,11.61719999999999,14,2025-09-01T17:43:15.144962,81,West Ham,379,West Ham United,2022,Premier League,West Ham United,196600000.0,9,0,21550000.0,175050000.0,26.46663244353183,4.93529216780236,0.15625,0.21875,182.96875,32,1,2,0,237.0,137.0,-13,-4.10144100000003,-5.623793000000035,-9.210731999999993,-0.3121730000000227,-8.89855899999997,-11.61719999999999,-112,0.6070175438596491,0,0,0,1,0,0,4376250.0,4915000.0,3391311.423324009,3808807.916740932,14.0,11.0,13.0,11.0,11.0,11.0,10.0,4.0,4.0,14.0,18.0,17.0,-7.0,-7.0,-10.0,-0.0625,1,0,0.5780590717299579,738607.5949367088,829535.864978903,3.425,5.925,8.0,15.0,4.0,-3.0,1.0,9.0,52.0,-19.572306000000005,1,1,1,14.0,1,1
81,West Ham,EPL,2023,2023/24,38,14,10,14,60,74,54.529585,77.907744,50.723739,70.296045,159,444,52,41.2783,15.953678474114442,9.046538024971625,-19.572306000000005,-5.470415000000003,3.907743999999994,-10.721699999999998,9,2025-09-01T17:43:15.144962,81,West Ham,379,West Ham United,2023,Premier League,West Ham United,144560000.0,6,1,172860000.0,-28300000.0,26.22852498288844,5.304782206177916,0.21875,0.21875,182.3125,32,1,3,0,270.0,161.0,-14,-23.378158999999997,-19.572306000000005,5.470415000000003,-3.907743999999994,9.378158999999997,10.721699999999998,-285,0.3581081081081081,0,0,1,1,0,0,-544230.7692307692,2780000.0,-685590.2495984572,3502082.207842862,9.0,16.0,15.0,16.0,16.0,18.0,17.0,8.0,17.0,3.0,20.0,17.0,1.0,-8.0,8.0,0.0,0,0,0.5962962962962963,-104814.81481481482,535407.4074074074,3.0961538461538463,5.1923076923076925,9.0,10.0,-6.0,-7.0,1.0,14.0,43.0,-17.49852200000001,1,1,1,,0,0
81,West Ham,EPL,2024,2024/25,38,11,10,17,46,62,50.58904999999999,68.087568,48.30553999999999,65.804062,224,316,43,41.76000000000001,12.252324037184597,10.10948905109489,-17.49852200000001,4.589049999999986,6.0875680000000045,-1.2399999999999878,14,2025-09-01T17:43:15.144962,81,West Ham,379,West Ham United,2024,Premier League,West Ham United,144400000.0,11,3,46150000.0,98250000.0,27.09528192782459,5.605162968799228,0.2068965517241379,0.3103448275862069,183.1379310344828,29,2,0,1,228.0,176.0,-16,-17.49851800000001,-17.49852200000001,-4.589049999999993,-6.0875680000000045,1.4985180000000113,1.2399999999999878,-92,0.7088607594936709,0,0,0,1,0,0,2284883.7209302327,3358139.534883721,2352729.8850574708,3457854.4061302673,14.0,16.0,17.0,17.0,17.0,16.0,16.0,8.0,6.0,18.0,20.0,17.0,-11.0,-9.0,-8.0,-0.103448275862069,1,1,0.7719298245614035,430921.05263157893,633333.3333333334,4.093023255813954,5.3023255813953485,9.0,9.0,-8.0,-8.0,-5.0,,,,0,0,0,,0,0
229,Wolverhampton Wanderers,EPL,2018,2018/19,38,16,9,13,47,46,53.05869160000001,42.691294,50.014015600000015,39.646622,184,220,57,59.9145,13.662404092071611,11.723076923076922,10.367393600000014,6.05869160000001,-3.308706000000001,2.9144999999999968,7,2025-09-01T17:43:15.144962,229,Wolverhampton Wanderers,543,Wolverhampton Wanderers,2018,Premier League,Wolverhampton Wanderers,117500000.0,13,3,23300000.0,94200000.0,24.368624229979467,3.9726728209959608,0.2,0.12,183.48,25,1,1,0,172.0,92.1,1,10.367397600000011,10.367393600000014,-6.05869160000001,3.308706000000001,-9.367397600000011,-2.9144999999999968,-36,0.8363636363636363,0,1,1,0,0,0,1652631.5789473683,2061403.50877193,1572240.442630749,1961127.9406487579,7.0,6.0,9.0,6.0,6.0,4.0,4.0,3.0,4.0,10.0,1.0,17.0,-2.0,-3.0,-3.0,0.08000000000000002,0,0,0.5354651162790698,547674.4186046511,683139.5348837209,1.6157894736842104,3.017543859649123,11.0,16.0,10.0,5.0,9.0,7.0,59.0,16.218258099999993,1,1,0,13.0,1,1
229,Wolverhampton Wanderers,EPL,2019,2019/20,38,15,14,9,51,40,54.223981,37.38927390000001,51.179312,34.9610539,172,193,59,63.82129999999997,13.387516254876465,10.288079470198676,16.218258099999993,3.223981000000002,-2.6107260999999866,4.821299999999972,7,2025-09-01T17:43:15.144962,229,Wolverhampton Wanderers,543,Wolverhampton Wanderers,2019,Premier League,Wolverhampton Wanderers,116700000.0,9,1,24100000.0,92600000.0,23.7726639760202,4.555492268070033,0.3448275862068966,0.1034482758620689,182.31034482758625,29,1,2,0,133.0,94.7,11,16.83470709999999,16.2182581,-3.223981000000002,2.6107260999999866,-5.834707099999989,-4.821299999999972,-21,0.8911917098445595,0,1,1,0,0,0,1569491.5254237289,1977966.1016949152,1450926.2581614607,1828543.1352855559,6.0,5.0,7.0,5.0,5.0,2.0,2.0,8.0,5.0,15.0,1.0,15.0,0.0,3.0,-2.0,0.24137931034482768,0,0,0.7120300751879699,696240.6015037594,877443.6090225563,1.605084745762712,2.2542372881355934,14.0,18.0,13.0,9.0,11.0,13.0,45.0,-10.53044,1,1,1,10.0,1,1
229,Wolverhampton Wanderers,EPL,2020,2020/21,38,12,9,17,36,52,38.61903800000001,52.19414400000001,35.574369,46.104809,139,270,45,44.2578,14.125,11.505202312138728,-10.53044,2.6190380000000104,0.1941440000000085,-0.742200000000004,13,2025-09-01T17:43:15.144962,229,Wolverhampton Wanderers,543,Wolverhampton Wanderers,2020,Premier League,Wolverhampton Wanderers,87589000.0,9,3,79200000.0,8389000.0,23.50140695109894,5.017911052314601,0.4166666666666667,0.1388888888888889,182.16666666666663,36,1,3,0,194.0,139.0,-16,-13.575105999999998,-10.530440000000006,-2.6190380000000104,-0.19414400000000853,-2.424894000000002,0.7421999999999969,-131,0.5148148148148148,0,0,0,1,0,0,186422.22222222222,1946422.2222222222,189548.50896339174,1979063.5774936846,12.0,13.0,13.0,14.0,13.0,10.0,10.0,6.0,17.0,1.0,1.0,3.0,4.0,-7.0,4.0,0.2777777777777778,0,0,0.7164948453608248,43242.26804123711,451489.6907216495,3.088888888888889,4.311111111111111,8.0,9.0,-4.0,-5.0,-4.0,10.0,51.0,-12.589150099999998,1,1,1,13.0,1,1
229,Wolverhampton Wanderers,EPL,2021,2021/22,38,15,6,17,38,43,39.04307089999999,58.48269700000001,38.28190089999999,50.87105099999999,181,309,51,40.5351,14.643795620437956,11.321995464852607,-12.589150099999998,1.0430708999999894,15.482697000000009,-10.4649,10,2025-09-01T17:43:15.144962,229,Wolverhampton Wanderers,543,Wolverhampton Wanderers,2021,Premier League,Wolverhampton Wanderers,37600000.0,9,2,31800000.0,5800000.0,24.20807665982204,4.958704292003546,0.2941176470588235,0.1764705882352941,182.73529411764707,34,1,0,0,166.0,121.0,-5,-19.43962610000002,-12.589150099999998,-1.0430708999999894,-15.482697000000009,14.43962610000002,10.4649,-128,0.5857605177993528,0,0,1,1,0,0,113725.49019607843,737254.9019607843,143085.86879025833,927591.149398916,9.0,17.0,12.0,16.0,13.0,12.0,11.0,20.0,15.0,10.0,7.0,10.0,2.0,7.0,5.0,0.11764705882352938,0,0,0.7289156626506024,34939.75903614458,226506.02409638555,2.372549019607843,3.2549019607843137,14.0,13.0,0.0,1.0,3.0,13.0,41.0,-26.79406399999997,1,1,1,15.0,1,1
229,Wolverhampton Wanderers,EPL,2022,2022/23,38,11,8,19,31,58,35.12681500000001,62.68203999999999,32.84330500000001,59.63736899999998,192,301,41,35.00809999999999,11.989290495314592,11.304550758459744,-26.79406399999997,4.126815000000008,4.6820399999999935,-5.991900000000008,13,2025-09-01T17:43:15.144962,229,Wolverhampton Wanderers,543,Wolverhampton Wanderers,2022,Premier League,Wolverhampton Wanderers,179507000.0,13,2,64870000.0,114637000.0,25.20676038540515,4.578615232306527,0.2051282051282051,0.1538461538461538,177.48717948717947,39,3,0,1,169.0,142.0,-27,-27.555224999999986,-26.79406399999997,-4.126815000000008,-4.6820399999999935,0.5552249999999859,5.991900000000008,-109,0.6378737541528239,0,0,0,1,0,0,2796024.3902439023,4378219.5121951215,3274585.0246085916,5127584.758955786,13.0,19.0,16.0,19.0,20.0,14.0,14.0,8.0,9.0,8.0,13.0,4.0,-11.0,-12.0,-4.0,0.051282051282051294,0,1,0.8402366863905325,678325.4437869822,1062171.5976331362,3.4634146341463414,4.121951219512195,16.0,13.0,-7.0,-4.0,0.0,15.0,46.0,-22.408924999999986,1,1,1,16.0,1,0
229,Wolverhampton Wanderers,EPL,2023,2023/24,38,13,7,18,50,65,50.65224100000002,76.10579999999999,47.60755900000001,70.01648399999999,216,396,46,39.7876,12.463636363636365,10.29265873015873,-22.408924999999986,0.6522410000000178,11.105799999999988,-6.212400000000002,15,2025-09-01T17:43:15.144962,229,Wolverhampton Wanderers,543,Wolverhampton Wanderers,2023,Premier League,Wolverhampton Wanderers,94000000.0,9,2,169200000.0,-75200000.0,23.49090015619789,4.727277126894456,0.3846153846153846,0.1282051282051282,164.33333333333334,39,1,0,0,178.0,142.0,-15,-25.45355899999997,-22.408924999999982,-0.6522410000000178,-11.105799999999988,10.45355899999997,6.212400000000002,-180,0.5454545454545454,0,0,0,1,0,0,-1634782.608695652,2043478.2608695652,-1890036.0916466438,2362545.1145583047,15.0,17.0,16.0,17.0,17.0,17.0,16.0,14.0,19.0,4.0,3.0,5.0,2.0,-3.0,4.0,0.2564102564102564,0,0,0.797752808988764,-422471.91011235956,528089.8876404495,3.0869565217391304,3.869565217391304,15.0,14.0,-3.0,-2.0,-1.0,16.0,42.0,-9.351105000000004,1,0,0,,0,0
229,Wolverhampton Wanderers,EPL,2024,2024/25,38,12,6,20,54,69,45.370551000000006,61.57215600000001,45.370551000000006,54.72165600000001,215,284,42,41.4533,11.535499398315284,9.92332268370607,-9.351105000000004,-8.629448999999994,-7.427843999999993,-0.5467000000000013,16,2025-09-01T17:43:15.144962,229,Wolverhampton Wanderers,543,Wolverhampton Wanderers,2024,Premier League,Wolverhampton Wanderers,124400000.0,11,2,116200000.0,8200000.0,25.101355976099303,4.8526203693680605,0.2162162162162162,0.2162162162162162,177.35135135135135,37,2,0,1,172.0,163.0,-15,-16.201605,-9.351105000000004,8.629448999999994,7.427843999999993,1.2016050000000007,0.5467000000000013,-69,0.7570422535211268,0,0,0,0,1,0,195238.09523809524,2961904.761904762,197812.96060868495,3000967.3536244403,15.0,17.0,16.0,16.0,16.0,15.0,12.0,10.0,15.0,5.0,12.0,6.0,-1.0,-6.0,-1.0,0.0,1,1,0.9476744186046512,47674.41860465116,723255.8139534884,3.880952380952381,4.095238095238095,18.0,13.0,-3.0,2.0,-3.0,,,,0,0,0,,0,0
