season,league,club,window,movement,player_name,player_id,age,nationality,position,pos,market_value,dealing_club,dealing_country,fee,is_loan,source_file
2016,Premier League,AFC Bournemouth,summer,in,Jordon Ibe,195652,20,England,Right Winger,RW,7000000.0,Liverpool FC,England,18000000.0,0,2016.csv
2016,Premier League,AFC Bournemouth,summer,in,Lewis Cook,249089,19,England,Central Midfield,CM,4000000.0,Leeds United,England,7000000.0,0,2016.csv
2016,Premier League,AFC Bournemouth,summer,in,Lys Mousset,291422,20,France,Centre-Forward,CF,400000.0,Le Havre AC,France,6500000.0,0,2016.csv
2016,Premier League,AFC Bournemouth,summer,in,Brad Smith,175745,22,Australia,Left-Back,LB,100000.0,Liverpool FC,England,3600000.0,0,2016.csv
2016,Premier League,AFC Bournemouth,summer,in,Jack Wilshere,74223,24,England,Central Midfield,CM,23000000.0,Arsenal FC,England,2350000.0,1,2016.csv
2016,Premier League,AFC Bournemouth,summer,in,Marc Wilson,30456,28,Ireland,Centre-Back,CB,3000000.0,Stoke City,England,2300000.0,0,2016.csv
2016,Premier League,AFC Bournemouth,summer,in,Nathan Aké,177476,21,Netherlands,Centre-Back,CB,4500000.0,Chelsea FC,England,0.0,1,2016.csv
2016,Premier League,AFC Bournemouth,winter,in,Aaron Ramsdale,427568,18,England,Goalkeeper,GK,50000.0,Sheffield United,England,940000.0,0,2016.csv
2016,Premier League,AFC Bournemouth,winter,in,Emerson Hyndman,223047,21,United States,Central Midfield,CM,1000000.0,Rangers FC,Scotland,0.0,1,2016.csv
2016,Premier League,AFC Bournemouth,summer,out,Matt Ritchie,92469,26,Scotland,Right Midfield,RM,6000000.0,Newcastle United,England,12000000.0,0,2016.csv
2016,Premier League,AFC Bournemouth,summer,out,Tommy Elphick,37152,28,England,Centre-Back,CB,1500000.0,Aston Villa,England,3900000.0,0,2016.csv
2016,Premier League,AFC Bournemouth,summer,out,Lee Tomlin,104586,27,England,Second Striker,SS,3500000.0,Bristol City,England,3500000.0,0,2016.csv
2016,Premier League,AFC Bournemouth,summer,out,Eunan O'Kane,61583,26,Ireland,Central Midfield,CM,1500000.0,Leeds United,England,500000.0,0,2016.csv
2016,Premier League,AFC Bournemouth,summer,out,Shaun MacDonald,10375,28,Wales,Central Midfield,CM,500000.0,Wigan Athletic,England,290000.0,0,2016.csv
2016,Premier League,AFC Bournemouth,summer,out,Josh Carmichael,201329,21,Scotland,Central Midfield,CM,,Gosport Borough,England,0.0,0,2016.csv
2016,Premier League,AFC Bournemouth,summer,out,Josh Wakefield,225166,22,England,Central Midfield,CM,100000.0,Aldershot Town,England,0.0,0,2016.csv
2016,Premier League,AFC Bournemouth,summer,out,Stéphane Zubar,56829,29,Guadeloupe,Centre-Back,CB,250000.0,Weymouth FC,England,0.0,0,2016.csv
2016,Premier League,AFC Bournemouth,summer,out,Jayden Stockley,134293,22,England,Centre-Forward,CF,250000.0,Aberdeen FC,Scotland,0.0,0,2016.csv
2016,Premier League,AFC Bournemouth,summer,out,Mason Walsh,712153,20,England,Left Winger,LW,,Welling United,England,0.0,0,2016.csv
2016,Premier League,AFC Bournemouth,summer,out,Baily Cargill,293450,21,England,Centre-Back,CB,250000.0,Gillingham FC,England,0.0,1,2016.csv
2016,Premier League,AFC Bournemouth,summer,out,Brandon Goodship,423584,21,England,Centre-Forward,CF,,Braintree Town,England,0.0,1,2016.csv
2016,Premier League,AFC Bournemouth,summer,out,Harry Cornick,255703,21,England,Centre-Forward,CF,,Leyton Orient,England,0.0,1,2016.csv
2016,Premier League,AFC Bournemouth,summer,out,Jordan Green,416622,21,England,Right Winger,RW,,Newport County,England,0.0,1,2016.csv
2016,Premier League,AFC Bournemouth,summer,out,Matt Butcher,391132,19,England,Defensive Midfield,DM,,Yeovil Town,England,0.0,1,2016.csv
2016,Premier League,AFC Bournemouth,summer,out,Tokelo Rantie,198495,25,South Africa,Centre-Forward,CF,1000000.0,Genclerbirligi Ankara,Türkiye,,0,2016.csv
2016,Premier League,AFC Bournemouth,summer,out,Emerson Hyndman,223047,20,United States,Central Midfield,CM,1000000.0,Rangers FC,Scotland,,0,2016.csv
2016,Premier League,AFC Bournemouth,summer,out,Rhoys Wiggins,42298,28,Wales,Left-Back,LB,500000.0,Birmingham City,England,0.0,1,2016.csv
2016,Premier League,AFC Bournemouth,summer,out,Glenn Murray,45693,32,England,Centre-Forward,CF,4000000.0,Brighton & Hove Albion,England,0.0,1,2016.csv
2016,Premier League,AFC Bournemouth,summer,out,Emerson Hyndman,223047,22,United States,Central Midfield,CM,1000000.0,Hibernian FC,Scotland,0.0,1,2016.csv
2016,Premier League,AFC Bournemouth,summer,out,Sylvain Distin,3356,38,France,Centre-Back,CB,750000.0,Retired,,,0,2016.csv
2016,Premier League,AFC Bournemouth,summer,out,Josh O'Hanlon,262725,20,Ireland,Centre-Forward,CF,,Without Club,,,0,2016.csv
2016,Premier League,AFC Bournemouth,summer,out,Juan Iturbe,81455,23,Paraguay,Right Winger,RW,15000000.0,AS Roma,Italy,0.0,1,2016.csv
2016,Premier League,AFC Bournemouth,summer,out,Jack Wilshere,74223,25,England,Central Midfield,CM,20000000.0,Arsenal FC,England,0.0,1,2016.csv
2016,Premier League,AFC Bournemouth,summer,out,Marius Adamonis,300137,19,Lithuania,Goalkeeper,GK,50000.0,FK Atlantas Klaipeda (-2020),Lithuania,0.0,1,2016.csv
2016,Premier League,AFC Bournemouth,winter,out,Glenn Murray,45693,33,England,Centre-Forward,CF,3500000.0,Brighton & Hove Albion,England,3500000.0,0,2016.csv
2016,Premier League,AFC Bournemouth,winter,out,Brandon Goodship,423584,22,England,Centre-Forward,CF,,Yeovil Town,England,0.0,0,2016.csv
2016,Premier League,AFC Bournemouth,winter,out,Lewis Grabban,35413,29,Jamaica,Centre-Forward,CF,3000000.0,Reading FC,England,0.0,1,2016.csv
2016,Premier League,AFC Bournemouth,winter,out,Marc Wilson,30456,29,Ireland,Centre-Back,CB,3000000.0,West Bromwich Albion,England,0.0,1,2016.csv
2016,Premier League,AFC Bournemouth,winter,out,Harry Cornick,255703,21,England,Centre-Forward,CF,100000.0,Gillingham FC,England,0.0,1,2016.csv
2016,Premier League,AFC Bournemouth,winter,out,Nathan Aké,177476,21,Netherlands,Centre-Back,CB,5000000.0,Chelsea FC,England,0.0,1,2016.csv
2016,Premier League,Arsenal FC,summer,in,Granit Xhaka,111455,23,Switzerland,Defensive Midfield,DM,35000000.0,Borussia Mönchengladbach,Germany,45000000.0,0,2016.csv
2016,Premier League,Arsenal FC,summer,in,Shkodran Mustafi,88590,24,Germany,Centre-Back,CB,20000000.0,Valencia CF,Spain,41000000.0,0,2016.csv
2016,Premier League,Arsenal FC,summer,in,Lucas Pérez,73185,27,Spain,Centre-Forward,CF,12000000.0,Deportivo de La Coruña,Spain,20000000.0,0,2016.csv
2016,Premier League,Arsenal FC,summer,in,Takuma Asano,245744,21,Japan,Right Winger,RW,1200000.0,Sanfrecce Hiroshima,Japan,4000000.0,0,2016.csv
2016,Premier League,Arsenal FC,summer,in,Rob Holding,253341,20,England,Centre-Back,CB,250000.0,Bolton Wanderers,England,3000000.0,0,2016.csv
2016,Premier League,Arsenal FC,summer,out,Serge Gnabry,159471,21,Germany,Left Winger,LW,2500000.0,SV Werder Bremen,Germany,5000000.0,0,2016.csv
2016,Premier League,Arsenal FC,summer,out,Wellington Silva,121990,23,Brazil,Right Winger,RW,2000000.0,Fluminense Football Club,Brazil,3000000.0,0,2016.csv
2016,Premier League,Arsenal FC,summer,out,Jack Wilshere,74223,24,England,Central Midfield,CM,23000000.0,AFC Bournemouth,England,2350000.0,1,2016.csv
2016,Premier League,Arsenal FC,summer,out,Tomas Rosicky,132,35,Czech Republic,Attacking Midfield,AM,1000000.0,AC Sparta Prague,Czech Republic,0.0,0,2016.csv
2016,Premier League,Arsenal FC,summer,out,Joel Campbell,131248,24,Costa Rica,Right Winger,RW,8000000.0,Sporting CP,Portugal,0.0,1,2016.csv
2016,Premier League,Arsenal FC,summer,out,Takuma Asano,245744,21,Japan,Right Winger,RW,1500000.0,VfB Stuttgart,Germany,0.0,1,2016.csv
2016,Premier League,Arsenal FC,summer,out,Calum Chambers,215118,21,England,Centre-Back,CB,12000000.0,Middlesbrough FC,England,0.0,1,2016.csv
2016,Premier League,Arsenal FC,summer,out,Mikel Arteta,7451,34,Spain,Central Midfield,CM,2000000.0,Retired,,,0,2016.csv
2016,Premier League,Arsenal FC,summer,out,Mathieu Flamini,17396,32,France,Defensive Midfield,DM,4000000.0,Without Club,,,0,2016.csv
2016,Premier League,Arsenal FC,winter,out,Krystian Bielik,287247,19,Poland,Centre-Back,CB,1500000.0,Birmingham City,England,0.0,1,2016.csv
2016,Premier League,Arsenal FC,winter,out,Matt Macey,220491,22,England,Goalkeeper,GK,500000.0,Luton Town,England,0.0,1,2016.csv
2016,Premier League,Arsenal FC,winter,out,Chuba Akpom,197642,21,England,Centre-Forward,CF,1000000.0,Brighton & Hove Albion,England,0.0,1,2016.csv
2016,Premier League,Burnley FC,summer,in,Jeff Hendrick,148262,24,Ireland,Central Midfield,CM,1500000.0,Derby County,England,11800000.0,0,2016.csv
2016,Premier League,Burnley FC,summer,in,Steven Defour,33866,28,Belgium,Defensive Midfield,DM,6000000.0,RSC Anderlecht,Belgium,8600000.0,0,2016.csv
2016,Premier League,Burnley FC,summer,in,Jóhann Berg Gudmundsson,89231,25,Iceland,Right Winger,RW,2000000.0,Charlton Athletic,England,3000000.0,0,2016.csv
2016,Premier League,Burnley FC,summer,in,Nick Pope,192080,24,England,Goalkeeper,GK,200000.0,Charlton Athletic,England,1300000.0,0,2016.csv
2016,Premier League,Burnley FC,summer,in,Patrick Bamford,183334,22,England,Centre-Forward,CF,5000000.0,Chelsea FC,England,0.0,1,2016.csv
2016,Premier League,Burnley FC,summer,in,Jon Flanagan,145922,23,England,Right-Back,RB,5000000.0,Liverpool FC,England,0.0,1,2016.csv
2016,Premier League,Burnley FC,winter,in,Robbie Brady,128229,25,Ireland,Left Midfield,LM,8000000.0,Norwich City,England,15100000.0,0,2016.csv
2016,Premier League,Burnley FC,winter,in,Ashley Westwood,91317,26,England,Defensive Midfield,DM,4000000.0,Aston Villa,England,5800000.0,0,2016.csv
2016,Premier League,Burnley FC,winter,in,Harry Flowers,562842,20,England,Centre-Back,CB,,Brocton FC,England,,0,2016.csv
2016,Premier League,Burnley FC,winter,in,Joey Barton,3292,34,England,Central Midfield,CM,1500000.0,Without Club,,,0,2016.csv
2016,Premier League,Burnley FC,summer,out,Matt Gilks,48254,34,Scotland,Goalkeeper,GK,500000.0,Rangers FC,Scotland,0.0,0,2016.csv
2016,Premier League,Burnley FC,summer,out,Lloyd Dyer,3668,33,England,Left Midfield,LM,500000.0,Burton Albion,England,0.0,0,2016.csv
2016,Premier League,Burnley FC,summer,out,Matthew Taylor,9218,34,England,Left Midfield,LM,500000.0,Northampton Town,England,0.0,0,2016.csv
2016,Premier League,Burnley FC,summer,out,Joey Barton,3292,33,England,Central Midfield,CM,1500000.0,Rangers FC,Scotland,0.0,0,2016.csv
2016,Premier League,Burnley FC,summer,out,Luke Conlan,248730,21,Northern Ireland,Left-Back,LB,50000.0,Morecambe FC,England,0.0,0,2016.csv
2016,Premier League,Burnley FC,summer,out,David Jones,24634,31,England,Central Midfield,CM,2000000.0,Sheffield Wednesday,England,0.0,0,2016.csv
2016,Premier League,Burnley FC,summer,out,Ntumba Massanka,385922,19,England,Centre-Forward,CF,,Morecambe FC,England,0.0,1,2016.csv
2016,Premier League,Burnley FC,summer,out,Tom Anderson,128828,22,England,Centre-Back,CB,250000.0,Chesterfield FC,England,0.0,1,2016.csv
2016,Premier League,Burnley FC,summer,out,George Green,236499,20,England,Central Midfield,CM,150000.0,Kilmarnock FC,Scotland,0.0,1,2016.csv
2016,Premier League,Burnley FC,summer,out,Alex Whitmore,385917,20,England,Centre-Back,CB,,Morecambe FC,England,0.0,1,2016.csv
2016,Premier League,Burnley FC,summer,out,Chris Long,183298,21,England,Centre-Forward,CF,1000000.0,Fleetwood Town,England,0.0,1,2016.csv
2016,Premier League,Burnley FC,summer,out,Luke Hendrie,158786,21,England,Right-Back,RB,,Kilmarnock FC,Scotland,0.0,1,2016.csv
2016,Premier League,Burnley FC,summer,out,Rouwen Hennings,16311,28,Germany,Centre-Forward,CF,2000000.0,Fortuna Düsseldorf,Germany,0.0,1,2016.csv
2016,Premier League,Burnley FC,summer,out,Lukas Jutkiewicz,33507,27,England,Centre-Forward,CF,1000000.0,Birmingham City,England,0.0,1,2016.csv
2016,Premier League,Burnley FC,summer,out,Danny Lafferty,85928,27,Northern Ireland,Left-Back,LB,500000.0,Sheffield United,England,0.0,1,2016.csv
2016,Premier League,Burnley FC,summer,out,Fredrik Ulvestad,158022,24,Norway,Central Midfield,CM,750000.0,Charlton Athletic,England,0.0,1,2016.csv
2016,Premier League,Burnley FC,summer,out,Michael Duff,36894,38,Northern Ireland,Centre-Back,CB,500000.0,Retired,,,0,2016.csv
2016,Premier League,Burnley FC,summer,out,Jon Flanagan,145922,24,England,Right-Back,RB,3500000.0,Liverpool FC,England,0.0,1,2016.csv
2016,Premier League,Burnley FC,winter,out,Lukas Jutkiewicz,33507,27,England,Centre-Forward,CF,1000000.0,Birmingham City,England,1200000.0,0,2016.csv
2016,Premier League,Burnley FC,winter,out,Danny Lafferty,85928,27,Northern Ireland,Left-Back,LB,500000.0,Sheffield United,England,0.0,0,2016.csv
2016,Premier League,Burnley FC,winter,out,Ntumba Massanka,385922,20,England,Centre-Forward,CF,,Wrexham AFC,England,0.0,1,2016.csv
2016,Premier League,Burnley FC,winter,out,George Green,236499,21,England,Central Midfield,CM,150000.0,Salford City,England,0.0,1,2016.csv
2016,Premier League,Burnley FC,winter,out,Chris Long,183298,21,England,Centre-Forward,CF,1000000.0,Bolton Wanderers,England,0.0,1,2016.csv
2016,Premier League,Burnley FC,winter,out,Michael Kightly,25366,31,England,Left Winger,LW,1500000.0,Burton Albion,England,0.0,1,2016.csv
2016,Premier League,Burnley FC,winter,out,Aiden O'Neill,385918,18,Australia,Defensive Midfield,DM,,Oldham Athletic,England,0.0,1,2016.csv
2016,Premier League,Burnley FC,winter,out,Patrick Bamford,183334,23,England,Centre-Forward,CF,5000000.0,Chelsea FC,England,0.0,1,2016.csv
2016,Premier League,Chelsea FC,summer,in,Michy Batshuayi,179184,22,Belgium,Centre-Forward,CF,15000000.0,Olympique Marseille,France,39000000.0,0,2016.csv
2016,Premier League,Chelsea FC,summer,in,N'Golo Kanté,225083,25,France,Defensive Midfield,DM,20000000.0,Leicester City,England,35800000.0,0,2016.csv
2016,Premier League,Chelsea FC,summer,in,David Luiz,46741,29,Brazil,Centre-Back,CB,28000000.0,Paris Saint-Germain,France,35000000.0,0,2016.csv
2016,Premier League,Chelsea FC,summer,in,Marcos Alonso,112515,25,Spain,Centre-Back,CB,9000000.0,ACF Fiorentina,Italy,23000000.0,0,2016.csv
2016,Premier League,Chelsea FC,summer,in,Eduardo,34159,33,Portugal,Goalkeeper,GK,1500000.0,GNK Dinamo Zagreb,Croatia,,0,2016.csv
2016,Premier League,Chelsea FC,summer,out,Mohamed Salah,148455,24,Egypt,Right Winger,RW,23000000.0,AS Roma,Italy,15000000.0,0,2016.csv
2016,Premier League,Chelsea FC,summer,out,Papy Djilobodji,136610,27,Senegal,Centre-Back,CB,4500000.0,Sunderland AFC,England,9500000.0,0,2016.csv
2016,Premier League,Chelsea FC,summer,out,Juan Cuadrado,91970,28,Colombia,Right Midfield,RM,25000000.0,Juventus FC,Italy,5000000.0,1,2016.csv
2016,Premier League,Chelsea FC,summer,out,Stipe Perica,245072,20,Croatia,Centre-Forward,CF,1000000.0,Udinese Calcio,Italy,4500000.0,0,2016.csv
2016,Premier League,Chelsea FC,summer,out,Marko Marin,35251,27,Germany,Attacking Midfield,AM,3000000.0,Olympiacos Piraeus,Greece,3000000.0,0,2016.csv
2016,Premier League,Chelsea FC,summer,out,Bertrand Traoré,131996,20,Burkina Faso,Right Winger,RW,4000000.0,Ajax Amsterdam,Netherlands,2000000.0,1,2016.csv
2016,Premier League,Chelsea FC,summer,out,Loïc Rémy,45121,29,France,Centre-Forward,CF,9000000.0,Crystal Palace,England,1000000.0,1,2016.csv
2016,Premier League,Chelsea FC,summer,out,Mario Pasalić,205938,21,Croatia,Central Midfield,CM,4500000.0,AC Milan,Italy,1000000.0,1,2016.csv
2016,Premier League,Chelsea FC,summer,out,Christian Atsu,186997,24,Ghana,Left Winger,LW,3000000.0,Newcastle United,England,500000.0,1,2016.csv
2016,Premier League,Chelsea FC,summer,out,Abdul Rahman Baba,224884,22,Ghana,Left-Back,LB,12000000.0,FC Schalke 04,Germany,500000.0,1,2016.csv
2016,Premier League,Chelsea FC,summer,out,Matt Miazga,245893,21,United States,Centre-Back,CB,2500000.0,Vitesse Arnhem,Netherlands,0.0,1,2016.csv
2016,Premier League,Chelsea FC,summer,out,Jamal Blackman,128898,22,England,Goalkeeper,GK,250000.0,Wycombe Wanderers,England,0.0,1,2016.csv
2016,Premier League,Chelsea FC,summer,out,Danilo Pantic,222830,19,Serbia,Attacking Midfield,AM,750000.0,SBV Excelsior,Netherlands,0.0,1,2016.csv
2016,Premier League,Chelsea FC,summer,out,Michael Hector,157490,24,Jamaica,Centre-Back,CB,4000000.0,Eintracht Frankfurt,Germany,0.0,1,2016.csv
2016,Premier League,Chelsea FC,summer,out,Patrick Bamford,183334,22,England,Centre-Forward,CF,5000000.0,Burnley FC,England,0.0,1,2016.csv
2016,Premier League,Chelsea FC,summer,out,Matej Delac,60220,23,Croatia,Goalkeeper,GK,1000000.0,Royal Excel Mouscron (-2022),Belgium,0.0,1,2016.csv
2016,Premier League,Chelsea FC,summer,out,Kenedy,281404,20,Brazil,Left Winger,LW,8000000.0,Watford FC,England,0.0,1,2016.csv
2016,Premier League,Chelsea FC,summer,out,Kenneth Omeruo,131708,22,Nigeria,Centre-Back,CB,2300000.0,Alanyaspor,Türkiye,0.0,1,2016.csv
2016,Premier League,Chelsea FC,summer,out,Cristian Cuevas,186863,21,Chile,Left Winger,LW,1200000.0,Sint-Truidense VV,Belgium,0.0,1,2016.csv
2016,Premier League,Chelsea FC,summer,out,Tomas Kalas,148657,23,Czech Republic,Centre-Back,CB,3000000.0,Fulham FC,England,0.0,1,2016.csv
2016,Premier League,Chelsea FC,summer,out,Nathan Aké,177476,21,Netherlands,Centre-Back,CB,4500000.0,AFC Bournemouth,England,0.0,1,2016.csv
2016,Premier League,Chelsea FC,summer,out,Lucas Piazón,176485,22,Brazil,Defensive Midfield,DM,2500000.0,Fulham FC,England,0.0,1,2016.csv
2016,Premier League,Chelsea FC,summer,out,Marco Amelia,16810,34,Italy,Goalkeeper,GK,250000.0,Without Club,,,0,2016.csv
2016,Premier League,Chelsea FC,summer,out,Alexandre Pato,37579,26,Brazil,Centre-Forward,CF,11000000.0,Sport Club Corinthians Paulista,Brazil,0.0,1,2016.csv
2016,Premier League,Chelsea FC,summer,out,Radamel Falcao,39152,30,Colombia,Centre-Forward,CF,23000000.0,AS Monaco,France,0.0,1,2016.csv
2016,Premier League,Chelsea FC,winter,out,Oscar,85314,25,Brazil,Attacking Midfield,AM,35000000.0,Shanghai SIPG,China,60000000.0,0,2016.csv
2016,Premier League,Chelsea FC,winter,out,Patrick Bamford,183334,23,England,Centre-Forward,CF,5000000.0,Middlesbrough FC,England,6900000.0,0,2016.csv
2016,Premier League,Chelsea FC,winter,out,John Obi Mikel,30739,29,Nigeria,Defensive Midfield,DM,11000000.0,Tianjin Teda,China,0.0,0,2016.csv
2016,Premier League,Chelsea FC,winter,out,Branislav Ivanovic,36827,32,Serbia,Right-Back,RB,10000000.0,Zenit St. Petersburg,Russia,0.0,0,2016.csv
2016,Premier League,Chelsea FC,winter,out,Marco van Ginkel,147034,24,Netherlands,Central Midfield,CM,7000000.0,PSV Eindhoven,Netherlands,0.0,1,2016.csv
2016,Premier League,Crystal Palace,summer,in,Christian Benteke,50201,25,Belgium,Centre-Forward,CF,27000000.0,Liverpool FC,England,31200000.0,0,2016.csv
2016,Premier League,Crystal Palace,summer,in,Andros Townsend,61842,24,England,Right Winger,RW,9000000.0,Newcastle United,England,15600000.0,0,2016.csv
2016,Premier League,Crystal Palace,summer,in,James Tomkins,61592,27,England,Centre-Back,CB,6000000.0,West Ham United,England,11700000.0,0,2016.csv
2016,Premier League,Crystal Palace,summer,in,Loïc Rémy,45121,29,France,Centre-Forward,CF,9000000.0,Chelsea FC,England,1000000.0,1,2016.csv
2016,Premier League,Crystal Palace,summer,in,Steve Mandanda,23951,31,France,Goalkeeper,GK,10000000.0,Olympique Marseille,France,0.0,0,2016.csv
2016,Premier League,Crystal Palace,summer,in,Jonathan Benteke,273773,21,Belgium,Centre-Forward,CF,400000.0,Zulte Waregem,Belgium,,0,2016.csv
2016,Premier League,Crystal Palace,summer,in,Mathieu Flamini,17396,32,France,Defensive Midfield,DM,4000000.0,Without Club,,,0,2016.csv
2016,Premier League,Crystal Palace,winter,in,Luka Milivojevic,74300,25,Serbia,Defensive Midfield,DM,8000000.0,Olympiacos Piraeus,Greece,15100000.0,0,2016.csv
2016,Premier League,Crystal Palace,winter,in,Jeffrey Schlupp,157506,24,Ghana,Left Midfield,LM,8000000.0,Leicester City,England,13800000.0,0,2016.csv
2016,Premier League,Crystal Palace,winter,in,Patrick van Aanholt,52119,26,Netherlands,Left-Back,LB,6000000.0,Sunderland AFC,England,10500000.0,0,2016.csv
2016,Premier League,Crystal Palace,winter,in,Mamadou Sakho,47713,26,France,Centre-Back,CB,12000000.0,Liverpool FC,England,2300000.0,1,2016.csv
2016,Premier League,Crystal Palace,summer,out,Yannick Bolasie,75471,27,DR Congo,Centre-Forward,CF,14000000.0,Everton FC,England,28900000.0,0,2016.csv
2016,Premier League,Crystal Palace,summer,out,Dwight Gayle,196522,26,England,Centre-Forward,CF,3000000.0,Newcastle United,England,12000000.0,0,2016.csv
2016,Premier League,Crystal Palace,summer,out,Alex McCarthy,95976,26,England,Goalkeeper,GK,3000000.0,Southampton FC,England,4700000.0,0,2016.csv
2016,Premier League,Crystal Palace,summer,out,Mile Jedinak,28336,32,Australia,Defensive Midfield,DM,5000000.0,Aston Villa,England,4600000.0,0,2016.csv
2016,Premier League,Crystal Palace,summer,out,Adrian Mariappa,38145,29,Jamaica,Centre-Back,CB,2000000.0,Watford FC,England,0.0,0,2016.csv
2016,Premier League,Crystal Palace,summer,out,Connor Dymond,261367,21,England,Defensive Midfield,DM,,Bromley FC,England,0.0,0,2016.csv
2016,Premier League,Crystal Palace,summer,out,Chris Kettings,177953,23,Scotland,Goalkeeper,GK,250000.0,Oldham Athletic,England,0.0,0,2016.csv
2016,Premier League,Crystal Palace,summer,out,Freddie Ladapo,233998,23,England,Centre-Forward,CF,50000.0,Oldham Athletic,England,0.0,1,2016.csv
2016,Premier League,Crystal Palace,summer,out,Hiram Boateng,244125,20,England,Central Midfield,CM,500000.0,Bristol Rovers,England,0.0,1,2016.csv
2016,Premier League,Crystal Palace,summer,out,Keshi Anderson,353674,21,England,Left Winger,LW,75000.0,Bolton Wanderers,England,0.0,1,2016.csv
2016,Premier League,Crystal Palace,summer,out,Jonny Williams,170322,22,Wales,Attacking Midfield,AM,1000000.0,Ipswich Town,England,0.0,1,2016.csv
2016,Premier League,Crystal Palace,summer,out,Sullay Kaikai,244130,21,Sierra Leone,Left Winger,LW,100000.0,Brentford FC,England,0.0,1,2016.csv
2016,Premier League,Crystal Palace,summer,out,Ryan Inniss,183284,21,England,Centre-Back,CB,75000.0,Southend United,England,0.0,1,2016.csv
2016,Premier League,Crystal Palace,summer,out,Patrick McCarthy,29974,33,Ireland,Centre-Back,CB,500000.0,Retired,,,0,2016.csv
2016,Premier League,Crystal Palace,summer,out,Brede Hangeland,25553,35,Norway,Centre-Back,CB,,Retired,,,0,2016.csv
2016,Premier League,Crystal Palace,summer,out,Marouane Chamakh,19085,32,Morocco,Centre-Forward,CF,2000000.0,Without Club,,,0,2016.csv
2016,Premier League,Crystal Palace,summer,out,Emmanuel Adebayor,8883,32,Togo,Centre-Forward,CF,2500000.0,Without Club,,,0,2016.csv
2016,Premier League,Crystal Palace,summer,out,Mamadou Sakho,47713,27,France,Centre-Back,CB,10000000.0,Liverpool FC,England,0.0,1,2016.csv
2016,Premier League,Crystal Palace,summer,out,Loïc Rémy,45121,30,France,Centre-Forward,CF,9000000.0,Chelsea FC,England,0.0,1,2016.csv
2016,Premier League,Crystal Palace,winter,out,Hiram Boateng,244125,20,England,Central Midfield,CM,500000.0,Northampton Town,England,0.0,1,2016.csv
2016,Premier League,Crystal Palace,winter,out,Freddie Ladapo,233998,23,England,Centre-Forward,CF,50000.0,Shrewsbury Town,England,0.0,1,2016.csv
2016,Premier League,Crystal Palace,winter,out,Keshi Anderson,353674,21,England,Left Winger,LW,100000.0,Northampton Town,England,0.0,1,2016.csv
2016,Premier League,Crystal Palace,winter,out,Kwesi Appiah,121223,26,Ghana,Centre-Forward,CF,250000.0,Viking FK,Norway,0.0,1,2016.csv
2016,Premier League,Crystal Palace,winter,out,Jordon Mutch,57207,25,England,Central Midfield,CM,4000000.0,Reading FC,England,0.0,1,2016.csv
2016,Premier League,Everton FC,summer,in,Yannick Bolasie,75471,27,DR Congo,Centre-Forward,CF,14000000.0,Crystal Palace,England,28900000.0,0,2016.csv
2016,Premier League,Everton FC,summer,in,Ashley Williams,67355,31,Wales,Centre-Back,CB,8000000.0,Swansea City,England,14000000.0,0,2016.csv
2016,Premier League,Everton FC,summer,in,Idrissa Gueye,126665,26,Senegal,Defensive Midfield,DM,9000000.0,Aston Villa,England,8500000.0,0,2016.csv
2016,Premier League,Everton FC,summer,in,Dominic Calvert-Lewin,306024,19,England,Centre-Forward,CF,100000.0,Sheffield United,England,1800000.0,0,2016.csv
2016,Premier League,Everton FC,summer,in,Maarten Stekelenburg,4311,33,Netherlands,Goalkeeper,GK,1000000.0,Fulham FC,England,1000000.0,0,2016.csv
2016,Premier League,Everton FC,summer,in,Enner Valencia,139503,26,Ecuador,Centre-Forward,CF,10000000.0,West Ham United,England,0.0,1,2016.csv
2016,Premier League,Everton FC,winter,in,Morgan Schneiderlin,56818,27,France,Defensive Midfield,DM,28000000.0,Manchester United,England,23000000.0,0,2016.csv
2016,Premier League,Everton FC,winter,in,Ademola Lookman,406040,19,Nigeria,Second Striker,SS,1500000.0,Charlton Athletic,England,8800000.0,0,2016.csv
2016,Premier League,Everton FC,summer,out,John Stones,186590,22,England,Centre-Back,CB,28000000.0,Manchester City,England,55600000.0,0,2016.csv
2016,Premier League,Everton FC,summer,out,Tim Howard,4267,37,United States,Goalkeeper,GK,2000000.0,Colorado Rapids,United States,0.0,0,2016.csv
2016,Premier League,Everton FC,summer,out,Steven Pienaar,4321,34,South Africa,Left Midfield,LM,1500000.0,Sunderland AFC,England,0.0,0,2016.csv
2016,Premier League,Everton FC,summer,out,Shani Tarashaj,184381,21,Switzerland,Second Striker,SS,4000000.0,Eintracht Frankfurt,Germany,0.0,1,2016.csv
2016,Premier League,Everton FC,summer,out,Luke Garbutt,110860,23,England,Left-Back,LB,2000000.0,Wigan Athletic,England,0.0,1,2016.csv
2016,Premier League,Everton FC,summer,out,Brendan Galloway,208244,20,Zimbabwe,Centre-Back,CB,3000000.0,West Bromwich Albion,England,0.0,1,2016.csv
2016,Premier League,Everton FC,summer,out,Aiden McGeady,21333,30,Ireland,Left Winger,LW,4000000.0,Preston North End,England,0.0,1,2016.csv
2016,Premier League,Everton FC,summer,out,Felipe Mattioni,52432,27,Brazil,Right-Back,RB,500000.0,Without Club,,,0,2016.csv
2016,Premier League,Everton FC,summer,out,Tony Hibbert,3614,35,England,Right-Back,RB,,Retired,,,0,2016.csv
2016,Premier League,Everton FC,summer,out,Leon Osman,3620,35,England,Central Midfield,CM,,Retired,,,0,2016.csv
2016,Premier League,Everton FC,summer,out,Enner Valencia,139503,27,Ecuador,Centre-Forward,CF,10000000.0,West Ham United,England,0.0,1,2016.csv
2016,Premier League,Everton FC,winter,out,Darron Gibson,42413,29,Ireland,Central Midfield,CM,1500000.0,Sunderland AFC,England,2500000.0,0,2016.csv
2016,Premier League,Everton FC,winter,out,Bryan Oviedo,124983,26,Costa Rica,Left-Back,LB,3000000.0,Sunderland AFC,England,2000000.0,0,2016.csv
2016,Premier League,Everton FC,winter,out,Gerard Deulofeu,129476,22,Spain,Centre-Forward,CF,7500000.0,AC Milan,Italy,700000.0,1,2016.csv
2016,Premier League,Everton FC,winter,out,Tom Cleverley,73484,27,England,Central Midfield,CM,9000000.0,Watford FC,England,0.0,1,2016.csv
2016,Premier League,Everton FC,winter,out,Oumar Niasse,209781,26,Senegal,Centre-Forward,CF,12000000.0,Hull City,England,0.0,1,2016.csv
2016,Premier League,Everton FC,winter,out,Tyias Browning,156934,22,China,Centre-Back,CB,1000000.0,Preston North End,England,0.0,1,2016.csv
2016,Premier League,Everton FC,winter,out,Leandro Rodríguez,238988,24,Uruguay,Centre-Forward,CF,1500000.0,KVRS Waasland - SK Beveren,Belgium,0.0,1,2016.csv
2016,Premier League,Everton FC,winter,out,Conor McAleny,121260,24,England,Centre-Forward,CF,250000.0,Oxford United,England,0.0,1,2016.csv
2016,Premier League,Hull City,summer,in,Ryan Mason,61834,25,England,Central Midfield,CM,7500000.0,Tottenham Hotspur,England,15400000.0,0,2016.csv
2016,Premier League,Hull City,summer,in,David Marshall,9500,31,Scotland,Goalkeeper,GK,2500000.0,Cardiff City,England,4100000.0,0,2016.csv
2016,Premier League,Hull City,summer,in,Will Keane,118535,23,Ireland,Centre-Forward,CF,1500000.0,Manchester United,England,1200000.0,0,2016.csv
2016,Premier League,Hull City,summer,in,James Weir,251058,21,England,Central Midfield,CM,,Manchester United U23,England,200000.0,0,2016.csv
2016,Premier League,Hull City,summer,in,Jonathan Edwards,336395,19,England,Centre-Forward,CF,,Peterborough United,England,0.0,0,2016.csv
2016,Premier League,Hull City,summer,in,Dieumerci Mbokani,44624,30,DR Congo,Centre-Forward,CF,7000000.0,Dynamo Kyiv,Ukraine,0.0,1,2016.csv
2016,Premier League,Hull City,summer,in,Markus Henriksen,122011,24,Norway,Centre-Back,CB,5000000.0,AZ Alkmaar,Netherlands,0.0,1,2016.csv
2016,Premier League,Hull City,winter,in,Kamil Grosicki,37920,28,Poland,Left Winger,LW,6000000.0,Stade Rennais FC,France,9000000.0,0,2016.csv
2016,Premier League,Hull City,winter,in,Markus Henriksen,122011,24,Norway,Centre-Back,CB,5000000.0,AZ Alkmaar,Netherlands,5300000.0,0,2016.csv
2016,Premier League,Hull City,winter,in,Evandro,53359,30,Brazil,Attacking Midfield,AM,2000000.0,FC Porto,Portugal,2500000.0,0,2016.csv
2016,Premier League,Hull City,winter,in,Andrea Ranocchia,44327,28,Italy,Centre-Back,CB,5000000.0,Inter Milan,Italy,1300000.0,1,2016.csv
2016,Premier League,Hull City,winter,in,Omar Elabdellaoui,121404,25,Norway,Right-Back,RB,5000000.0,Olympiacos Piraeus,Greece,1000000.0,1,2016.csv
2016,Premier League,Hull City,winter,in,Lazar Markovic,144303,22,Serbia,Right Winger,RW,14000000.0,Liverpool FC,England,0.0,1,2016.csv
2016,Premier League,Hull City,winter,in,Oumar Niasse,209781,26,Senegal,Centre-Forward,CF,12000000.0,Everton FC,England,0.0,1,2016.csv
2016,Premier League,Hull City,winter,in,Alfred N'Diaye,77737,26,Senegal,Defensive Midfield,DM,5000000.0,Villarreal CF,Spain,0.0,1,2016.csv
2016,Premier League,Hull City,summer,out,Mohamed Diamé,70950,29,Senegal,Central Midfield,CM,6000000.0,Newcastle United,England,5400000.0,0,2016.csv
2016,Premier League,Hull City,summer,out,Sone Aluko,42198,27,Nigeria,Right Winger,RW,2000000.0,Fulham FC,England,0.0,0,2016.csv
2016,Premier League,Hull City,summer,out,Calaum Jahraldo-Martin,264406,23,Antigua and Barbuda,Right Winger,RW,100000.0,Oldham Athletic,England,0.0,0,2016.csv
2016,Premier League,Hull City,summer,out,Ryan Taylor,33785,31,England,Right-Back,RB,750000.0,Without Club,,,0,2016.csv
2016,Premier League,Hull City,summer,out,Isaac Hayden,206225,21,Jamaica,Defensive Midfield,DM,500000.0,Arsenal FC U23,England,0.0,1,2016.csv
2016,Premier League,Hull City,summer,out,Oumar Niasse,209781,27,Senegal,Centre-Forward,CF,9000000.0,Everton FC,England,0.0,1,2016.csv
2016,Premier League,Hull City,summer,out,Lazar Markovic,144303,23,Serbia,Right Winger,RW,10000000.0,Liverpool FC,England,0.0,1,2016.csv
2016,Premier League,Hull City,winter,out,Robert Snodgrass,22614,29,Scotland,Right Winger,RW,5000000.0,West Ham United,England,12000000.0,0,2016.csv
2016,Premier League,Hull City,winter,out,Jake Livermore,61832,27,England,Defensive Midfield,DM,4500000.0,West Bromwich Albion,England,11500000.0,0,2016.csv
2016,Premier League,Hull City,winter,out,Dusan Kuciak,31886,31,Slovakia,Goalkeeper,GK,1000000.0,Lechia Gdansk,Poland,0.0,0,2016.csv
2016,Premier League,Hull City,winter,out,Johan Ter Horst,318224,21,England,Centre-Forward,CF,,York City,England,0.0,1,2016.csv
2016,Premier League,Hull City,winter,out,Josh Clackstone,453306,20,England,Right-Back,RB,,Notts County,England,0.0,1,2016.csv
2016,Premier League,Hull City,winter,out,Jonathan Edwards,336395,20,England,Centre-Forward,CF,,Accrington Stanley,England,0.0,1,2016.csv
2016,Premier League,Hull City,winter,out,Allan McGregor,9422,34,Scotland,Goalkeeper,GK,1500000.0,Cardiff City,England,0.0,1,2016.csv
2016,Premier League,Hull City,winter,out,James Weir,251058,21,England,Central Midfield,CM,500000.0,Wigan Athletic,England,0.0,1,2016.csv
2016,Premier League,Hull City,winter,out,Alex Bruce,37957,32,Northern Ireland,Centre-Back,CB,1000000.0,Wigan Athletic,England,0.0,1,2016.csv
2016,Premier League,Hull City,winter,out,Markus Henriksen,122011,24,Norway,Centre-Back,CB,5000000.0,AZ Alkmaar,Netherlands,0.0,1,2016.csv
2016,Premier League,Leicester City,summer,in,Islam Slimani,174915,28,Algeria,Centre-Forward,CF,22000000.0,Sporting CP,Portugal,31000000.0,0,2016.csv
2016,Premier League,Leicester City,summer,in,Ahmed Musa,168337,23,Nigeria,Left Winger,LW,18000000.0,CSKA Moscow,Russia,19500000.0,0,2016.csv
2016,Premier League,Leicester City,summer,in,Nampalys Mendy,111051,24,Senegal,Defensive Midfield,DM,7500000.0,OGC Nice,France,15500000.0,0,2016.csv
2016,Premier League,Leicester City,summer,in,Bartosz Kapustka,246579,19,Poland,Attacking Midfield,AM,5000000.0,Cracovia,Poland,5000000.0,0,2016.csv
2016,Premier League,Leicester City,summer,in,Ron-Robert Zieler,21327,27,Germany,Goalkeeper,GK,8000000.0,Hannover 96,Germany,3500000.0,0,2016.csv
2016,Premier League,Leicester City,summer,in,Luis Hernández,62945,27,Spain,Centre-Back,CB,2500000.0,Sporting Gijón,Spain,0.0,0,2016.csv
2016,Premier League,Leicester City,winter,in,Wilfred Ndidi,274839,20,Nigeria,Defensive Midfield,DM,8000000.0,KRC Genk,Belgium,17600000.0,0,2016.csv
2016,Premier League,Leicester City,winter,in,Molla Wagué,129893,25,Mali,Centre-Back,CB,1800000.0,Granada CF,Spain,0.0,1,2016.csv
2016,Premier League,Leicester City,winter,in,Josh Gordon,426426,22,England,Centre-Forward,CF,,Stafford Rangers,England,,0,2016.csv
2016,Premier League,Leicester City,summer,out,N'Golo Kanté,225083,25,France,Defensive Midfield,DM,20000000.0,Chelsea FC,England,35800000.0,0,2016.csv
2016,Premier League,Leicester City,summer,out,Andrej Kramaric,46580,25,Croatia,Attacking Midfield,AM,7500000.0,TSG 1899 Hoffenheim,Germany,11000000.0,0,2016.csv
2016,Premier League,Leicester City,summer,out,Ritchie De Laet,55687,27,Belgium,Right-Back,RB,2000000.0,Aston Villa,England,2300000.0,0,2016.csv
2016,Premier League,Leicester City,summer,out,Liam Moore,128906,23,Jamaica,Centre-Back,CB,2000000.0,Reading FC,England,1150000.0,0,2016.csv
2016,Premier League,Leicester City,summer,out,Ryan Watson,121269,22,England,Defensive Midfield,DM,,Barnet FC,England,0.0,0,2016.csv
2016,Premier League,Leicester City,summer,out,Gökhan Inler,19041,32,Switzerland,Defensive Midfield,DM,4500000.0,Besiktas JK,Türkiye,0.0,0,2016.csv
2016,Premier League,Leicester City,summer,out,Paul Konchesky,3296,35,England,Left-Back,LB,500000.0,Gillingham FC,England,0.0,0,2016.csv
2016,Premier League,Leicester City,summer,out,Dean Hammond,33065,33,England,Central Midfield,CM,,Sheffield United,England,0.0,0,2016.csv
2016,Premier League,Leicester City,summer,out,Jacob Blyth,251914,23,England,Centre-Forward,CF,100000.0,Motherwell FC,Scotland,0.0,0,2016.csv
2016,Premier League,Leicester City,summer,out,Jonny Maddison,257293,21,England,Goalkeeper,GK,,Yeovil Town,England,0.0,0,2016.csv
2016,Premier League,Leicester City,summer,out,Michael Cain,284763,22,England,Central Midfield,CM,100000.0,Blackpool FC,England,0.0,1,2016.csv
2016,Premier League,Leicester City,summer,out,Callum Elder,271997,21,Australia,Left-Back,LB,100000.0,Brentford FC,England,0.0,1,2016.csv
2016,Premier League,Leicester City,summer,out,Tom Lawrence,229970,22,Wales,Attacking Midfield,AM,1000000.0,Ipswich Town,England,0.0,1,2016.csv
2016,Premier League,Leicester City,summer,out,Mark Schwarzer,3357,43,Australia,Goalkeeper,GK,,Retired,,,0,2016.csv
2016,Premier League,Leicester City,winter,out,Jeffrey Schlupp,157506,24,Ghana,Left Midfield,LM,8000000.0,Crystal Palace,England,13800000.0,0,2016.csv
2016,Premier League,Leicester City,winter,out,Luis Hernández,62945,27,Spain,Centre-Back,CB,3000000.0,Málaga CF,Spain,2000000.0,0,2016.csv
2016,Premier League,Leicester City,winter,out,Matty James,73522,25,England,Central Midfield,CM,1500000.0,Barnsley FC,England,0.0,1,2016.csv
2016,Premier League,Leicester City,winter,out,Callum Elder,271997,22,Australia,Left-Back,LB,200000.0,Barnsley FC,England,0.0,1,2016.csv
2016,Premier League,Liverpool FC,summer,in,Sadio Mané,200512,24,Senegal,Left Winger,LW,20000000.0,Southampton FC,England,41200000.0,0,2016.csv
2016,Premier League,Liverpool FC,summer,in,Georginio Wijnaldum,49499,25,Netherlands,Central Midfield,CM,20000000.0,Newcastle United,England,27500000.0,0,2016.csv
2016,Premier League,Liverpool FC,summer,in,Loris Karius,85864,23,Germany,Goalkeeper,GK,7000000.0,1.FSV Mainz 05,Germany,6200000.0,0,2016.csv
2016,Premier League,Liverpool FC,summer,in,Ragnar Klavan,26669,30,Estonia,Centre-Back,CB,3500000.0,FC Augsburg,Germany,5000000.0,0,2016.csv
2016,Premier League,Liverpool FC,summer,in,Joël Matip,82105,24,Cameroon,Centre-Back,CB,18000000.0,FC Schalke 04,Germany,0.0,0,2016.csv
2016,Premier League,Liverpool FC,summer,in,Alexander Manninger,5278,39,Austria,Goalkeeper,GK,200000.0,FC Augsburg,Germany,0.0,0,2016.csv
2016,Premier League,Liverpool FC,summer,out,Christian Benteke,50201,25,Belgium,Centre-Forward,CF,27000000.0,Crystal Palace,England,31200000.0,0,2016.csv
2016,Premier League,Liverpool FC,summer,out,Jordon Ibe,195652,20,England,Right Winger,RW,7000000.0,AFC Bournemouth,England,18000000.0,0,2016.csv
2016,Premier League,Liverpool FC,summer,out,Joe Allen,51452,26,Wales,Central Midfield,CM,8000000.0,Stoke City,England,15500000.0,0,2016.csv
2016,Premier League,Liverpool FC,summer,out,Luis Alberto,128220,23,Spain,Attacking Midfield,AM,4000000.0,SS Lazio,Italy,7600000.0,0,2016.csv
2016,Premier League,Liverpool FC,summer,out,Martin Skrtel,24180,31,Slovakia,Centre-Back,CB,8000000.0,Fenerbahce,Türkiye,6000000.0,0,2016.csv
2016,Premier League,Liverpool FC,summer,out,Brad Smith,175745,22,Australia,Left-Back,LB,100000.0,AFC Bournemouth,England,3600000.0,0,2016.csv
2016,Premier League,Liverpool FC,summer,out,Lawrence Vigouroux,243591,22,Chile,Goalkeeper,GK,100000.0,Swindon Town,England,480000.0,0,2016.csv
2016,Premier League,Liverpool FC,summer,out,Mario Balotelli,45146,26,Italy,Centre-Forward,CF,6000000.0,OGC Nice,France,0.0,0,2016.csv
2016,Premier League,Liverpool FC,summer,out,Kolo Touré,3202,35,Cote d'Ivoire,Centre-Back,CB,2000000.0,Celtic FC,Scotland,0.0,0,2016.csv
2016,Premier League,Liverpool FC,summer,out,Lazar Markovic,144303,22,Serbia,Right Winger,RW,14000000.0,Sporting CP,Portugal,0.0,1,2016.csv
2016,Premier League,Liverpool FC,summer,out,Andre Wisdom,128912,23,England,Right-Back,RB,3000000.0,Red Bull Salzburg,Austria,0.0,1,2016.csv
2016,Premier League,Liverpool FC,summer,out,Taiwo Awoniyi,295313,19,Nigeria,Centre-Forward,CF,300000.0,NEC Nijmegen,Netherlands,0.0,1,2016.csv
2016,Premier League,Liverpool FC,summer,out,Jon Flanagan,145922,23,England,Right-Back,RB,5000000.0,Burnley FC,England,0.0,1,2016.csv
2016,Premier League,Liverpool FC,summer,out,Ádám Bogdán,55247,28,Hungary,Goalkeeper,GK,2000000.0,Wigan Athletic,England,0.0,1,2016.csv
2016,Premier League,Liverpool FC,summer,out,Danny Ward,203026,23,Wales,Goalkeeper,GK,1500000.0,Huddersfield Town,England,0.0,1,2016.csv
2016,Premier League,Liverpool FC,summer,out,Samed Yesil,95295,22,Germany,Centre-Forward,CF,750000.0,Without Club,,,0,2016.csv
2016,Premier League,Liverpool FC,winter,out,Tiago Ilori,177859,23,Portugal,Centre-Back,CB,3000000.0,Reading FC,England,4300000.0,0,2016.csv
2016,Premier League,Liverpool FC,winter,out,Mamadou Sakho,47713,26,France,Centre-Back,CB,12000000.0,Crystal Palace,England,2300000.0,1,2016.csv
2016,Premier League,Liverpool FC,winter,out,Lazar Markovic,144303,22,Serbia,Right Winger,RW,14000000.0,Hull City,England,0.0,1,2016.csv
2016,Premier League,Manchester City,summer,in,John Stones,186590,22,England,Centre-Back,CB,28000000.0,Everton FC,England,55600000.0,0,2016.csv
2016,Premier League,Manchester City,summer,in,Leroy Sané,192565,20,Germany,Right Winger,RW,30000000.0,FC Schalke 04,Germany,52000000.0,0,2016.csv
2016,Premier League,Manchester City,summer,in,İlkay Gündoğan,53622,25,Germany,Central Midfield,CM,30000000.0,Borussia Dortmund,Germany,27000000.0,0,2016.csv
2016,Premier League,Manchester City,summer,in,Claudio Bravo,40423,33,Chile,Goalkeeper,GK,15000000.0,FC Barcelona,Spain,18000000.0,0,2016.csv
2016,Premier League,Manchester City,summer,in,Nolito,70934,29,Spain,Left Winger,LW,15000000.0,Celta de Vigo,Spain,18000000.0,0,2016.csv
2016,Premier League,Manchester City,summer,in,Marlos Moreno,345654,19,Colombia,Left Winger,LW,1000000.0,Atlético Nacional,Colombia,5500000.0,0,2016.csv
2016,Premier League,Manchester City,summer,in,Gerónimo Rulli,229604,24,Argentina,Goalkeeper,GK,8000000.0,Club Deportivo Maldonado,Uruguay,4700000.0,0,2016.csv
2016,Premier League,Manchester City,summer,in,Oleksandr Zinchenko,203853,19,Ukraine,Left-Back,LB,4000000.0,FC Ufa,Russia,2250000.0,0,2016.csv
2016,Premier League,Manchester City,summer,in,Pablo Marí,210178,22,Spain,Centre-Back,CB,500000.0,Gimnàstic de Tarragona,Spain,200000.0,0,2016.csv
2016,Premier League,Manchester City,summer,in,Aaron Mooy,123951,25,Australia,Central Midfield,CM,750000.0,Melbourne City FC,Australia,0.0,0,2016.csv
2016,Premier League,Manchester City,winter,in,Gabriel Jesus,363205,19,Brazil,Centre-Forward,CF,16000000.0,Sociedade Esportiva Palmeiras,Brazil,32000000.0,0,2016.csv
2016,Premier League,Manchester City,winter,in,Yangel Herrera,378293,19,Venezuela,Central Midfield,CM,900000.0,Atlético Venezuela,Venezuela,1000000.0,0,2016.csv
2016,Premier League,Manchester City,summer,out,Edin Džeko,28396,30,Bosnia-Herzegovina,Centre-Forward,CF,15000000.0,AS Roma,Italy,11000000.0,0,2016.csv
2016,Premier League,Manchester City,summer,out,Wilfried Bony,81808,27,Cote d'Ivoire,Centre-Forward,CF,22000000.0,Stoke City,England,2350000.0,1,2016.csv
2016,Premier League,Manchester City,summer,out,Florian Lejeune,127108,25,France,Centre-Back,CB,800000.0,SD Eibar,Spain,1500000.0,0,2016.csv
2016,Premier League,Manchester City,summer,out,Martín Demichelis,2963,35,Argentina,Centre-Back,CB,1000000.0,RCD Espanyol Barcelona,Spain,0.0,0,2016.csv
2016,Premier League,Manchester City,summer,out,Samir Nasri,18935,29,France,Attacking Midfield,AM,15000000.0,Sevilla FC,Spain,0.0,1,2016.csv
2016,Premier League,Manchester City,summer,out,Jason Denayer,277114,21,Belgium,Centre-Back,CB,4000000.0,Sunderland AFC,England,0.0,1,2016.csv
2016,Premier League,Manchester City,summer,out,Joe Hart,40204,29,England,Goalkeeper,GK,17000000.0,Torino FC,Italy,0.0,1,2016.csv
2016,Premier League,Manchester City,summer,out,Bruno Zuculini,115507,23,Argentina,Defensive Midfield,DM,1500000.0,Rayo Vallecano,Spain,0.0,1,2016.csv
2016,Premier League,Manchester City,summer,out,Bersant Celina,229695,19,Kosovo,Attacking Midfield,AM,,Twente Enschede FC,Netherlands,0.0,1,2016.csv
2016,Premier League,Manchester City,summer,out,Eliaquim Mangala,90681,25,France,Centre-Back,CB,23000000.0,Valencia CF,Spain,0.0,1,2016.csv
2016,Premier League,Manchester City,summer,out,Pablo Marí,210178,22,Spain,Centre-Back,CB,500000.0,Girona FC,Spain,0.0,1,2016.csv
2016,Premier League,Manchester City,summer,out,Gerónimo Rulli,229604,24,Argentina,Goalkeeper,GK,8000000.0,Real Sociedad,Spain,0.0,1,2016.csv
2016,Premier League,Manchester City,summer,out,Marlos Moreno,345654,19,Colombia,Left Winger,LW,1000000.0,Deportivo de La Coruña,Spain,0.0,1,2016.csv
2016,Premier League,Manchester City,summer,out,Enes Ünal,251106,19,Türkiye,Centre-Forward,CF,3000000.0,Twente Enschede FC,Netherlands,0.0,1,2016.csv
2016,Premier League,Manchester City,summer,out,Rubén Sobrino,85383,24,Spain,Centre-Forward,CF,400000.0,Deportivo Alavés,Spain,0.0,1,2016.csv
2016,Premier League,Manchester City,summer,out,Thomas Agyepong,384807,19,Ghana,Left Winger,LW,400000.0,NAC Breda,Netherlands,0.0,1,2016.csv
2016,Premier League,Manchester City,summer,out,Aaron Mooy,123951,25,Australia,Central Midfield,CM,750000.0,Huddersfield Town,England,0.0,1,2016.csv
2016,Premier League,Manchester City,summer,out,Luke Brattan,114365,26,Australia,Defensive Midfield,DM,500000.0,Melbourne City FC,Australia,0.0,1,2016.csv
2016,Premier League,Manchester City,summer,out,Richard Wright,3120,38,England,Goalkeeper,GK,250000.0,Retired,,,0,2016.csv
2016,Premier League,Manchester City,summer,out,Oleksandr Zinchenko,203853,19,Ukraine,Left-Back,LB,4000000.0,PSV Eindhoven,Netherlands,0.0,1,2016.csv
2016,Premier League,Manchester City,winter,out,Stevan Jovetić,46104,27,Montenegro,Second Striker,SS,10000000.0,Inter Milan,Italy,13500000.0,0,2016.csv
2016,Premier League,Manchester City,winter,out,Gerónimo Rulli,229604,24,Argentina,Goalkeeper,GK,8000000.0,Real Sociedad,Spain,7000000.0,0,2016.csv
2016,Premier League,Manchester City,winter,out,Bruno Zuculini,115507,23,Argentina,Defensive Midfield,DM,1200000.0,Hellas Verona,Italy,0.0,1,2016.csv
2016,Premier League,Manchester City,winter,out,Pablo Maffeo,251876,19,Argentina,Right-Back,RB,200000.0,Girona FC,Spain,0.0,1,2016.csv
2016,Premier League,Manchester City,winter,out,Yangel Herrera,378293,19,Venezuela,Central Midfield,CM,900000.0,New York City FC,United States,0.0,1,2016.csv
2016,Premier League,Manchester United,summer,in,Paul Pogba,122153,23,France,Central Midfield,CM,70000000.0,Juventus FC,Italy,105000000.0,0,2016.csv
2016,Premier League,Manchester United,summer,in,Henrikh Mkhitaryan,55735,27,Armenia,Central Midfield,CM,30000000.0,Borussia Dortmund,Germany,42000000.0,0,2016.csv
2016,Premier League,Manchester United,summer,in,Eric Bailly,286384,22,Cote d'Ivoire,Centre-Back,CB,8000000.0,Villarreal CF,Spain,38000000.0,0,2016.csv
2016,Premier League,Manchester United,summer,in,Zlatan Ibrahimović,3455,34,Sweden,Centre-Forward,CF,15000000.0,Paris Saint-Germain,France,0.0,0,2016.csv
2016,Premier League,Manchester United,summer,out,Paddy McNair,167268,21,Northern Ireland,Centre-Back,CB,4000000.0,Sunderland AFC,England,5250000.0,0,2016.csv
2016,Premier League,Manchester United,summer,out,Tyler Blackett,134414,22,England,Centre-Back,CB,1000000.0,Reading FC,England,1800000.0,0,2016.csv
2016,Premier League,Manchester United,summer,out,Will Keane,118535,23,Ireland,Centre-Forward,CF,1500000.0,Hull City,England,1200000.0,0,2016.csv
2016,Premier League,Manchester United,summer,out,Nick Powell,134424,22,England,Attacking Midfield,AM,1500000.0,Wigan Athletic,England,0.0,0,2016.csv
2016,Premier League,Manchester United,summer,out,Víctor Valdés,7589,34,Spain,Goalkeeper,GK,3500000.0,Middlesbrough FC,England,0.0,0,2016.csv
2016,Premier League,Manchester United,summer,out,Guillermo Varela,188862,23,Uruguay,Right-Back,RB,750000.0,Eintracht Frankfurt,Germany,0.0,1,2016.csv
2016,Premier League,Manchester United,summer,out,Adnan Januzaj,177847,21,Belgium,Right Winger,RW,7000000.0,Sunderland AFC,England,0.0,1,2016.csv
2016,Premier League,Manchester United,summer,out,James Wilson,214104,20,England,Centre-Forward,CF,2000000.0,Derby County,England,0.0,1,2016.csv
2016,Premier League,Manchester United,summer,out,Andreas Pereira,203394,20,Brazil,Attacking Midfield,AM,2000000.0,Granada CF,Spain,0.0,1,2016.csv
2016,Premier League,Manchester United,winter,out,Morgan Schneiderlin,56818,27,France,Defensive Midfield,DM,28000000.0,Everton FC,England,23000000.0,0,2016.csv
2016,Premier League,Manchester United,winter,out,Memphis Depay,167850,22,Netherlands,Centre-Forward,CF,25000000.0,Olympique Lyon,France,16000000.0,0,2016.csv
2016,Premier League,Manchester United,winter,out,Bastian Schweinsteiger,2514,32,Germany,Central Midfield,CM,5000000.0,Chicago Fire,United States,0.0,0,2016.csv
2016,Premier League,Manchester United,winter,out,Sam Johnstone,110864,23,England,Goalkeeper,GK,250000.0,Aston Villa,England,0.0,1,2016.csv
2016,Premier League,Middlesbrough FC,summer,in,Marten de Roon,133179,25,Netherlands,Defensive Midfield,DM,5000000.0,Atalanta BC,Italy,10500000.0,0,2016.csv
2016,Premier League,Middlesbrough FC,summer,in,Adama Traoré,204103,20,Spain,Right Winger,RW,8000000.0,Aston Villa,England,8250000.0,0,2016.csv
2016,Premier League,Middlesbrough FC,summer,in,Viktor Fischer,95755,22,Denmark,Left Winger,LW,5000000.0,Ajax Amsterdam,Netherlands,5000000.0,0,2016.csv
2016,Premier League,Middlesbrough FC,summer,in,Antonio Barragán,32522,29,Spain,Right-Back,RB,4000000.0,Valencia CF,Spain,2700000.0,0,2016.csv
2016,Premier League,Middlesbrough FC,summer,in,Fábio,61891,26,Brazil,Right-Back,RB,3000000.0,Cardiff City,England,2300000.0,0,2016.csv
2016,Premier League,Middlesbrough FC,summer,in,Bernardo Espinosa,64598,26,Colombia,Centre-Back,CB,2500000.0,Sporting Gijón,Spain,0.0,0,2016.csv
2016,Premier League,Middlesbrough FC,summer,in,Víctor Valdés,7589,34,Spain,Goalkeeper,GK,3500000.0,Manchester United,England,0.0,0,2016.csv
2016,Premier League,Middlesbrough FC,summer,in,Gastón Ramírez,123742,25,Uruguay,Central Midfield,CM,5000000.0,Southampton FC,England,0.0,0,2016.csv
2016,Premier League,Middlesbrough FC,summer,in,Brad Guzan,39471,31,United States,Goalkeeper,GK,3000000.0,Aston Villa,England,0.0,0,2016.csv
2016,Premier League,Middlesbrough FC,summer,in,Álvaro Negredo,18644,30,Spain,Centre-Forward,CF,7500000.0,Valencia CF,Spain,0.0,1,2016.csv
2016,Premier League,Middlesbrough FC,summer,in,Calum Chambers,215118,21,England,Centre-Back,CB,12000000.0,Arsenal FC,England,0.0,1,2016.csv
2016,Premier League,Middlesbrough FC,winter,in,Rudy Gestede,39908,28,Benin,Centre-Forward,CF,7000000.0,Aston Villa,England,7100000.0,0,2016.csv
2016,Premier League,Middlesbrough FC,winter,in,Patrick Bamford,183334,23,England,Centre-Forward,CF,5000000.0,Chelsea FC,England,6900000.0,0,2016.csv
2016,Premier League,Middlesbrough FC,winter,in,Adlène Guédioura,74768,31,Algeria,Defensive Midfield,DM,1000000.0,Watford FC,England,5200000.0,0,2016.csv
2016,Premier League,Middlesbrough FC,summer,out,Adam Reach,163530,23,England,Left Midfield,LM,1000000.0,Sheffield Wednesday,England,5900000.0,0,2016.csv
2016,Premier League,Middlesbrough FC,summer,out,Albert Adomah,83430,28,Ghana,Right Winger,RW,2000000.0,Aston Villa,England,3500000.0,0,2016.csv
2016,Premier League,Middlesbrough FC,summer,out,Mustapha Carayol,61906,27,The Gambia,Left Winger,LW,1000000.0,Nottingham Forest,England,0.0,0,2016.csv
2016,Premier League,Middlesbrough FC,summer,out,Rhys Williams,82474,27,Australia,Centre-Back,CB,500000.0,Perth Glory,Australia,0.0,0,2016.csv
2016,Premier League,Middlesbrough FC,summer,out,Connor Ripley,163531,23,England,Goalkeeper,GK,250000.0,Oldham Athletic,England,0.0,1,2016.csv
2016,Premier League,Middlesbrough FC,summer,out,Alex Baptiste,16660,30,England,Centre-Back,CB,1500000.0,Preston North End,England,0.0,1,2016.csv
2016,Premier League,Middlesbrough FC,summer,out,Dael Fry,314140,19,England,Centre-Back,CB,250000.0,Rotherham United,England,0.0,1,2016.csv
2016,Premier League,Middlesbrough FC,summer,out,Jonathan Woodgate,3224,36,England,Centre-Back,CB,,Retired,,,0,2016.csv
2016,Premier League,Middlesbrough FC,summer,out,Calum Chambers,215118,22,England,Centre-Back,CB,12000000.0,Arsenal FC,England,0.0,1,2016.csv
2016,Premier League,Middlesbrough FC,summer,out,Michael Agazzi,28862,31,Italy,Goalkeeper,GK,750000.0,AC Milan,Italy,0.0,1,2016.csv
2016,Premier League,Middlesbrough FC,summer,out,Kike Sola,51532,30,Spain,Centre-Forward,CF,1500000.0,Athletic Bilbao,Spain,0.0,1,2016.csv
2016,Premier League,Middlesbrough FC,winter,out,David Nugent,33963,31,England,Centre-Forward,CF,3500000.0,Derby County,England,2900000.0,0,2016.csv
2016,Premier League,Middlesbrough FC,winter,out,Emilio Nsue,59558,27,Equatorial Guinea,Centre-Forward,CF,2000000.0,Birmingham City,England,1200000.0,0,2016.csv
2016,Premier League,Middlesbrough FC,winter,out,Bryn Morris,236508,20,England,Defensive Midfield,DM,250000.0,Shrewsbury Town,England,0.0,0,2016.csv
2016,Premier League,Middlesbrough FC,winter,out,Tomás Mejías,62947,27,Spain,Goalkeeper,GK,250000.0,Rayo Vallecano,Spain,0.0,1,2016.csv
2016,Premier League,Middlesbrough FC,winter,out,Julien De Sart,129592,22,Belgium,Defensive Midfield,DM,2000000.0,Derby County,England,0.0,1,2016.csv
2016,Premier League,Middlesbrough FC,winter,out,Carlos de Pena,257740,24,Uruguay,Left Winger,LW,2500000.0,Real Oviedo,Spain,0.0,1,2016.csv
2016,Premier League,Middlesbrough FC,winter,out,Jordan Rhodes,48950,26,Scotland,Centre-Forward,CF,10000000.0,Sheffield Wednesday,England,0.0,1,2016.csv
2016,Premier League,Middlesbrough FC,winter,out,João Morelli,359191,20,Brazil,Attacking Midfield,AM,,Levadia Tallinn,Estonia,0.0,1,2016.csv
2016,Premier League,Southampton FC,summer,in,Sofiane Boufal,232271,22,Morocco,Attacking Midfield,AM,13000000.0,LOSC Lille,France,18700000.0,0,2016.csv
2016,Premier League,Southampton FC,summer,in,Pierre-Emile Højbjerg,167799,20,Denmark,Defensive Midfield,DM,6000000.0,Bayern Munich,Germany,15000000.0,0,2016.csv
2016,Premier League,Southampton FC,summer,in,Nathan Redmond,129078,22,England,Right Winger,RW,7500000.0,Norwich City,England,13500000.0,0,2016.csv
2016,Premier League,Southampton FC,summer,in,Alex McCarthy,95976,26,England,Goalkeeper,GK,3000000.0,Crystal Palace,England,4700000.0,0,2016.csv
2016,Premier League,Southampton FC,summer,in,Jérémy Pied,60583,27,France,Right-Back,RB,3500000.0,OGC Nice,France,0.0,0,2016.csv
2016,Premier League,Southampton FC,summer,in,Stuart Taylor,3190,35,England,Goalkeeper,GK,250000.0,Without Club,,,0,2016.csv
2016,Premier League,Southampton FC,winter,in,Manolo Gabbiadini,112343,25,Italy,Centre-Forward,CF,15000000.0,SSC Napoli,Italy,17000000.0,0,2016.csv
2016,Premier League,Southampton FC,winter,in,Mouez Hassen,215677,21,Tunisia,Goalkeeper,GK,1000000.0,OGC Nice,France,0.0,1,2016.csv
2016,Premier League,Southampton FC,winter,in,Martín Cáceres,54935,29,Uruguay,Centre-Back,CB,5000000.0,Without Club,,,0,2016.csv
2016,Premier League,Southampton FC,summer,out,Sadio Mané,200512,24,Senegal,Left Winger,LW,20000000.0,Liverpool FC,England,41200000.0,0,2016.csv
2016,Premier League,Southampton FC,summer,out,Graziano Pellè,29594,30,Italy,Centre-Forward,CF,11000000.0,Shandong Luneng Taishan,China,15250000.0,0,2016.csv
2016,Premier League,Southampton FC,summer,out,Victor Wanyama,77760,25,Kenya,Defensive Midfield,DM,15000000.0,Tottenham Hotspur,England,14400000.0,0,2016.csv
2016,Premier League,Southampton FC,summer,out,Juanmi,126737,23,Spain,Left Winger,LW,7000000.0,Real Sociedad,Spain,5000000.0,0,2016.csv
2016,Premier League,Southampton FC,summer,out,Gastón Ramírez,123742,25,Uruguay,Central Midfield,CM,5000000.0,Middlesbrough FC,England,0.0,0,2016.csv
2016,Premier League,Southampton FC,summer,out,Paulo Gazzaniga,195488,24,Argentina,Goalkeeper,GK,1000000.0,Rayo Vallecano,Spain,0.0,1,2016.csv
2016,Premier League,Southampton FC,summer,out,Sam Gallagher,227183,20,England,Centre-Forward,CF,500000.0,Blackburn Rovers,England,0.0,1,2016.csv
2016,Premier League,Southampton FC,summer,out,Kelvin Davis,13640,39,England,Goalkeeper,GK,,Retired,,,0,2016.csv
2016,Premier League,Southampton FC,winter,out,José Fonte,33829,33,Portugal,Centre-Back,CB,6000000.0,West Ham United,England,9200000.0,0,2016.csv
2016,Premier League,Stoke City,summer,in,Joe Allen,51452,26,Wales,Central Midfield,CM,8000000.0,Liverpool FC,England,15500000.0,0,2016.csv
2016,Premier League,Stoke City,summer,in,Ramadan Sobhi,312017,19,Egypt,Attacking Midfield,AM,1500000.0,Al Ahly FC,Egypt,5000000.0,0,2016.csv
2016,Premier League,Stoke City,summer,in,Harry Souttar,298091,17,Australia,Centre-Back,CB,,Dundee United FC,Scotland,3620000.0,0,2016.csv
2016,Premier League,Stoke City,summer,in,Wilfried Bony,81808,27,Cote d'Ivoire,Centre-Forward,CF,22000000.0,Manchester City,England,2350000.0,1,2016.csv
2016,Premier League,Stoke City,summer,in,Ryan Sweeney,347666,19,Ireland,Centre-Back,CB,250000.0,AFC Wimbledon,England,295000.0,0,2016.csv
2016,Premier League,Stoke City,summer,in,Lee Grant,13460,33,England,Goalkeeper,GK,500000.0,Derby County,England,0.0,1,2016.csv
2016,Premier League,Stoke City,summer,in,Bruno Martins Indi,112052,24,Netherlands,Centre-Back,CB,10000000.0,FC Porto,Portugal,0.0,1,2016.csv
2016,Premier League,Stoke City,winter,in,Saido Berahino,128897,23,Burundi,Centre-Forward,CF,15000000.0,West Bromwich Albion,England,13900000.0,0,2016.csv
2016,Premier League,Stoke City,winter,in,Lee Grant,13460,33,England,Goalkeeper,GK,500000.0,Derby County,England,1500000.0,0,2016.csv
2016,Premier League,Stoke City,summer,out,Marc Wilson,30456,28,Ireland,Centre-Back,CB,3000000.0,AFC Bournemouth,England,2300000.0,0,2016.csv
2016,Premier League,Stoke City,summer,out,Philipp Wollscheid,53173,27,Germany,Centre-Back,CB,7500000.0,VfL Wolfsburg,Germany,1500000.0,1,2016.csv
2016,Premier League,Stoke City,summer,out,Steve Sidwell,13427,33,England,Central Midfield,CM,1000000.0,Brighton & Hove Albion,England,0.0,0,2016.csv
2016,Premier League,Stoke City,summer,out,George Waring,242417,21,England,Centre-Forward,CF,250000.0,Shrewsbury Town,England,0.0,1,2016.csv
2016,Premier League,Stoke City,summer,out,Joselu,81999,26,Spain,Centre-Forward,CF,6000000.0,Deportivo de La Coruña,Spain,0.0,1,2016.csv
2016,Premier League,Stoke City,summer,out,Peter Odemwingie,12516,34,Nigeria,Centre-Forward,CF,1500000.0,Without Club,,,0,2016.csv
2016,Premier League,Stoke City,summer,out,Wilfried Bony,81808,28,Cote d'Ivoire,Centre-Forward,CF,18000000.0,Manchester City,England,0.0,1,2016.csv
2016,Premier League,Stoke City,winter,out,Dionatan Teixeira,107617,25,Slovakia,Centre-Back,CB,500000.0,FC Sheriff Tiraspol,Moldova,0.0,0,2016.csv
2016,Premier League,Stoke City,winter,out,George Waring,242417,22,England,Centre-Forward,CF,250000.0,Carlisle United,England,0.0,1,2016.csv
2016,Premier League,Stoke City,winter,out,Jakob Haugaard,138335,24,Denmark,Goalkeeper,GK,1000000.0,Wigan Athletic,England,0.0,1,2016.csv
2016,Premier League,Stoke City,winter,out,Ryan Sweeney,347666,19,Ireland,Centre-Back,CB,250000.0,Bristol Rovers,England,0.0,1,2016.csv
2016,Premier League,Stoke City,winter,out,Bojan Krkic,44675,26,Spain,Second Striker,SS,10000000.0,1.FSV Mainz 05,Germany,0.0,1,2016.csv
2016,Premier League,Stoke City,winter,out,Lee Grant,13460,33,England,Goalkeeper,GK,500000.0,Derby County,England,0.0,1,2016.csv
2016,Premier League,Sunderland AFC,summer,in,Didier Ndong,210081,22,Gabon,Defensive Midfield,DM,5000000.0,FC Lorient,France,20000000.0,0,2016.csv
2016,Premier League,Sunderland AFC,summer,in,Papy Djilobodji,136610,27,Senegal,Centre-Back,CB,4500000.0,Chelsea FC,England,9500000.0,0,2016.csv
2016,Premier League,Sunderland AFC,summer,in,Paddy McNair,167268,21,Northern Ireland,Centre-Back,CB,4000000.0,Manchester United,England,5250000.0,0,2016.csv
2016,Premier League,Sunderland AFC,summer,in,Mika,138285,25,Portugal,Goalkeeper,GK,2000000.0,Boavista FC,Portugal,1500000.0,0,2016.csv
2016,Premier League,Sunderland AFC,summer,in,Donald Love,179451,21,Scotland,Right-Back,RB,,Manchester United U23,England,1150000.0,0,2016.csv
2016,Premier League,Sunderland AFC,summer,in,Steven Pienaar,4321,34,South Africa,Left Midfield,LM,1500000.0,Everton FC,England,0.0,0,2016.csv
2016,Premier League,Sunderland AFC,summer,in,Adnan Januzaj,177847,21,Belgium,Right Winger,RW,7000000.0,Manchester United,England,0.0,1,2016.csv
2016,Premier League,Sunderland AFC,summer,in,Javier Manquillo,162029,22,Spain,Right-Back,RB,5000000.0,Atlético de Madrid,Spain,0.0,1,2016.csv
2016,Premier League,Sunderland AFC,summer,in,Jason Denayer,277114,21,Belgium,Centre-Back,CB,4000000.0,Manchester City,England,0.0,1,2016.csv
2016,Premier League,Sunderland AFC,summer,in,Victor Anichebe,39532,28,Nigeria,Centre-Forward,CF,2000000.0,Without Club,,,0,2016.csv
2016,Premier League,Sunderland AFC,winter,in,Darron Gibson,42413,29,Ireland,Central Midfield,CM,1500000.0,Everton FC,England,2500000.0,0,2016.csv
2016,Premier League,Sunderland AFC,winter,in,Bryan Oviedo,124983,26,Costa Rica,Left-Back,LB,3000000.0,Everton FC,England,2000000.0,0,2016.csv
2016,Premier League,Sunderland AFC,winter,in,Sam Brotherton,345364,20,New Zealand,Centre-Back,CB,200000.0,Wisconsin Badgers (University of Wisconsin),United States,0.0,0,2016.csv
2016,Premier League,Sunderland AFC,winter,in,Joleon Lescott,4241,34,England,Centre-Back,CB,1000000.0,Without Club,,,0,2016.csv
2016,Premier League,Sunderland AFC,summer,out,Younès Kaboul,27114,30,France,Centre-Back,CB,2500000.0,Watford FC,England,4000000.0,0,2016.csv
2016,Premier League,Sunderland AFC,summer,out,Emanuele Giaccherini,84835,31,Italy,Left Midfield,LM,4000000.0,SSC Napoli,Italy,1500000.0,0,2016.csv
2016,Premier League,Sunderland AFC,summer,out,Liam Bridcutt,40612,27,Scotland,Defensive Midfield,DM,2500000.0,Leeds United,England,1150000.0,0,2016.csv
2016,Premier League,Sunderland AFC,summer,out,Jeremain Lens,38497,28,Netherlands,Right Winger,RW,11000000.0,Fenerbahce,Türkiye,1000000.0,1,2016.csv
2016,Premier League,Sunderland AFC,summer,out,Santiago Vergini,94783,27,Argentina,Centre-Back,CB,2500000.0,CA Boca Juniors,Argentina,900000.0,0,2016.csv
2016,Premier League,Sunderland AFC,summer,out,Jordi Gómez,39010,31,Spain,Central Midfield,CM,2000000.0,Wigan Athletic,England,0.0,0,2016.csv
2016,Premier League,Sunderland AFC,summer,out,Steven Fletcher,35099,29,Scotland,Centre-Forward,CF,3000000.0,Sheffield Wednesday,England,0.0,0,2016.csv
2016,Premier League,Sunderland AFC,summer,out,Danny Graham,29152,30,England,Centre-Forward,CF,1500000.0,Blackburn Rovers,England,0.0,0,2016.csv
2016,Premier League,Sunderland AFC,summer,out,Valentin Roberge,87422,29,Cyprus,Centre-Back,CB,1500000.0,Apollon Limassol,Cyprus,0.0,0,2016.csv
2016,Premier League,Sunderland AFC,summer,out,Mikael Mandron,218144,21,France,Centre-Forward,CF,,Eastleigh FC,England,0.0,0,2016.csv
2016,Premier League,Sunderland AFC,summer,out,Will Buckley,77329,26,England,Right Winger,RW,2500000.0,Sheffield Wednesday,England,0.0,1,2016.csv
2016,Premier League,Sunderland AFC,summer,out,Adam Matthews,108878,24,Wales,Right-Back,RB,2500000.0,Bristol City,England,0.0,1,2016.csv
2016,Premier League,Sunderland AFC,summer,out,Wes Brown,3405,36,England,Centre-Back,CB,500000.0,Without Club,,,0,2016.csv
2016,Premier League,Sunderland AFC,summer,out,Steve Harper,3562,41,England,Goalkeeper,GK,250000.0,Retired,,,0,2016.csv
2016,Premier League,Sunderland AFC,summer,out,Charalampos Mavrias,136647,22,Greece,Right-Back,RB,750000.0,Without Club,,,0,2016.csv
2016,Premier League,Sunderland AFC,summer,out,Yann M'Vila,60573,26,France,Defensive Midfield,DM,7000000.0,Rubin Kazan,Russia,0.0,1,2016.csv
2016,Premier League,Sunderland AFC,summer,out,Jason Denayer,277114,21,Belgium,Centre-Back,CB,4000000.0,Manchester City,England,0.0,1,2016.csv
2016,Premier League,Sunderland AFC,summer,out,Ola Toivonen,36500,29,Sweden,Centre-Forward,CF,3000000.0,Stade Rennais FC,France,0.0,1,2016.csv
2016,Premier League,Sunderland AFC,summer,out,Dame N'Doye,44855,31,Senegal,Centre-Forward,CF,4000000.0,Trabzonspor,Türkiye,0.0,1,2016.csv
2016,Premier League,Sunderland AFC,summer,out,Adnan Januzaj,177847,22,Belgium,Right Winger,RW,7000000.0,Manchester United,England,0.0,1,2016.csv
2016,Premier League,Sunderland AFC,winter,out,Patrick van Aanholt,52119,26,Netherlands,Left-Back,LB,6000000.0,Crystal Palace,England,10500000.0,0,2016.csv
2016,Premier League,Sunderland AFC,winter,out,Sebastián Coates,102427,26,Uruguay,Centre-Back,CB,6000000.0,Sporting CP,Portugal,4720000.0,0,2016.csv
2016,Premier League,Sunderland AFC,winter,out,Tommy Robson,257968,21,England,Left-Back,LB,,Limerick FC (- 2019),Ireland,0.0,1,2016.csv
2016,Premier League,Swansea City,summer,in,Borja Bastón,85324,23,Spain,Centre-Forward,CF,5000000.0,Atlético de Madrid,Spain,18000000.0,0,2016.csv
2016,Premier League,Swansea City,summer,in,Alfie Mawson,287431,22,England,Centre-Back,CB,300000.0,Barnsley FC,England,5900000.0,0,2016.csv
2016,Premier League,Swansea City,summer,in,Fernando Llorente,35564,31,Spain,Centre-Forward,CF,6000000.0,Sevilla FC,Spain,5900000.0,0,2016.csv
2016,Premier League,Swansea City,summer,in,Leroy Fer,63342,26,Netherlands,Defensive Midfield,DM,8500000.0,Queens Park Rangers,England,5600000.0,0,2016.csv
2016,Premier League,Swansea City,summer,in,Mike van der Hoorn,187105,23,Netherlands,Centre-Back,CB,2000000.0,Ajax Amsterdam,Netherlands,2500000.0,0,2016.csv
2016,Premier League,Swansea City,summer,in,Mark Birighitti,80702,25,Australia,Goalkeeper,GK,250000.0,Newcastle United Jets,Australia,0.0,0,2016.csv
2016,Premier League,Swansea City,winter,in,Jordan Ayew,108354,25,Ghana,Centre-Forward,CF,7500000.0,Aston Villa,England,5800000.0,0,2016.csv
2016,Premier League,Swansea City,winter,in,Tom Carroll,121279,24,England,Central Midfield,CM,5000000.0,Tottenham Hotspur,England,5200000.0,0,2016.csv
2016,Premier League,Swansea City,winter,in,Luciano Narsingh,72462,26,Netherlands,Right Winger,RW,5000000.0,PSV Eindhoven,Netherlands,4600000.0,0,2016.csv
2016,Premier League,Swansea City,winter,in,Martin Olsson,38073,28,Sweden,Left-Back,LB,3500000.0,Norwich City,England,4600000.0,0,2016.csv
2016,Premier League,Swansea City,summer,out,André Ayew,45403,26,Ghana,Centre-Forward,CF,18000000.0,West Ham United,England,24100000.0,0,2016.csv
2016,Premier League,Swansea City,summer,out,Ashley Williams,67355,31,Wales,Centre-Back,CB,8000000.0,Everton FC,England,14000000.0,0,2016.csv
2016,Premier League,Swansea City,summer,out,Alberto Paloschi,68306,26,Italy,Centre-Forward,CF,6000000.0,Atalanta BC,Italy,6700000.0,0,2016.csv
2016,Premier League,Swansea City,summer,out,Éder,84481,28,Portugal,Centre-Forward,CF,5000000.0,LOSC Lille,France,4500000.0,0,2016.csv
2016,Premier League,Swansea City,summer,out,Lee Lucas,143851,24,Wales,Central Midfield,CM,,Motherwell FC,Scotland,0.0,0,2016.csv
2016,Premier League,Swansea City,summer,out,Liam Shephard,197910,21,Wales,Right-Back,RB,,Yeovil Town,England,0.0,1,2016.csv
2016,Premier League,Swansea City,summer,out,Marvin Emnes,37787,28,Netherlands,Centre-Forward,CF,1000000.0,Blackburn Rovers,England,0.0,1,2016.csv
2016,Premier League,Swansea City,summer,out,Franck Tabanou,66413,27,France,Left-Back,LB,3500000.0,Granada CF,Spain,0.0,1,2016.csv
2016,Premier League,Swansea City,summer,out,Kenji Gorré,374889,21,Curacao,Left Winger,LW,100000.0,Northampton Town,England,0.0,1,2016.csv
2016,Premier League,Swansea City,summer,out,Adam King,169566,20,Scotland,Central Midfield,CM,100000.0,Southend United,England,0.0,1,2016.csv
2016,Premier League,Swansea City,summer,out,Bafétimbi Gomis,22388,30,France,Centre-Forward,CF,8000000.0,Olympique Marseille,France,0.0,1,2016.csv
2016,Premier League,Swansea City,summer,out,Matt Grimes,265471,20,England,Defensive Midfield,DM,2000000.0,Leeds United,England,0.0,1,2016.csv
2016,Premier League,Swansea City,summer,out,Kyle Bartley,67421,25,England,Centre-Back,CB,1000000.0,Leeds United,England,0.0,1,2016.csv
2016,Premier League,Swansea City,summer,out,Daniel Alfei,130216,24,Wales,Right-Back,RB,,Without Club,,,0,2016.csv
2016,Premier League,Swansea City,winter,out,Marvin Emnes,37787,28,Netherlands,Centre-Forward,CF,1000000.0,Blackburn Rovers,England,0.0,1,2016.csv
2016,Premier League,Swansea City,winter,out,Neil Taylor,67416,27,Wales,Left-Back,LB,6000000.0,Aston Villa,England,,0,2016.csv
2016,Premier League,Swansea City,winter,out,Modou Barrow,189070,24,The Gambia,Left Winger,LW,3000000.0,Leeds United,England,0.0,1,2016.csv
2016,Premier League,Tottenham Hotspur,summer,in,Moussa Sissoko,46001,27,France,Central Midfield,CM,13000000.0,Newcastle United,England,35000000.0,0,2016.csv
2016,Premier League,Tottenham Hotspur,summer,in,Vincent Janssen,207015,22,Netherlands,Centre-Forward,CF,6000000.0,AZ Alkmaar,Netherlands,22000000.0,0,2016.csv
2016,Premier League,Tottenham Hotspur,summer,in,Victor Wanyama,77760,25,Kenya,Defensive Midfield,DM,15000000.0,Southampton FC,England,14400000.0,0,2016.csv
2016,Premier League,Tottenham Hotspur,summer,in,Georges-Kevin N'Koudou,215679,21,Cameroon,Left Winger,LW,7000000.0,Olympique Marseille,France,11000000.0,0,2016.csv
2016,Premier League,Tottenham Hotspur,summer,in,Pau López,286415,21,Spain,Goalkeeper,GK,1500000.0,RCD Espanyol Barcelona,Spain,1100000.0,1,2016.csv
2016,Premier League,Tottenham Hotspur,summer,out,Ryan Mason,61834,25,England,Central Midfield,CM,7500000.0,Hull City,England,15400000.0,0,2016.csv
2016,Premier League,Tottenham Hotspur,summer,out,Nacer Chadli,59631,27,Belgium,Left Winger,LW,13000000.0,West Bromwich Albion,England,15200000.0,0,2016.csv
2016,Premier League,Tottenham Hotspur,summer,out,Alex Pritchard,200777,23,England,Attacking Midfield,AM,3000000.0,Norwich City,England,9400000.0,0,2016.csv
2016,Premier League,Tottenham Hotspur,summer,out,DeAndre Yedlin,255916,23,United States,Right-Back,RB,3000000.0,Newcastle United,England,5900000.0,0,2016.csv
2016,Premier League,Tottenham Hotspur,summer,out,Federico Fazio,45314,29,Argentina,Centre-Back,CB,5000000.0,AS Roma,Italy,1200000.0,1,2016.csv
2016,Premier League,Tottenham Hotspur,summer,out,Nabil Bentaleb,245537,21,Algeria,Defensive Midfield,DM,9000000.0,FC Schalke 04,Germany,0.0,1,2016.csv
2016,Premier League,Tottenham Hotspur,summer,out,Clinton N'Jie,241119,23,Cameroon,Right Winger,RW,10000000.0,Olympique Marseille,France,0.0,1,2016.csv
2016,Premier League,Tottenham Hotspur,winter,out,Tom Carroll,121279,24,England,Central Midfield,CM,5000000.0,Swansea City,England,5200000.0,0,2016.csv
2016,Premier League,Watford FC,summer,in,Isaac Success,295331,20,Nigeria,Centre-Forward,CF,3000000.0,Granada CF,Spain,15000000.0,0,2016.csv
2016,Premier League,Watford FC,summer,in,Roberto Pereyra,112302,25,Argentina,Central Midfield,CM,16000000.0,Juventus FC,Italy,13500000.0,0,2016.csv
2016,Premier League,Watford FC,summer,in,Sven Kums,42735,28,Belgium,Central Midfield,CM,7500000.0,KAA Gent,Belgium,9000000.0,0,2016.csv
2016,Premier League,Watford FC,summer,in,Daryl Janmaat,60744,27,Netherlands,Right-Back,RB,7500000.0,Newcastle United,England,8900000.0,0,2016.csv
2016,Premier League,Watford FC,summer,in,Christian Kabasele,81512,25,Belgium,Centre-Back,CB,6000000.0,KRC Genk,Belgium,6950000.0,0,2016.csv
2016,Premier League,Watford FC,summer,in,Stefano Okaka,35249,27,Italy,Centre-Forward,CF,6500000.0,RSC Anderlecht,Belgium,6000000.0,0,2016.csv
2016,Premier League,Watford FC,summer,in,Younès Kaboul,27114,30,France,Centre-Back,CB,2500000.0,Sunderland AFC,England,4000000.0,0,2016.csv
2016,Premier League,Watford FC,summer,in,Brice Dja Djedje,93690,25,Cote d'Ivoire,Defensive Midfield,DM,3500000.0,Olympique Marseille,France,3600000.0,0,2016.csv
2016,Premier League,Watford FC,summer,in,Uche Agbo,262689,20,Nigeria,Defensive Midfield,DM,,Udinese Calcio,Italy,0.0,0,2016.csv
2016,Premier League,Watford FC,summer,in,Adrian Mariappa,38145,29,Jamaica,Centre-Back,CB,2000000.0,Crystal Palace,England,0.0,0,2016.csv
2016,Premier League,Watford FC,summer,in,Jerome Sinclair,236513,19,England,Centre-Forward,CF,100000.0,Liverpool FC U23,England,0.0,0,2016.csv
2016,Premier League,Watford FC,summer,in,Kenedy,281404,20,Brazil,Left Winger,LW,8000000.0,Chelsea FC,England,0.0,1,2016.csv
2016,Premier League,Watford FC,summer,in,Camilo Zúñiga,37941,30,Colombia,Left Midfield,LM,1000000.0,SSC Napoli,Italy,0.0,1,2016.csv
2016,Premier League,Watford FC,winter,in,Mauro Zárate,26456,29,Argentina,Centre-Forward,CF,2000000.0,ACF Fiorentina,Italy,2750000.0,0,2016.csv
2016,Premier League,Watford FC,winter,in,M'Baye Niang,157501,22,Senegal,Centre-Forward,CF,15000000.0,AC Milan,Italy,750000.0,1,2016.csv
2016,Premier League,Watford FC,winter,in,Cucho Hernández,459463,17,Colombia,Centre-Forward,CF,300000.0,Deportivo Pereira,Colombia,,0,2016.csv
2016,Premier League,Watford FC,winter,in,Valber Huerta,226306,23,Chile,Centre-Back,CB,,Granada CF B,Spain,,0,2016.csv
2016,Premier League,Watford FC,winter,in,Tom Cleverley,73484,27,England,Central Midfield,CM,9000000.0,Everton FC,England,0.0,1,2016.csv
2016,Premier League,Watford FC,summer,out,Matej Vydra,101500,24,Czech Republic,Centre-Forward,CF,5500000.0,Derby County,England,9400000.0,0,2016.csv
2016,Premier League,Watford FC,summer,out,Miguel Layún,58576,28,Mexico,Right-Back,RB,7000000.0,FC Porto,Portugal,6000000.0,0,2016.csv
2016,Premier League,Watford FC,summer,out,Allan Nyom,111508,28,Cameroon,Right-Back,RB,4000000.0,West Bromwich Albion,England,4700000.0,0,2016.csv
2016,Premier League,Watford FC,summer,out,Ikechi Anya,107427,28,Scotland,Left Midfield,LM,3000000.0,Derby County,England,4700000.0,0,2016.csv
2016,Premier League,Watford FC,summer,out,Almen Abdi,9966,29,Switzerland,Central Midfield,CM,3500000.0,Sheffield Wednesday,England,3600000.0,0,2016.csv
2016,Premier League,Watford FC,summer,out,José Manuel Jurado,28261,30,Spain,Attacking Midfield,AM,7000000.0,RCD Espanyol Barcelona,Spain,1200000.0,0,2016.csv
2016,Premier League,Watford FC,summer,out,Luke Simpson,223790,21,England,Goalkeeper,GK,,York City,England,0.0,0,2016.csv
2016,Premier League,Watford FC,summer,out,Essaïd Belkalem,162395,27,Algeria,Centre-Back,CB,1000000.0,US Orléans,France,0.0,0,2016.csv
2016,Premier League,Watford FC,summer,out,Daniel Pudil,35583,30,Czech Republic,Left-Back,LB,1500000.0,Sheffield Wednesday,England,0.0,0,2016.csv
2016,Premier League,Watford FC,summer,out,Sean Murray,148907,22,Ireland,Central Midfield,CM,750000.0,Swindon Town,England,0.0,0,2016.csv
2016,Premier League,Watford FC,summer,out,Gabriele Angella,86793,27,Italy,Centre-Back,CB,2000000.0,Udinese Calcio,Italy,0.0,0,2016.csv
2016,Premier League,Watford FC,summer,out,Uche Ikpeazu,245765,21,Uganda,Centre-Forward,CF,250000.0,Cambridge United,England,0.0,0,2016.csv
2016,Premier League,Watford FC,summer,out,Juanfran Moreno,64411,27,Spain,Right-Back,RB,3500000.0,Deportivo de La Coruña,Spain,0.0,1,2016.csv
2016,Premier League,Watford FC,summer,out,Sven Kums,42735,28,Belgium,Central Midfield,CM,7500000.0,Udinese Calcio,Italy,0.0,1,2016.csv
2016,Premier League,Watford FC,summer,out,Uche Agbo,262689,20,Nigeria,Defensive Midfield,DM,,Granada CF,Spain,0.0,1,2016.csv
2016,Premier League,Watford FC,summer,out,Steven Berghuis,129554,24,Netherlands,Right Winger,RW,4000000.0,Feyenoord Rotterdam,Netherlands,0.0,1,2016.csv
2016,Premier League,Watford FC,summer,out,Tommie Hoban,183161,22,Ireland,Centre-Back,CB,1000000.0,Blackburn Rovers,England,0.0,1,2016.csv
2016,Premier League,Watford FC,summer,out,Mario Suárez,37337,29,Spain,Defensive Midfield,DM,8500000.0,Valencia CF,Spain,0.0,1,2016.csv
2016,Premier League,Watford FC,summer,out,Obbi Oulare,314959,20,Belgium,Centre-Forward,CF,5000000.0,Zulte Waregem,Belgium,0.0,1,2016.csv
2016,Premier League,Watford FC,summer,out,Adalberto Peñaranda,308801,19,Venezuela,Left Winger,LW,3000000.0,Udinese Calcio,Italy,0.0,1,2016.csv
2016,Premier League,Watford FC,summer,out,Joel Ekstrand,69912,27,Sweden,Centre-Back,CB,1000000.0,Without Club,,,0,2016.csv
2016,Premier League,Watford FC,summer,out,Víctor Ibarbo,92141,26,Colombia,Second Striker,SS,8000000.0,AS Roma,Italy,0.0,1,2016.csv
2016,Premier League,Watford FC,winter,out,Odion Ighalo,62121,27,Nigeria,Centre-Forward,CF,12000000.0,Changchun Yatai,China,23300000.0,0,2016.csv
2016,Premier League,Watford FC,winter,out,Adlène Guédioura,74768,31,Algeria,Defensive Midfield,DM,1000000.0,Middlesbrough FC,England,5200000.0,0,2016.csv
2016,Premier League,Watford FC,winter,out,Adalberto Peñaranda,308801,19,Venezuela,Left Winger,LW,4000000.0,Málaga CF,Spain,0.0,1,2016.csv
2016,Premier League,Watford FC,winter,out,Valber Huerta,226306,23,Chile,Centre-Back,CB,,Huachipato FC,Chile,0.0,1,2016.csv
2016,Premier League,Watford FC,winter,out,Obbi Oulare,314959,21,Belgium,Centre-Forward,CF,3000000.0,Willem II Tilburg,Netherlands,0.0,1,2016.csv
2016,Premier League,Watford FC,winter,out,Juan Carlos Paredes,100507,29,Ecuador,Defensive Midfield,DM,2000000.0,Olympiacos Piraeus,Greece,0.0,1,2016.csv
2016,Premier League,Watford FC,winter,out,Jerome Sinclair,236513,20,England,Centre-Forward,CF,1500000.0,Birmingham City,England,0.0,1,2016.csv
2016,Premier League,Watford FC,winter,out,Mathias Ranégie,46477,32,Sweden,Centre-Forward,CF,500000.0,Udinese Calcio,Italy,0.0,1,2016.csv
2016,Premier League,Watford FC,winter,out,Cucho Hernández,459463,17,Colombia,Centre-Forward,CF,300000.0,CD América de Cali,Colombia,0.0,1,2016.csv
2016,Premier League,Watford FC,winter,out,Kenedy,281404,20,Brazil,Left Winger,LW,8000000.0,Chelsea FC,England,0.0,1,2016.csv
2016,Premier League,West Bromwich Albion,summer,in,Nacer Chadli,59631,27,Belgium,Left Winger,LW,13000000.0,Tottenham Hotspur,England,15200000.0,0,2016.csv
2016,Premier League,West Bromwich Albion,summer,in,Matt Phillips,77274,25,Scotland,Right Winger,RW,6000000.0,Queens Park Rangers,England,6500000.0,0,2016.csv
2016,Premier League,West Bromwich Albion,summer,in,Allan Nyom,111508,28,Cameroon,Right-Back,RB,4000000.0,Watford FC,England,4700000.0,0,2016.csv
2016,Premier League,West Bromwich Albion,summer,in,Hal Robson-Kanu,65976,27,Wales,Centre-Forward,CF,2000000.0,Reading FC,England,0.0,0,2016.csv
2016,Premier League,West Bromwich Albion,summer,in,Brendan Galloway,208244,20,Zimbabwe,Centre-Back,CB,3000000.0,Everton FC,England,0.0,1,2016.csv
2016,Premier League,West Bromwich Albion,winter,in,Jake Livermore,61832,27,England,Defensive Midfield,DM,4500000.0,Hull City,England,11500000.0,0,2016.csv
2016,Premier League,West Bromwich Albion,winter,in,Marc Wilson,30456,29,Ireland,Centre-Back,CB,3000000.0,AFC Bournemouth,England,0.0,1,2016.csv
2016,Premier League,West Bromwich Albion,summer,out,James Chester,73482,27,Wales,Centre-Back,CB,6000000.0,Aston Villa,England,9300000.0,0,2016.csv
2016,Premier League,West Bromwich Albion,summer,out,Rickie Lambert,49655,34,England,Centre-Forward,CF,2500000.0,Cardiff City,England,2000000.0,0,2016.csv
2016,Premier League,West Bromwich Albion,summer,out,Cristian Gamboa,121686,26,Costa Rica,Right-Back,RB,1500000.0,Celtic FC,Scotland,1200000.0,0,2016.csv
2016,Premier League,West Bromwich Albion,summer,out,Anders Lindegaard,22491,32,Denmark,Goalkeeper,GK,1500000.0,Preston North End,England,0.0,0,2016.csv
2016,Premier League,West Bromwich Albion,summer,out,Kyle Howkins,261297,20,England,Centre-Back,CB,,Mansfield Town,England,0.0,1,2016.csv
2016,Premier League,West Bromwich Albion,summer,out,Sébastien Pocognoli,17804,29,Belgium,Left-Back,LB,750000.0,Brighton & Hove Albion,England,0.0,1,2016.csv
2016,Premier League,West Bromwich Albion,summer,out,Victor Anichebe,39532,28,Nigeria,Centre-Forward,CF,2000000.0,Without Club,,,0,2016.csv
2016,Premier League,West Bromwich Albion,summer,out,Stéphane Sessègnon,37157,32,Benin,Attacking Midfield,AM,3000000.0,Without Club,,,0,2016.csv
2016,Premier League,West Bromwich Albion,summer,out,Marc Wilson,30456,29,Ireland,Centre-Back,CB,2500000.0,AFC Bournemouth,England,0.0,1,2016.csv
2016,Premier League,West Bromwich Albion,winter,out,Saido Berahino,128897,23,Burundi,Centre-Forward,CF,15000000.0,Stoke City,England,13900000.0,0,2016.csv
2016,Premier League,West Bromwich Albion,winter,out,Craig Gardner,37171,30,England,Central Midfield,CM,3500000.0,Birmingham City,England,575000.0,1,2016.csv
2016,Premier League,West Bromwich Albion,winter,out,Jonas Olsson,25248,34,Sweden,Centre-Back,CB,1500000.0,Djurgårdens IF,Sweden,0.0,0,2016.csv
2016,Premier League,West Bromwich Albion,winter,out,Callum McManaman,61711,25,England,Right Winger,RW,4000000.0,Sheffield Wednesday,England,0.0,1,2016.csv
2016,Premier League,West Bromwich Albion,winter,out,Brendan Galloway,208244,21,Zimbabwe,Centre-Back,CB,3000000.0,Everton FC,England,0.0,1,2016.csv
2016,Premier League,West Ham United,summer,in,André Ayew,45403,26,Ghana,Centre-Forward,CF,18000000.0,Swansea City,England,24100000.0,0,2016.csv
2016,Premier League,West Ham United,summer,in,Manuel Lanzini,135853,23,Argentina,Attacking Midfield,AM,9000000.0,Al-Jazira Club,United Arab Emirates,12000000.0,0,2016.csv
2016,Premier League,West Ham United,summer,in,Arthur Masuaku,181380,22,DR Congo,Left-Back,LB,7000000.0,Olympiacos Piraeus,Greece,7100000.0,0,2016.csv
2016,Premier League,West Ham United,summer,in,Edimilson Fernandes,247555,20,Switzerland,Defensive Midfield,DM,4500000.0,FC Sion,Switzerland,6400000.0,0,2016.csv
2016,Premier League,West Ham United,summer,in,Simone Zaza,96828,25,Italy,Centre-Forward,CF,15000000.0,Juventus FC,Italy,5000000.0,1,2016.csv
2016,Premier League,West Ham United,summer,in,Jonathan Calleri,284727,22,Argentina,Centre-Forward,CF,10000000.0,Club Deportivo Maldonado,Uruguay,4700000.0,1,2016.csv
2016,Premier League,West Ham United,summer,in,Gökhan Töre,82130,24,Türkiye,Right Winger,RW,15000000.0,Besiktas JK,Türkiye,3000000.0,1,2016.csv
2016,Premier League,West Ham United,summer,in,Ashley Fletcher,289846,20,England,Centre-Forward,CF,250000.0,Manchester United U23,England,0.0,0,2016.csv
2016,Premier League,West Ham United,summer,in,Sofiane Feghouli,57162,26,Algeria,Attacking Midfield,AM,15000000.0,Valencia CF,Spain,0.0,0,2016.csv
2016,Premier League,West Ham United,summer,in,Álvaro Arbeloa,28260,33,Spain,Right-Back,RB,2000000.0,Real Madrid,Spain,0.0,0,2016.csv
2016,Premier League,West Ham United,summer,in,Håvard Nordtveit,42234,26,Norway,Defensive Midfield,DM,6000000.0,Borussia Mönchengladbach,Germany,0.0,0,2016.csv
2016,Premier League,West Ham United,winter,in,Robert Snodgrass,22614,29,Scotland,Right Winger,RW,5000000.0,Hull City,England,12000000.0,0,2016.csv
2016,Premier League,West Ham United,winter,in,José Fonte,33829,33,Portugal,Centre-Back,CB,6000000.0,Southampton FC,England,9200000.0,0,2016.csv
2016,Premier League,West Ham United,summer,out,James Tomkins,61592,27,England,Centre-Back,CB,6000000.0,Crystal Palace,England,11700000.0,0,2016.csv
2016,Premier League,West Ham United,summer,out,Stephen Hendrie,186269,21,Scotland,Left-Back,LB,1000000.0,Blackburn Rovers,England,0.0,1,2016.csv
2016,Premier League,West Ham United,summer,out,Josh Cullen,242606,20,Ireland,Central Midfield,CM,250000.0,Bradford City,England,0.0,1,2016.csv
2016,Premier League,West Ham United,summer,out,Reece Burke,264220,19,England,Centre-Back,CB,1000000.0,Wigan Athletic,England,0.0,1,2016.csv
2016,Premier League,West Ham United,summer,out,Doneil Henry,157907,23,Canada,Centre-Back,CB,500000.0,AC Horsens,Denmark,0.0,1,2016.csv
2016,Premier League,West Ham United,summer,out,Enner Valencia,139503,26,Ecuador,Centre-Forward,CF,10000000.0,Everton FC,England,0.0,1,2016.csv
2016,Premier League,West Ham United,summer,out,Joey O'Brien,34672,30,Ireland,Right-Back,RB,,Without Club,,,0,2016.csv
2016,Premier League,West Ham United,summer,out,Diego Poyet,183286,21,Uruguay,Central Midfield,CM,750000.0,Without Club,,,0,2016.csv
2016,Premier League,West Ham United,summer,out,Manuel Lanzini,135853,23,Argentina,Attacking Midfield,AM,9000000.0,Al-Jazira Club,United Arab Emirates,0.0,1,2016.csv
2016,Premier League,West Ham United,summer,out,Emmanuel Emenike,120630,29,Nigeria,Centre-Forward,CF,10000000.0,Fenerbahce,Türkiye,0.0,1,2016.csv
2016,Premier League,West Ham United,summer,out,Alex Song,27394,28,Cameroon,Defensive Midfield,DM,10000000.0,FC Barcelona,Spain,0.0,1,2016.csv
2016,Premier League,West Ham United,winter,out,Dimitri Payet,37647,29,France,Attacking Midfield,AM,30000000.0,Olympique Marseille,France,29300000.0,0,2016.csv
2016,Premier League,West Ham United,winter,out,Jaanai Gordon,207009,21,England,Centre-Forward,CF,,Newport County,England,0.0,1,2016.csv
2016,Premier League,West Ham United,winter,out,Reece Oxford,314295,18,England,Centre-Back,CB,4000000.0,Reading FC,England,0.0,1,2016.csv
2016,Premier League,West Ham United,winter,out,Simone Zaza,96828,25,Italy,Centre-Forward,CF,15000000.0,Juventus FC,Italy,0.0,1,2016.csv
2017,Premier League,AFC Bournemouth,summer,in,Nathan Aké,177476,22,Netherlands,Centre-Back,CB,8000000.0,Chelsea FC,England,22800000.0,0,2017.csv
2017,Premier League,AFC Bournemouth,summer,in,Asmir Begovic,33873,30,Bosnia-Herzegovina,Goalkeeper,GK,8000000.0,Chelsea FC,England,11500000.0,0,2017.csv
2017,Premier League,AFC Bournemouth,summer,in,Jermain Defoe,3875,34,England,Centre-Forward,CF,5000000.0,Sunderland AFC,England,0.0,0,2017.csv
2017,Premier League,AFC Bournemouth,summer,in,Connor Mahoney,287528,20,England,Right Winger,RW,100000.0,Blackburn Rovers,England,0.0,0,2017.csv
2017,Premier League,AFC Bournemouth,summer,out,Jordan Green,416622,22,England,Right Winger,RW,,Yeovil Town,England,0.0,0,2017.csv
2017,Premier League,AFC Bournemouth,summer,out,Marc Wilson,30456,30,Ireland,Centre-Back,CB,2500000.0,Sunderland AFC,England,0.0,0,2017.csv
2017,Premier League,AFC Bournemouth,summer,out,Ryan Allsop,111073,25,England,Goalkeeper,GK,250000.0,Blackpool FC,England,0.0,1,2017.csv
2017,Premier League,AFC Bournemouth,summer,out,Baily Cargill,293450,22,England,Centre-Back,CB,250000.0,Fleetwood Town,England,0.0,1,2017.csv
2017,Premier League,AFC Bournemouth,summer,out,Harry Cornick,255703,22,England,Centre-Forward,CF,100000.0,Luton Town,England,,0,2017.csv
2017,Premier League,AFC Bournemouth,summer,out,Lewis Grabban,35413,29,Jamaica,Centre-Forward,CF,3000000.0,Sunderland AFC,England,0.0,1,2017.csv
2017,Premier League,AFC Bournemouth,summer,out,Max Gradel,28140,29,Cote d'Ivoire,Left Winger,LW,7000000.0,FC Toulouse,France,0.0,1,2017.csv
2017,Premier League,AFC Bournemouth,summer,out,Adam Federici,4233,32,Australia,Goalkeeper,GK,1000000.0,Nottingham Forest,England,0.0,1,2017.csv
2017,Premier League,AFC Bournemouth,winter,out,Aaron Ramsdale,427568,19,England,Goalkeeper,GK,500000.0,Chesterfield FC,England,0.0,1,2017.csv
2017,Premier League,AFC Bournemouth,winter,out,Baily Cargill,293450,22,England,Centre-Back,CB,250000.0,Partick Thistle FC,Scotland,0.0,1,2017.csv
2017,Premier League,AFC Bournemouth,winter,out,Connor Mahoney,287528,20,England,Right Winger,RW,250000.0,Barnsley FC,England,0.0,1,2017.csv
2017,Premier League,AFC Bournemouth,winter,out,Lewis Grabban,35413,30,Jamaica,Centre-Forward,CF,3000000.0,Aston Villa,England,0.0,1,2017.csv
2017,Premier League,AFC Bournemouth,winter,out,Benik Afobe,110858,24,DR Congo,Centre-Forward,CF,10000000.0,Wolverhampton Wanderers,England,0.0,1,2017.csv
2017,Premier League,AFC Bournemouth,winter,out,Ryan Allsop,111073,25,England,Goalkeeper,GK,250000.0,Lincoln City,England,0.0,1,2017.csv
2017,Premier League,Arsenal FC,summer,in,Alexandre Lacazette,93720,26,France,Centre-Forward,CF,40000000.0,Olympique Lyon,France,53000000.0,0,2017.csv
2017,Premier League,Arsenal FC,summer,in,Sead Kolasinac,94005,24,Bosnia-Herzegovina,Centre-Back,CB,15000000.0,FC Schalke 04,Germany,0.0,0,2017.csv
2017,Premier League,Arsenal FC,winter,in,Pierre-Emerick Aubameyang,58864,28,Gabon,Centre-Forward,CF,65000000.0,Borussia Dortmund,Germany,63750000.0,0,2017.csv
2017,Premier League,Arsenal FC,winter,in,Henrikh Mkhitaryan,55735,29,Armenia,Central Midfield,CM,35000000.0,Manchester United,England,34000000.0,0,2017.csv
2017,Premier League,Arsenal FC,winter,in,Konstantinos Mavropanos,415912,20,Greece,Centre-Back,CB,450000.0,PAS Giannina,Greece,2100000.0,0,2017.csv
2017,Premier League,Arsenal FC,summer,out,Alex Oxlade-Chamberlain,143424,24,England,Central Midfield,CM,22000000.0,Liverpool FC,England,38000000.0,0,2017.csv
2017,Premier League,Arsenal FC,summer,out,Wojciech Szczesny,44058,27,Poland,Goalkeeper,GK,17000000.0,Juventus FC,Italy,18400000.0,0,2017.csv
2017,Premier League,Arsenal FC,summer,out,Gabriel Paulista,149498,26,Brazil,Centre-Back,CB,13000000.0,Valencia CF,Spain,11000000.0,0,2017.csv
2017,Premier League,Arsenal FC,summer,out,Kieran Gibbs,44792,27,England,Left-Back,LB,10000000.0,West Bromwich Albion,England,7500000.0,0,2017.csv
2017,Premier League,Arsenal FC,summer,out,Yaya Sanogo,127194,24,France,Centre-Forward,CF,1000000.0,FC Toulouse,France,0.0,0,2017.csv
2017,Premier League,Arsenal FC,summer,out,Emiliano Martínez,111873,24,Argentina,Goalkeeper,GK,1000000.0,Getafe CF,Spain,0.0,1,2017.csv
2017,Premier League,Arsenal FC,summer,out,Carl Jenkinson,126321,25,England,Right-Back,RB,5000000.0,Birmingham City,England,0.0,1,2017.csv
2017,Premier League,Arsenal FC,summer,out,Lucas Pérez,73185,28,Spain,Centre-Forward,CF,15000000.0,Deportivo de La Coruña,Spain,0.0,1,2017.csv
2017,Premier League,Arsenal FC,summer,out,Joel Campbell,131248,25,Costa Rica,Right Winger,RW,6000000.0,Real Betis Balompié,Spain,0.0,1,2017.csv
2017,Premier League,Arsenal FC,winter,out,Alexis Sánchez,40433,29,Chile,Centre-Forward,CF,70000000.0,Manchester United,England,34000000.0,0,2017.csv
2017,Premier League,Arsenal FC,winter,out,Theo Walcott,33713,28,England,Right Winger,RW,20000000.0,Everton FC,England,22500000.0,0,2017.csv
2017,Premier League,Arsenal FC,winter,out,Olivier Giroud,82442,31,France,Centre-Forward,CF,20000000.0,Chelsea FC,England,17000000.0,0,2017.csv
2017,Premier League,Arsenal FC,winter,out,Francis Coquelin,74869,26,France,Defensive Midfield,DM,12000000.0,Valencia CF,Spain,14000000.0,0,2017.csv
2017,Premier League,Arsenal FC,winter,out,Mathieu Debuchy,27306,32,France,Right-Back,RB,2500000.0,AS Saint-Étienne,France,0.0,0,2017.csv
2017,Premier League,Arsenal FC,winter,out,Krystian Bielik,287247,20,Poland,Centre-Back,CB,2000000.0,Walsall FC,England,0.0,1,2017.csv
2017,Premier League,Arsenal FC,winter,out,Chuba Akpom,197642,22,England,Centre-Forward,CF,1000000.0,Sint-Truidense VV,Belgium,0.0,1,2017.csv
2017,Premier League,Brighton & Hove Albion,summer,in,José Izquierdo,147094,25,Colombia,Left Winger,LW,14000000.0,Club Brugge KV,Belgium,18000000.0,0,2017.csv
2017,Premier League,Brighton & Hove Albion,summer,in,Davy Pröpper,79027,25,Netherlands,Central Midfield,CM,10000000.0,PSV Eindhoven,Netherlands,13000000.0,0,2017.csv
2017,Premier League,Brighton & Hove Albion,summer,in,Mathew Ryan,128969,25,Australia,Goalkeeper,GK,3500000.0,Valencia CF,Spain,6000000.0,0,2017.csv
2017,Premier League,Brighton & Hove Albion,summer,in,Markus Suttner,31514,30,Austria,Left-Back,LB,2000000.0,FC Ingolstadt 04,Germany,4500000.0,0,2017.csv
2017,Premier League,Brighton & Hove Albion,summer,in,Pascal Groß,82873,26,Germany,Central Midfield,CM,4000000.0,FC Ingolstadt 04,Germany,3000000.0,0,2017.csv
2017,Premier League,Brighton & Hove Albion,summer,in,Ezequiel Schelotto,119164,28,Italy,Right Midfield,RM,4500000.0,Sporting CP,Portugal,3000000.0,0,2017.csv
2017,Premier League,Brighton & Hove Albion,summer,in,Ales Mateju,242078,21,Czech Republic,Centre-Back,CB,1250000.0,FC Viktoria Plzen,Czech Republic,2500000.0,0,2017.csv
2017,Premier League,Brighton & Hove Albion,summer,in,Mathias Normann,257805,21,Norway,Defensive Midfield,DM,400000.0,FK Bodø/Glimt,Norway,1400000.0,0,2017.csv
2017,Premier League,Brighton & Hove Albion,summer,in,Soufyan Ahannach,262895,21,Netherlands,Left Winger,LW,300000.0,Almere City FC,Netherlands,600000.0,0,2017.csv
2017,Premier League,Brighton & Hove Albion,summer,in,Tim Krul,33027,29,Netherlands,Goalkeeper,GK,4000000.0,Newcastle United,England,0.0,0,2017.csv
2017,Premier League,Brighton & Hove Albion,summer,in,Izzy Brown,245805,20,England,Left Winger,LW,5000000.0,Chelsea FC U23,England,0.0,1,2017.csv
2017,Premier League,Brighton & Hove Albion,summer,in,Tim Krul,33027,29,Netherlands,Goalkeeper,GK,4000000.0,Newcastle United,England,0.0,1,2017.csv
2017,Premier League,Brighton & Hove Albion,winter,in,Jürgen Locadia,166240,24,Curacao,Centre-Forward,CF,8500000.0,PSV Eindhoven,Netherlands,17000000.0,0,2017.csv
2017,Premier League,Brighton & Hove Albion,winter,in,Viktor Gyökeres,325443,19,Sweden,Centre-Forward,CF,500000.0,IF Brommapojkarna,Sweden,1000000.0,0,2017.csv
2017,Premier League,Brighton & Hove Albion,winter,in,Leonardo Ulloa,54890,31,Argentina,Centre-Forward,CF,5000000.0,Leicester City,England,0.0,1,2017.csv
2017,Premier League,Brighton & Hove Albion,summer,out,Rob Hunt,335591,22,England,Right-Back,RB,100000.0,Oldham Athletic,England,400000.0,0,2017.csv
2017,Premier League,Brighton & Hove Albion,summer,out,Elvis Manu,198070,23,Netherlands,Centre-Forward,CF,1000000.0,Genclerbirligi Ankara,Türkiye,0.0,0,2017.csv
2017,Premier League,Brighton & Hove Albion,summer,out,Chris O'Grady,16836,31,England,Centre-Forward,CF,350000.0,Chesterfield FC,England,0.0,0,2017.csv
2017,Premier League,Brighton & Hove Albion,summer,out,Joe Ward,370559,21,England,Right Midfield,RM,,Woking FC,England,0.0,0,2017.csv
2017,Premier League,Brighton & Hove Albion,summer,out,David Stockdale,67339,31,England,Goalkeeper,GK,2000000.0,Birmingham City,England,0.0,0,2017.csv
2017,Premier League,Brighton & Hove Albion,summer,out,Vegard Forren,62054,29,Norway,Centre-Back,CB,1250000.0,Molde FK,Norway,0.0,0,2017.csv
2017,Premier League,Brighton & Hove Albion,summer,out,Christian Walton,208379,21,England,Goalkeeper,GK,250000.0,Wigan Athletic,England,0.0,1,2017.csv
2017,Premier League,Brighton & Hove Albion,summer,out,Tyler Hornby-Forbes,346040,21,England,Right-Back,RB,100000.0,Accrington Stanley,England,0.0,1,2017.csv
2017,Premier League,Brighton & Hove Albion,summer,out,Rohan Ince,141568,24,Montserrat,Defensive Midfield,DM,750000.0,Bury FC,England,0.0,1,2017.csv
2017,Premier League,Brighton & Hove Albion,summer,out,Oliver Norwood,73547,26,Northern Ireland,Central Midfield,CM,2500000.0,Fulham FC,England,0.0,1,2017.csv
2017,Premier League,Brighton & Hove Albion,summer,out,Richie Towell,114116,26,Ireland,Central Midfield,CM,200000.0,Rotherham United,England,0.0,1,2017.csv
2017,Premier League,Brighton & Hove Albion,summer,out,Mathias Normann,257805,21,Norway,Defensive Midfield,DM,400000.0,Molde FK,Norway,0.0,1,2017.csv
2017,Premier League,Brighton & Hove Albion,summer,out,Kazenga LuaLua,52576,26,DR Congo,Left Winger,LW,1000000.0,Queens Park Rangers,England,0.0,1,2017.csv
2017,Premier League,Brighton & Hove Albion,summer,out,Casper Ankergren,15046,37,Denmark,Goalkeeper,GK,,Retired,,,0,2017.csv
2017,Premier League,Brighton & Hove Albion,summer,out,Tim Krul,33027,29,Netherlands,Goalkeeper,GK,4000000.0,Newcastle United,England,0.0,1,2017.csv
2017,Premier League,Brighton & Hove Albion,summer,out,Sam Adekugbe,287578,22,Canada,Left-Back,LB,200000.0,Vancouver Whitecaps FC,United States,0.0,1,2017.csv
2017,Premier League,Brighton & Hove Albion,summer,out,Leonardo Ulloa,54890,31,Argentina,Centre-Forward,CF,5000000.0,Leicester City,England,0.0,1,2017.csv
2017,Premier League,Brighton & Hove Albion,winter,out,Kazenga LuaLua,52576,27,DR Congo,Left Winger,LW,1000000.0,Sunderland AFC,England,0.0,0,2017.csv
2017,Premier League,Brighton & Hove Albion,winter,out,Christian Walton,208379,22,England,Goalkeeper,GK,250000.0,Wigan Athletic,England,0.0,1,2017.csv
2017,Premier League,Brighton & Hove Albion,winter,out,Jamie Murphy,51730,28,Scotland,Left Winger,LW,1750000.0,Rangers FC,Scotland,0.0,1,2017.csv
2017,Premier League,Brighton & Hove Albion,winter,out,Soufyan Ahannach,262895,22,Netherlands,Left Winger,LW,500000.0,Sparta Rotterdam,Netherlands,0.0,1,2017.csv
2017,Premier League,Brighton & Hove Albion,winter,out,Izzy Brown,245805,21,England,Left Winger,LW,5000000.0,Chelsea FC U23,England,0.0,1,2017.csv
2017,Premier League,Burnley FC,summer,in,Chris Wood,108725,25,New Zealand,Centre-Forward,CF,6000000.0,Leeds United,England,16399999.999999998,0,2017.csv
2017,Premier League,Burnley FC,summer,in,Jack Cork,40613,28,England,Defensive Midfield,DM,5000000.0,Swansea City,England,9100000.0,0,2017.csv
2017,Premier League,Burnley FC,summer,in,Nahki Wells,173483,27,Bermuda,Centre-Forward,CF,5000000.0,Huddersfield Town,England,5400000.0,0,2017.csv
2017,Premier League,Burnley FC,summer,in,Jonathan Walters,3306,33,Ireland,Right Winger,RW,2500000.0,Stoke City,England,2300000.0,0,2017.csv
2017,Premier League,Burnley FC,summer,in,Phil Bardsley,15773,32,Scotland,Right-Back,RB,1500000.0,Stoke City,England,840000.0,0,2017.csv
2017,Premier League,Burnley FC,summer,in,Charlie Taylor,195633,23,England,Left-Back,LB,5000000.0,Leeds United,England,0.0,0,2017.csv
2017,Premier League,Burnley FC,summer,in,Adam Legzdins,43858,30,England,Goalkeeper,GK,250000.0,Birmingham City,England,,0,2017.csv
2017,Premier League,Burnley FC,summer,in,Anders Lindegaard,22491,33,Denmark,Goalkeeper,GK,1000000.0,Without Club,,,0,2017.csv
2017,Premier League,Burnley FC,winter,in,Aaron Lennon,14221,30,England,Right Winger,RW,5000000.0,Everton FC,England,1700000.0,0,2017.csv
2017,Premier League,Burnley FC,winter,in,Georges-Kevin N'Koudou,215679,22,Cameroon,Left Winger,LW,7000000.0,Tottenham Hotspur,England,0.0,1,2017.csv
2017,Premier League,Burnley FC,summer,out,Michael Keane,118534,24,England,Centre-Back,CB,18000000.0,Everton FC,England,28500000.0,0,2017.csv
2017,Premier League,Burnley FC,summer,out,Andre Gray,120565,26,Jamaica,Centre-Forward,CF,10000000.0,Watford FC,England,20400000.0,0,2017.csv
2017,Premier League,Burnley FC,summer,out,Tendayi Darikwa,158700,25,Zimbabwe,Right-Back,RB,500000.0,Nottingham Forest,England,1100000.0,0,2017.csv
2017,Premier League,Burnley FC,summer,out,George Boyd,45623,31,Scotland,Left Winger,LW,4000000.0,Sheffield Wednesday,England,0.0,0,2017.csv
2017,Premier League,Burnley FC,summer,out,George Green,236499,21,England,Central Midfield,CM,150000.0,Viking FK,Norway,0.0,0,2017.csv
2017,Premier League,Burnley FC,summer,out,Michael Kightly,25366,31,England,Left Winger,LW,1000000.0,Southend United,England,0.0,0,2017.csv
2017,Premier League,Burnley FC,summer,out,Rouwen Hennings,16311,29,Germany,Centre-Forward,CF,1500000.0,Fortuna Düsseldorf,Germany,0.0,0,2017.csv
2017,Premier League,Burnley FC,summer,out,Ntumba Massanka,385922,20,England,Centre-Forward,CF,,Wrexham AFC,England,0.0,1,2017.csv
2017,Premier League,Burnley FC,summer,out,Alex Whitmore,385917,21,England,Centre-Back,CB,50000.0,Bury FC,England,0.0,1,2017.csv
2017,Premier League,Burnley FC,summer,out,Conor Mitchell,248592,21,Northern Ireland,Goalkeeper,GK,,Chester FC,England,0.0,1,2017.csv
2017,Premier League,Burnley FC,summer,out,Tom Anderson,128828,23,England,Centre-Back,CB,250000.0,Port Vale FC,England,0.0,1,2017.csv
2017,Premier League,Burnley FC,summer,out,Aiden O'Neill,385918,19,Australia,Defensive Midfield,DM,100000.0,Fleetwood Town,England,0.0,1,2017.csv
2017,Premier League,Burnley FC,summer,out,Chris Long,183298,22,England,Centre-Forward,CF,1000000.0,Northampton Town,England,0.0,1,2017.csv
2017,Premier League,Burnley FC,summer,out,Luke Hendrie,158786,22,England,Right-Back,RB,250000.0,Bradford City,England,0.0,1,2017.csv
2017,Premier League,Burnley FC,summer,out,Paul Robinson,3630,37,England,Goalkeeper,GK,,Retired,,,0,2017.csv
2017,Premier League,Burnley FC,summer,out,Joey Barton,3292,34,England,Central Midfield,CM,1000000.0,Retired,,,0,2017.csv
2017,Premier League,Burnley FC,summer,out,Georges-Kevin N'Koudou,215679,23,Cameroon,Left Winger,LW,7000000.0,Tottenham Hotspur,England,0.0,1,2017.csv
2017,Premier League,Burnley FC,winter,out,Alex Whitmore,385917,22,England,Centre-Back,CB,50000.0,Chesterfield FC,England,0.0,0,2017.csv
2017,Premier League,Burnley FC,winter,out,Harry Flowers,562842,21,England,Centre-Back,CB,,Guiseley AFC,England,0.0,0,2017.csv
2017,Premier League,Burnley FC,winter,out,Fredrik Ulvestad,158022,25,Norway,Central Midfield,CM,750000.0,Djurgårdens IF,Sweden,0.0,0,2017.csv
2017,Premier League,Burnley FC,winter,out,Tom Anderson,128828,24,England,Centre-Back,CB,250000.0,Doncaster Rovers,England,0.0,1,2017.csv
2017,Premier League,Burnley FC,winter,out,Luke Hendrie,158786,23,England,Right-Back,RB,250000.0,Shrewsbury Town,England,,0,2017.csv
2017,Premier League,Chelsea FC,summer,in,Álvaro Morata,128223,24,Spain,Centre-Forward,CF,40000000.0,Real Madrid,Spain,66000000.0,0,2017.csv
2017,Premier League,Chelsea FC,summer,in,Tiemoué Bakayoko,182618,22,France,Defensive Midfield,DM,16000000.0,AS Monaco,France,40000000.0,0,2017.csv
2017,Premier League,Chelsea FC,summer,in,Danny Drinkwater,73491,27,England,Central Midfield,CM,9000000.0,Leicester City,England,37900000.0,0,2017.csv
2017,Premier League,Chelsea FC,summer,in,Antonio Rüdiger,86202,24,Germany,Centre-Back,CB,25000000.0,AS Roma,Italy,35000000.0,0,2017.csv
2017,Premier League,Chelsea FC,summer,in,Davide Zappacosta,173859,25,Italy,Right Midfield,RM,8500000.0,Torino FC,Italy,25000000.0,0,2017.csv
2017,Premier League,Chelsea FC,summer,in,Ethan Ampadu,392771,16,Wales,Defensive Midfield,DM,,Exeter City,England,2800000.0,0,2017.csv
2017,Premier League,Chelsea FC,summer,in,Willy Caballero,19948,35,Argentina,Goalkeeper,GK,1500000.0,Manchester City,England,0.0,0,2017.csv
2017,Premier League,Chelsea FC,winter,in,Emerson,181778,23,Italy,Left-Back,LB,14000000.0,AS Roma,Italy,20000000.0,0,2017.csv
2017,Premier League,Chelsea FC,winter,in,Olivier Giroud,82442,31,France,Centre-Forward,CF,20000000.0,Arsenal FC,England,17000000.0,0,2017.csv
2017,Premier League,Chelsea FC,winter,in,Ross Barkley,131978,24,England,Central Midfield,CM,25000000.0,Everton FC,England,16800000.0,0,2017.csv
2017,Premier League,Chelsea FC,summer,out,Nemanja Matić,74683,28,Serbia,Defensive Midfield,DM,35000000.0,Manchester United,England,44700000.0,0,2017.csv
2017,Premier League,Chelsea FC,summer,out,Nathan Aké,177476,22,Netherlands,Centre-Back,CB,8000000.0,AFC Bournemouth,England,22800000.0,0,2017.csv
2017,Premier League,Chelsea FC,summer,out,Juan Cuadrado,91970,29,Colombia,Right Midfield,RM,25000000.0,Juventus FC,Italy,20000000.0,0,2017.csv
2017,Premier League,Chelsea FC,summer,out,Asmir Begovic,33873,30,Bosnia-Herzegovina,Goalkeeper,GK,8000000.0,AFC Bournemouth,England,11500000.0,0,2017.csv
2017,Premier League,Chelsea FC,summer,out,Bertrand Traoré,131996,21,Burkina Faso,Right Winger,RW,8000000.0,Olympique Lyon,France,10000000.0,0,2017.csv
2017,Premier League,Chelsea FC,summer,out,Kurt Zouma,157509,22,France,Centre-Back,CB,15000000.0,Stoke City,England,7800000.0,1,2017.csv
2017,Premier League,Chelsea FC,summer,out,Christian Atsu,186997,25,Ghana,Left Winger,LW,5000000.0,Newcastle United,England,7500000.0,0,2017.csv
2017,Premier League,Chelsea FC,summer,out,Nathaniel Chalobah,128900,22,England,Defensive Midfield,DM,5000000.0,Watford FC,England,6300000.0,0,2017.csv
2017,Premier League,Chelsea FC,summer,out,Cristian Cuevas,186863,22,Chile,Left Winger,LW,900000.0,Huachipato FC,Chile,0.0,0,2017.csv
2017,Premier League,Chelsea FC,summer,out,Loïc Rémy,45121,30,France,Centre-Forward,CF,9000000.0,UD Las Palmas,Spain,0.0,0,2017.csv
2017,Premier League,Chelsea FC,summer,out,John Terry,3160,36,England,Centre-Back,CB,1000000.0,Aston Villa,England,0.0,0,2017.csv
2017,Premier League,Chelsea FC,summer,out,Jamal Blackman,128898,23,England,Goalkeeper,GK,250000.0,Sheffield United,England,0.0,1,2017.csv
2017,Premier League,Chelsea FC,summer,out,Danilo Pantic,222830,20,Serbia,Attacking Midfield,AM,400000.0,FK Partizan Belgrade,Serbia,0.0,1,2017.csv
2017,Premier League,Chelsea FC,summer,out,Todd Kane,154287,23,England,Right-Back,RB,1500000.0,FC Groningen,Netherlands,0.0,1,2017.csv
2017,Premier League,Chelsea FC,summer,out,Tomas Kalas,148657,24,Czech Republic,Centre-Back,CB,4000000.0,Fulham FC,England,0.0,1,2017.csv
2017,Premier League,Chelsea FC,summer,out,Michael Hector,157490,25,Jamaica,Centre-Back,CB,3000000.0,Hull City,England,0.0,1,2017.csv
2017,Premier League,Chelsea FC,summer,out,Tammy Abraham,331726,19,England,Centre-Forward,CF,8000000.0,Swansea City,England,0.0,1,2017.csv
2017,Premier League,Chelsea FC,summer,out,Mario Pasalić,205938,22,Croatia,Central Midfield,CM,8000000.0,Spartak Moscow,Russia,0.0,1,2017.csv
2017,Premier League,Chelsea FC,summer,out,Lewis Baker,198589,22,England,Central Midfield,CM,5500000.0,Middlesbrough FC,England,0.0,1,2017.csv
2017,Premier League,Chelsea FC,summer,out,Kenneth Omeruo,131708,23,Nigeria,Centre-Back,CB,2000000.0,Kasimpasa,Türkiye,0.0,1,2017.csv
2017,Premier League,Chelsea FC,summer,out,Nathan,294798,21,Brazil,Attacking Midfield,AM,1250000.0,Amiens SC,France,0.0,1,2017.csv
2017,Premier League,Chelsea FC,summer,out,Fikayo Tomori,303254,19,England,Centre-Back,CB,250000.0,Hull City,England,0.0,1,2017.csv
2017,Premier League,Chelsea FC,summer,out,Ruben Loftus-Cheek,202886,21,England,Central Midfield,CM,5000000.0,Crystal Palace,England,0.0,1,2017.csv
2017,Premier League,Chelsea FC,summer,out,Ola Aina,236490,20,Nigeria,Right-Back,RB,1000000.0,Hull City,England,0.0,1,2017.csv
2017,Premier League,Chelsea FC,winter,out,Diego Costa,44779,29,Spain,Centre-Forward,CF,50000000.0,Atlético de Madrid,Spain,60000000.0,0,2017.csv
2017,Premier League,Chelsea FC,winter,out,Charly Musonda Jr.,177862,21,Belgium,Left Winger,LW,5000000.0,Celtic FC,Scotland,2500000.0,1,2017.csv
2017,Premier League,Chelsea FC,winter,out,Michy Batshuayi,179184,24,Belgium,Centre-Forward,CF,25000000.0,Borussia Dortmund,Germany,1500000.0,1,2017.csv
2017,Premier League,Chelsea FC,winter,out,Nathan,294798,21,Brazil,Attacking Midfield,AM,1250000.0,CF Os Belenenses,Portugal,0.0,1,2017.csv
2017,Premier League,Chelsea FC,winter,out,Kenedy,281404,21,Brazil,Left Winger,LW,7000000.0,Newcastle United,England,0.0,1,2017.csv
2017,Premier League,Chelsea FC,winter,out,Abdul Rahman Baba,224884,23,Ghana,Left-Back,LB,8000000.0,FC Schalke 04,Germany,0.0,1,2017.csv
2017,Premier League,Chelsea FC,winter,out,Todd Kane,154287,24,England,Right-Back,RB,1250000.0,Oxford United,England,0.0,1,2017.csv
2017,Premier League,Crystal Palace,summer,in,Mamadou Sakho,47713,27,France,Centre-Back,CB,15000000.0,Liverpool FC,England,28200000.0,0,2017.csv
2017,Premier League,Crystal Palace,summer,in,Jaïro Riedewald,241481,20,Netherlands,Defensive Midfield,DM,5000000.0,Ajax Amsterdam,Netherlands,9000000.0,0,2017.csv
2017,Premier League,Crystal Palace,summer,in,Dion Henry,345899,19,England,Goalkeeper,GK,50000.0,Peterborough United,England,0.0,0,2017.csv
2017,Premier League,Crystal Palace,summer,in,Ruben Loftus-Cheek,202886,21,England,Central Midfield,CM,5000000.0,Chelsea FC,England,0.0,1,2017.csv
2017,Premier League,Crystal Palace,summer,in,Timothy Fosu-Mensah,315131,19,Netherlands,Right-Back,RB,2500000.0,Manchester United,England,0.0,1,2017.csv
2017,Premier League,Crystal Palace,winter,in,Alexander Sørloth,238407,22,Norway,Centre-Forward,CF,2000000.0,FC Midtjylland,Denmark,16000000.0,0,2017.csv
2017,Premier League,Crystal Palace,winter,in,Jaroslaw Jach,327755,23,Poland,Centre-Back,CB,2000000.0,Zaglebie Lubin,Poland,2750000.0,0,2017.csv
2017,Premier League,Crystal Palace,winter,in,Erdal Rakip,230746,21,North Macedonia,Central Midfield,CM,1200000.0,SL Benfica,Portugal,0.0,1,2017.csv
2017,Premier League,Crystal Palace,winter,in,Diego Cavalieri,53231,35,Brazil,Goalkeeper,GK,1750000.0,Without Club,,,0,2017.csv
2017,Premier League,Crystal Palace,summer,out,Steve Mandanda,23951,32,France,Goalkeeper,GK,8000000.0,Olympique Marseille,France,3000000.0,0,2017.csv
2017,Premier League,Crystal Palace,summer,out,Kwesi Appiah,121223,26,Ghana,Centre-Forward,CF,250000.0,AFC Wimbledon,England,0.0,0,2017.csv
2017,Premier League,Crystal Palace,summer,out,Fraizer Campbell,42411,29,England,Centre-Forward,CF,2000000.0,Hull City,England,0.0,0,2017.csv
2017,Premier League,Crystal Palace,summer,out,Zeki Fryers,141655,24,England,Left-Back,LB,1500000.0,Barnsley FC,England,0.0,0,2017.csv
2017,Premier League,Crystal Palace,summer,out,Hiram Boateng,244125,21,England,Central Midfield,CM,500000.0,Exeter City,England,0.0,0,2017.csv
2017,Premier League,Crystal Palace,summer,out,Keshi Anderson,353674,22,England,Left Winger,LW,100000.0,Swindon Town,England,0.0,1,2017.csv
2017,Premier League,Crystal Palace,summer,out,Ryan Inniss,183284,22,England,Centre-Back,CB,75000.0,Colchester United,England,0.0,1,2017.csv
2017,Premier League,Crystal Palace,summer,out,Jonny Williams,170322,23,Wales,Attacking Midfield,AM,1000000.0,Sunderland AFC,England,0.0,1,2017.csv
2017,Premier League,Crystal Palace,summer,out,Kleton Perntreou,295073,22,Albania,Goalkeeper,GK,,Without Club,,,0,2017.csv
2017,Premier League,Crystal Palace,summer,out,Joe Ledley,34409,30,Wales,Central Midfield,CM,3500000.0,Without Club,,,0,2017.csv
2017,Premier League,Crystal Palace,summer,out,Jonathan Benteke,273773,22,Belgium,Centre-Forward,CF,400000.0,Without Club,,,0,2017.csv
2017,Premier League,Crystal Palace,summer,out,Mathieu Flamini,17396,33,France,Defensive Midfield,DM,2000000.0,Without Club,,,0,2017.csv
2017,Premier League,Crystal Palace,summer,out,Timothy Fosu-Mensah,315131,20,Netherlands,Right-Back,RB,7000000.0,Manchester United,England,0.0,1,2017.csv
2017,Premier League,Crystal Palace,summer,out,Ruben Loftus-Cheek,202886,22,England,Central Midfield,CM,15000000.0,Chelsea FC,England,0.0,1,2017.csv
2017,Premier League,Crystal Palace,winter,out,Keshi Anderson,353674,22,England,Left Winger,LW,100000.0,Swindon Town,England,,0,2017.csv
2017,Premier League,Crystal Palace,winter,out,Freddie Ladapo,233998,24,England,Centre-Forward,CF,250000.0,Southend United,England,,0,2017.csv
2017,Premier League,Crystal Palace,winter,out,Sullay Kaikai,244130,22,Sierra Leone,Left Winger,LW,500000.0,Charlton Athletic,England,0.0,1,2017.csv
2017,Premier League,Crystal Palace,winter,out,Jordon Mutch,57207,26,England,Central Midfield,CM,2500000.0,Vancouver Whitecaps FC,United States,0.0,1,2017.csv
2017,Premier League,Everton FC,summer,in,Gylfi Sigurdsson,90466,27,Iceland,Attacking Midfield,AM,25000000.0,Swansea City,England,49400000.0,0,2017.csv
2017,Premier League,Everton FC,summer,in,Jordan Pickford,130164,23,England,Goalkeeper,GK,15000000.0,Sunderland AFC,England,28500000.0,0,2017.csv
2017,Premier League,Everton FC,summer,in,Michael Keane,118534,24,England,Centre-Back,CB,18000000.0,Burnley FC,England,28500000.0,0,2017.csv
2017,Premier League,Everton FC,summer,in,Davy Klaassen,182932,24,Netherlands,Central Midfield,CM,18000000.0,Ajax Amsterdam,Netherlands,27000000.0,0,2017.csv
2017,Premier League,Everton FC,summer,in,Nikola Vlašić,293200,19,Croatia,Attacking Midfield,AM,4000000.0,HNK Hajduk Split,Croatia,10800000.0,0,2017.csv
2017,Premier League,Everton FC,summer,in,Henry Onyekuru,380415,20,Nigeria,Left Winger,LW,7000000.0,KAS Eupen,Belgium,8000000.0,0,2017.csv
2017,Premier League,Everton FC,summer,in,Sandro Ramírez,199369,21,Spain,Centre-Forward,CF,10000000.0,Málaga CF,Spain,6000000.0,0,2017.csv
2017,Premier League,Everton FC,summer,in,Wayne Rooney,3332,31,England,Centre-Forward,CF,15000000.0,Manchester United,England,0.0,0,2017.csv
2017,Premier League,Everton FC,summer,in,Cuco Martina,91251,27,Curacao,Centre-Back,CB,2000000.0,Southampton FC,England,0.0,0,2017.csv
2017,Premier League,Everton FC,winter,in,Cenk Tosun,45671,26,Türkiye,Centre-Forward,CF,10500000.0,Besiktas JK,Türkiye,22500000.0,0,2017.csv
2017,Premier League,Everton FC,winter,in,Theo Walcott,33713,28,England,Right Winger,RW,20000000.0,Arsenal FC,England,22500000.0,0,2017.csv
2017,Premier League,Everton FC,winter,in,Eliaquim Mangala,90681,26,France,Centre-Back,CB,15000000.0,Manchester City,England,0.0,1,2017.csv
2017,Premier League,Everton FC,summer,out,Romelu Lukaku,96341,24,Belgium,Centre-Forward,CF,50000000.0,Manchester United,England,84700000.0,0,2017.csv
2017,Premier League,Everton FC,summer,out,Gerard Deulofeu,129476,23,Spain,Centre-Forward,CF,12000000.0,FC Barcelona,Spain,12000000.0,0,2017.csv
2017,Premier League,Everton FC,summer,out,Tom Cleverley,73484,27,England,Central Midfield,CM,8000000.0,Watford FC,England,9300000.0,0,2017.csv
2017,Premier League,Everton FC,summer,out,Gareth Barry,3291,36,England,Defensive Midfield,DM,1500000.0,West Bromwich Albion,England,1100000.0,0,2017.csv
2017,Premier League,Everton FC,summer,out,Aiden McGeady,21333,31,Ireland,Left Winger,LW,3500000.0,Sunderland AFC,England,280000.0,0,2017.csv
2017,Premier League,Everton FC,summer,out,Leandro Rodríguez,238988,24,Uruguay,Centre-Forward,CF,1000000.0,Danubio FC,Uruguay,0.0,0,2017.csv
2017,Premier League,Everton FC,summer,out,Conor McAleny,121260,24,England,Centre-Forward,CF,500000.0,Fleetwood Town,England,0.0,0,2017.csv
2017,Premier League,Everton FC,summer,out,Arouna Koné,8552,33,Cote d'Ivoire,Centre-Forward,CF,1500000.0,Sivasspor,Türkiye,0.0,0,2017.csv
2017,Premier League,Everton FC,summer,out,Kieran Dowell,258916,19,England,Attacking Midfield,AM,250000.0,Nottingham Forest,England,0.0,1,2017.csv
2017,Premier League,Everton FC,summer,out,Brendan Galloway,208244,21,Zimbabwe,Centre-Back,CB,3000000.0,Sunderland AFC,England,0.0,1,2017.csv
2017,Premier League,Everton FC,summer,out,Matthew Pennington,220755,22,England,Centre-Back,CB,500000.0,Leeds United,England,0.0,1,2017.csv
2017,Premier League,Everton FC,summer,out,Tyias Browning,156934,23,China,Centre-Back,CB,1000000.0,Sunderland AFC,England,0.0,1,2017.csv
2017,Premier League,Everton FC,summer,out,Henry Onyekuru,380415,20,Nigeria,Left Winger,LW,7000000.0,RSC Anderlecht,Belgium,0.0,1,2017.csv
2017,Premier League,Everton FC,summer,out,Eliaquim Mangala,90681,27,France,Centre-Back,CB,15000000.0,Manchester City,England,0.0,1,2017.csv
2017,Premier League,Everton FC,winter,out,Ross Barkley,131978,24,England,Central Midfield,CM,25000000.0,Chelsea FC,England,16800000.0,0,2017.csv
2017,Premier League,Everton FC,winter,out,Aaron Lennon,14221,30,England,Right Winger,RW,5000000.0,Burnley FC,England,1700000.0,0,2017.csv
2017,Premier League,Everton FC,winter,out,Ademola Lookman,406040,20,Nigeria,Second Striker,SS,7000000.0,RB Leipzig,Germany,500000.0,1,2017.csv
2017,Premier League,Everton FC,winter,out,Muhamed Besic,93905,25,Bosnia-Herzegovina,Defensive Midfield,DM,5000000.0,Middlesbrough FC,England,0.0,1,2017.csv
2017,Premier League,Everton FC,winter,out,Kevin Mirallas,33639,30,Belgium,Right Winger,RW,10000000.0,Olympiacos Piraeus,Greece,0.0,1,2017.csv
2017,Premier League,Everton FC,winter,out,Sandro Ramírez,199369,22,Spain,Centre-Forward,CF,10000000.0,Sevilla FC,Spain,0.0,1,2017.csv
2017,Premier League,Huddersfield Town,summer,in,Steve Mounié,238639,22,Benin,Centre-Forward,CF,5500000.0,Montpellier HSC,France,13000000.0,0,2017.csv
2017,Premier League,Huddersfield Town,summer,in,Aaron Mooy,123951,26,Australia,Central Midfield,CM,5000000.0,Manchester City,England,9100000.0,0,2017.csv
2017,Premier League,Huddersfield Town,summer,in,Tom Ince,157368,25,England,Right Winger,RW,7000000.0,Derby County,England,9100000.0,0,2017.csv
2017,Premier League,Huddersfield Town,summer,in,Scott Malone,101682,26,England,Left-Back,LB,750000.0,Fulham FC,England,3900000.0,0,2017.csv
2017,Premier League,Huddersfield Town,summer,in,Laurent Depoitre,90583,28,Belgium,Centre-Forward,CF,3000000.0,FC Porto,Portugal,3800000.0,0,2017.csv
2017,Premier League,Huddersfield Town,summer,in,Zanka,52059,27,Denmark,Centre-Back,CB,2500000.0,FC Copenhagen,Denmark,2700000.0,0,2017.csv
2017,Premier League,Huddersfield Town,summer,in,Abdelhamid Sabiri,340394,20,Morocco,Attacking Midfield,AM,400000.0,1.FC Nuremberg,Germany,1500000.0,0,2017.csv
2017,Premier League,Huddersfield Town,summer,in,Elias Kachunga,49501,25,DR Congo,Centre-Forward,CF,3500000.0,FC Ingolstadt 04,Germany,1300000.0,0,2017.csv
2017,Premier League,Huddersfield Town,summer,in,Danny Williams,38383,28,United States,Defensive Midfield,DM,2000000.0,Reading FC,England,0.0,0,2017.csv
2017,Premier League,Huddersfield Town,summer,in,Rob Green,11680,37,England,Goalkeeper,GK,500000.0,Leeds United,England,0.0,0,2017.csv
2017,Premier League,Huddersfield Town,summer,in,Kasey Palmer,258216,20,Jamaica,Attacking Midfield,AM,750000.0,Chelsea FC U23,England,0.0,1,2017.csv
2017,Premier League,Huddersfield Town,summer,in,Jonas Lössl,48870,28,Denmark,Goalkeeper,GK,1500000.0,1.FSV Mainz 05,Germany,0.0,1,2017.csv
2017,Premier League,Huddersfield Town,summer,in,Florent Hadergjonaj,238809,23,Kosovo,Right-Back,RB,2500000.0,FC Ingolstadt 04,Germany,0.0,1,2017.csv
2017,Premier League,Huddersfield Town,winter,in,Alex Pritchard,200777,24,England,Attacking Midfield,AM,5000000.0,Norwich City,England,12350000.0,0,2017.csv
2017,Premier League,Huddersfield Town,winter,in,Terence Kongolo,152651,23,Netherlands,Centre-Back,CB,10000000.0,AS Monaco,France,0.0,1,2017.csv
2017,Premier League,Huddersfield Town,summer,out,Nahki Wells,173483,27,Bermuda,Centre-Forward,CF,5000000.0,Burnley FC,England,5400000.0,0,2017.csv
2017,Premier League,Huddersfield Town,summer,out,Kyle Dempsey,308388,21,England,Central Midfield,CM,350000.0,Fleetwood Town,England,455000.0,0,2017.csv
2017,Premier League,Huddersfield Town,summer,out,Joe Murphy,3655,35,Ireland,Goalkeeper,GK,150000.0,Bury FC,England,0.0,0,2017.csv
2017,Premier League,Huddersfield Town,summer,out,Florent Bojaj,216718,21,Albania,Second Striker,SS,100000.0,Welling United,England,0.0,0,2017.csv
2017,Premier League,Huddersfield Town,summer,out,Harry Bunn,186290,24,England,Left Winger,LW,500000.0,Bury FC,England,,0,2017.csv
2017,Premier League,Huddersfield Town,summer,out,Jason Davidson,137669,26,Australia,Left-Back,LB,500000.0,HNK Rijeka,Croatia,,0,2017.csv
2017,Premier League,Huddersfield Town,summer,out,Jordy Hiwula,201576,22,England,Centre-Forward,CF,250000.0,Fleetwood Town,England,0.0,1,2017.csv
2017,Premier League,Huddersfield Town,summer,out,Tareiq Holmes-Dennis,261739,21,England,Left-Back,LB,250000.0,Portsmouth FC,England,0.0,1,2017.csv
2017,Premier League,Huddersfield Town,summer,out,Jack Payne,278092,22,England,Attacking Midfield,AM,250000.0,Oxford United,England,0.0,1,2017.csv
2017,Premier League,Huddersfield Town,summer,out,Sean Scannell,61549,26,Ireland,Right Winger,RW,500000.0,Burton Albion,England,0.0,1,2017.csv
2017,Premier League,Huddersfield Town,summer,out,Mark Hudson,3640,35,England,Centre-Back,CB,,Retired,,,0,2017.csv
2017,Premier League,Huddersfield Town,summer,out,Elias Kachunga,49501,25,DR Congo,Centre-Forward,CF,3500000.0,FC Ingolstadt 04,Germany,0.0,1,2017.csv
2017,Premier League,Huddersfield Town,winter,out,Joe Lolley,287167,25,England,Right Winger,RW,500000.0,Nottingham Forest,England,600000.0,0,2017.csv
2017,Premier League,Huddersfield Town,winter,out,Martin Cranie,27659,31,England,Centre-Back,CB,500000.0,Middlesbrough FC,England,,0,2017.csv
2017,Premier League,Huddersfield Town,winter,out,Jack Payne,278092,23,England,Attacking Midfield,AM,350000.0,Blackburn Rovers,England,0.0,1,2017.csv
2017,Premier League,Huddersfield Town,winter,out,Kasey Palmer,258216,21,Jamaica,Attacking Midfield,AM,1500000.0,Chelsea FC U23,England,0.0,1,2017.csv
2017,Premier League,Leicester City,summer,in,Kelechi Iheanacho,295330,20,Nigeria,Centre-Forward,CF,15000000.0,Manchester City,England,27700000.0,0,2017.csv
2017,Premier League,Leicester City,summer,in,Adrien Silva,56810,28,Portugal,Central Midfield,CM,25000000.0,Sporting CP,Portugal,20500000.0,0,2017.csv
2017,Premier League,Leicester City,summer,in,Vicente Iborra,65467,29,Spain,Defensive Midfield,DM,9000000.0,Sevilla FC,Spain,15000000.0,0,2017.csv
2017,Premier League,Leicester City,summer,in,Harry Maguire,177907,24,England,Centre-Back,CB,8000000.0,Hull City,England,13700000.0,0,2017.csv
2017,Premier League,Leicester City,summer,in,Aleksandar Dragovic,59032,26,Austria,Centre-Back,CB,12000000.0,Bayer 04 Leverkusen,Germany,2500000.0,1,2017.csv
2017,Premier League,Leicester City,summer,in,Eldin Jakupović,2857,32,Switzerland,Goalkeeper,GK,1000000.0,Hull City,England,2300000.0,0,2017.csv
2017,Premier League,Leicester City,summer,in,Sam Hughes,395797,20,England,Centre-Back,CB,,Chester FC,England,145000.0,0,2017.csv
2017,Premier League,Leicester City,summer,in,George Thomas,298240,20,Wales,Attacking Midfield,AM,250000.0,Coventry City,England,0.0,0,2017.csv
2017,Premier League,Leicester City,winter,in,Fousseni Diabaté,364861,22,Mali,Right Winger,RW,,GFC Ajaccio,France,2000000.0,0,2017.csv
2017,Premier League,Leicester City,summer,out,Danny Drinkwater,73491,27,England,Central Midfield,CM,9000000.0,Chelsea FC,England,37900000.0,0,2017.csv
2017,Premier League,Leicester City,summer,out,Tom Lawrence,229970,23,Wales,Attacking Midfield,AM,2500000.0,Derby County,England,5500000.0,0,2017.csv
2017,Premier League,Leicester City,summer,out,Ron-Robert Zieler,21327,28,Germany,Goalkeeper,GK,7000000.0,VfB Stuttgart,Germany,4000000.0,0,2017.csv
2017,Premier League,Leicester City,summer,out,Bartosz Kapustka,246579,20,Poland,Attacking Midfield,AM,6000000.0,SC Freiburg,Germany,500000.0,1,2017.csv
2017,Premier League,Leicester City,summer,out,Nampalys Mendy,111051,25,Senegal,Defensive Midfield,DM,10000000.0,OGC Nice,France,0.0,1,2017.csv
2017,Premier League,Leicester City,summer,out,Callum Elder,271997,22,Australia,Left-Back,LB,250000.0,Wigan Athletic,England,0.0,1,2017.csv
2017,Premier League,Leicester City,summer,out,Michael Cain,284763,23,England,Central Midfield,CM,100000.0,Without Club,,,0,2017.csv
2017,Premier League,Leicester City,summer,out,Marcin Wasilewski,16947,37,Poland,Centre-Back,CB,50000.0,Without Club,,,0,2017.csv
2017,Premier League,Leicester City,summer,out,Molla Wagué,129893,26,Mali,Centre-Back,CB,1500000.0,Granada CF,Spain,0.0,1,2017.csv
2017,Premier League,Leicester City,winter,out,Islam Slimani,174915,29,Algeria,Centre-Forward,CF,22000000.0,Newcastle United,England,2200000.0,1,2017.csv
2017,Premier League,Leicester City,winter,out,Leonardo Ulloa,54890,31,Argentina,Centre-Forward,CF,5000000.0,Brighton & Hove Albion,England,0.0,1,2017.csv
2017,Premier League,Leicester City,winter,out,Ahmed Musa,168337,25,Nigeria,Left Winger,LW,15000000.0,CSKA Moscow,Russia,0.0,1,2017.csv
2017,Premier League,Leicester City,winter,out,Andy King,56872,29,Wales,Central Midfield,CM,3000000.0,Swansea City,England,0.0,1,2017.csv
2017,Premier League,Liverpool FC,summer,in,Mohamed Salah,148455,25,Egypt,Right Winger,RW,35000000.0,AS Roma,Italy,42000000.0,0,2017.csv
2017,Premier League,Liverpool FC,summer,in,Alex Oxlade-Chamberlain,143424,24,England,Central Midfield,CM,22000000.0,Arsenal FC,England,38000000.0,0,2017.csv
2017,Premier League,Liverpool FC,summer,in,Andrew Robertson,234803,23,Scotland,Left-Back,LB,7000000.0,Hull City,England,9000000.0,0,2017.csv
2017,Premier League,Liverpool FC,summer,in,Dominic Solanke,258889,19,England,Centre-Forward,CF,2000000.0,Chelsea FC U23,England,0.0,0,2017.csv
2017,Premier League,Liverpool FC,winter,in,Virgil van Dijk,139208,26,Netherlands,Centre-Back,CB,30000000.0,Southampton FC,England,84650000.0,0,2017.csv
2017,Premier League,Liverpool FC,summer,out,Mamadou Sakho,47713,27,France,Centre-Back,CB,15000000.0,Crystal Palace,England,28200000.0,0,2017.csv
2017,Premier League,Liverpool FC,summer,out,Divock Origi,148368,22,Belgium,Centre-Forward,CF,12000000.0,VfL Wolfsburg,Germany,6500000.0,1,2017.csv
2017,Premier League,Liverpool FC,summer,out,Lucas Leiva,41414,30,Brazil,Defensive Midfield,DM,7000000.0,SS Lazio,Italy,5700000.0,0,2017.csv
2017,Premier League,Liverpool FC,summer,out,Kevin Stewart,200782,23,Jamaica,Defensive Midfield,DM,1000000.0,Hull City,England,4500000.0,0,2017.csv
2017,Premier League,Liverpool FC,summer,out,Andre Wisdom,128912,24,England,Right-Back,RB,2750000.0,Derby County,England,2300000.0,0,2017.csv
2017,Premier League,Liverpool FC,summer,out,Connor Randall,262545,21,England,Right-Back,RB,500000.0,Heart of Midlothian FC,Scotland,0.0,1,2017.csv
2017,Premier League,Liverpool FC,summer,out,Taiwo Awoniyi,295313,19,Nigeria,Centre-Forward,CF,400000.0,Royal Excel Mouscron (-2022),Belgium,0.0,1,2017.csv
2017,Premier League,Liverpool FC,summer,out,Sheyi Ojo,236510,20,England,Right Winger,RW,2000000.0,Fulham FC,England,0.0,1,2017.csv
2017,Premier League,Liverpool FC,summer,out,Alexander Manninger,5278,40,Austria,Goalkeeper,GK,200000.0,Retired,,,0,2017.csv
2017,Premier League,Liverpool FC,winter,out,Philippe Coutinho,80444,25,Brazil,Attacking Midfield,AM,90000000.0,FC Barcelona,Spain,135000000.0,0,2017.csv
2017,Premier League,Liverpool FC,winter,out,Daniel Sturridge,47082,28,England,Centre-Forward,CF,20000000.0,West Bromwich Albion,England,2300000.0,1,2017.csv
2017,Premier League,Liverpool FC,winter,out,Lazar Markovic,144303,23,Serbia,Right Winger,RW,10000000.0,RSC Anderlecht,Belgium,0.0,1,2017.csv
2017,Premier League,Liverpool FC,winter,out,Marko Grujić,222813,21,Serbia,Defensive Midfield,DM,5000000.0,Cardiff City,England,0.0,1,2017.csv
2017,Premier League,Liverpool FC,winter,out,Ovie Ejaria,337284,20,England,Left Winger,LW,500000.0,Sunderland AFC,England,0.0,1,2017.csv
2017,Premier League,Liverpool FC,winter,out,Jon Flanagan,145922,25,England,Right-Back,RB,3000000.0,Bolton Wanderers,England,0.0,1,2017.csv
2017,Premier League,Manchester City,summer,in,Benjamin Mendy,157495,23,France,Left-Back,LB,13000000.0,AS Monaco,France,57500000.0,0,2017.csv
2017,Premier League,Manchester City,summer,in,Kyle Walker,95424,27,England,Right-Back,RB,30000000.0,Tottenham Hotspur,England,52700000.0,0,2017.csv
2017,Premier League,Manchester City,summer,in,Bernardo Silva,241641,22,Portugal,Attacking Midfield,AM,40000000.0,AS Monaco,France,50000000.0,0,2017.csv
2017,Premier League,Manchester City,summer,in,Ederson,238223,23,Brazil,Goalkeeper,GK,22000000.0,SL Benfica,Portugal,40000000.0,0,2017.csv
2017,Premier League,Manchester City,summer,in,Danilo,145707,26,Brazil,Centre-Back,CB,16000000.0,Real Madrid,Spain,30000000.0,0,2017.csv
2017,Premier League,Manchester City,summer,in,Douglas Luiz,447661,19,Brazil,Central Midfield,CM,,Clube de Regatas Vasco da Gama,Brazil,12000000.0,0,2017.csv
2017,Premier League,Manchester City,summer,in,Olarenwaju Kayode,131694,24,Nigeria,Centre-Forward,CF,4000000.0,Austria Vienna,Austria,3800000.0,0,2017.csv
2017,Premier League,Manchester City,summer,in,Luka Ilic,429790,18,Serbia,Attacking Midfield,AM,,Red Star Belgrade,Serbia,2500000.0,0,2017.csv
2017,Premier League,Manchester City,winter,in,Aymeric Laporte,176553,23,Spain,Centre-Back,CB,25000000.0,Athletic Bilbao,Spain,65000000.0,0,2017.csv
2017,Premier League,Manchester City,winter,in,Jack Harrison,417346,21,England,Left Winger,LW,1750000.0,New York City FC,United States,4000000.0,0,2017.csv
2017,Premier League,Manchester City,summer,out,Kelechi Iheanacho,295330,20,Nigeria,Centre-Forward,CF,15000000.0,Leicester City,England,27700000.0,0,2017.csv
2017,Premier League,Manchester City,summer,out,Enes Ünal,251106,20,Türkiye,Centre-Forward,CF,10000000.0,Villarreal CF,Spain,14000000.0,0,2017.csv
2017,Premier League,Manchester City,summer,out,Wilfried Bony,81808,28,Cote d'Ivoire,Centre-Forward,CF,18000000.0,Swansea City,England,13000000.0,0,2017.csv
2017,Premier League,Manchester City,summer,out,Aaron Mooy,123951,26,Australia,Central Midfield,CM,5000000.0,Huddersfield Town,England,9100000.0,0,2017.csv
2017,Premier League,Manchester City,summer,out,Nolito,70934,30,Spain,Left Winger,LW,12000000.0,Sevilla FC,Spain,7000000.0,0,2017.csv
2017,Premier League,Manchester City,summer,out,Fernando,51174,30,Brazil,Defensive Midfield,DM,10000000.0,Galatasaray,Türkiye,6000000.0,0,2017.csv
2017,Premier League,Manchester City,summer,out,Aleksandar Kolarov,46156,31,Serbia,Left-Back,LB,10000000.0,AS Roma,Italy,5000000.0,0,2017.csv
2017,Premier League,Manchester City,summer,out,Samir Nasri,18935,30,France,Attacking Midfield,AM,16000000.0,Antalyaspor,Türkiye,3500000.0,0,2017.csv
2017,Premier League,Manchester City,summer,out,Joe Hart,40204,30,England,Goalkeeper,GK,13000000.0,West Ham United,England,2300000.0,1,2017.csv
2017,Premier League,Manchester City,summer,out,Rubén Sobrino,85383,25,Spain,Centre-Forward,CF,500000.0,Deportivo Alavés,Spain,2000000.0,0,2017.csv
2017,Premier League,Manchester City,summer,out,Bruno Zuculini,115507,24,Argentina,Defensive Midfield,DM,1200000.0,Hellas Verona,Italy,1250000.0,0,2017.csv
2017,Premier League,Manchester City,summer,out,Jason Denayer,277114,22,Belgium,Centre-Back,CB,4000000.0,Galatasaray,Türkiye,500000.0,1,2017.csv
2017,Premier League,Manchester City,summer,out,Pablo Zabaleta,20007,32,Argentina,Right-Back,RB,7000000.0,West Ham United,England,0.0,0,2017.csv
2017,Premier League,Manchester City,summer,out,Jesús Navas,15956,31,Spain,Right-Back,RB,12000000.0,Sevilla FC,Spain,0.0,0,2017.csv
2017,Premier League,Manchester City,summer,out,Gaël Clichy,7449,31,France,Left-Back,LB,7000000.0,Basaksehir FK,Türkiye,0.0,0,2017.csv
2017,Premier League,Manchester City,summer,out,Willy Caballero,19948,35,Argentina,Goalkeeper,GK,1500000.0,Chelsea FC,England,0.0,0,2017.csv
2017,Premier League,Manchester City,summer,out,Luka Ilic,429790,18,Serbia,Attacking Midfield,AM,,Red Star Belgrade,Serbia,0.0,1,2017.csv
2017,Premier League,Manchester City,summer,out,Douglas Luiz,447661,19,Brazil,Central Midfield,CM,,Girona FC,Spain,0.0,1,2017.csv
2017,Premier League,Manchester City,summer,out,Angus Gunn,201574,21,Scotland,Goalkeeper,GK,250000.0,Norwich City,England,0.0,1,2017.csv
2017,Premier League,Manchester City,summer,out,Aleix García,261504,20,Spain,Central Midfield,CM,1000000.0,Girona FC,Spain,0.0,1,2017.csv
2017,Premier League,Manchester City,summer,out,Olarenwaju Kayode,131694,24,Nigeria,Centre-Forward,CF,4000000.0,Girona FC,Spain,0.0,1,2017.csv
2017,Premier League,Manchester City,summer,out,Pablo Maffeo,251876,20,Argentina,Right-Back,RB,500000.0,Girona FC,Spain,0.0,1,2017.csv
2017,Premier League,Manchester City,summer,out,Patrick Roberts,225452,20,England,Right Winger,RW,7500000.0,Celtic FC,Scotland,0.0,1,2017.csv
2017,Premier League,Manchester City,summer,out,Marlos Moreno,345654,20,Colombia,Left Winger,LW,1000000.0,Girona FC,Spain,0.0,1,2017.csv
2017,Premier League,Manchester City,summer,out,Anthony Cáceres,226739,24,Australia,Attacking Midfield,AM,600000.0,Al-Wasl FC,United Arab Emirates,0.0,1,2017.csv
2017,Premier League,Manchester City,summer,out,Pablo Marí,210178,23,Spain,Centre-Back,CB,400000.0,NAC Breda,Netherlands,0.0,1,2017.csv
2017,Premier League,Manchester City,summer,out,Bersant Celina,229695,20,Kosovo,Attacking Midfield,AM,2500000.0,Ipswich Town,England,0.0,1,2017.csv
2017,Premier League,Manchester City,summer,out,Bacary Sagna,26764,34,France,Right-Back,RB,4000000.0,Without Club,,,0,2017.csv
2017,Premier League,Manchester City,winter,out,Marlos Moreno,345654,21,Colombia,Left Winger,LW,500000.0,CR Flamengo,Brazil,0.0,1,2017.csv
2017,Premier League,Manchester City,winter,out,Jack Harrison,417346,21,England,Left Winger,LW,1750000.0,Middlesbrough FC,England,0.0,1,2017.csv
2017,Premier League,Manchester City,winter,out,Eliaquim Mangala,90681,26,France,Centre-Back,CB,15000000.0,Everton FC,England,0.0,1,2017.csv
2017,Premier League,Manchester City,winter,out,Olarenwaju Kayode,131694,24,Nigeria,Centre-Forward,CF,3000000.0,Shakhtar Donetsk,Ukraine,0.0,1,2017.csv
2017,Premier League,Manchester United,summer,in,Romelu Lukaku,96341,24,Belgium,Centre-Forward,CF,50000000.0,Everton FC,England,84700000.0,0,2017.csv
2017,Premier League,Manchester United,summer,in,Nemanja Matić,74683,28,Serbia,Defensive Midfield,DM,35000000.0,Chelsea FC,England,44700000.0,0,2017.csv
2017,Premier League,Manchester United,summer,in,Victor Lindelöf,184573,22,Sweden,Centre-Back,CB,22000000.0,SL Benfica,Portugal,35000000.0,0,2017.csv
2017,Premier League,Manchester United,winter,in,Alexis Sánchez,40433,29,Chile,Centre-Forward,CF,70000000.0,Arsenal FC,England,34000000.0,0,2017.csv
2017,Premier League,Manchester United,summer,out,Adnan Januzaj,177847,22,Belgium,Right Winger,RW,7000000.0,Real Sociedad,Spain,8500000.0,0,2017.csv
2017,Premier League,Manchester United,summer,out,Andreas Pereira,203394,21,Brazil,Attacking Midfield,AM,5000000.0,Valencia CF,Spain,3000000.0,1,2017.csv
2017,Premier League,Manchester United,summer,out,Wayne Rooney,3332,31,England,Centre-Forward,CF,15000000.0,Everton FC,England,0.0,0,2017.csv
2017,Premier League,Manchester United,summer,out,Guillermo Varela,188862,24,Uruguay,Right-Back,RB,750000.0,CA Peñarol,Uruguay,,0,2017.csv
2017,Premier League,Manchester United,summer,out,Sam Johnstone,110864,24,England,Goalkeeper,GK,1000000.0,Aston Villa,England,0.0,1,2017.csv
2017,Premier League,Manchester United,summer,out,Timothy Fosu-Mensah,315131,19,Netherlands,Right-Back,RB,2500000.0,Crystal Palace,England,0.0,1,2017.csv
2017,Premier League,Manchester United,winter,out,Henrikh Mkhitaryan,55735,29,Armenia,Central Midfield,CM,35000000.0,Arsenal FC,England,34000000.0,0,2017.csv
2017,Premier League,Manchester United,winter,out,Zlatan Ibrahimović,3455,36,Sweden,Centre-Forward,CF,5000000.0,Los Angeles Galaxy,United States,0.0,0,2017.csv
2017,Premier League,Manchester United,winter,out,James Wilson,214104,22,England,Centre-Forward,CF,2000000.0,Sheffield United,England,0.0,1,2017.csv
2017,Premier League,Manchester United,winter,out,Axel Tuanzebe,342046,20,DR Congo,Centre-Back,CB,1000000.0,Aston Villa,England,0.0,1,2017.csv
2017,Premier League,Newcastle United,summer,in,Jacob Murphy,199527,22,England,Right Winger,RW,1000000.0,Norwich City,England,11300000.0,0,2017.csv
2017,Premier League,Newcastle United,summer,in,Florian Lejeune,127108,26,France,Centre-Back,CB,5000000.0,SD Eibar,Spain,10000000.0,0,2017.csv
2017,Premier League,Newcastle United,summer,in,Christian Atsu,186997,25,Ghana,Left Winger,LW,5000000.0,Chelsea FC,England,7500000.0,0,2017.csv
2017,Premier League,Newcastle United,summer,in,Joselu,81999,27,Spain,Centre-Forward,CF,3500000.0,Stoke City,England,5500000.0,0,2017.csv
2017,Premier League,Newcastle United,summer,in,Javier Manquillo,162029,23,Spain,Right-Back,RB,4000000.0,Atlético de Madrid,Spain,5000000.0,0,2017.csv
2017,Premier League,Newcastle United,summer,in,Mikel Merino,338424,21,Spain,Central Midfield,CM,2500000.0,Borussia Dortmund,Germany,3000000.0,1,2017.csv
2017,Premier League,Newcastle United,winter,in,Islam Slimani,174915,29,Algeria,Centre-Forward,CF,22000000.0,Leicester City,England,2200000.0,1,2017.csv
2017,Premier League,Newcastle United,winter,in,Martin Dúbravka,74960,29,Slovakia,Goalkeeper,GK,900000.0,AC Sparta Prague,Czech Republic,2000000.0,1,2017.csv
2017,Premier League,Newcastle United,winter,in,Kenedy,281404,21,Brazil,Left Winger,LW,7000000.0,Chelsea FC,England,0.0,1,2017.csv
2017,Premier League,Newcastle United,summer,out,Florian Thauvin,184892,24,France,Second Striker,SS,18000000.0,Olympique Marseille,France,11000000.0,0,2017.csv
2017,Premier League,Newcastle United,summer,out,Grant Hanley,121385,25,Scotland,Centre-Back,CB,4500000.0,Norwich City,England,3800000.0,0,2017.csv
2017,Premier League,Newcastle United,summer,out,Daryl Murphy,31312,34,Ireland,Centre-Forward,CF,1500000.0,Nottingham Forest,England,2300000.0,0,2017.csv
2017,Premier League,Newcastle United,summer,out,Siem de Jong,45509,28,Netherlands,Attacking Midfield,AM,5500000.0,Ajax Amsterdam,Netherlands,2300000.0,0,2017.csv
2017,Premier League,Newcastle United,summer,out,Emmanuel Rivière,61637,27,Martinique,Centre-Forward,CF,1500000.0,FC Metz,France,1100000.0,0,2017.csv
2017,Premier League,Newcastle United,summer,out,Kevin Mbabu,183321,22,Switzerland,Right-Back,RB,750000.0,BSC Young Boys,Switzerland,120000.0,0,2017.csv
2017,Premier League,Newcastle United,summer,out,Lubomir Satka,168408,21,Slovakia,Centre-Back,CB,250000.0,DAC Dunajska Streda,Slovakia,0.0,0,2017.csv
2017,Premier League,Newcastle United,summer,out,Tim Krul,33027,29,Netherlands,Goalkeeper,GK,4000000.0,Brighton & Hove Albion,England,0.0,0,2017.csv
2017,Premier League,Newcastle United,summer,out,Yoan Gouffran,23825,31,France,Left Winger,LW,3500000.0,Göztepe,Türkiye,0.0,0,2017.csv
2017,Premier League,Newcastle United,summer,out,Sammy Ameobi,92381,25,England,Left Winger,LW,2500000.0,Bolton Wanderers,England,0.0,0,2017.csv
2017,Premier League,Newcastle United,summer,out,Haris Vuckic,76560,24,Slovenia,Second Striker,SS,500000.0,Twente Enschede FC,Netherlands,0.0,0,2017.csv
2017,Premier League,Newcastle United,summer,out,Vurnon Anita,30670,28,Curacao,Defensive Midfield,DM,4000000.0,Leeds United,England,0.0,0,2017.csv
2017,Premier League,Newcastle United,summer,out,Ivan Toney,251664,21,England,Centre-Forward,CF,500000.0,Wigan Athletic,England,0.0,1,2017.csv
2017,Premier League,Newcastle United,summer,out,Tim Krul,33027,29,Netherlands,Goalkeeper,GK,4000000.0,Brighton & Hove Albion,England,0.0,1,2017.csv
2017,Premier League,Newcastle United,summer,out,Achraf Lazaar,139173,25,Morocco,Left Midfield,LM,2500000.0,Benevento Calcio,Italy,0.0,1,2017.csv
2017,Premier League,Newcastle United,summer,out,Stuart Findlay,165334,21,Scotland,Centre-Back,CB,100000.0,Kilmarnock FC,Scotland,0.0,1,2017.csv
2017,Premier League,Newcastle United,summer,out,Adam Armstrong,250426,20,England,Centre-Forward,CF,1500000.0,Bolton Wanderers,England,0.0,1,2017.csv
2017,Premier League,Newcastle United,summer,out,Matz Sels,127202,25,Belgium,Goalkeeper,GK,5000000.0,RSC Anderlecht,Belgium,0.0,1,2017.csv
2017,Premier League,Newcastle United,summer,out,Christian Atsu,186997,25,Ghana,Left Winger,LW,5000000.0,Chelsea FC,England,0.0,1,2017.csv
2017,Premier League,Newcastle United,summer,out,Islam Slimani,174915,29,Algeria,Centre-Forward,CF,18000000.0,Leicester City,England,0.0,1,2017.csv
2017,Premier League,Newcastle United,winter,out,Aleksandar Mitrović,51152,23,Serbia,Centre-Forward,CF,8000000.0,Fulham FC,England,600000.0,1,2017.csv
2017,Premier League,Newcastle United,winter,out,Ivan Toney,251664,21,England,Centre-Forward,CF,500000.0,Scunthorpe United,England,0.0,1,2017.csv
2017,Premier League,Newcastle United,winter,out,Dan Barlaser,256773,21,England,Defensive Midfield,DM,,Crewe Alexandra,England,0.0,1,2017.csv
2017,Premier League,Newcastle United,winter,out,Jamie Sterry,250431,22,England,Right-Back,RB,75000.0,Crewe Alexandra,England,0.0,1,2017.csv
2017,Premier League,Newcastle United,winter,out,Jack Colback,61644,28,England,Defensive Midfield,DM,3500000.0,Nottingham Forest,England,0.0,1,2017.csv
2017,Premier League,Newcastle United,winter,out,Adam Armstrong,250426,20,England,Centre-Forward,CF,1500000.0,Blackburn Rovers,England,0.0,1,2017.csv
2017,Premier League,Newcastle United,winter,out,Henri Saivet,51540,27,Senegal,Attacking Midfield,AM,5000000.0,Sivasspor,Türkiye,0.0,1,2017.csv
2017,Premier League,Newcastle United,winter,out,Rolando Aarons,258188,22,Jamaica,Left Winger,LW,750000.0,Hellas Verona,Italy,0.0,1,2017.csv
2017,Premier League,Newcastle United,winter,out,Freddie Woodman,226049,20,England,Goalkeeper,GK,500000.0,Aberdeen FC,Scotland,0.0,1,2017.csv
2017,Premier League,Southampton FC,summer,in,Mario Lemina,170934,23,Gabon,Defensive Midfield,DM,7500000.0,Juventus FC,Italy,17250000.0,0,2017.csv
2017,Premier League,Southampton FC,summer,in,Wesley Hoedt,253765,23,Netherlands,Centre-Back,CB,7500000.0,SS Lazio,Italy,16000000.0,0,2017.csv
2017,Premier League,Southampton FC,summer,in,Jan Bednarek,243028,21,Poland,Centre-Back,CB,500000.0,Lech Poznan,Poland,6000000.0,0,2017.csv
2017,Premier League,Southampton FC,summer,in,Jack Rose,186923,22,England,Goalkeeper,GK,100000.0,West Bromwich Albion U23,England,0.0,0,2017.csv
2017,Premier League,Southampton FC,winter,in,Guido Carrillo,184672,26,Argentina,Centre-Forward,CF,6000000.0,AS Monaco,France,22000000.0,0,2017.csv
2017,Premier League,Southampton FC,summer,out,Jay Rodríguez,53360,27,England,Centre-Forward,CF,10000000.0,West Bromwich Albion,England,13700000.0,0,2017.csv
2017,Premier League,Southampton FC,summer,out,Martín Cáceres,54935,30,Uruguay,Centre-Back,CB,4000000.0,Hellas Verona,Italy,0.0,0,2017.csv
2017,Premier League,Southampton FC,summer,out,Cuco Martina,91251,27,Curacao,Centre-Back,CB,2000000.0,Everton FC,England,0.0,0,2017.csv
2017,Premier League,Southampton FC,summer,out,Lloyd Isgrove,226965,24,Wales,Right Winger,RW,250000.0,Barnsley FC,England,0.0,0,2017.csv
2017,Premier League,Southampton FC,summer,out,Paulo Gazzaniga,195488,25,Argentina,Goalkeeper,GK,1000000.0,Tottenham Hotspur,England,,0,2017.csv
2017,Premier League,Southampton FC,summer,out,Harrison Reed,226973,22,England,Central Midfield,CM,1000000.0,Norwich City,England,0.0,1,2017.csv
2017,Premier League,Southampton FC,summer,out,Ryan Seager,247647,21,England,Centre-Forward,CF,,Milton Keynes Dons,England,0.0,1,2017.csv
2017,Premier League,Southampton FC,summer,out,Sam Gallagher,227183,21,England,Centre-Forward,CF,2500000.0,Birmingham City,England,0.0,1,2017.csv
2017,Premier League,Southampton FC,summer,out,Jordy Clasie,104223,26,Netherlands,Defensive Midfield,DM,10000000.0,Club Brugge KV,Belgium,0.0,1,2017.csv
2017,Premier League,Southampton FC,summer,out,Mouez Hassen,215677,22,Tunisia,Goalkeeper,GK,1000000.0,OGC Nice,France,0.0,1,2017.csv
2017,Premier League,Southampton FC,winter,out,Virgil van Dijk,139208,26,Netherlands,Centre-Back,CB,30000000.0,Liverpool FC,England,84650000.0,0,2017.csv
2017,Premier League,Southampton FC,winter,out,Ryan Seager,247647,21,England,Centre-Forward,CF,100000.0,Yeovil Town,England,0.0,1,2017.csv
2017,Premier League,Southampton FC,winter,out,Florin Gardoș,57423,29,Romania,Centre-Back,CB,2000000.0,CS Universitatea Craiova,Romania,0.0,1,2017.csv
2017,Premier League,Southampton FC,winter,out,Matt Targett,250478,22,England,Left-Back,LB,3000000.0,Fulham FC,England,0.0,1,2017.csv
2017,Premier League,Stoke City,summer,in,Kevin Wimmer,122675,24,Austria,Centre-Back,CB,7000000.0,Tottenham Hotspur,England,19400000.0,0,2017.csv
2017,Premier League,Stoke City,summer,in,Kurt Zouma,157509,22,France,Centre-Back,CB,15000000.0,Chelsea FC,England,7800000.0,1,2017.csv
2017,Premier League,Stoke City,summer,in,Bruno Martins Indi,112052,25,Netherlands,Centre-Back,CB,11000000.0,FC Porto,Portugal,7700000.0,0,2017.csv
2017,Premier League,Stoke City,summer,in,Darren Fletcher,3547,33,Scotland,Central Midfield,CM,2000000.0,West Bromwich Albion,England,0.0,0,2017.csv
2017,Premier League,Stoke City,summer,in,Eric-Maxim Choupo-Moting,45660,28,Cameroon,Centre-Forward,CF,6000000.0,FC Schalke 04,Germany,0.0,0,2017.csv
2017,Premier League,Stoke City,summer,in,Josh Tymon,419929,18,England,Left-Back,LB,1000000.0,Hull City,England,0.0,0,2017.csv
2017,Premier League,Stoke City,summer,in,Jesé,134936,24,Spain,Left Winger,LW,7500000.0,Paris Saint-Germain,France,0.0,1,2017.csv
2017,Premier League,Stoke City,winter,in,Badou Ndiaye,211325,27,Senegal,Defensive Midfield,DM,7000000.0,Galatasaray,Türkiye,16000000.0,0,2017.csv
2017,Premier League,Stoke City,winter,in,Moritz Bauer,159692,25,Austria,Right-Back,RB,3000000.0,Rubin Kazan,Russia,6200000.0,0,2017.csv
2017,Premier League,Stoke City,winter,in,Konstantinos Stafylidis,148967,24,Greece,Left-Back,LB,3500000.0,FC Augsburg,Germany,600000.0,1,2017.csv
2017,Premier League,Stoke City,summer,out,Marko Arnautovic,41384,28,Austria,Centre-Forward,CF,15000000.0,West Ham United,England,22300000.0,0,2017.csv
2017,Premier League,Stoke City,summer,out,Joselu,81999,27,Spain,Centre-Forward,CF,3500000.0,Newcastle United,England,5500000.0,0,2017.csv
2017,Premier League,Stoke City,summer,out,Philipp Wollscheid,53173,28,Germany,Centre-Back,CB,2500000.0,FC Metz,France,2500000.0,0,2017.csv
2017,Premier League,Stoke City,summer,out,Jonathan Walters,3306,33,Ireland,Right Winger,RW,2500000.0,Burnley FC,England,2300000.0,0,2017.csv
2017,Premier League,Stoke City,summer,out,Glenn Whelan,12124,33,Ireland,Defensive Midfield,DM,2500000.0,Aston Villa,England,1700000.0,0,2017.csv
2017,Premier League,Stoke City,summer,out,Phil Bardsley,15773,32,Scotland,Right-Back,RB,1500000.0,Burnley FC,England,840000.0,0,2017.csv
2017,Premier League,Stoke City,summer,out,George Waring,242417,22,England,Centre-Forward,CF,250000.0,Tranmere Rovers,England,0.0,0,2017.csv
2017,Premier League,Stoke City,summer,out,Bojan Krkic,44675,27,Spain,Second Striker,SS,5000000.0,Deportivo Alavés,Spain,0.0,1,2017.csv
2017,Premier League,Stoke City,summer,out,Giannelli Imbula,130756,24,DR Congo,Defensive Midfield,DM,12000000.0,FC Toulouse,France,0.0,1,2017.csv
2017,Premier League,Stoke City,summer,out,Marc Muniesa,74228,25,Spain,Centre-Back,CB,3000000.0,Girona FC,Spain,0.0,1,2017.csv
2017,Premier League,Stoke City,summer,out,Dom Telford,333782,20,England,Centre-Forward,CF,,Bristol Rovers,England,0.0,1,2017.csv
2017,Premier League,Stoke City,summer,out,Ryan Sweeney,347666,20,Ireland,Centre-Back,CB,250000.0,Bristol Rovers,England,0.0,1,2017.csv
2017,Premier League,Stoke City,summer,out,Shay Given,3146,41,Ireland,Goalkeeper,GK,250000.0,Retired,,,0,2017.csv
2017,Premier League,Stoke City,summer,out,Kurt Zouma,157509,23,France,Centre-Back,CB,15000000.0,Chelsea FC,England,0.0,1,2017.csv
2017,Premier League,Stoke City,summer,out,Bruno Martins Indi,112052,25,Netherlands,Centre-Back,CB,11000000.0,FC Porto,Portugal,0.0,1,2017.csv
2017,Premier League,Stoke City,winter,out,Harry Souttar,298091,19,Australia,Centre-Back,CB,,Ross County FC,Scotland,0.0,1,2017.csv
2017,Premier League,Stoke City,winter,out,Josh Tymon,419929,18,England,Left-Back,LB,2000000.0,Milton Keynes Dons,England,0.0,1,2017.csv
2017,Premier League,Swansea City,summer,in,Sam Clucas,122223,26,England,Central Midfield,CM,2500000.0,Hull City,England,16300000.0,0,2017.csv
2017,Premier League,Swansea City,summer,in,Wilfried Bony,81808,28,Cote d'Ivoire,Centre-Forward,CF,18000000.0,Manchester City,England,13000000.0,0,2017.csv
2017,Premier League,Swansea City,summer,in,Roque Mesa,202984,28,Spain,Central Midfield,CM,12000000.0,UD Las Palmas,Spain,12500000.0,0,2017.csv
2017,Premier League,Swansea City,summer,in,Renato Sanches,258027,20,Portugal,Central Midfield,CM,22000000.0,Bayern Munich,Germany,8500000.0,1,2017.csv
2017,Premier League,Swansea City,summer,in,Cian Harries,319300,20,Wales,Centre-Back,CB,75000.0,Coventry City,England,285000.0,0,2017.csv
2017,Premier League,Swansea City,summer,in,Erwin Mulder,56631,28,Netherlands,Goalkeeper,GK,2500000.0,SC Heerenveen,Netherlands,0.0,0,2017.csv
2017,Premier League,Swansea City,summer,in,Courtney Baker-Richardson,298231,21,England,Centre-Forward,CF,,Leamington FC,England,,0,2017.csv
2017,Premier League,Swansea City,summer,in,Tammy Abraham,331726,19,England,Centre-Forward,CF,8000000.0,Chelsea FC,England,0.0,1,2017.csv
2017,Premier League,Swansea City,winter,in,André Ayew,45403,28,Ghana,Centre-Forward,CF,18000000.0,West Ham United,England,22800000.0,0,2017.csv
2017,Premier League,Swansea City,winter,in,Jack Withers,602757,18,England,Centre-Back,CB,,Boston United,England,,0,2017.csv
2017,Premier League,Swansea City,winter,in,Andy King,56872,29,Wales,Central Midfield,CM,3000000.0,Leicester City,England,0.0,1,2017.csv
2017,Premier League,Swansea City,summer,out,Gylfi Sigurdsson,90466,27,Iceland,Attacking Midfield,AM,25000000.0,Everton FC,England,49400000.0,0,2017.csv
2017,Premier League,Swansea City,summer,out,Fernando Llorente,35564,32,Spain,Centre-Forward,CF,6000000.0,Tottenham Hotspur,England,15100000.0,0,2017.csv
2017,Premier League,Swansea City,summer,out,Jack Cork,40613,28,England,Defensive Midfield,DM,5000000.0,Burnley FC,England,9100000.0,0,2017.csv
2017,Premier League,Swansea City,summer,out,Stephen Kingsley,184398,23,Scotland,Left-Back,LB,750000.0,Hull City,England,3300000.0,0,2017.csv
2017,Premier League,Swansea City,summer,out,Bafétimbi Gomis,22388,31,France,Centre-Forward,CF,5000000.0,Galatasaray,Türkiye,2500000.0,0,2017.csv
2017,Premier League,Swansea City,summer,out,Modou Barrow,189070,24,The Gambia,Left Winger,LW,3000000.0,Reading FC,England,1700000.0,0,2017.csv
2017,Premier League,Swansea City,summer,out,Marvin Emnes,37787,29,Netherlands,Centre-Forward,CF,1000000.0,Akhisarspor,Türkiye,0.0,0,2017.csv
2017,Premier League,Swansea City,summer,out,Mark Birighitti,80702,26,Australia,Goalkeeper,GK,1000000.0,NAC Breda,Netherlands,0.0,0,2017.csv
2017,Premier League,Swansea City,summer,out,Franck Tabanou,66413,28,France,Left-Back,LB,2000000.0,EA Guingamp,France,0.0,0,2017.csv
2017,Premier League,Swansea City,summer,out,Liam Shephard,197910,22,Wales,Right-Back,RB,75000.0,Peterborough United,England,0.0,0,2017.csv
2017,Premier League,Swansea City,summer,out,Connor Roberts,214666,21,Wales,Right-Back,RB,250000.0,Middlesbrough FC,England,0.0,1,2017.csv
2017,Premier League,Swansea City,summer,out,Jordi Amat,85289,25,Indonesia,Centre-Back,CB,2500000.0,Real Betis Balompié,Spain,0.0,1,2017.csv
2017,Premier League,Swansea City,summer,out,Borja Bastón,85324,24,Spain,Centre-Forward,CF,10000000.0,Málaga CF,Spain,0.0,1,2017.csv
2017,Premier League,Swansea City,summer,out,Matt Grimes,265471,22,England,Defensive Midfield,DM,1500000.0,Northampton Town,England,0.0,1,2017.csv
2017,Premier League,Swansea City,summer,out,Botti Biabi,270296,21,Scotland,Centre-Forward,CF,100000.0,Hamilton Academical FC,Scotland,0.0,1,2017.csv
2017,Premier League,Swansea City,summer,out,Jefferson Montero,77932,28,Ecuador,Left Winger,LW,4500000.0,Getafe CF,Spain,0.0,1,2017.csv
2017,Premier League,Swansea City,summer,out,Gerhard Tremmel,488,38,Germany,Goalkeeper,GK,,Retired,,,0,2017.csv
2017,Premier League,Swansea City,summer,out,Tammy Abraham,331726,20,England,Centre-Forward,CF,10000000.0,Chelsea FC,England,0.0,1,2017.csv
2017,Premier League,Swansea City,summer,out,Andy King,56872,29,Wales,Central Midfield,CM,3000000.0,Leicester City,England,0.0,1,2017.csv
2017,Premier League,Swansea City,winter,out,Adam King,169566,22,Scotland,Central Midfield,CM,150000.0,Mansfield Town,England,0.0,1,2017.csv
2017,Premier League,Swansea City,winter,out,Jack Withers,602757,18,England,Centre-Back,CB,,Boston United,England,0.0,1,2017.csv
2017,Premier League,Swansea City,winter,out,Jay Fulton,171260,23,Scotland,Central Midfield,CM,500000.0,Wigan Athletic,England,0.0,1,2017.csv
2017,Premier League,Swansea City,winter,out,Roque Mesa,202984,28,Spain,Central Midfield,CM,10000000.0,Sevilla FC,Spain,0.0,1,2017.csv
2017,Premier League,Swansea City,winter,out,Oli McBurnie,298477,21,Scotland,Centre-Forward,CF,1000000.0,Barnsley FC,England,0.0,1,2017.csv
2017,Premier League,Tottenham Hotspur,summer,in,Davinson Sánchez,341429,21,Colombia,Centre-Back,CB,25000000.0,Ajax Amsterdam,Netherlands,42000000.0,0,2017.csv
2017,Premier League,Tottenham Hotspur,summer,in,Serge Aurier,127032,24,Cote d'Ivoire,Right-Back,RB,15000000.0,Paris Saint-Germain,France,25000000.0,0,2017.csv
2017,Premier League,Tottenham Hotspur,summer,in,Fernando Llorente,35564,32,Spain,Centre-Forward,CF,6000000.0,Swansea City,England,15100000.0,0,2017.csv
2017,Premier League,Tottenham Hotspur,summer,in,Juan Foyth,480763,19,Argentina,Centre-Back,CB,5000000.0,Club Estudiantes de La Plata,Argentina,10500000.0,0,2017.csv
2017,Premier League,Tottenham Hotspur,summer,in,Paulo Gazzaniga,195488,25,Argentina,Goalkeeper,GK,1000000.0,Southampton FC,England,,0,2017.csv
2017,Premier League,Tottenham Hotspur,winter,in,Lucas Moura,77100,25,Brazil,Right Winger,RW,28000000.0,Paris Saint-Germain,France,28400000.0,0,2017.csv
2017,Premier League,Tottenham Hotspur,summer,out,Kyle Walker,95424,27,England,Right-Back,RB,30000000.0,Manchester City,England,52700000.0,0,2017.csv
2017,Premier League,Tottenham Hotspur,summer,out,Kevin Wimmer,122675,24,Austria,Centre-Back,CB,7000000.0,Stoke City,England,19400000.0,0,2017.csv
2017,Premier League,Tottenham Hotspur,summer,out,Nabil Bentaleb,245537,22,Algeria,Defensive Midfield,DM,18000000.0,FC Schalke 04,Germany,19000000.0,0,2017.csv
2017,Premier League,Tottenham Hotspur,summer,out,Clinton N'Jie,241119,23,Cameroon,Right Winger,RW,7000000.0,Olympique Marseille,France,7000000.0,0,2017.csv
2017,Premier League,Tottenham Hotspur,summer,out,Federico Fazio,45314,30,Argentina,Centre-Back,CB,9000000.0,AS Roma,Italy,3200000.0,0,2017.csv
2017,Premier League,Tottenham Hotspur,summer,out,Vincent Janssen,207015,23,Netherlands,Centre-Forward,CF,13000000.0,Fenerbahce,Türkiye,2500000.0,1,2017.csv
2017,Premier League,Tottenham Hotspur,summer,out,Cameron Carter-Vickers,341049,19,United States,Centre-Back,CB,500000.0,Sheffield United,England,0.0,1,2017.csv
2017,Premier League,Tottenham Hotspur,summer,out,Josh Onomah,243589,20,England,Central Midfield,CM,2500000.0,Aston Villa,England,0.0,1,2017.csv
2017,Premier League,Tottenham Hotspur,summer,out,Pau López,286415,22,Spain,Goalkeeper,GK,1500000.0,RCD Espanyol Barcelona,Spain,0.0,1,2017.csv
2017,Premier League,Tottenham Hotspur,winter,out,Cameron Carter-Vickers,341049,20,United States,Centre-Back,CB,500000.0,Ipswich Town,England,0.0,1,2017.csv
2017,Premier League,Tottenham Hotspur,winter,out,Georges-Kevin N'Koudou,215679,22,Cameroon,Left Winger,LW,7000000.0,Burnley FC,England,0.0,1,2017.csv
2017,Premier League,Tottenham Hotspur,winter,out,David Button,61814,18,England,Goalkeeper,GK,,Grays Athletic,England,0.0,1,2017.csv
2017,Premier League,Watford FC,summer,in,Andre Gray,120565,26,Jamaica,Centre-Forward,CF,10000000.0,Burnley FC,England,20400000.0,0,2017.csv
2017,Premier League,Watford FC,summer,in,Richarlison,378710,20,Brazil,Centre-Forward,CF,2000000.0,Fluminense Football Club,Brazil,12400000.0,0,2017.csv
2017,Premier League,Watford FC,summer,in,Tom Cleverley,73484,27,England,Central Midfield,CM,8000000.0,Everton FC,England,9300000.0,0,2017.csv
2017,Premier League,Watford FC,summer,in,Will Hughes,207014,22,England,Central Midfield,CM,8000000.0,Derby County,England,9100000.0,0,2017.csv
2017,Premier League,Watford FC,summer,in,Nathaniel Chalobah,128900,22,England,Defensive Midfield,DM,5000000.0,Chelsea FC,England,6300000.0,0,2017.csv
2017,Premier League,Watford FC,summer,in,Marvin Zeegelaar,92899,27,Netherlands,Left-Back,LB,3500000.0,Sporting CP,Portugal,3000000.0,0,2017.csv
2017,Premier League,Watford FC,summer,in,Dimitri Foulquier,170472,24,Guadeloupe,Right-Back,RB,2000000.0,Granada CF,Spain,2000000.0,0,2017.csv
2017,Premier League,Watford FC,summer,in,André Carrillo,135057,26,Peru,Central Midfield,CM,6000000.0,SL Benfica,Portugal,1000000.0,1,2017.csv
2017,Premier League,Watford FC,summer,in,Jorge Segura,453575,20,Colombia,Centre-Back,CB,200000.0,Envigado FC,Colombia,0.0,0,2017.csv
2017,Premier League,Watford FC,summer,in,Daniel Bachmann,120186,22,Austria,Goalkeeper,GK,250000.0,Stoke City U23,England,0.0,0,2017.csv
2017,Premier League,Watford FC,summer,in,Kiko Femenía,76467,26,Spain,Right-Back,RB,4000000.0,Deportivo Alavés,Spain,0.0,0,2017.csv
2017,Premier League,Watford FC,summer,in,Molla Wagué,129893,26,Mali,Centre-Back,CB,1500000.0,Udinese Calcio,Italy,0.0,1,2017.csv
2017,Premier League,Watford FC,summer,in,Luis Suárez,424784,19,Colombia,Centre-Forward,CF,150000.0,Leones FC,Colombia,,0,2017.csv
2017,Premier League,Watford FC,summer,in,Pervis Estupiñán,349599,19,Ecuador,Left-Back,LB,400000.0,Udinese Calcio,Italy,,0,2017.csv
2017,Premier League,Watford FC,summer,in,Orestis Karnezis,16408,32,Greece,Goalkeeper,GK,4000000.0,Udinese Calcio,Italy,0.0,1,2017.csv
2017,Premier League,Watford FC,winter,in,Dodi Lukébakio,303259,20,Belgium,Right Winger,RW,3000000.0,Royal Charleroi SC,Belgium,5000000.0,0,2017.csv
2017,Premier League,Watford FC,winter,in,Pontus Dahlberg,365544,19,Sweden,Goalkeeper,GK,800000.0,IFK Göteborg,Sweden,3900000.0,0,2017.csv
2017,Premier League,Watford FC,winter,in,Gerard Deulofeu,129476,23,Spain,Centre-Forward,CF,14000000.0,FC Barcelona,Spain,1000000.0,1,2017.csv
2017,Premier League,Watford FC,winter,in,Didier Ndong,210081,23,Gabon,Defensive Midfield,DM,10000000.0,Sunderland AFC,England,0.0,1,2017.csv
2017,Premier League,Watford FC,summer,out,Sven Kums,42735,29,Belgium,Central Midfield,CM,5000000.0,RSC Anderlecht,Belgium,6500000.0,0,2017.csv
2017,Premier League,Watford FC,summer,out,Steven Berghuis,129554,25,Netherlands,Right Winger,RW,5500000.0,Feyenoord Rotterdam,Netherlands,6500000.0,0,2017.csv
2017,Premier League,Watford FC,summer,out,Uche Agbo,262689,21,Nigeria,Defensive Midfield,DM,3000000.0,Standard Liège,Belgium,2500000.0,0,2017.csv
2017,Premier League,Watford FC,summer,out,Valon Behrami,21905,32,Switzerland,Central Midfield,CM,2500000.0,Udinese Calcio,Italy,2000000.0,0,2017.csv
2017,Premier League,Watford FC,summer,out,Juanfran Moreno,64411,28,Spain,Right-Back,RB,5000000.0,Deportivo de La Coruña,Spain,1000000.0,0,2017.csv
2017,Premier League,Watford FC,summer,out,Giedrius Arlauskis,69001,29,Lithuania,Goalkeeper,GK,1000000.0,CFR Cluj,Romania,0.0,0,2017.csv
2017,Premier League,Watford FC,summer,out,Mathias Ranégie,46477,33,Sweden,Centre-Forward,CF,400000.0,BK Häcken,Sweden,0.0,0,2017.csv
2017,Premier League,Watford FC,summer,out,Rene Gilmartin,66518,30,Ireland,Goalkeeper,GK,250000.0,Colchester United,England,0.0,0,2017.csv
2017,Premier League,Watford FC,summer,out,Juan Carlos Paredes,100507,30,Ecuador,Defensive Midfield,DM,1750000.0,CS Emelec,Ecuador,0.0,0,2017.csv
2017,Premier League,Watford FC,summer,out,Mauro Zárate,26456,30,Argentina,Centre-Forward,CF,2000000.0,Al-Nasr SC (UAE),United Arab Emirates,0.0,1,2017.csv
2017,Premier League,Watford FC,summer,out,Luis Suárez,424784,19,Colombia,Centre-Forward,CF,150000.0,Real Valladolid B,Spain,0.0,1,2017.csv
2017,Premier League,Watford FC,summer,out,Mario Suárez,37337,30,Spain,Defensive Midfield,DM,6000000.0,Guizhou Hengfeng,China,,0,2017.csv
2017,Premier League,Watford FC,summer,out,Obbi Oulare,314959,21,Belgium,Centre-Forward,CF,2000000.0,Royal Antwerp FC,Belgium,0.0,1,2017.csv
2017,Premier League,Watford FC,summer,out,Pervis Estupiñán,349599,19,Ecuador,Left-Back,LB,400000.0,UD Almería,Spain,0.0,1,2017.csv
2017,Premier League,Watford FC,summer,out,Dimitri Foulquier,170472,24,Guadeloupe,Right-Back,RB,2000000.0,RC Strasbourg Alsace,France,0.0,1,2017.csv
2017,Premier League,Watford FC,summer,out,Jorge Segura,453575,20,Colombia,Centre-Back,CB,200000.0,Real Valladolid B,Spain,0.0,1,2017.csv
2017,Premier League,Watford FC,summer,out,Costel Pantilimon,47659,30,Romania,Goalkeeper,GK,3000000.0,Deportivo de La Coruña,Spain,0.0,1,2017.csv
2017,Premier League,Watford FC,summer,out,Nordin Amrabat,55619,30,Morocco,Right Winger,RW,4500000.0,CD Leganés,Spain,0.0,1,2017.csv
2017,Premier League,Watford FC,summer,out,Cucho Hernández,459463,18,Colombia,Centre-Forward,CF,450000.0,SD Huesca,Spain,0.0,1,2017.csv
2017,Premier League,Watford FC,summer,out,M'Baye Niang,157501,22,Senegal,Centre-Forward,CF,15000000.0,AC Milan,Italy,0.0,1,2017.csv
2017,Premier League,Watford FC,summer,out,Tom Cleverley,73484,27,England,Central Midfield,CM,8000000.0,Everton FC,England,0.0,1,2017.csv
2017,Premier League,Watford FC,summer,out,Camilo Zúñiga,37941,31,Colombia,Left Midfield,LM,1500000.0,SSC Napoli,Italy,0.0,1,2017.csv
2017,Premier League,Watford FC,summer,out,Didier Ndong,210081,23,Gabon,Defensive Midfield,DM,8000000.0,Sunderland AFC,England,0.0,1,2017.csv
2017,Premier League,Watford FC,winter,out,Mauro Zárate,26456,30,Argentina,Centre-Forward,CF,1800000.0,CA Vélez Sarsfield,Argentina,240000.0,1,2017.csv
2017,Premier League,Watford FC,winter,out,Ben Watson,14081,32,England,Central Midfield,CM,1000000.0,Nottingham Forest,England,0.0,0,2017.csv
2017,Premier League,Watford FC,winter,out,Pontus Dahlberg,365544,19,Sweden,Goalkeeper,GK,800000.0,IFK Göteborg,Sweden,0.0,1,2017.csv
2017,Premier League,Watford FC,winter,out,Brice Dja Djedje,93690,27,Cote d'Ivoire,Defensive Midfield,DM,2000000.0,RC Lens,France,0.0,1,2017.csv
2017,Premier League,Watford FC,winter,out,Isaac Success,295331,22,Nigeria,Centre-Forward,CF,4000000.0,Málaga CF,Spain,0.0,1,2017.csv
2017,Premier League,Watford FC,winter,out,Costel Pantilimon,47659,30,Romania,Goalkeeper,GK,1500000.0,Nottingham Forest,England,0.0,1,2017.csv
2017,Premier League,Watford FC,winter,out,Jorge Segura,453575,21,Colombia,Centre-Back,CB,200000.0,Independiente Medellín,Colombia,0.0,1,2017.csv
2017,Premier League,West Bromwich Albion,summer,in,Oliver Burke,341317,20,Scotland,Centre-Forward,CF,7000000.0,RB Leipzig,Germany,15200000.0,0,2017.csv
2017,Premier League,West Bromwich Albion,summer,in,Jay Rodríguez,53360,27,England,Centre-Forward,CF,10000000.0,Southampton FC,England,13700000.0,0,2017.csv
2017,Premier League,West Bromwich Albion,summer,in,Kieran Gibbs,44792,27,England,Left-Back,LB,10000000.0,Arsenal FC,England,7500000.0,0,2017.csv
2017,Premier League,West Bromwich Albion,summer,in,Yuning Zhang,264429,20,China,Centre-Forward,CF,700000.0,Vitesse Arnhem,Netherlands,7200000.0,0,2017.csv
2017,Premier League,West Bromwich Albion,summer,in,Gareth Barry,3291,36,England,Defensive Midfield,DM,1500000.0,Everton FC,England,1100000.0,0,2017.csv
2017,Premier League,West Bromwich Albion,summer,in,Ahmed Hegazy,111524,26,Egypt,Centre-Back,CB,1000000.0,Al Ahly FC,Egypt,1000000.0,1,2017.csv
2017,Premier League,West Bromwich Albion,summer,in,Grzegorz Krychowiak,45184,27,Poland,Defensive Midfield,DM,25000000.0,Paris Saint-Germain,France,0.0,1,2017.csv
2017,Premier League,West Bromwich Albion,winter,in,Ahmed Hegazy,111524,26,Egypt,Centre-Back,CB,3000000.0,Al Ahly FC,Egypt,5000000.0,0,2017.csv
2017,Premier League,West Bromwich Albion,winter,in,Daniel Sturridge,47082,28,England,Centre-Forward,CF,20000000.0,Liverpool FC,England,2300000.0,1,2017.csv
2017,Premier League,West Bromwich Albion,winter,in,Ali Gabr,122980,29,Egypt,Centre-Back,CB,1200000.0,Zamalek SC,Egypt,500000.0,1,2017.csv
2017,Premier League,West Bromwich Albion,summer,out,Craig Gardner,37171,30,England,Central Midfield,CM,3500000.0,Birmingham City,England,1750000.0,0,2017.csv
2017,Premier League,West Bromwich Albion,summer,out,Yuning Zhang,264429,20,China,Centre-Forward,CF,700000.0,SV Werder Bremen,Germany,300000.0,1,2017.csv
2017,Premier League,West Bromwich Albion,summer,out,Darren Fletcher,3547,33,Scotland,Central Midfield,CM,2000000.0,Stoke City,England,0.0,0,2017.csv
2017,Premier League,West Bromwich Albion,summer,out,Sébastien Pocognoli,17804,29,Belgium,Left-Back,LB,750000.0,Standard Liège,Belgium,0.0,0,2017.csv
2017,Premier League,West Bromwich Albion,summer,out,Callum McManaman,61711,26,England,Right Winger,RW,3500000.0,Sunderland AFC,England,0.0,0,2017.csv
2017,Premier League,West Bromwich Albion,summer,out,Kyle Howkins,261297,21,England,Centre-Back,CB,,Cambridge United,England,0.0,1,2017.csv
2017,Premier League,West Bromwich Albion,summer,out,Kyle Edwards,314366,19,England,Left Winger,LW,,Exeter City,England,0.0,1,2017.csv
2017,Premier League,West Bromwich Albion,summer,out,Jonathan Leko,314266,18,England,Right Winger,RW,1500000.0,Bristol City,England,0.0,1,2017.csv
2017,Premier League,West Bromwich Albion,summer,out,Daniel Sturridge,47082,28,England,Centre-Forward,CF,15000000.0,Liverpool FC,England,0.0,1,2017.csv
2017,Premier League,West Bromwich Albion,winter,out,Kyle Howkins,261297,21,England,Centre-Back,CB,,Port Vale FC,England,0.0,1,2017.csv
2017,Premier League,West Bromwich Albion,winter,out,Ahmed Hegazy,111524,26,Egypt,Centre-Back,CB,3000000.0,Al Ahly FC,Egypt,0.0,1,2017.csv
2017,Premier League,West Ham United,summer,in,Marko Arnautovic,41384,28,Austria,Centre-Forward,CF,15000000.0,Stoke City,England,22300000.0,0,2017.csv
2017,Premier League,West Ham United,summer,in,Chicharito,50935,29,Mexico,Centre-Forward,CF,18000000.0,Bayer 04 Leverkusen,Germany,17800000.0,0,2017.csv
2017,Premier League,West Ham United,summer,in,Sead Haksabanovic,349300,18,Montenegro,Left Winger,LW,400000.0,Halmstads BK,Sweden,3000000.0,0,2017.csv
2017,Premier League,West Ham United,summer,in,Joe Hart,40204,30,England,Goalkeeper,GK,13000000.0,Manchester City,England,2300000.0,1,2017.csv
2017,Premier League,West Ham United,summer,in,Pablo Zabaleta,20007,32,Argentina,Right-Back,RB,7000000.0,Manchester City,England,0.0,0,2017.csv
2017,Premier League,West Ham United,winter,in,Jordan Hugill,291544,25,England,Centre-Forward,CF,3000000.0,Preston North End,England,10200000.0,0,2017.csv
2017,Premier League,West Ham United,winter,in,João Mário,149729,25,Portugal,Left Winger,LW,26000000.0,Inter Milan,Italy,1200000.0,1,2017.csv
2017,Premier League,West Ham United,winter,in,Patrice Evra,5285,36,France,Left-Back,LB,1000000.0,Without Club,,,0,2017.csv
2017,Premier League,West Ham United,summer,out,Håvard Nordtveit,42234,27,Norway,Defensive Midfield,DM,5000000.0,TSG 1899 Hoffenheim,Germany,8000000.0,0,2017.csv
2017,Premier League,West Ham United,summer,out,Ashley Fletcher,289846,21,England,Centre-Forward,CF,1000000.0,Middlesbrough FC,England,7300000.0,0,2017.csv
2017,Premier League,West Ham United,summer,out,Darren Randolph,51321,30,Ireland,Goalkeeper,GK,2500000.0,Middlesbrough FC,England,5600000.0,0,2017.csv
2017,Premier League,West Ham United,summer,out,Enner Valencia,139503,27,Ecuador,Centre-Forward,CF,10000000.0,Tigres UANL,Mexico,5500000.0,0,2017.csv
2017,Premier League,West Ham United,summer,out,Sofiane Feghouli,57162,27,Algeria,Attacking Midfield,AM,12000000.0,Galatasaray,Türkiye,4250000.0,0,2017.csv
2017,Premier League,West Ham United,summer,out,Raphael Spiegel,111428,24,Switzerland,Goalkeeper,GK,500000.0,Boavista FC,Portugal,0.0,0,2017.csv
2017,Premier League,West Ham United,summer,out,Stephen Hendrie,186269,22,Scotland,Left-Back,LB,750000.0,Southend United,England,0.0,0,2017.csv
2017,Premier League,West Ham United,summer,out,Josh Cullen,242606,21,Ireland,Central Midfield,CM,500000.0,Bolton Wanderers,England,0.0,1,2017.csv
2017,Premier League,West Ham United,summer,out,Reece Burke,264220,20,England,Centre-Back,CB,1000000.0,Bolton Wanderers,England,0.0,1,2017.csv
2017,Premier League,West Ham United,summer,out,Reece Oxford,314295,18,England,Centre-Back,CB,5000000.0,Borussia Mönchengladbach,Germany,0.0,1,2017.csv
2017,Premier League,West Ham United,summer,out,Robert Snodgrass,22614,29,Scotland,Right Winger,RW,8000000.0,Aston Villa,England,0.0,1,2017.csv
2017,Premier League,West Ham United,summer,out,Jaanai Gordon,207009,21,England,Centre-Forward,CF,,Without Club,,,0,2017.csv
2017,Premier League,West Ham United,summer,out,Djair Parfitt,345961,20,Bermuda,Left Winger,LW,,Without Club,,,0,2017.csv
2017,Premier League,West Ham United,summer,out,Sam Westley,258311,23,England,Right-Back,RB,,Retired,,,0,2017.csv
2017,Premier League,West Ham United,summer,out,Álvaro Arbeloa,28260,34,Spain,Right-Back,RB,1500000.0,Retired,,,0,2017.csv
2017,Premier League,West Ham United,summer,out,Joe Hart,40204,31,England,Goalkeeper,GK,10000000.0,Manchester City,England,0.0,1,2017.csv
2017,Premier League,West Ham United,summer,out,Jonathan Calleri,284727,23,Argentina,Centre-Forward,CF,8000000.0,Club Deportivo Maldonado,Uruguay,0.0,1,2017.csv
2017,Premier League,West Ham United,summer,out,Gökhan Töre,82130,25,Türkiye,Right Winger,RW,12000000.0,Besiktas JK,Türkiye,0.0,1,2017.csv
2017,Premier League,West Ham United,winter,out,André Ayew,45403,28,Ghana,Centre-Forward,CF,18000000.0,Swansea City,England,22800000.0,0,2017.csv
2017,Premier League,West Ham United,winter,out,José Fonte,33829,34,Portugal,Centre-Back,CB,5000000.0,Dalian Yifang,China,5570000.0,0,2017.csv
2017,Premier League,West Ham United,winter,out,Diafra Sakho,120610,28,Senegal,Centre-Forward,CF,8000000.0,Stade Rennais FC,France,5000000.0,0,2017.csv
2017,Premier League,West Ham United,winter,out,Reece Oxford,314295,19,England,Centre-Back,CB,5000000.0,Borussia Mönchengladbach,Germany,0.0,1,2017.csv
2017,Premier League,West Ham United,winter,out,Moses Makasi,242644,22,England,Central Midfield,CM,,Plymouth Argyle,England,0.0,1,2017.csv
2017,Premier League,West Ham United,winter,out,Reece Burke,264220,21,England,Centre-Back,CB,1000000.0,Bolton Wanderers,England,0.0,1,2017.csv
2017,Premier League,West Ham United,winter,out,Doneil Henry,157907,24,Canada,Centre-Back,CB,400000.0,Without Club,,,0,2017.csv
2018,Premier League,AFC Bournemouth,summer,in,Jefferson Lerma,262980,23,Colombia,Defensive Midfield,DM,2000000.0,Levante UD,Spain,30500000.0,0,2018.csv
2018,Premier League,AFC Bournemouth,summer,in,Diego Rico,249513,25,Spain,Left-Back,LB,2500000.0,CD Leganés,Spain,15000000.0,0,2018.csv
2018,Premier League,AFC Bournemouth,summer,in,David Brooks,277033,20,Wales,Right Winger,RW,5000000.0,Sheffield United,England,11300000.0,0,2018.csv
2018,Premier League,AFC Bournemouth,summer,in,Emerson Hyndman,223047,22,United States,Central Midfield,CM,1000000.0,Hibernian FC,Scotland,0.0,1,2018.csv
2018,Premier League,AFC Bournemouth,winter,in,Dominic Solanke,258889,21,England,Centre-Forward,CF,10000000.0,Liverpool FC,England,21200000.0,0,2018.csv
2018,Premier League,AFC Bournemouth,winter,in,Chris Mepham,480987,21,Wales,Centre-Back,CB,8000000.0,Brentford FC,England,13600000.0,0,2018.csv
2018,Premier League,AFC Bournemouth,winter,in,Nathaniel Clyne,85177,27,England,Right-Back,RB,15000000.0,Liverpool FC,England,0.0,1,2018.csv
2018,Premier League,AFC Bournemouth,summer,out,Benik Afobe,110858,25,DR Congo,Centre-Forward,CF,10000000.0,Wolverhampton Wanderers,England,11400000.0,0,2018.csv
2018,Premier League,AFC Bournemouth,summer,out,Lewis Grabban,35413,30,Jamaica,Centre-Forward,CF,3000000.0,Nottingham Forest,England,6800000.0,0,2018.csv
2018,Premier League,AFC Bournemouth,summer,out,Max Gradel,28140,30,Cote d'Ivoire,Left Winger,LW,7000000.0,FC Toulouse,France,2000000.0,0,2018.csv
2018,Premier League,AFC Bournemouth,summer,out,Ryan Allsop,111073,26,England,Goalkeeper,GK,250000.0,Wycombe Wanderers,England,0.0,0,2018.csv
2018,Premier League,AFC Bournemouth,summer,out,Baily Cargill,293450,23,England,Centre-Back,CB,250000.0,Milton Keynes Dons,England,0.0,0,2018.csv
2018,Premier League,AFC Bournemouth,summer,out,Adam Federici,4233,33,Australia,Goalkeeper,GK,750000.0,Stoke City,England,0.0,0,2018.csv
2018,Premier League,AFC Bournemouth,summer,out,Connor Mahoney,287528,21,England,Right Winger,RW,250000.0,Birmingham City,England,0.0,1,2018.csv
2018,Premier League,AFC Bournemouth,summer,out,Brad Smith,175745,24,Australia,Left-Back,LB,1500000.0,Seattle Sounders FC,United States,0.0,1,2018.csv
2018,Premier League,AFC Bournemouth,summer,out,Harry Arter,55742,28,Ireland,Central Midfield,CM,7000000.0,Cardiff City,England,0.0,1,2018.csv
2018,Premier League,AFC Bournemouth,summer,out,Rhoys Wiggins,42298,30,Wales,Left-Back,LB,,Retired,,,0,2018.csv
2018,Premier League,AFC Bournemouth,summer,out,Nathaniel Clyne,85177,28,England,Right-Back,RB,15000000.0,Liverpool FC,England,0.0,1,2018.csv
2018,Premier League,AFC Bournemouth,winter,out,Marc Pugh,36939,31,England,Left Winger,LW,1500000.0,Hull City,England,0.0,1,2018.csv
2018,Premier League,AFC Bournemouth,winter,out,Tyrone Mings,253677,25,England,Centre-Back,CB,3500000.0,Aston Villa,England,0.0,1,2018.csv
2018,Premier League,AFC Bournemouth,winter,out,Jermain Defoe,3875,36,England,Centre-Forward,CF,2000000.0,Rangers FC,Scotland,0.0,1,2018.csv
2018,Premier League,AFC Bournemouth,winter,out,Aaron Ramsdale,427568,20,England,Goalkeeper,GK,500000.0,AFC Wimbledon,England,0.0,1,2018.csv
2018,Premier League,AFC Bournemouth,winter,out,Emerson Hyndman,223047,23,United States,Central Midfield,CM,1000000.0,Atlanta United FC,United States,0.0,1,2018.csv
2018,Premier League,Arsenal FC,summer,in,Lucas Torreira,318077,22,Uruguay,Defensive Midfield,DM,30000000.0,UC Sampdoria,Italy,28650000.0,0,2018.csv
2018,Premier League,Arsenal FC,summer,in,Bernd Leno,72476,26,Germany,Goalkeeper,GK,20000000.0,Bayer 04 Leverkusen,Germany,25000000.0,0,2018.csv
2018,Premier League,Arsenal FC,summer,in,Sokratis Papastathopoulos,34322,30,Greece,Centre-Back,CB,20000000.0,Borussia Dortmund,Germany,16000000.0,0,2018.csv
2018,Premier League,Arsenal FC,summer,in,Mattéo Guendouzi,465830,19,France,Central Midfield,CM,2500000.0,FC Lorient,France,8000000.0,0,2018.csv
2018,Premier League,Arsenal FC,summer,in,Stephan Lichtsteiner,2865,34,Switzerland,Right-Back,RB,1500000.0,Juventus FC,Italy,0.0,0,2018.csv
2018,Premier League,Arsenal FC,winter,in,Denis Suárez,165007,25,Spain,Attacking Midfield,AM,12000000.0,FC Barcelona,Spain,2500000.0,1,2018.csv
2018,Premier League,Arsenal FC,summer,out,Lucas Pérez,73185,29,Spain,Centre-Forward,CF,7500000.0,West Ham United,England,4400000.0,0,2018.csv
2018,Premier League,Arsenal FC,summer,out,Chuba Akpom,197642,22,England,Centre-Forward,CF,1200000.0,PAOK Thessaloniki,Greece,2200000.0,0,2018.csv
2018,Premier League,Arsenal FC,summer,out,Joel Campbell,131248,26,Costa Rica,Right Winger,RW,3000000.0,Frosinone Calcio,Italy,1500000.0,0,2018.csv
2018,Premier League,Arsenal FC,summer,out,Takuma Asano,245744,23,Japan,Right Winger,RW,2000000.0,Hannover 96,Germany,1000000.0,1,2018.csv
2018,Premier League,Arsenal FC,summer,out,Santi Cazorla,15799,33,Spain,Central Midfield,CM,2500000.0,Villarreal CF,Spain,0.0,0,2018.csv
2018,Premier League,Arsenal FC,summer,out,Jack Wilshere,74223,26,England,Central Midfield,CM,20000000.0,West Ham United,England,0.0,0,2018.csv
2018,Premier League,Arsenal FC,summer,out,Matt Macey,220491,23,England,Goalkeeper,GK,500000.0,Plymouth Argyle,England,0.0,1,2018.csv
2018,Premier League,Arsenal FC,summer,out,Calum Chambers,215118,23,England,Centre-Back,CB,14000000.0,Fulham FC,England,0.0,1,2018.csv
2018,Premier League,Arsenal FC,summer,out,Krystian Bielik,287247,20,Poland,Centre-Back,CB,2000000.0,Charlton Athletic,England,0.0,1,2018.csv
2018,Premier League,Arsenal FC,summer,out,David Ospina,73396,29,Colombia,Goalkeeper,GK,5000000.0,SSC Napoli,Italy,0.0,1,2018.csv
2018,Premier League,Arsenal FC,summer,out,Per Mertesacker,6710,33,Germany,Centre-Back,CB,,Retired,,,0,2018.csv
2018,Premier League,Arsenal FC,winter,out,Emiliano Martínez,111873,26,Argentina,Goalkeeper,GK,1000000.0,Reading FC,England,0.0,1,2018.csv
2018,Premier League,Brighton & Hove Albion,summer,in,Alireza Jahanbakhsh,213268,24,Iran,Right Winger,RW,18000000.0,AZ Alkmaar,Netherlands,22500000.0,0,2018.csv
2018,Premier League,Brighton & Hove Albion,summer,in,Yves Bissouma,410425,21,Mali,Defensive Midfield,DM,8000000.0,LOSC Lille,France,16800000.0,0,2018.csv
2018,Premier League,Brighton & Hove Albion,summer,in,Bernardo,364258,23,Brazil,Centre-Back,CB,6000000.0,RB Leipzig,Germany,10000000.0,0,2018.csv
2018,Premier League,Brighton & Hove Albion,summer,in,Martín Montoya,68645,27,Spain,Right-Back,RB,8000000.0,Valencia CF,Spain,7000000.0,0,2018.csv
2018,Premier League,Brighton & Hove Albion,summer,in,Florin Andone,177065,25,Romania,Centre-Forward,CF,6000000.0,Deportivo de La Coruña,Spain,6000000.0,0,2018.csv
2018,Premier League,Brighton & Hove Albion,summer,in,David Button,61814,29,England,Goalkeeper,GK,1500000.0,Fulham FC,England,4500000.0,0,2018.csv
2018,Premier League,Brighton & Hove Albion,summer,in,Dan Burn,134270,26,England,Centre-Back,CB,750000.0,Wigan Athletic,England,3550000.0,0,2018.csv
2018,Premier League,Brighton & Hove Albion,summer,in,Percy Tau,312239,24,South Africa,Right Winger,RW,2000000.0,Mamelodi Sundowns FC,South Africa,3200000.0,0,2018.csv
2018,Premier League,Brighton & Hove Albion,summer,in,Anders Dreyer,342389,20,Denmark,Right Winger,RW,600000.0,Esbjerg fB,Denmark,2200000.0,0,2018.csv
2018,Premier League,Brighton & Hove Albion,summer,in,Billy Arce,450237,20,Ecuador,Left Winger,LW,1000000.0,Independiente del Valle,Ecuador,860000.0,0,2018.csv
2018,Premier League,Brighton & Hove Albion,summer,in,Leo Østigård,367284,18,Norway,Centre-Back,CB,50000.0,Molde FK,Norway,110000.0,0,2018.csv
2018,Premier League,Brighton & Hove Albion,summer,in,Jason Steele,73564,27,England,Goalkeeper,GK,750000.0,Sunderland AFC,England,0.0,0,2018.csv
2018,Premier League,Brighton & Hove Albion,summer,in,Leon Balogun,56100,30,Nigeria,Centre-Back,CB,2000000.0,1.FSV Mainz 05,Germany,0.0,0,2018.csv
2018,Premier League,Brighton & Hove Albion,winter,in,Alexis Mac Allister,534033,20,Argentina,Central Midfield,CM,5000000.0,AA Argentinos Juniors,Argentina,8000000.0,0,2018.csv
2018,Premier League,Brighton & Hove Albion,winter,in,Jan Mlakar,309180,20,Slovenia,Left Winger,LW,750000.0,NK Maribor,Slovenia,3000000.0,0,2018.csv
2018,Premier League,Brighton & Hove Albion,winter,in,Tudor Băluță,433976,19,Romania,Defensive Midfield,DM,1300000.0,FC Viitorul Constanta,Romania,2900000.0,0,2018.csv
2018,Premier League,Brighton & Hove Albion,summer,out,Sam Baldock,67211,29,England,Centre-Forward,CF,3000000.0,Reading FC,England,3900000.0,0,2018.csv
2018,Premier League,Brighton & Hove Albion,summer,out,Connor Goldson,163656,25,England,Centre-Back,CB,1000000.0,Rangers FC,Scotland,3400000.0,0,2018.csv
2018,Premier League,Brighton & Hove Albion,summer,out,Jamie Murphy,51730,28,Scotland,Left Winger,LW,1750000.0,Rangers FC,Scotland,1200000.0,0,2018.csv
2018,Premier League,Brighton & Hove Albion,summer,out,Jiri Skalak,148734,26,Czech Republic,Left Winger,LW,1500000.0,Millwall FC,England,1000000.0,0,2018.csv
2018,Premier League,Brighton & Hove Albion,summer,out,Uwe Hünemeier,10503,32,Germany,Centre-Back,CB,1000000.0,SC Paderborn 07,Germany,0.0,0,2018.csv
2018,Premier League,Brighton & Hove Albion,summer,out,Tim Krul,33027,30,Netherlands,Goalkeeper,GK,2500000.0,Norwich City,England,0.0,0,2018.csv
2018,Premier League,Brighton & Hove Albion,summer,out,Niki Mäenpää,12359,33,Finland,Goalkeeper,GK,250000.0,Bristol City,England,0.0,0,2018.csv
2018,Premier League,Brighton & Hove Albion,summer,out,Tyler Hornby-Forbes,346040,22,England,Right-Back,RB,100000.0,Newport County,England,0.0,0,2018.csv
2018,Premier League,Brighton & Hove Albion,summer,out,Christian Walton,208379,22,England,Goalkeeper,GK,250000.0,Wigan Athletic,England,0.0,1,2018.csv
2018,Premier League,Brighton & Hove Albion,summer,out,Dan Burn,134270,26,England,Centre-Back,CB,750000.0,Wigan Athletic,England,0.0,1,2018.csv
2018,Premier League,Brighton & Hove Albion,summer,out,Ales Mateju,242078,22,Czech Republic,Centre-Back,CB,1500000.0,Brescia Calcio (- 2025),Italy,0.0,1,2018.csv
2018,Premier League,Brighton & Hove Albion,summer,out,Billy Arce,450237,20,Ecuador,Left Winger,LW,1000000.0,Extremadura UD,Spain,0.0,1,2018.csv
2018,Premier League,Brighton & Hove Albion,summer,out,Percy Tau,312239,24,South Africa,Right Winger,RW,2000000.0,Union Saint-Gilloise,Belgium,0.0,1,2018.csv
2018,Premier League,Brighton & Hove Albion,summer,out,Oliver Norwood,73547,27,Northern Ireland,Central Midfield,CM,3000000.0,Sheffield United,England,0.0,1,2018.csv
2018,Premier League,Brighton & Hove Albion,summer,out,Tomer Hemed,112668,31,Israel,Centre-Forward,CF,2500000.0,Queens Park Rangers,England,0.0,1,2018.csv
2018,Premier League,Brighton & Hove Albion,summer,out,Richie Towell,114116,27,Ireland,Central Midfield,CM,200000.0,Rotherham United,England,0.0,1,2018.csv
2018,Premier League,Brighton & Hove Albion,summer,out,Liam Rosenior,15166,34,England,Right-Back,RB,,Retired,,,0,2018.csv
2018,Premier League,Brighton & Hove Albion,summer,out,Rohan Ince,141568,25,Montserrat,Defensive Midfield,DM,500000.0,Without Club,,,0,2018.csv
2018,Premier League,Brighton & Hove Albion,summer,out,Steve Sidwell,13427,35,England,Central Midfield,CM,,Retired,,,0,2018.csv
2018,Premier League,Brighton & Hove Albion,winter,out,Oliver Norwood,73547,27,Northern Ireland,Central Midfield,CM,3000000.0,Sheffield United,England,2200000.0,0,2018.csv
2018,Premier League,Brighton & Hove Albion,winter,out,Mathias Normann,257805,22,Norway,Defensive Midfield,DM,400000.0,FC Rostov,Russia,1700000.0,0,2018.csv
2018,Premier League,Brighton & Hove Albion,winter,out,Ezequiel Schelotto,119164,29,Italy,Right Midfield,RM,4000000.0,Chievo Verona,Italy,220000.0,1,2018.csv
2018,Premier League,Brighton & Hove Albion,winter,out,Alexis Mac Allister,534033,20,Argentina,Central Midfield,CM,5000000.0,AA Argentinos Juniors,Argentina,0.0,1,2018.csv
2018,Premier League,Brighton & Hove Albion,winter,out,Anders Dreyer,342389,20,Denmark,Right Winger,RW,600000.0,St. Mirren FC,Scotland,0.0,1,2018.csv
2018,Premier League,Brighton & Hove Albion,winter,out,Tudor Băluță,433976,19,Romania,Defensive Midfield,DM,1300000.0,FC Viitorul Constanta,Romania,0.0,1,2018.csv
2018,Premier League,Brighton & Hove Albion,winter,out,Ben White,335721,21,England,Right-Back,RB,,Peterborough United,England,0.0,1,2018.csv
2018,Premier League,Brighton & Hove Albion,winter,out,Markus Suttner,31514,31,Austria,Left-Back,LB,2000000.0,Fortuna Düsseldorf,Germany,0.0,1,2018.csv
2018,Premier League,Brighton & Hove Albion,winter,out,Billy Arce,450237,20,Ecuador,Left Winger,LW,1000000.0,CS Emelec,Ecuador,0.0,1,2018.csv
2018,Premier League,Brighton & Hove Albion,winter,out,Jan Mlakar,309180,20,Slovenia,Left Winger,LW,750000.0,NK Maribor,Slovenia,0.0,1,2018.csv
2018,Premier League,Burnley FC,summer,in,Ben Gibson,128904,25,England,Centre-Back,CB,10000000.0,Middlesbrough FC,England,16900000.0,0,2018.csv
2018,Premier League,Burnley FC,summer,in,Matej Vydra,101500,26,Czech Republic,Centre-Forward,CF,8000000.0,Derby County,England,12200000.0,0,2018.csv
2018,Premier League,Burnley FC,summer,in,Joe Hart,40204,31,England,Goalkeeper,GK,10000000.0,Manchester City,England,3900000.0,0,2018.csv
2018,Premier League,Burnley FC,winter,in,Peter Crouch,4072,38,England,Centre-Forward,CF,1000000.0,Stoke City,England,0.0,0,2018.csv
2018,Premier League,Burnley FC,summer,out,Dean Marney,4055,34,England,Central Midfield,CM,1000000.0,Fleetwood Town,England,0.0,0,2018.csv
2018,Premier League,Burnley FC,summer,out,Scott Arfield,55291,29,Canada,Central Midfield,CM,3000000.0,Rangers FC,Scotland,0.0,0,2018.csv
2018,Premier League,Burnley FC,summer,out,Tom Anderson,128828,24,England,Centre-Back,CB,250000.0,Doncaster Rovers,England,0.0,0,2018.csv
2018,Premier League,Burnley FC,summer,out,Chris Long,183298,23,England,Centre-Forward,CF,750000.0,Fleetwood Town,England,0.0,0,2018.csv
2018,Premier League,Burnley FC,summer,out,Conor Mitchell,248592,22,Northern Ireland,Goalkeeper,GK,,St. Johnstone FC,Scotland,0.0,1,2018.csv
2018,Premier League,Burnley FC,summer,out,Aiden O'Neill,385918,20,Australia,Defensive Midfield,DM,500000.0,Central Coast Mariners,Australia,0.0,1,2018.csv
2018,Premier League,Burnley FC,summer,out,Nahki Wells,173483,28,Bermuda,Centre-Forward,CF,4500000.0,Queens Park Rangers,England,0.0,1,2018.csv
2018,Premier League,Burnley FC,summer,out,Jonathan Walters,3306,34,Ireland,Right Winger,RW,2000000.0,Ipswich Town,England,0.0,1,2018.csv
2018,Premier League,Burnley FC,summer,out,Ntumba Massanka,385922,21,England,Centre-Forward,CF,,Dover Athletic,England,0.0,1,2018.csv
2018,Premier League,Burnley FC,winter,out,Sam Vokes,48078,29,Wales,Centre-Forward,CF,6000000.0,Stoke City,England,8000000.0,0,2018.csv
2018,Premier League,Burnley FC,winter,out,Ntumba Massanka,385922,22,England,Centre-Forward,CF,,RWD Molenbeek,Belgium,0.0,1,2018.csv
2018,Premier League,Burnley FC,winter,out,Conor Mitchell,248592,22,Northern Ireland,Goalkeeper,GK,50000.0,Linfield FC,Northern Ireland,0.0,1,2018.csv
2018,Premier League,Burnley FC,winter,out,Jonathan Walters,3306,35,Ireland,Right Winger,RW,,Retired,,,0,2018.csv
2018,Premier League,Cardiff City,summer,in,Josh Murphy,199528,23,England,Left Winger,LW,1500000.0,Norwich City,England,11400000.0,0,2018.csv
2018,Premier League,Cardiff City,summer,in,Bobby De Cordova-Reid,186186,25,Jamaica,Right Winger,RW,3000000.0,Bristol City,England,11350000.0,0,2018.csv
2018,Premier League,Cardiff City,summer,in,Greg Cunningham,114093,27,Ireland,Centre-Back,CB,1500000.0,Preston North End,England,4000000.0,0,2018.csv
2018,Premier League,Cardiff City,summer,in,Alex Smithies,33754,28,England,Goalkeeper,GK,3000000.0,Queens Park Rangers,England,4000000.0,0,2018.csv
2018,Premier League,Cardiff City,summer,in,Víctor Camarasa,263856,24,Spain,Central Midfield,CM,6000000.0,Real Betis Balompié,Spain,0.0,1,2018.csv
2018,Premier League,Cardiff City,summer,in,Harry Arter,55742,28,Ireland,Central Midfield,CM,7000000.0,AFC Bournemouth,England,0.0,1,2018.csv
2018,Premier League,Cardiff City,winter,in,Emiliano Sala,190780,28,Argentina,Centre-Forward,CF,16000000.0,FC Nantes,France,17000000.0,0,2018.csv
2018,Premier League,Cardiff City,winter,in,Leandro Bacuna,126014,27,Curacao,Central Midfield,CM,2000000.0,Reading FC,England,3450000.0,0,2018.csv
2018,Premier League,Cardiff City,winter,in,Oumar Niasse,209781,28,Senegal,Centre-Forward,CF,7000000.0,Everton FC,England,0.0,1,2018.csv
2018,Premier League,Cardiff City,summer,out,Matty Kennedy,132207,23,Northern Ireland,Left Winger,LW,150000.0,St. Johnstone FC,Scotland,0.0,0,2018.csv
2018,Premier League,Cardiff City,summer,out,Ben Wilson,121352,25,England,Goalkeeper,GK,100000.0,Bradford City,England,0.0,0,2018.csv
2018,Premier League,Cardiff City,summer,out,Lee Camp,13443,33,Northern Ireland,Goalkeeper,GK,250000.0,Birmingham City,England,0.0,0,2018.csv
2018,Premier League,Cardiff City,summer,out,Omar Bogle,134657,25,England,Centre-Forward,CF,750000.0,Birmingham City,England,0.0,1,2018.csv
2018,Premier League,Cardiff City,summer,out,Stuart O'Keefe,93626,27,England,Central Midfield,CM,750000.0,Plymouth Argyle,England,0.0,1,2018.csv
2018,Premier League,Cardiff City,summer,out,Rhys Healey,238185,23,England,Centre-Forward,CF,150000.0,Milton Keynes Dons,England,0.0,1,2018.csv
2018,Premier League,Cardiff City,summer,out,Greg Halford,42062,33,England,Centre-Back,CB,500000.0,Without Club,,,0,2018.csv
2018,Premier League,Cardiff City,summer,out,Frédéric Gounongbe,128304,30,Benin,Centre-Forward,CF,1000000.0,Without Club,,,0,2018.csv
2018,Premier League,Cardiff City,summer,out,Chris Konopka,59471,33,United States,Goalkeeper,GK,100000.0,Without Club,,,0,2018.csv
2018,Premier League,Cardiff City,summer,out,Harry Arter,55742,29,Ireland,Central Midfield,CM,7000000.0,AFC Bournemouth,England,0.0,1,2018.csv
2018,Premier League,Cardiff City,winter,out,Anthony Pilkington,67322,30,Ireland,Left Winger,LW,1500000.0,Wigan Athletic,England,0.0,0,2018.csv
2018,Premier League,Cardiff City,winter,out,Ibrahim Meite,475292,22,England,Centre-Forward,CF,50000.0,Crawley Town,England,0.0,0,2018.csv
2018,Premier League,Cardiff City,winter,out,Jack McKay,347439,22,Scotland,Centre-Forward,CF,,Chesterfield FC,England,0.0,1,2018.csv
2018,Premier League,Cardiff City,winter,out,Paul McKay,343302,22,Scotland,Centre-Back,CB,,Morecambe FC,England,0.0,1,2018.csv
2018,Premier League,Cardiff City,winter,out,Gary Madine,66994,28,England,Centre-Forward,CF,4000000.0,Sheffield United,England,0.0,1,2018.csv
2018,Premier League,Cardiff City,winter,out,Lee Tomlin,104586,29,England,Second Striker,SS,2500000.0,Peterborough United,England,0.0,1,2018.csv
2018,Premier League,Cardiff City,winter,out,Ciaron Brown,611845,21,Northern Ireland,Centre-Back,CB,,Livingston FC,Scotland,0.0,1,2018.csv
2018,Premier League,Cardiff City,winter,out,Omar Bogle,134657,25,England,Centre-Forward,CF,500000.0,Portsmouth FC,England,0.0,1,2018.csv
2018,Premier League,Chelsea FC,summer,in,Kepa Arrizabalaga,192279,23,Spain,Goalkeeper,GK,20000000.0,Athletic Bilbao,Spain,80000000.0,0,2018.csv
2018,Premier League,Chelsea FC,summer,in,Jorginho,102017,26,Italy,Defensive Midfield,DM,50000000.0,SSC Napoli,Italy,57000000.0,0,2018.csv
2018,Premier League,Chelsea FC,summer,in,Rob Green,11680,38,England,Goalkeeper,GK,250000.0,Huddersfield Town,England,0.0,0,2018.csv
2018,Premier League,Chelsea FC,summer,in,Mateo Kovacic,51471,24,Croatia,Central Midfield,CM,30000000.0,Real Madrid,Spain,0.0,1,2018.csv
2018,Premier League,Chelsea FC,winter,in,Christian Pulisic,315779,20,United States,Right Winger,RW,50000000.0,Borussia Dortmund,Germany,64000000.0,0,2018.csv
2018,Premier League,Chelsea FC,winter,in,Gonzalo Higuaín,39153,31,Argentina,Centre-Forward,CF,50000000.0,Juventus FC,Italy,7800000.0,1,2018.csv
2018,Premier League,Chelsea FC,summer,out,Thibaut Courtois,108390,26,Belgium,Goalkeeper,GK,65000000.0,Real Madrid,Spain,35000000.0,0,2018.csv
2018,Premier League,Chelsea FC,summer,out,Kurt Zouma,157509,23,France,Centre-Back,CB,15000000.0,Everton FC,England,7900000.0,1,2018.csv
2018,Premier League,Chelsea FC,summer,out,Tiemoué Bakayoko,182618,23,France,Defensive Midfield,DM,40000000.0,AC Milan,Italy,5000000.0,1,2018.csv
2018,Premier League,Chelsea FC,summer,out,Michy Batshuayi,179184,24,Belgium,Centre-Forward,CF,40000000.0,Valencia CF,Spain,3000000.0,1,2018.csv
2018,Premier League,Chelsea FC,summer,out,Mario Pasalić,205938,23,Croatia,Central Midfield,CM,8000000.0,Atalanta BC,Italy,2500000.0,1,2018.csv
2018,Premier League,Chelsea FC,summer,out,Kenneth Omeruo,131708,24,Nigeria,Centre-Back,CB,1800000.0,CD Leganés,Spain,800000.0,1,2018.csv
2018,Premier League,Chelsea FC,summer,out,Ola Aina,236490,21,Nigeria,Right-Back,RB,4000000.0,Torino FC,Italy,600000.0,1,2018.csv
2018,Premier League,Chelsea FC,summer,out,Matt Miazga,245893,23,United States,Centre-Back,CB,3000000.0,FC Nantes,France,300000.0,1,2018.csv
2018,Premier League,Chelsea FC,summer,out,Matej Delac,60220,25,Croatia,Goalkeeper,GK,750000.0,AC Horsens,Denmark,0.0,0,2018.csv
2018,Premier League,Chelsea FC,summer,out,Eduardo,34159,35,Portugal,Goalkeeper,GK,1000000.0,Vitesse Arnhem,Netherlands,0.0,1,2018.csv
2018,Premier League,Chelsea FC,summer,out,Izzy Brown,245805,21,England,Left Winger,LW,5000000.0,Leeds United,England,0.0,1,2018.csv
2018,Premier League,Chelsea FC,summer,out,Jamal Blackman,128898,24,England,Goalkeeper,GK,250000.0,Leeds United,England,0.0,1,2018.csv
2018,Premier League,Chelsea FC,summer,out,Fikayo Tomori,303254,20,England,Centre-Back,CB,1000000.0,Derby County,England,0.0,1,2018.csv
2018,Premier League,Chelsea FC,summer,out,Nathan,294798,22,Brazil,Attacking Midfield,AM,1000000.0,Clube Atlético Mineiro,Brazil,0.0,1,2018.csv
2018,Premier League,Chelsea FC,summer,out,Todd Kane,154287,24,England,Right-Back,RB,1250000.0,Hull City,England,0.0,1,2018.csv
2018,Premier League,Chelsea FC,summer,out,Jake Clarke-Salter,316551,20,England,Centre-Back,CB,1000000.0,Vitesse Arnhem,Netherlands,0.0,1,2018.csv
2018,Premier League,Chelsea FC,summer,out,Lewis Baker,198589,23,England,Central Midfield,CM,5500000.0,Leeds United,England,0.0,1,2018.csv
2018,Premier League,Chelsea FC,summer,out,Tomas Kalas,148657,25,Czech Republic,Centre-Back,CB,5000000.0,Bristol City,England,0.0,1,2018.csv
2018,Premier League,Chelsea FC,summer,out,Michael Hector,157490,26,Jamaica,Centre-Back,CB,3000000.0,Sheffield Wednesday,England,0.0,1,2018.csv
2018,Premier League,Chelsea FC,summer,out,Tammy Abraham,331726,20,England,Centre-Forward,CF,10000000.0,Aston Villa,England,0.0,1,2018.csv
2018,Premier League,Chelsea FC,summer,out,Charly Musonda Jr.,177862,21,Belgium,Left Winger,LW,5000000.0,Vitesse Arnhem,Netherlands,0.0,1,2018.csv
2018,Premier League,Chelsea FC,summer,out,Wallace Oliveira,181779,24,Brazil,Right-Back,RB,1000000.0,Without Club,,,0,2018.csv
2018,Premier League,Chelsea FC,winter,out,Álvaro Morata,128223,26,Spain,Centre-Forward,CF,50000000.0,Atlético de Madrid,Spain,18000000.0,1,2018.csv
2018,Premier League,Chelsea FC,winter,out,Cesc Fàbregas,8806,31,Spain,Central Midfield,CM,25000000.0,AS Monaco,France,9000000.0,0,2018.csv
2018,Premier League,Chelsea FC,winter,out,Michy Batshuayi,179184,25,Belgium,Centre-Forward,CF,30000000.0,Crystal Palace,England,1150000.0,1,2018.csv
2018,Premier League,Chelsea FC,winter,out,Christian Pulisic,315779,20,United States,Right Winger,RW,50000000.0,Borussia Dortmund,Germany,0.0,1,2018.csv
2018,Premier League,Chelsea FC,winter,out,Lewis Baker,198589,23,England,Central Midfield,CM,5500000.0,Reading FC,England,0.0,1,2018.csv
2018,Premier League,Chelsea FC,winter,out,Matt Miazga,245893,23,United States,Centre-Back,CB,3000000.0,Reading FC,England,0.0,1,2018.csv
2018,Premier League,Chelsea FC,winter,out,Victor Moses,59866,28,Nigeria,Right Winger,RW,18000000.0,Fenerbahce,Türkiye,0.0,1,2018.csv
2018,Premier League,Chelsea FC,winter,out,Abdul Rahman Baba,224884,24,Ghana,Left-Back,LB,5000000.0,Stade Reims,France,0.0,1,2018.csv
2018,Premier League,Chelsea FC,winter,out,Lucas Piazón,176485,25,Brazil,Defensive Midfield,DM,2500000.0,Chievo Verona,Italy,0.0,1,2018.csv
2018,Premier League,Crystal Palace,summer,in,Cheikhou Kouyaté,66934,28,Senegal,Defensive Midfield,DM,12000000.0,West Ham United,England,10700000.0,0,2018.csv
2018,Premier League,Crystal Palace,summer,in,Vicente Guaita,64399,31,Spain,Goalkeeper,GK,5000000.0,Getafe CF,Spain,0.0,0,2018.csv
2018,Premier League,Crystal Palace,summer,in,Max Meyer,146164,22,Germany,Central Midfield,CM,18000000.0,FC Schalke 04,Germany,0.0,0,2018.csv
2018,Premier League,Crystal Palace,summer,in,Jordan Ayew,108354,26,Ghana,Centre-Forward,CF,8000000.0,Swansea City,England,0.0,1,2018.csv
2018,Premier League,Crystal Palace,winter,in,Michy Batshuayi,179184,25,Belgium,Centre-Forward,CF,30000000.0,Chelsea FC,England,1150000.0,1,2018.csv
2018,Premier League,Crystal Palace,winter,in,Bakary Sako,46791,30,Mali,Left Winger,LW,5000000.0,West Bromwich Albion,England,0.0,0,2018.csv
2018,Premier League,Crystal Palace,winter,in,Lucas Perri,352041,21,Brazil,Goalkeeper,GK,50000.0,São Paulo Futebol Clube,Brazil,0.0,1,2018.csv
2018,Premier League,Crystal Palace,summer,out,Damien Delaney,36861,36,Ireland,Centre-Back,CB,1000000.0,Cork City FC,Ireland,0.0,0,2018.csv
2018,Premier League,Crystal Palace,summer,out,Yohan Cabaye,29434,32,France,Central Midfield,CM,10000000.0,Al-Nasr SC (UAE),United Arab Emirates,0.0,0,2018.csv
2018,Premier League,Crystal Palace,summer,out,Jaroslaw Jach,327755,24,Poland,Centre-Back,CB,2000000.0,Caykur Rizespor,Türkiye,0.0,1,2018.csv
2018,Premier League,Crystal Palace,summer,out,Ryan Inniss,183284,23,England,Centre-Back,CB,75000.0,Dundee FC,Scotland,0.0,1,2018.csv
2018,Premier League,Crystal Palace,summer,out,Diego Cavalieri,53231,35,Brazil,Goalkeeper,GK,1000000.0,Without Club,,,0,2018.csv
2018,Premier League,Crystal Palace,summer,out,Chung-yong Lee,81801,29,"Korea, South",Right Winger,RW,1500000.0,Without Club,,,0,2018.csv
2018,Premier League,Crystal Palace,summer,out,Bakary Sako,46791,30,Mali,Left Winger,LW,5000000.0,Without Club,,,0,2018.csv
2018,Premier League,Crystal Palace,summer,out,Erdal Rakip,230746,22,North Macedonia,Central Midfield,CM,1500000.0,SL Benfica,Portugal,0.0,1,2018.csv
2018,Premier League,Crystal Palace,summer,out,Jordan Ayew,108354,27,Ghana,Centre-Forward,CF,8000000.0,Swansea City,England,0.0,1,2018.csv
2018,Premier League,Crystal Palace,winter,out,Alexander Sørloth,238407,23,Norway,Centre-Forward,CF,6000000.0,KAA Gent,Belgium,350000.0,1,2018.csv
2018,Premier League,Crystal Palace,winter,out,Jonny Williams,170322,25,Wales,Attacking Midfield,AM,1000000.0,Charlton Athletic,England,0.0,0,2018.csv
2018,Premier League,Crystal Palace,winter,out,Jordon Mutch,57207,27,England,Central Midfield,CM,1000000.0,Gyeongnam FC,"Korea, South",0.0,0,2018.csv
2018,Premier League,Crystal Palace,winter,out,Sullay Kaikai,244130,23,Sierra Leone,Left Winger,LW,500000.0,NAC Breda,Netherlands,0.0,0,2018.csv
2018,Premier League,Crystal Palace,winter,out,Dion Henry,345899,21,England,Goalkeeper,GK,50000.0,Maidstone United,England,0.0,1,2018.csv
2018,Premier League,Crystal Palace,winter,out,Jason Puncheon,47995,32,England,Central Midfield,CM,4000000.0,Huddersfield Town,England,0.0,1,2018.csv
2018,Premier League,Crystal Palace,winter,out,Jaroslaw Jach,327755,24,Poland,Centre-Back,CB,1300000.0,FC Sheriff Tiraspol,Moldova,0.0,1,2018.csv
2018,Premier League,Everton FC,summer,in,Richarlison,378710,21,Brazil,Centre-Forward,CF,25000000.0,Watford FC,England,39200000.0,0,2018.csv
2018,Premier League,Everton FC,summer,in,Yerry Mina,289446,23,Colombia,Centre-Back,CB,20000000.0,FC Barcelona,Spain,30250000.0,0,2018.csv
2018,Premier League,Everton FC,summer,in,Lucas Digne,126664,25,France,Left-Back,LB,15000000.0,FC Barcelona,Spain,20200000.0,0,2018.csv
2018,Premier League,Everton FC,summer,in,Kurt Zouma,157509,23,France,Centre-Back,CB,15000000.0,Chelsea FC,England,7900000.0,1,2018.csv
2018,Premier League,Everton FC,summer,in,André Gomes,221025,25,Portugal,Central Midfield,CM,15000000.0,FC Barcelona,Spain,2250000.0,1,2018.csv
2018,Premier League,Everton FC,summer,in,Bernard,175169,25,Brazil,Left Winger,LW,16000000.0,Shakhtar Donetsk,Ukraine,0.0,0,2018.csv
2018,Premier League,Everton FC,summer,out,Davy Klaassen,182932,25,Netherlands,Central Midfield,CM,15000000.0,SV Werder Bremen,Germany,13500000.0,0,2018.csv
2018,Premier League,Everton FC,summer,out,Ramiro Funes Mori,11111,27,Argentina,Centre-Back,CB,10000000.0,Villarreal CF,Spain,9000000.0,0,2018.csv
2018,Premier League,Everton FC,summer,out,Henry Onyekuru,380415,21,Nigeria,Left Winger,LW,10000000.0,Galatasaray,Türkiye,800000.0,1,2018.csv
2018,Premier League,Everton FC,summer,out,Kevin Mirallas,33639,30,Belgium,Right Winger,RW,7000000.0,ACF Fiorentina,Italy,750000.0,1,2018.csv
2018,Premier League,Everton FC,summer,out,Joel Robles,101118,28,Spain,Goalkeeper,GK,3500000.0,Real Betis Balompié,Spain,0.0,0,2018.csv
2018,Premier League,Everton FC,summer,out,Wayne Rooney,3332,32,England,Centre-Forward,CF,10000000.0,D.C. United,United States,0.0,0,2018.csv
2018,Premier League,Everton FC,summer,out,Shani Tarashaj,184381,23,Switzerland,Second Striker,SS,2000000.0,Grasshopper Club Zurich,Switzerland,0.0,1,2018.csv
2018,Premier League,Everton FC,summer,out,Muhamed Besic,93905,25,Bosnia-Herzegovina,Defensive Midfield,DM,5000000.0,Middlesbrough FC,England,0.0,1,2018.csv
2018,Premier League,Everton FC,summer,out,Ashley Williams,67355,33,Wales,Centre-Back,CB,5000000.0,Stoke City,England,0.0,1,2018.csv
2018,Premier League,Everton FC,summer,out,Luke Garbutt,110860,25,England,Left-Back,LB,1000000.0,Oxford United,England,0.0,1,2018.csv
2018,Premier League,Everton FC,summer,out,Nikola Vlašić,293200,20,Croatia,Attacking Midfield,AM,8000000.0,CSKA Moscow,Russia,0.0,1,2018.csv
2018,Premier League,Everton FC,summer,out,Cuco Martina,91251,28,Curacao,Centre-Back,CB,2500000.0,Stoke City,England,0.0,1,2018.csv
2018,Premier League,Everton FC,summer,out,Yannick Bolasie,75471,29,DR Congo,Centre-Forward,CF,18000000.0,Aston Villa,England,0.0,1,2018.csv
2018,Premier League,Everton FC,summer,out,Sandro Ramírez,199369,23,Spain,Centre-Forward,CF,10000000.0,Real Sociedad,Spain,0.0,1,2018.csv
2018,Premier League,Everton FC,summer,out,Matthew Pennington,220755,23,England,Centre-Back,CB,500000.0,Ipswich Town,England,0.0,1,2018.csv
2018,Premier League,Everton FC,summer,out,Kurt Zouma,157509,24,France,Centre-Back,CB,20000000.0,Chelsea FC,England,0.0,1,2018.csv
2018,Premier League,Everton FC,winter,out,Tyias Browning,156934,24,China,Centre-Back,CB,1000000.0,Guangzhou Evergrande Taobao,China,4600000.0,0,2018.csv
2018,Premier League,Everton FC,winter,out,Kieran Dowell,258916,21,England,Attacking Midfield,AM,3000000.0,Sheffield United,England,0.0,1,2018.csv
2018,Premier League,Everton FC,winter,out,Mason Holgate,348623,22,Jamaica,Centre-Back,CB,7000000.0,West Bromwich Albion,England,0.0,1,2018.csv
2018,Premier League,Everton FC,winter,out,Oumar Niasse,209781,28,Senegal,Centre-Forward,CF,7000000.0,Cardiff City,England,0.0,1,2018.csv
2018,Premier League,Everton FC,winter,out,Cuco Martina,91251,29,Curacao,Centre-Back,CB,2500000.0,Feyenoord Rotterdam,Netherlands,0.0,1,2018.csv
2018,Premier League,Everton FC,winter,out,Beni Baningime,399369,20,DR Congo,Defensive Midfield,DM,2500000.0,Wigan Athletic,England,0.0,1,2018.csv
2018,Premier League,Everton FC,winter,out,Yannick Bolasie,75471,29,DR Congo,Centre-Forward,CF,15000000.0,RSC Anderlecht,Belgium,0.0,1,2018.csv
2018,Premier League,Fulham FC,summer,in,Jean Michaël Seri,178614,26,Cote d'Ivoire,Defensive Midfield,DM,30000000.0,OGC Nice,France,30000000.0,0,2018.csv
2018,Premier League,Fulham FC,summer,in,Frank Anguissa,354361,22,Cameroon,Central Midfield,CM,18000000.0,Olympique Marseille,France,24850000.0,0,2018.csv
2018,Premier League,Fulham FC,summer,in,Aleksandar Mitrović,51152,23,Serbia,Centre-Forward,CF,15000000.0,Newcastle United,England,24700000.0,0,2018.csv
2018,Premier League,Fulham FC,summer,in,Alfie Mawson,287431,24,England,Centre-Back,CB,15000000.0,Swansea City,England,16850000.0,0,2018.csv
2018,Premier League,Fulham FC,summer,in,Joe Bryan,194460,24,England,Left-Back,LB,5000000.0,Bristol City,England,6700000.0,0,2018.csv
2018,Premier League,Fulham FC,summer,in,Fabri,45882,30,Spain,Goalkeeper,GK,4000000.0,Besiktas JK,Türkiye,6000000.0,0,2018.csv
2018,Premier League,Fulham FC,summer,in,Maxime Le Marchand,60558,28,France,Centre-Back,CB,4000000.0,OGC Nice,France,4000000.0,0,2018.csv
2018,Premier League,Fulham FC,summer,in,André Schürrle,58205,27,Germany,Left Winger,LW,15000000.0,Borussia Dortmund,Germany,400000.0,1,2018.csv
2018,Premier League,Fulham FC,summer,in,Timothy Fosu-Mensah,315131,20,Netherlands,Right-Back,RB,7000000.0,Manchester United,England,0.0,1,2018.csv
2018,Premier League,Fulham FC,summer,in,Luciano Vietto,214316,24,Argentina,Centre-Forward,CF,6000000.0,Atlético de Madrid,Spain,0.0,1,2018.csv
2018,Premier League,Fulham FC,summer,in,Sergio Rico,207302,24,Spain,Goalkeeper,GK,12000000.0,Sevilla FC,Spain,0.0,1,2018.csv
2018,Premier League,Fulham FC,summer,in,Calum Chambers,215118,23,England,Centre-Back,CB,14000000.0,Arsenal FC,England,0.0,1,2018.csv
2018,Premier League,Fulham FC,winter,in,Ryan Babel,16135,32,Netherlands,Left Winger,LW,5000000.0,Besiktas JK,Türkiye,2000000.0,0,2018.csv
2018,Premier League,Fulham FC,winter,in,Håvard Nordtveit,42234,28,Norway,Defensive Midfield,DM,4000000.0,TSG 1899 Hoffenheim,Germany,1000000.0,1,2018.csv
2018,Premier League,Fulham FC,winter,in,Lazar Markovic,144303,24,Serbia,Right Winger,RW,5000000.0,Liverpool FC,England,0.0,0,2018.csv
2018,Premier League,Fulham FC,summer,out,David Button,61814,29,England,Goalkeeper,GK,1500000.0,Brighton & Hove Albion,England,4500000.0,0,2018.csv
2018,Premier League,Fulham FC,summer,out,George Williams,136368,22,Wales,Left Winger,LW,500000.0,Forest Green Rovers ,England,0.0,0,2018.csv
2018,Premier League,Fulham FC,summer,out,Ryan Fredericks,140191,25,England,Right-Back,RB,4000000.0,West Ham United,England,0.0,0,2018.csv
2018,Premier League,Fulham FC,summer,out,Rui Fonte,9335,28,Portugal,Centre-Forward,CF,5000000.0,LOSC Lille,France,0.0,1,2018.csv
2018,Premier League,Fulham FC,summer,out,Cauley Woodrow,169801,23,England,Centre-Forward,CF,750000.0,Barnsley FC,England,0.0,1,2018.csv
2018,Premier League,Fulham FC,summer,out,Marcelo Djaló,142022,24,Guinea-Bissau,Centre-Back,CB,500000.0,Extremadura UD,Spain,0.0,1,2018.csv
2018,Premier League,Fulham FC,summer,out,Timothy Fosu-Mensah,315131,21,Netherlands,Right-Back,RB,7000000.0,Manchester United,England,0.0,1,2018.csv
2018,Premier League,Fulham FC,summer,out,Calum Chambers,215118,24,England,Centre-Back,CB,14000000.0,Arsenal FC,England,0.0,1,2018.csv
2018,Premier League,Fulham FC,winter,out,Cauley Woodrow,169801,24,England,Centre-Forward,CF,750000.0,Barnsley FC,England,850000.0,0,2018.csv
2018,Premier League,Fulham FC,winter,out,Aboubakar Kamara,290951,23,Mauritania,Centre-Forward,CF,4000000.0,Yeni Malatyaspor,Türkiye,0.0,1,2018.csv
2018,Premier League,Fulham FC,winter,out,Stefan Johansen,62008,28,Norway,Central Midfield,CM,4000000.0,West Bromwich Albion,England,0.0,1,2018.csv
2018,Premier League,Huddersfield Town,summer,in,Terence Kongolo,152651,24,Netherlands,Centre-Back,CB,10000000.0,AS Monaco,France,20000000.0,0,2018.csv
2018,Premier League,Huddersfield Town,summer,in,Adama Diakhaby,453594,22,France,Attacking Midfield,AM,5000000.0,AS Monaco,France,10000000.0,0,2018.csv
2018,Premier League,Huddersfield Town,summer,in,Ramadan Sobhi,312017,21,Egypt,Attacking Midfield,AM,7000000.0,Stoke City,England,6500000.0,0,2018.csv
2018,Premier League,Huddersfield Town,summer,in,Florent Hadergjonaj,238809,23,Kosovo,Right-Back,RB,5000000.0,FC Ingolstadt 04,Germany,5000000.0,0,2018.csv
2018,Premier League,Huddersfield Town,summer,in,Jonas Lössl,48870,29,Denmark,Goalkeeper,GK,5000000.0,1.FSV Mainz 05,Germany,2500000.0,0,2018.csv
2018,Premier League,Huddersfield Town,summer,in,Juninho Bacuna,348863,20,Curacao,Central Midfield,CM,1500000.0,FC Groningen,Netherlands,2500000.0,0,2018.csv
2018,Premier League,Huddersfield Town,summer,in,Isaac Mbenza,260806,22,Belgium,Right Winger,RW,3500000.0,Montpellier HSC,France,2500000.0,1,2018.csv
2018,Premier League,Huddersfield Town,summer,in,Ben Hamer,67283,30,England,Goalkeeper,GK,500000.0,Leicester City,England,0.0,0,2018.csv
2018,Premier League,Huddersfield Town,summer,in,Erik Durm,93922,26,Germany,Right-Back,RB,1000000.0,Borussia Dortmund,Germany,0.0,0,2018.csv
2018,Premier League,Huddersfield Town,winter,in,Karlan Grant,314183,21,England,Centre-Forward,CF,200000.0,Charlton Athletic,England,1700000.0,0,2018.csv
2018,Premier League,Huddersfield Town,winter,in,Jason Puncheon,47995,32,England,Central Midfield,CM,4000000.0,Crystal Palace,England,0.0,1,2018.csv
2018,Premier League,Huddersfield Town,summer,out,Tom Ince,157368,26,England,Right Winger,RW,8000000.0,Stoke City,England,11200000.0,0,2018.csv
2018,Premier League,Huddersfield Town,summer,out,Michael Hefele,102382,27,Germany,Centre-Back,CB,1500000.0,Nottingham Forest,England,330000.0,0,2018.csv
2018,Premier League,Huddersfield Town,summer,out,Jordy Hiwula,201576,23,England,Centre-Forward,CF,250000.0,Coventry City,England,0.0,0,2018.csv
2018,Premier League,Huddersfield Town,summer,out,Sean Scannell,61549,27,Ireland,Right Winger,RW,500000.0,Bradford City,England,0.0,0,2018.csv
2018,Premier League,Huddersfield Town,summer,out,Tareiq Holmes-Dennis,261739,22,England,Left-Back,LB,250000.0,Bristol Rovers,England,0.0,0,2018.csv
2018,Premier League,Huddersfield Town,summer,out,Rob Green,11680,38,England,Goalkeeper,GK,250000.0,Chelsea FC,England,0.0,0,2018.csv
2018,Premier League,Huddersfield Town,summer,out,Scott Malone,101682,27,England,Left-Back,LB,3000000.0,Derby County,England,,0,2018.csv
2018,Premier League,Huddersfield Town,summer,out,Jack Payne,278092,23,England,Attacking Midfield,AM,350000.0,Bradford City,England,0.0,1,2018.csv
2018,Premier League,Huddersfield Town,summer,out,Joel Coleman,285551,22,England,Goalkeeper,GK,500000.0,Shrewsbury Town,England,0.0,1,2018.csv
2018,Premier League,Huddersfield Town,summer,out,Dean Whitehead,13683,36,England,Central Midfield,CM,,Retired,,,0,2018.csv
2018,Premier League,Huddersfield Town,summer,out,Jonas Lössl,48870,29,Denmark,Goalkeeper,GK,5000000.0,1.FSV Mainz 05,Germany,0.0,1,2018.csv
2018,Premier League,Huddersfield Town,summer,out,Terence Kongolo,152651,24,Netherlands,Centre-Back,CB,10000000.0,AS Monaco,France,0.0,1,2018.csv
2018,Premier League,Huddersfield Town,summer,out,Florent Hadergjonaj,238809,23,Kosovo,Right-Back,RB,5000000.0,FC Ingolstadt 04,Germany,0.0,1,2018.csv
2018,Premier League,Huddersfield Town,winter,out,Ramadan Sobhi,312017,21,Egypt,Attacking Midfield,AM,7000000.0,Al Ahly FC,Egypt,800000.0,1,2018.csv
2018,Premier League,Huddersfield Town,winter,out,Rajiv van La Parra,77001,27,Netherlands,Left Winger,LW,4000000.0,Middlesbrough FC,England,0.0,1,2018.csv
2018,Premier League,Huddersfield Town,winter,out,Collin Quaner,123397,27,Germany,Centre-Forward,CF,1500000.0,Ipswich Town,England,0.0,1,2018.csv
2018,Premier League,Leicester City,summer,in,James Maddison,294057,21,England,Attacking Midfield,AM,10000000.0,Norwich City,England,25000000.0,0,2018.csv
2018,Premier League,Leicester City,summer,in,Ricardo Pereira,215876,24,Portugal,Right-Back,RB,20000000.0,FC Porto,Portugal,22000000.0,0,2018.csv
2018,Premier League,Leicester City,summer,in,Çağlar Söyüncü,320141,22,Türkiye,Centre-Back,CB,18000000.0,SC Freiburg,Germany,21100000.0,0,2018.csv
2018,Premier League,Leicester City,summer,in,Filip Benkovic,293168,21,Croatia,Centre-Back,CB,11000000.0,GNK Dinamo Zagreb,Croatia,14500000.0,0,2018.csv
2018,Premier League,Leicester City,summer,in,Danny Ward,203026,25,Wales,Goalkeeper,GK,2500000.0,Liverpool FC,England,14000000.0,0,2018.csv
2018,Premier League,Leicester City,summer,in,Rachid Ghezzal,118287,26,Algeria,Right Winger,RW,4000000.0,AS Monaco,France,14000000.0,0,2018.csv
2018,Premier League,Leicester City,summer,in,Jonny Evans,42412,30,Northern Ireland,Centre-Back,CB,15000000.0,West Bromwich Albion,England,4000000.0,0,2018.csv
2018,Premier League,Leicester City,winter,in,Davide Lorenzo,1139665,24,Italy,Striker,Striker,,Without Club,,0.0,0,2018.csv
2018,Premier League,Leicester City,winter,in,Youri Tielemans,249565,21,Belgium,Central Midfield,CM,18000000.0,AS Monaco,France,0.0,1,2018.csv
2018,Premier League,Leicester City,summer,out,Riyad Mahrez,171424,27,Algeria,Right Winger,RW,50000000.0,Manchester City,England,67800000.0,0,2018.csv
2018,Premier League,Leicester City,summer,out,Ahmed Musa,168337,25,Nigeria,Left Winger,LW,15000000.0,Al-Nassr FC,Saudi Arabia,16500000.0,0,2018.csv
2018,Premier League,Leicester City,summer,out,Islam Slimani,174915,30,Algeria,Centre-Forward,CF,18000000.0,Fenerbahce,Türkiye,1500000.0,1,2018.csv
2018,Premier League,Leicester City,summer,out,Ben Hamer,67283,30,England,Goalkeeper,GK,500000.0,Huddersfield Town,England,0.0,0,2018.csv
2018,Premier League,Leicester City,summer,out,Josh Gordon,426426,23,England,Centre-Forward,CF,,Walsall FC,England,0.0,0,2018.csv
2018,Premier League,Leicester City,summer,out,Leonardo Ulloa,54890,32,Argentina,Centre-Forward,CF,5000000.0,CF Pachuca,Mexico,,0,2018.csv
2018,Premier League,Leicester City,summer,out,Filip Benkovic,293168,21,Croatia,Centre-Back,CB,11000000.0,Celtic FC,Scotland,0.0,1,2018.csv
2018,Premier League,Leicester City,summer,out,Bartosz Kapustka,246579,21,Poland,Attacking Midfield,AM,3000000.0,Oud-Heverlee Leuven,Belgium,0.0,1,2018.csv
2018,Premier League,Leicester City,summer,out,George Thomas,298240,21,Wales,Attacking Midfield,AM,500000.0,Scunthorpe United,England,0.0,1,2018.csv
2018,Premier League,Leicester City,summer,out,Harvey Barnes,398065,20,England,Left Winger,LW,250000.0,West Bromwich Albion,England,0.0,1,2018.csv
2018,Premier League,Leicester City,summer,out,Robert Huth,2998,33,Germany,Centre-Back,CB,2500000.0,Retired,,,0,2018.csv
2018,Premier League,Leicester City,summer,out,Aleksandar Dragovic,59032,27,Austria,Centre-Back,CB,10000000.0,Bayer 04 Leverkusen,Germany,0.0,1,2018.csv
2018,Premier League,Leicester City,winter,out,Vicente Iborra,65467,30,Spain,Defensive Midfield,DM,9000000.0,Villarreal CF,Spain,10000000.0,0,2018.csv
2018,Premier League,Leicester City,winter,out,Fousseni Diabaté,364861,23,Mali,Right Winger,RW,3000000.0,Sivasspor,Türkiye,0.0,1,2018.csv
2018,Premier League,Leicester City,winter,out,Yohan Benalouane,50477,31,Tunisia,Centre-Back,CB,1000000.0,Nottingham Forest,England,,0,2018.csv
2018,Premier League,Leicester City,winter,out,Callum Elder,271997,23,Australia,Left-Back,LB,250000.0,Ipswich Town,England,0.0,1,2018.csv
2018,Premier League,Leicester City,winter,out,Adrien Silva,56810,29,Portugal,Central Midfield,CM,15000000.0,AS Monaco,France,0.0,1,2018.csv
2018,Premier League,Leicester City,winter,out,Andy King,56872,30,Wales,Central Midfield,CM,3000000.0,Derby County,England,0.0,1,2018.csv
2018,Premier League,Liverpool FC,summer,in,Alisson,105470,25,Brazil,Goalkeeper,GK,60000000.0,AS Roma,Italy,72500000.0,0,2018.csv
2018,Premier League,Liverpool FC,summer,in,Naby Keïta,302215,23,Guinea,Central Midfield,CM,65000000.0,RB Leipzig,Germany,60000000.0,0,2018.csv
2018,Premier League,Liverpool FC,summer,in,Fabinho,225693,24,Brazil,Defensive Midfield,DM,45000000.0,AS Monaco,France,45000000.0,0,2018.csv
2018,Premier League,Liverpool FC,summer,in,Xherdan Shaqiri,86792,26,Switzerland,Attacking Midfield,AM,18000000.0,Stoke City,England,14700000.0,0,2018.csv
2018,Premier League,Liverpool FC,summer,out,Danny Ward,203026,25,Wales,Goalkeeper,GK,2500000.0,Leicester City,England,14000000.0,0,2018.csv
2018,Premier League,Liverpool FC,summer,out,Loris Karius,85864,25,Germany,Goalkeeper,GK,12000000.0,Besiktas JK,Türkiye,2500000.0,1,2018.csv
2018,Premier League,Liverpool FC,summer,out,Ragnar Klavan,26669,32,Estonia,Centre-Back,CB,3500000.0,Cagliari Calcio,Italy,1520000.0,0,2018.csv
2018,Premier League,Liverpool FC,summer,out,Harry Wilson,279455,21,Wales,Right Winger,RW,1000000.0,Derby County,England,1100000.0,1,2018.csv
2018,Premier League,Liverpool FC,summer,out,Marko Grujić,222813,22,Serbia,Defensive Midfield,DM,5000000.0,Hertha BSC,Germany,1000000.0,1,2018.csv
2018,Premier League,Liverpool FC,summer,out,Emre Can,119296,24,Germany,Centre-Back,CB,30000000.0,Juventus FC,Italy,0.0,0,2018.csv
2018,Premier League,Liverpool FC,summer,out,Jon Flanagan,145922,25,England,Right-Back,RB,2500000.0,Rangers FC,Scotland,0.0,0,2018.csv
2018,Premier League,Liverpool FC,summer,out,Sheyi Ojo,236510,21,England,Right Winger,RW,2500000.0,Stade Reims,France,0.0,1,2018.csv
2018,Premier League,Liverpool FC,summer,out,Ádám Bogdán,55247,30,Hungary,Goalkeeper,GK,1000000.0,Hibernian FC,Scotland,0.0,1,2018.csv
2018,Premier League,Liverpool FC,summer,out,Ovie Ejaria,337284,20,England,Left Winger,LW,1000000.0,Rangers FC,Scotland,0.0,1,2018.csv
2018,Premier League,Liverpool FC,summer,out,Ryan Kent,279457,21,England,Left Winger,LW,1500000.0,Rangers FC,Scotland,0.0,1,2018.csv
2018,Premier League,Liverpool FC,summer,out,Taiwo Awoniyi,295313,20,Nigeria,Centre-Forward,CF,1500000.0,KAA Gent,Belgium,0.0,1,2018.csv
2018,Premier League,Liverpool FC,summer,out,Ben Woodburn,344015,18,Wales,Attacking Midfield,AM,5000000.0,Sheffield United,England,0.0,1,2018.csv
2018,Premier League,Liverpool FC,summer,out,Danny Ings,134294,26,England,Centre-Forward,CF,8000000.0,Southampton FC,England,0.0,1,2018.csv
2018,Premier League,Liverpool FC,summer,out,Connor Randall,262545,22,England,Right-Back,RB,500000.0,Rochdale AFC,England,0.0,1,2018.csv
2018,Premier League,Liverpool FC,winter,out,Dominic Solanke,258889,21,England,Centre-Forward,CF,10000000.0,AFC Bournemouth,England,21200000.0,0,2018.csv
2018,Premier League,Liverpool FC,winter,out,Lazar Markovic,144303,24,Serbia,Right Winger,RW,5000000.0,Fulham FC,England,0.0,0,2018.csv
2018,Premier League,Liverpool FC,winter,out,Nathaniel Clyne,85177,27,England,Right-Back,RB,15000000.0,AFC Bournemouth,England,0.0,1,2018.csv
2018,Premier League,Liverpool FC,winter,out,Ovie Ejaria,337284,21,England,Left Winger,LW,900000.0,Reading FC,England,0.0,1,2018.csv
2018,Premier League,Liverpool FC,winter,out,Taiwo Awoniyi,295313,21,Nigeria,Centre-Forward,CF,1500000.0,Royal Excel Mouscron (-2022),Belgium,0.0,1,2018.csv
2018,Premier League,Liverpool FC,winter,out,Allan,385271,21,Brazil,Defensive Midfield,DM,1000000.0,Fluminense Football Club,Brazil,0.0,1,2018.csv
2018,Premier League,Manchester City,summer,in,Riyad Mahrez,171424,27,Algeria,Right Winger,RW,50000000.0,Leicester City,England,67800000.0,0,2018.csv
2018,Premier League,Manchester City,summer,in,Philippe Sandler,340460,21,Netherlands,Centre-Back,CB,2500000.0,PEC Zwolle,Netherlands,2500000.0,0,2018.csv
2018,Premier League,Manchester City,summer,in,Daniel Arzani,399997,19,Australia,Right Winger,RW,1500000.0,Melbourne City FC,Australia,890000.0,0,2018.csv
2018,Premier League,Manchester City,winter,in,Ante Palaversa,371003,18,Croatia,Defensive Midfield,DM,550000.0,HNK Hajduk Split,Croatia,6300000.0,0,2018.csv
2018,Premier League,Manchester City,winter,in,Ko Itakura,355816,21,Japan,Centre-Back,CB,700000.0,Kawasaki Frontale,Japan,1100000.0,0,2018.csv
2018,Premier League,Manchester City,summer,out,Angus Gunn,201574,22,Scotland,Goalkeeper,GK,2000000.0,Southampton FC,England,11300000.0,0,2018.csv
2018,Premier League,Manchester City,summer,out,Jason Denayer,277114,23,Belgium,Centre-Back,CB,3000000.0,Olympique Lyon,France,10000000.0,0,2018.csv
2018,Premier League,Manchester City,summer,out,Pablo Maffeo,251876,20,Argentina,Right-Back,RB,10000000.0,VfB Stuttgart,Germany,9000000.0,0,2018.csv
2018,Premier League,Manchester City,summer,out,Joe Hart,40204,31,England,Goalkeeper,GK,10000000.0,Burnley FC,England,3900000.0,0,2018.csv
2018,Premier League,Manchester City,summer,out,Bersant Celina,229695,21,Kosovo,Attacking Midfield,AM,2500000.0,Swansea City,England,3400000.0,0,2018.csv
2018,Premier League,Manchester City,summer,out,Olarenwaju Kayode,131694,25,Nigeria,Centre-Forward,CF,3000000.0,Shakhtar Donetsk,Ukraine,3000000.0,0,2018.csv
2018,Premier League,Manchester City,summer,out,Yaya Touré,13091,35,Cote d'Ivoire,Central Midfield,CM,2500000.0,Olympiacos Piraeus,Greece,0.0,0,2018.csv
2018,Premier League,Manchester City,summer,out,Arijanet Murić,371021,19,Kosovo,Goalkeeper,GK,,NAC Breda,Netherlands,0.0,1,2018.csv
2018,Premier League,Manchester City,summer,out,Luka Ilic,429790,19,Serbia,Attacking Midfield,AM,2000000.0,NAC Breda,Netherlands,0.0,1,2018.csv
2018,Premier League,Manchester City,summer,out,Jack Harrison,417346,21,England,Left Winger,LW,3500000.0,Leeds United,England,0.0,1,2018.csv
2018,Premier League,Manchester City,summer,out,Thomas Agyepong,384807,21,Ghana,Left Winger,LW,250000.0,Hibernian FC,Scotland,0.0,1,2018.csv
2018,Premier League,Manchester City,summer,out,Manu García,277118,20,Spain,Attacking Midfield,AM,2000000.0,FC Toulouse,France,0.0,1,2018.csv
2018,Premier League,Manchester City,summer,out,Patrick Roberts,225452,21,England,Right Winger,RW,7500000.0,Girona FC,Spain,0.0,1,2018.csv
2018,Premier League,Manchester City,summer,out,Daniel Arzani,399997,19,Australia,Right Winger,RW,1500000.0,Celtic FC,Scotland,0.0,1,2018.csv
2018,Premier League,Manchester City,summer,out,Pablo Marí,210178,24,Spain,Centre-Back,CB,750000.0,Deportivo de La Coruña,Spain,0.0,1,2018.csv
2018,Premier League,Manchester City,summer,out,Anthony Cáceres,226739,25,Australia,Attacking Midfield,AM,500000.0,Melbourne City FC,Australia,0.0,1,2018.csv
2018,Premier League,Manchester City,winter,out,Brahim Díaz,314678,19,Morocco,Right Winger,RW,5000000.0,Real Madrid,Spain,17000000.0,0,2018.csv
2018,Premier League,Manchester City,winter,out,Ko Itakura,355816,21,Japan,Centre-Back,CB,700000.0,FC Groningen,Netherlands,0.0,1,2018.csv
2018,Premier League,Manchester City,winter,out,Ante Palaversa,371003,18,Croatia,Defensive Midfield,DM,550000.0,HNK Hajduk Split,Croatia,0.0,1,2018.csv
2018,Premier League,Manchester City,winter,out,Anthony Cáceres,226739,26,Australia,Attacking Midfield,AM,500000.0,Sydney FC,Australia,0.0,1,2018.csv
2018,Premier League,Manchester City,winter,out,Yangel Herrera,378293,21,Venezuela,Central Midfield,CM,1000000.0,SD Huesca,Spain,0.0,1,2018.csv
2018,Premier League,Manchester City,winter,out,Marlos Moreno,345654,22,Colombia,Left Winger,LW,500000.0,Santos Laguna,Mexico,0.0,1,2018.csv
2018,Premier League,Manchester United,summer,in,Fred,191614,25,Brazil,Central Midfield,CM,32000000.0,Shakhtar Donetsk,Ukraine,59000000.0,0,2018.csv
2018,Premier League,Manchester United,summer,in,Diogo Dalot,357147,19,Portugal,Right-Back,RB,15000000.0,FC Porto,Portugal,22000000.0,0,2018.csv
2018,Premier League,Manchester United,summer,in,Lee Grant,13460,35,England,Goalkeeper,GK,1000000.0,Stoke City,England,1700000.0,0,2018.csv
2018,Premier League,Manchester United,summer,out,Daley Blind,12282,28,Netherlands,Centre-Back,CB,18000000.0,Ajax Amsterdam,Netherlands,16000000.0,0,2018.csv
2018,Premier League,Manchester United,summer,out,Sam Johnstone,110864,25,England,Goalkeeper,GK,2500000.0,West Bromwich Albion,England,7350000.0,0,2018.csv
2018,Premier League,Manchester United,summer,out,Cameron Borthwick-Jackson,258879,21,England,Left-Back,LB,3000000.0,Scunthorpe United,England,0.0,1,2018.csv
2018,Premier League,Manchester United,summer,out,Joel Pereira,192611,22,Portugal,Goalkeeper,GK,1000000.0,Vitória Setúbal FC,Portugal,0.0,1,2018.csv
2018,Premier League,Manchester United,summer,out,Axel Tuanzebe,342046,20,DR Congo,Centre-Back,CB,1000000.0,Aston Villa,England,0.0,1,2018.csv
2018,Premier League,Manchester United,summer,out,Timothy Fosu-Mensah,315131,20,Netherlands,Right-Back,RB,7000000.0,Fulham FC,England,0.0,1,2018.csv
2018,Premier League,Manchester United,summer,out,James Wilson,214104,22,England,Centre-Forward,CF,2000000.0,Aberdeen FC,Scotland,0.0,1,2018.csv
2018,Premier League,Manchester United,summer,out,Michael Carrick,3878,36,England,Defensive Midfield,DM,1000000.0,Retired,,,0,2018.csv
2018,Premier League,Manchester United,winter,out,Marouane Fellaini,39679,31,Belgium,Central Midfield,CM,15000000.0,Shandong Luneng Taishan,China,7200000.0,0,2018.csv
2018,Premier League,Manchester United,winter,out,Joel Pereira,192611,22,Portugal,Goalkeeper,GK,1000000.0,KV Kortrijk,Belgium,0.0,1,2018.csv
2018,Premier League,Newcastle United,summer,in,Yoshinori Muto,230541,26,Japan,Centre-Forward,CF,6000000.0,1.FSV Mainz 05,Germany,10700000.0,0,2018.csv
2018,Premier League,Newcastle United,summer,in,Mikel Merino,338424,22,Spain,Central Midfield,CM,10000000.0,Borussia Dortmund,Germany,7000000.0,0,2018.csv
2018,Premier League,Newcastle United,summer,in,Federico Fernández,85475,29,Argentina,Centre-Back,CB,8000000.0,Swansea City,England,6700000.0,0,2018.csv
2018,Premier League,Newcastle United,summer,in,Fabian Schär,135343,26,Switzerland,Centre-Back,CB,3000000.0,Deportivo de La Coruña,Spain,4000000.0,0,2018.csv
2018,Premier League,Newcastle United,summer,in,Martin Dúbravka,74960,29,Slovakia,Goalkeeper,GK,4000000.0,AC Sparta Prague,Czech Republic,4000000.0,0,2018.csv
2018,Premier League,Newcastle United,summer,in,Salomón Rondón,80197,28,Venezuela,Centre-Forward,CF,13000000.0,West Bromwich Albion,England,2200000.0,1,2018.csv
2018,Premier League,Newcastle United,summer,in,Sung-yueng Ki,81796,29,"Korea, South",Defensive Midfield,DM,7000000.0,Swansea City,England,0.0,0,2018.csv
2018,Premier League,Newcastle United,winter,in,Miguel Almirón,272999,24,Paraguay,Right Winger,RW,15000000.0,Atlanta United FC,United States,24000000.0,0,2018.csv
2018,Premier League,Newcastle United,winter,in,Antonio Barreca,241889,23,Italy,Left-Back,LB,7000000.0,AS Monaco,France,1150000.0,1,2018.csv
2018,Premier League,Newcastle United,summer,out,Aleksandar Mitrović,51152,23,Serbia,Centre-Forward,CF,15000000.0,Fulham FC,England,24700000.0,0,2018.csv
2018,Premier League,Newcastle United,summer,out,Mikel Merino,338424,22,Spain,Central Midfield,CM,12000000.0,Real Sociedad,Spain,12000000.0,0,2018.csv
2018,Premier League,Newcastle United,summer,out,Chancel Mbemba,203348,23,DR Congo,Centre-Back,CB,6000000.0,FC Porto,Portugal,4660000.0,0,2018.csv
2018,Premier League,Newcastle United,summer,out,Matz Sels,127202,26,Belgium,Goalkeeper,GK,4500000.0,RC Strasbourg Alsace,France,4000000.0,0,2018.csv
2018,Premier League,Newcastle United,summer,out,Dwight Gayle,196522,28,England,Centre-Forward,CF,10000000.0,West Bromwich Albion,England,2000000.0,1,2018.csv
2018,Premier League,Newcastle United,summer,out,Adam Armstrong,250426,21,England,Centre-Forward,CF,1500000.0,Blackburn Rovers,England,1900000.0,0,2018.csv
2018,Premier League,Newcastle United,summer,out,Henri Saivet,51540,27,Senegal,Attacking Midfield,AM,2000000.0,Bursaspor,Türkiye,900000.0,1,2018.csv
2018,Premier League,Newcastle United,summer,out,Ivan Toney,251664,22,England,Centre-Forward,CF,500000.0,Peterborough United,England,390000.0,0,2018.csv
2018,Premier League,Newcastle United,summer,out,Stuart Findlay,165334,22,Scotland,Centre-Back,CB,250000.0,Kilmarnock FC,Scotland,0.0,0,2018.csv
2018,Premier League,Newcastle United,summer,out,Curtis Good,179471,25,Australia,Centre-Back,CB,250000.0,Melbourne City FC,Australia,0.0,0,2018.csv
2018,Premier League,Newcastle United,summer,out,Massadio Haïdara,170929,25,Mali,Left-Back,LB,1500000.0,RC Lens,France,0.0,0,2018.csv
2018,Premier League,Newcastle United,summer,out,Jack Colback,61644,28,England,Defensive Midfield,DM,3500000.0,Nottingham Forest,England,0.0,1,2018.csv
2018,Premier League,Newcastle United,summer,out,Dan Barlaser,256773,21,England,Defensive Midfield,DM,,Accrington Stanley,England,0.0,1,2018.csv
2018,Premier League,Newcastle United,summer,out,Rolando Aarons,258188,22,Jamaica,Left Winger,LW,700000.0,FC Slovan Liberec,Czech Republic,0.0,1,2018.csv
2018,Premier League,Newcastle United,summer,out,Jesús Gámez,29055,33,Spain,Right-Back,RB,2000000.0,Retired,,,0,2018.csv
2018,Premier League,Newcastle United,summer,out,Martin Dúbravka,74960,29,Slovakia,Goalkeeper,GK,4000000.0,AC Sparta Prague,Czech Republic,0.0,1,2018.csv
2018,Premier League,Newcastle United,summer,out,Mikel Merino,338424,22,Spain,Central Midfield,CM,10000000.0,Borussia Dortmund,Germany,0.0,1,2018.csv
2018,Premier League,Newcastle United,summer,out,Salomón Rondón,80197,29,Venezuela,Centre-Forward,CF,15000000.0,West Bromwich Albion,England,0.0,1,2018.csv
2018,Premier League,Newcastle United,summer,out,Kenedy,281404,23,Brazil,Left Winger,LW,10000000.0,Chelsea FC,England,0.0,1,2018.csv
2018,Premier League,Newcastle United,winter,out,Jacob Murphy,199527,23,England,Right Winger,RW,7000000.0,West Bromwich Albion,England,500000.0,1,2018.csv
2018,Premier League,Newcastle United,winter,out,Jamie Sterry,250431,23,England,Right-Back,RB,75000.0,Crewe Alexandra,England,0.0,1,2018.csv
2018,Premier League,Newcastle United,winter,out,Rolando Aarons,258188,23,Jamaica,Left Winger,LW,500000.0,Sheffield Wednesday,England,0.0,1,2018.csv
2018,Premier League,Newcastle United,winter,out,Achraf Lazaar,139173,27,Morocco,Left Midfield,LM,1000000.0,Sheffield Wednesday,England,0.0,1,2018.csv
2018,Premier League,Southampton FC,summer,in,Jannik Vestergaard,99331,25,Denmark,Centre-Back,CB,14000000.0,Borussia Mönchengladbach,Germany,25000000.0,0,2018.csv
2018,Premier League,Southampton FC,summer,in,Mohamed Elyounoussi,186644,23,Norway,Second Striker,SS,8500000.0,FC Basel 1893,Switzerland,18000000.0,0,2018.csv
2018,Premier League,Southampton FC,summer,in,Angus Gunn,201574,22,Scotland,Goalkeeper,GK,2000000.0,Manchester City,England,11300000.0,0,2018.csv
2018,Premier League,Southampton FC,summer,in,Stuart Armstrong,130765,26,Scotland,Central Midfield,CM,2000000.0,Celtic FC,Scotland,7950000.0,0,2018.csv
2018,Premier League,Southampton FC,summer,in,Danny Ings,134294,26,England,Centre-Forward,CF,8000000.0,Liverpool FC,England,0.0,1,2018.csv
2018,Premier League,Southampton FC,summer,out,Dušan Tadić,36139,29,Serbia,Right Winger,RW,15000000.0,Ajax Amsterdam,Netherlands,13700000.0,0,2018.csv
2018,Premier League,Southampton FC,summer,out,Florin Gardoș,57423,29,Romania,Centre-Back,CB,1300000.0,CS Universitatea Craiova,Romania,0.0,0,2018.csv
2018,Premier League,Southampton FC,summer,out,Jérémy Pied,60583,29,France,Right-Back,RB,2500000.0,LOSC Lille,France,0.0,0,2018.csv
2018,Premier League,Southampton FC,summer,out,Guido Carrillo,184672,27,Argentina,Centre-Forward,CF,15000000.0,CD Leganés,Spain,0.0,1,2018.csv
2018,Premier League,Southampton FC,summer,out,Ryan Seager,247647,22,England,Centre-Forward,CF,100000.0,SC Telstar,Netherlands,0.0,1,2018.csv
2018,Premier League,Southampton FC,summer,out,Sofiane Boufal,232271,24,Morocco,Attacking Midfield,AM,12000000.0,Celta de Vigo,Spain,0.0,1,2018.csv
2018,Premier League,Southampton FC,summer,out,Jordy Clasie,104223,27,Netherlands,Defensive Midfield,DM,6500000.0,Feyenoord Rotterdam,Netherlands,0.0,1,2018.csv
2018,Premier League,Southampton FC,summer,out,Josh Sims,286919,21,England,Right Winger,RW,750000.0,Reading FC,England,0.0,1,2018.csv
2018,Premier League,Southampton FC,summer,out,Harrison Reed,226973,23,England,Central Midfield,CM,1000000.0,Blackburn Rovers,England,0.0,1,2018.csv
2018,Premier League,Southampton FC,summer,out,Sam McQueen,226968,23,England,Left-Back,LB,1000000.0,Middlesbrough FC,England,0.0,1,2018.csv
2018,Premier League,Southampton FC,summer,out,Jake Hesketh,315185,22,England,Attacking Midfield,AM,,Burton Albion,England,0.0,1,2018.csv
2018,Premier League,Southampton FC,summer,out,Stuart Taylor,3190,37,England,Goalkeeper,GK,,Retired,,,0,2018.csv
2018,Premier League,Southampton FC,winter,out,Manolo Gabbiadini,112343,27,Italy,Centre-Forward,CF,10000000.0,UC Sampdoria,Italy,11900000.0,0,2018.csv
2018,Premier League,Southampton FC,winter,out,Cédric Soares,112988,27,Portugal,Right-Back,RB,15000000.0,Inter Milan,Italy,500000.0,1,2018.csv
2018,Premier League,Southampton FC,winter,out,Ryan Seager,247647,22,England,Centre-Forward,CF,100000.0,Yeovil Town,England,0.0,0,2018.csv
2018,Premier League,Southampton FC,winter,out,Jake Hesketh,315185,22,England,Attacking Midfield,AM,,Milton Keynes Dons,England,0.0,1,2018.csv
2018,Premier League,Southampton FC,winter,out,Steven Davis,28973,34,Northern Ireland,Central Midfield,CM,3000000.0,Rangers FC,Scotland,0.0,1,2018.csv
2018,Premier League,Southampton FC,winter,out,Wesley Hoedt,253765,24,Netherlands,Centre-Back,CB,15000000.0,Celta de Vigo,Spain,0.0,1,2018.csv
2018,Premier League,Tottenham Hotspur,summer,out,Cameron Carter-Vickers,341049,20,United States,Centre-Back,CB,1000000.0,Swansea City,England,0.0,1,2018.csv
2018,Premier League,Tottenham Hotspur,summer,out,Josh Onomah,243589,21,England,Central Midfield,CM,3000000.0,Sheffield Wednesday,England,0.0,1,2018.csv
2018,Premier League,Tottenham Hotspur,winter,out,Mousa Dembélé,19368,31,Belgium,Central Midfield,CM,18000000.0,Guangzhou R&F,China,5350000.0,0,2018.csv
2018,Premier League,Tottenham Hotspur,winter,out,Georges-Kevin N'Koudou,215679,23,Cameroon,Left Winger,LW,7000000.0,AS Monaco,France,0.0,1,2018.csv
2018,Premier League,Watford FC,summer,in,Gerard Deulofeu,129476,24,Spain,Centre-Forward,CF,14000000.0,FC Barcelona,Spain,13000000.0,0,2018.csv
2018,Premier League,Watford FC,summer,in,Adam Masina,286949,24,Morocco,Centre-Back,CB,7000000.0,Bologna FC 1909,Italy,5000000.0,0,2018.csv
2018,Premier League,Watford FC,summer,in,Ben Foster,13572,35,England,Goalkeeper,GK,3000000.0,West Bromwich Albion,England,2800000.0,0,2018.csv
2018,Premier League,Watford FC,summer,in,Ken Sema,252345,24,Sweden,Left Winger,LW,1000000.0,Östersunds FK,Sweden,2250000.0,0,2018.csv
2018,Premier League,Watford FC,summer,in,Marc Navarro,335245,22,Spain,Right-Back,RB,2000000.0,RCD Espanyol Barcelona,Spain,2000000.0,0,2018.csv
2018,Premier League,Watford FC,summer,in,Ben Wilmot,467599,18,England,Centre-Back,CB,,Stevenage FC,England,1700000.0,0,2018.csv
2018,Premier League,Watford FC,summer,in,Domingos Quina,391719,18,Portugal,Central Midfield,CM,,West Ham United U23,England,1100000.0,0,2018.csv
2018,Premier League,Watford FC,summer,in,Kwasi Sibo,538006,20,Ghana,Central Midfield,CM,200000.0,FC Banants Yerevan,Armenia,0.0,0,2018.csv
2018,Premier League,Watford FC,winter,in,Filip Stuparevic,442337,18,Serbia,Centre-Forward,CF,700000.0,FK Vozdovac,Serbia,2250000.0,0,2018.csv
2018,Premier League,Watford FC,summer,out,Richarlison,378710,21,Brazil,Centre-Forward,CF,25000000.0,Everton FC,England,39200000.0,0,2018.csv
2018,Premier League,Watford FC,summer,out,Nordin Amrabat,55619,31,Morocco,Right Winger,RW,3000000.0,Al-Nassr FC,Saudi Arabia,8500000.0,0,2018.csv
2018,Premier League,Watford FC,summer,out,Mauro Zárate,26456,31,Argentina,Centre-Forward,CF,2000000.0,CA Boca Juniors,Argentina,2300000.0,0,2018.csv
2018,Premier League,Watford FC,summer,out,Dodi Lukébakio,303259,20,Belgium,Right Winger,RW,3000000.0,Fortuna Düsseldorf,Germany,300000.0,1,2018.csv
2018,Premier League,Watford FC,summer,out,Brice Dja Djedje,93690,27,Cote d'Ivoire,Defensive Midfield,DM,1000000.0,MKE Ankaragücü,Türkiye,0.0,0,2018.csv
2018,Premier League,Watford FC,summer,out,Luis Suárez,424784,20,Colombia,Centre-Forward,CF,300000.0,Gimnàstic de Tarragona,Spain,0.0,1,2018.csv
2018,Premier League,Watford FC,summer,out,Costel Pantilimon,47659,31,Romania,Goalkeeper,GK,1500000.0,Nottingham Forest,England,,0,2018.csv
2018,Premier League,Watford FC,summer,out,Obbi Oulare,314959,22,Belgium,Centre-Forward,CF,1500000.0,Standard Liège,Belgium,0.0,1,2018.csv
2018,Premier League,Watford FC,summer,out,Dimitri Foulquier,170472,25,Guadeloupe,Right-Back,RB,2000000.0,Getafe CF,Spain,0.0,1,2018.csv
2018,Premier League,Watford FC,summer,out,Pervis Estupiñán,349599,20,Ecuador,Left-Back,LB,800000.0,RCD Mallorca,Spain,0.0,1,2018.csv
2018,Premier League,Watford FC,summer,out,Jorge Segura,453575,21,Colombia,Centre-Back,CB,200000.0,Independiente Medellín,Colombia,0.0,1,2018.csv
2018,Premier League,Watford FC,summer,out,Daniel Bachmann,120186,24,Austria,Goalkeeper,GK,250000.0,Kilmarnock FC,Scotland,0.0,1,2018.csv
2018,Premier League,Watford FC,summer,out,Jerome Sinclair,236513,21,England,Centre-Forward,CF,1500000.0,Sunderland AFC,England,0.0,1,2018.csv
2018,Premier League,Watford FC,summer,out,Tommie Hoban,183161,24,Ireland,Centre-Back,CB,750000.0,Aberdeen FC,Scotland,0.0,1,2018.csv
2018,Premier League,Watford FC,summer,out,Gerard Deulofeu,129476,24,Spain,Centre-Forward,CF,14000000.0,FC Barcelona,Spain,0.0,1,2018.csv
2018,Premier League,Watford FC,summer,out,Molla Wagué,129893,27,Mali,Centre-Back,CB,1500000.0,Udinese Calcio,Italy,0.0,1,2018.csv
2018,Premier League,Watford FC,summer,out,Orestis Karnezis,16408,32,Greece,Goalkeeper,GK,3000000.0,Udinese Calcio,Italy,0.0,1,2018.csv
2018,Premier League,Watford FC,summer,out,André Carrillo,135057,27,Peru,Central Midfield,CM,6000000.0,SL Benfica,Portugal,0.0,1,2018.csv
2018,Premier League,Watford FC,winter,out,Stefano Okaka,35249,29,Italy,Centre-Forward,CF,5000000.0,Udinese Calcio,Italy,500000.0,1,2018.csv
2018,Premier League,Watford FC,winter,out,Valber Huerta,226306,25,Chile,Centre-Back,CB,575000.0,CD Universidad Católica,Chile,440000.0,0,2018.csv
2018,Premier League,Watford FC,winter,out,Marvin Zeegelaar,92899,28,Netherlands,Left-Back,LB,3000000.0,Udinese Calcio,Italy,300000.0,1,2018.csv
2018,Premier League,Watford FC,winter,out,Ben Wilmot,467599,19,England,Centre-Back,CB,1500000.0,Udinese Calcio,Italy,300000.0,1,2018.csv
2018,Premier League,Watford FC,winter,out,Filip Stuparevic,442337,18,Serbia,Centre-Forward,CF,1000000.0,FK Vozdovac,Serbia,0.0,1,2018.csv
2018,Premier League,Watford FC,winter,out,Kwasi Sibo,538006,20,Ghana,Central Midfield,CM,200000.0,KF Skënderbeu,Albania,0.0,1,2018.csv
2018,Premier League,Watford FC,winter,out,Jorge Segura,453575,21,Colombia,Centre-Back,CB,900000.0,Atlas Guadalajara,Mexico,0.0,1,2018.csv
2018,Premier League,Watford FC,winter,out,Jerome Sinclair,236513,22,England,Centre-Forward,CF,1500000.0,Oxford United,England,0.0,1,2018.csv
2018,Premier League,Watford FC,winter,out,Younès Kaboul,27114,32,France,Centre-Back,CB,1500000.0,Retired,,,0,2018.csv
2018,Premier League,West Ham United,summer,in,Felipe Anderson,159372,25,Brazil,Right Winger,RW,30000000.0,SS Lazio,Italy,38000000.0,0,2018.csv
2018,Premier League,West Ham United,summer,in,Issa Diop,272622,21,France,Centre-Back,CB,22000000.0,FC Toulouse,France,25000000.0,0,2018.csv
2018,Premier League,West Ham United,summer,in,Andriy Yarmolenko,69015,28,Ukraine,Right Winger,RW,23000000.0,Borussia Dortmund,Germany,20000000.0,0,2018.csv
2018,Premier League,West Ham United,summer,in,Lukasz Fabianski,29692,33,Poland,Goalkeeper,GK,5000000.0,Swansea City,England,8000000.0,0,2018.csv
2018,Premier League,West Ham United,summer,in,Lucas Pérez,73185,29,Spain,Centre-Forward,CF,7500000.0,Arsenal FC,England,4400000.0,0,2018.csv
2018,Premier League,West Ham United,summer,in,Fabián Balbuena,285548,26,Paraguay,Centre-Back,CB,5000000.0,Sport Club Corinthians Paulista,Brazil,4000000.0,0,2018.csv
2018,Premier League,West Ham United,summer,in,Xande Silva,258011,21,Portugal,Left Winger,LW,200000.0,Vitória Guimarães SC,Portugal,1500000.0,0,2018.csv
2018,Premier League,West Ham United,summer,in,Ryan Fredericks,140191,25,England,Right-Back,RB,4000000.0,Fulham FC,England,0.0,0,2018.csv
2018,Premier League,West Ham United,summer,in,Jack Wilshere,74223,26,England,Central Midfield,CM,20000000.0,Arsenal FC,England,0.0,0,2018.csv
2018,Premier League,West Ham United,summer,in,Carlos Sánchez,51226,32,Colombia,Defensive Midfield,DM,1500000.0,ACF Fiorentina,Italy,0.0,0,2018.csv
2018,Premier League,West Ham United,winter,in,Samir Nasri,18935,31,France,Attacking Midfield,AM,6000000.0,Disqualification,,,0,2018.csv
2018,Premier League,West Ham United,summer,out,Cheikhou Kouyaté,66934,28,Senegal,Defensive Midfield,DM,12000000.0,Crystal Palace,England,10700000.0,0,2018.csv
2018,Premier League,West Ham United,summer,out,Reece Burke,264220,21,England,Centre-Back,CB,1000000.0,Hull City,England,1700000.0,0,2018.csv
2018,Premier League,West Ham United,summer,out,Edimilson Fernandes,247555,22,Switzerland,Defensive Midfield,DM,5000000.0,ACF Fiorentina,Italy,865000.0,1,2018.csv
2018,Premier League,West Ham United,summer,out,Sam Byram,236953,24,England,Left-Back,LB,4000000.0,Nottingham Forest,England,0.0,1,2018.csv
2018,Premier League,West Ham United,summer,out,Jordan Hugill,291544,26,England,Centre-Forward,CF,8000000.0,Middlesbrough FC,England,0.0,1,2018.csv
2018,Premier League,West Ham United,summer,out,Sead Haksabanovic,349300,19,Montenegro,Left Winger,LW,1500000.0,Málaga CF,Spain,0.0,1,2018.csv
2018,Premier League,West Ham United,summer,out,Josh Cullen,242606,22,Ireland,Central Midfield,CM,1000000.0,Charlton Athletic,England,0.0,1,2018.csv
2018,Premier League,West Ham United,summer,out,Patrice Evra,5285,37,France,Left-Back,LB,1000000.0,Without Club,,,0,2018.csv
2018,Premier League,West Ham United,summer,out,James Collins,12691,34,Wales,Centre-Back,CB,1000000.0,Without Club,,,0,2018.csv
2018,Premier League,West Ham United,summer,out,João Mário,149729,25,Portugal,Left Winger,LW,25000000.0,Inter Milan,Italy,0.0,1,2018.csv
2018,Premier League,West Ham United,winter,out,Reece Oxford,314295,20,England,Centre-Back,CB,7000000.0,FC Augsburg,Germany,500000.0,1,2018.csv
2018,Premier League,West Ham United,winter,out,Moses Makasi,242644,23,England,Central Midfield,CM,,Stevenage FC,England,0.0,1,2018.csv
2018,Premier League,West Ham United,winter,out,Sead Haksabanovic,349300,19,Montenegro,Left Winger,LW,1000000.0,IFK Norrköping,Sweden,0.0,1,2018.csv
2018,Premier League,Wolverhampton Wanderers,summer,in,Adama Traoré,204103,22,Spain,Right Winger,RW,8000000.0,Middlesbrough FC,England,20000000.0,0,2018.csv
2018,Premier League,Wolverhampton Wanderers,summer,in,Rui Patrício,45026,30,Portugal,Goalkeeper,GK,16000000.0,Sporting CP,Portugal,18000000.0,0,2018.csv
2018,Premier League,Wolverhampton Wanderers,summer,in,Diogo Jota,340950,21,Portugal,Left Winger,LW,12000000.0,Atlético de Madrid,Spain,14000000.0,0,2018.csv
2018,Premier League,Wolverhampton Wanderers,summer,in,Willy Boly,142310,27,Cote d'Ivoire,Centre-Back,CB,5000000.0,FC Porto,Portugal,12000000.0,0,2018.csv
2018,Premier League,Wolverhampton Wanderers,summer,in,Benik Afobe,110858,25,DR Congo,Centre-Forward,CF,10000000.0,AFC Bournemouth,England,11400000.0,0,2018.csv
2018,Premier League,Wolverhampton Wanderers,summer,in,João Moutinho,29364,31,Portugal,Central Midfield,CM,10000000.0,AS Monaco,France,5600000.0,0,2018.csv
2018,Premier League,Wolverhampton Wanderers,summer,in,Maximilian Kilman,525247,21,England,Centre-Back,CB,,Maidenhead United,England,4750000.0,0,2018.csv
2018,Premier League,Wolverhampton Wanderers,summer,in,Léo Bonatini,181781,24,Brazil,Centre-Forward,CF,5000000.0,Al-Hilal SFC,Saudi Arabia,4000000.0,0,2018.csv
2018,Premier League,Wolverhampton Wanderers,summer,in,Raúl Jiménez,206040,27,Mexico,Centre-Forward,CF,15000000.0,SL Benfica,Portugal,3000000.0,1,2018.csv
2018,Premier League,Wolverhampton Wanderers,summer,in,Rúben Vinagre,357158,19,Portugal,Left-Back,LB,500000.0,AS Monaco,France,2250000.0,0,2018.csv
2018,Premier League,Wolverhampton Wanderers,summer,in,Leander Dendoncker,168157,23,Belgium,Defensive Midfield,DM,17000000.0,RSC Anderlecht,Belgium,1500000.0,1,2018.csv
2018,Premier League,Wolverhampton Wanderers,summer,in,Jonny Otto,175446,24,Spain,Right-Back,RB,12000000.0,Atlético de Madrid,Spain,0.0,1,2018.csv
2018,Premier League,Wolverhampton Wanderers,winter,in,Jonny Otto,175446,24,Spain,Right-Back,RB,12000000.0,Atlético de Madrid,Spain,21000000.0,0,2018.csv
2018,Premier League,Wolverhampton Wanderers,summer,out,Barry Douglas,91854,28,Scotland,Left-Back,LB,2000000.0,Leeds United,England,3400000.0,0,2018.csv
2018,Premier League,Wolverhampton Wanderers,summer,out,Ben Marshall,118567,27,England,Right Midfield,RM,1500000.0,Norwich City,England,1700000.0,0,2018.csv
2018,Premier League,Wolverhampton Wanderers,summer,out,Prince Oniangué,60578,29,Congo,Defensive Midfield,DM,1500000.0,SM Caen,France,500000.0,0,2018.csv
2018,Premier League,Wolverhampton Wanderers,summer,out,Roderick Miranda,87856,27,Portugal,Centre-Back,CB,2500000.0,Olympiacos Piraeus,Greece,500000.0,1,2018.csv
2018,Premier League,Wolverhampton Wanderers,summer,out,Duckens Nazon,345763,24,Haiti,Centre-Forward,CF,350000.0,Sint-Truidense VV,Belgium,0.0,0,2018.csv
2018,Premier League,Wolverhampton Wanderers,summer,out,Jonathan Flatt,208742,23,England,Goalkeeper,GK,,Scunthorpe United,England,0.0,0,2018.csv
2018,Premier League,Wolverhampton Wanderers,summer,out,Jordan Graham,183283,23,England,Right Winger,RW,500000.0,Ipswich Town,England,0.0,1,2018.csv
2018,Premier League,Wolverhampton Wanderers,summer,out,Harry Burgoyne,285583,21,England,Goalkeeper,GK,,Plymouth Argyle,England,0.0,1,2018.csv
2018,Premier League,Wolverhampton Wanderers,summer,out,Michal Zyro,67431,25,Poland,Centre-Forward,CF,500000.0,Pogon Szczecin,Poland,0.0,1,2018.csv
2018,Premier League,Wolverhampton Wanderers,summer,out,Danny Batth,129049,27,England,Centre-Back,CB,1000000.0,Middlesbrough FC,England,0.0,1,2018.csv
2018,Premier League,Wolverhampton Wanderers,summer,out,Ben Stevenson,375044,21,England,Central Midfield,CM,500000.0,FC Jumilla (- 2019),Spain,0.0,1,2018.csv
2018,Premier League,Wolverhampton Wanderers,summer,out,Jack Ruddy,346175,20,Scotland,Goalkeeper,GK,,FC Jumilla (- 2019),Spain,0.0,1,2018.csv
2018,Premier League,Wolverhampton Wanderers,summer,out,Bright Enobakhare,345772,20,Nigeria,Centre-Forward,CF,500000.0,Kilmarnock FC,Scotland,0.0,1,2018.csv
2018,Premier League,Wolverhampton Wanderers,summer,out,Phil Ofosu-Ayeh,133858,26,Ghana,Right-Back,RB,750000.0,FC Hansa Rostock,Germany,0.0,1,2018.csv
2018,Premier League,Wolverhampton Wanderers,summer,out,Sylvain Deslandes,272621,21,France,Centre-Back,CB,100000.0,FC Jumilla (- 2019),Spain,0.0,1,2018.csv
2018,Premier League,Wolverhampton Wanderers,summer,out,Paul Gladon,180843,26,Netherlands,Centre-Forward,CF,700000.0,Sint-Truidense VV,Belgium,0.0,1,2018.csv
2018,Premier League,Wolverhampton Wanderers,summer,out,Joe Mason,120706,27,Ireland,Centre-Forward,CF,1500000.0,Portsmouth FC,England,0.0,1,2018.csv
2018,Premier League,Wolverhampton Wanderers,summer,out,Connor Ronan,337787,20,Ireland,Central Midfield,CM,250000.0,Walsall FC,England,0.0,1,2018.csv
2018,Premier League,Wolverhampton Wanderers,summer,out,Ming-Yang Yang,184382,22,China,Defensive Midfield,DM,325000.0,FC Jumilla (- 2019),Spain,0.0,1,2018.csv
2018,Premier League,Wolverhampton Wanderers,summer,out,Rafa Mir,361254,21,Spain,Centre-Forward,CF,1500000.0,UD Las Palmas,Spain,0.0,1,2018.csv
2018,Premier League,Wolverhampton Wanderers,summer,out,Benik Afobe,110858,25,DR Congo,Centre-Forward,CF,10000000.0,Stoke City,England,0.0,1,2018.csv
2018,Premier League,Wolverhampton Wanderers,summer,out,Aaron Collins,341042,21,Wales,Centre-Forward,CF,75000.0,Colchester United,England,0.0,1,2018.csv
2018,Premier League,Wolverhampton Wanderers,summer,out,Carl Ikeme,26412,32,Nigeria,Goalkeeper,GK,,Retired,,,0,2018.csv
2018,Premier League,Wolverhampton Wanderers,summer,out,Benik Afobe,110858,25,DR Congo,Centre-Forward,CF,10000000.0,AFC Bournemouth,England,0.0,1,2018.csv
2018,Premier League,Wolverhampton Wanderers,summer,out,Alfred N'Diaye,77737,28,Senegal,Defensive Midfield,DM,5000000.0,Villarreal CF,Spain,0.0,1,2018.csv
2018,Premier League,Wolverhampton Wanderers,summer,out,Léo Bonatini,181781,24,Brazil,Centre-Forward,CF,5000000.0,Al-Hilal SFC,Saudi Arabia,0.0,1,2018.csv
2018,Premier League,Wolverhampton Wanderers,summer,out,Diogo Jota,340950,21,Portugal,Left Winger,LW,12000000.0,Atlético de Madrid,Spain,0.0,1,2018.csv
2018,Premier League,Wolverhampton Wanderers,summer,out,Rúben Vinagre,357158,19,Portugal,Left-Back,LB,500000.0,AS Monaco,France,0.0,1,2018.csv
2018,Premier League,Wolverhampton Wanderers,summer,out,Willy Boly,142310,27,Cote d'Ivoire,Centre-Back,CB,5000000.0,FC Porto,Portugal,0.0,1,2018.csv
2018,Premier League,Wolverhampton Wanderers,winter,out,Benik Afobe,110858,25,DR Congo,Centre-Forward,CF,10000000.0,Stoke City,England,13500000.0,0,2018.csv
2018,Premier League,Wolverhampton Wanderers,winter,out,Danny Batth,129049,28,England,Centre-Back,CB,1000000.0,Stoke City,England,3450000.0,0,2018.csv
2018,Premier League,Wolverhampton Wanderers,winter,out,Ben Stevenson,375044,21,England,Central Midfield,CM,500000.0,Colchester United,England,250000.0,0,2018.csv
2018,Premier League,Wolverhampton Wanderers,winter,out,Paul Gladon,180843,26,Netherlands,Centre-Forward,CF,500000.0,FC Groningen,Netherlands,0.0,0,2018.csv
2018,Premier League,Wolverhampton Wanderers,winter,out,Dominic Iorfa,213334,23,England,Centre-Back,CB,2000000.0,Sheffield Wednesday,England,,0,2018.csv
2018,Premier League,Wolverhampton Wanderers,winter,out,Jordan Graham,183283,23,England,Right Winger,RW,500000.0,Oxford United,England,0.0,1,2018.csv
2018,Premier League,Wolverhampton Wanderers,winter,out,Kortney Hause,233124,23,England,Centre-Back,CB,1000000.0,Aston Villa,England,0.0,1,2018.csv
2018,Premier League,Wolverhampton Wanderers,winter,out,Bright Enobakhare,345772,20,Nigeria,Centre-Forward,CF,500000.0,Coventry City,England,0.0,1,2018.csv
2018,Premier League,Wolverhampton Wanderers,winter,out,Ethan Ebanks-Landell,129067,26,England,Centre-Back,CB,250000.0,Rochdale AFC,England,0.0,1,2018.csv
2018,Premier League,Wolverhampton Wanderers,winter,out,Harry Burgoyne,285583,22,England,Goalkeeper,GK,,Falkirk FC,Scotland,0.0,1,2018.csv
2018,Premier League,Wolverhampton Wanderers,winter,out,Léo Bonatini,181781,24,Brazil,Centre-Forward,CF,5000000.0,Nottingham Forest,England,0.0,1,2018.csv
2018,Premier League,Wolverhampton Wanderers,winter,out,Phil Ofosu-Ayeh,133858,27,Ghana,Right-Back,RB,400000.0,Würzburger Kickers,Germany,0.0,1,2018.csv
2018,Premier League,Wolverhampton Wanderers,winter,out,Connor Ronan,337787,20,Ireland,Central Midfield,CM,250000.0,DAC Dunajska Streda,Slovakia,0.0,1,2018.csv
2018,Premier League,Wolverhampton Wanderers,winter,out,Jack Ruddy,346175,21,Scotland,Goalkeeper,GK,50000.0,UD San Sebastián de los Reyes,Spain,0.0,1,2018.csv
2018,Premier League,Wolverhampton Wanderers,winter,out,Joe Mason,120706,27,Ireland,Centre-Forward,CF,1500000.0,Without Club,,,0,2018.csv
2018,Premier League,Wolverhampton Wanderers,winter,out,Aaron Collins,341042,21,Wales,Centre-Forward,CF,75000.0,Without Club,,,0,2018.csv
2018,Premier League,Wolverhampton Wanderers,winter,out,Jonny Otto,175446,24,Spain,Right-Back,RB,12000000.0,Atlético de Madrid,Spain,0.0,1,2018.csv
2019,Premier League,AFC Bournemouth,summer,in,Philip Billing,320411,23,Denmark,Central Midfield,CM,7000000.0,Huddersfield Town,England,16500000.0,0,2019.csv
2019,Premier League,AFC Bournemouth,summer,in,Arnaut Danjuma,355861,22,Netherlands,Left Winger,LW,12000000.0,Club Brugge KV,Belgium,16460000.0,0,2019.csv
2019,Premier League,AFC Bournemouth,summer,in,Lloyd Kelly,480116,20,England,Centre-Back,CB,9000000.0,Bristol City,England,14800000.0,0,2019.csv
2019,Premier League,AFC Bournemouth,summer,in,Jack Stacey,249356,23,England,Right-Back,RB,,Luton Town,England,4450000.0,0,2019.csv
2019,Premier League,AFC Bournemouth,summer,in,Harry Wilson,279455,22,Wales,Right Winger,RW,12000000.0,Liverpool FC,England,2700000.0,1,2019.csv
2019,Premier League,AFC Bournemouth,summer,in,Emerson Hyndman,223047,23,United States,Central Midfield,CM,1500000.0,Atlanta United FC,United States,0.0,1,2019.csv
2019,Premier League,AFC Bournemouth,summer,out,Tyrone Mings,253677,26,England,Centre-Back,CB,5000000.0,Aston Villa,England,22300000.0,0,2019.csv
2019,Premier League,AFC Bournemouth,summer,out,Lys Mousset,291422,23,France,Centre-Forward,CF,3500000.0,Sheffield United,England,11100000.0,0,2019.csv
2019,Premier League,AFC Bournemouth,summer,out,Connor Mahoney,287528,22,England,Right Winger,RW,750000.0,Millwall FC,England,1100000.0,0,2019.csv
2019,Premier League,AFC Bournemouth,summer,out,Marc Pugh,36939,32,England,Left Winger,LW,1500000.0,Queens Park Rangers,England,0.0,0,2019.csv
2019,Premier League,AFC Bournemouth,summer,out,Nnamdi Ofoborh,611906,19,Nigeria,Central Midfield,CM,150000.0,Wycombe Wanderers,England,0.0,1,2019.csv
2019,Premier League,AFC Bournemouth,summer,out,Sam Surridge,398402,21,England,Centre-Forward,CF,,Swansea City,England,0.0,1,2019.csv
2019,Premier League,AFC Bournemouth,summer,out,Harry Arter,55742,29,Ireland,Central Midfield,CM,7000000.0,Fulham FC,England,0.0,1,2019.csv
2019,Premier League,AFC Bournemouth,summer,out,Asmir Begovic,33873,32,Bosnia-Herzegovina,Goalkeeper,GK,7000000.0,Qarabağ FK,Azerbaijan,0.0,1,2019.csv
2019,Premier League,AFC Bournemouth,winter,out,Asmir Begovic,33873,32,Bosnia-Herzegovina,Goalkeeper,GK,5000000.0,AC Milan,Italy,125000.0,1,2019.csv
2019,Premier League,AFC Bournemouth,winter,out,Matt Butcher,391132,22,England,Defensive Midfield,DM,,St. Johnstone FC,Scotland,0.0,1,2019.csv
2019,Premier League,AFC Bournemouth,winter,out,Brad Smith,175745,25,Australia,Left-Back,LB,1000000.0,Cardiff City,England,0.0,1,2019.csv
2019,Premier League,AFC Bournemouth,winter,out,Emerson Hyndman,223047,23,United States,Central Midfield,CM,1500000.0,Atlanta United FC,United States,0.0,1,2019.csv
2019,Premier League,Arsenal FC,summer,in,Nicolas Pépé,343052,24,Cote d'Ivoire,Right Winger,RW,65000000.0,LOSC Lille,France,80000000.0,0,2019.csv
2019,Premier League,Arsenal FC,summer,in,William Saliba,495666,18,France,Centre-Back,CB,12000000.0,AS Saint-Étienne,France,30000000.0,0,2019.csv
2019,Premier League,Arsenal FC,summer,in,Kieran Tierney,300716,22,Scotland,Left-Back,LB,12500000.0,Celtic FC,Scotland,27000000.0,0,2019.csv
2019,Premier League,Arsenal FC,summer,in,David Luiz,46741,32,Brazil,Centre-Back,CB,20000000.0,Chelsea FC,England,8700000.0,0,2019.csv
2019,Premier League,Arsenal FC,summer,in,Gabriel Martinelli,655488,18,Brazil,Left Winger,LW,,Ituano Futebol Clube (SP),Brazil,7100000.0,0,2019.csv
2019,Premier League,Arsenal FC,summer,in,Dani Ceballos,319745,22,Spain,Central Midfield,CM,30000000.0,Real Madrid,Spain,0.0,1,2019.csv
2019,Premier League,Arsenal FC,winter,in,Pablo Marí,210178,26,Spain,Centre-Back,CB,1800000.0,CR Flamengo,Brazil,8000000.0,1,2019.csv
2019,Premier League,Arsenal FC,winter,in,Cédric Soares,112988,28,Portugal,Right-Back,RB,10000000.0,Southampton FC,England,0.0,1,2019.csv
2019,Premier League,Arsenal FC,summer,out,Alex Iwobi,242631,23,Nigeria,Left Winger,LW,25000000.0,Everton FC,England,30400000.0,0,2019.csv
2019,Premier League,Arsenal FC,summer,out,Krystian Bielik,287247,21,Poland,Centre-Back,CB,2000000.0,Derby County,England,8199999.999999999,0,2019.csv
2019,Premier League,Arsenal FC,summer,out,Laurent Koscielny,76277,33,France,Centre-Back,CB,8000000.0,FC Girondins Bordeaux,France,5000000.0,0,2019.csv
2019,Premier League,Arsenal FC,summer,out,David Ospina,73396,30,Colombia,Goalkeeper,GK,4000000.0,SSC Napoli,Italy,3500000.0,0,2019.csv
2019,Premier League,Arsenal FC,summer,out,Henrikh Mkhitaryan,55735,30,Armenia,Central Midfield,CM,25000000.0,AS Roma,Italy,3100000.0,1,2019.csv
2019,Premier League,Arsenal FC,summer,out,Carl Jenkinson,126321,27,England,Right-Back,RB,2000000.0,Nottingham Forest,England,2200000.0,0,2019.csv
2019,Premier League,Arsenal FC,summer,out,Takuma Asano,245744,24,Japan,Right Winger,RW,1500000.0,FK Partizan Belgrade,Serbia,1000000.0,0,2019.csv
2019,Premier League,Arsenal FC,summer,out,Nacho Monreal,43003,33,Spain,Left-Back,LB,8000000.0,Real Sociedad,Spain,250000.0,0,2019.csv
2019,Premier League,Arsenal FC,summer,out,Danny Welbeck,67063,28,England,Centre-Forward,CF,12000000.0,Watford FC,England,0.0,0,2019.csv
2019,Premier League,Arsenal FC,summer,out,Stephan Lichtsteiner,2865,35,Switzerland,Right-Back,RB,1500000.0,FC Augsburg,Germany,0.0,0,2019.csv
2019,Premier League,Arsenal FC,summer,out,Aaron Ramsey,50057,28,Wales,Central Midfield,CM,40000000.0,Juventus FC,Italy,0.0,0,2019.csv
2019,Premier League,Arsenal FC,summer,out,William Saliba,495666,18,France,Centre-Back,CB,12000000.0,AS Saint-Étienne,France,0.0,1,2019.csv
2019,Premier League,Arsenal FC,summer,out,Eddie Nketiah,340324,20,England,Centre-Forward,CF,8000000.0,Leeds United,England,0.0,1,2019.csv
2019,Premier League,Arsenal FC,summer,out,Dejan Iliev,205757,24,North Macedonia,Goalkeeper,GK,,SKF Sered,Slovakia,0.0,1,2019.csv
2019,Premier League,Arsenal FC,summer,out,Mohamed Elneny,160438,27,Egypt,Defensive Midfield,DM,8000000.0,Besiktas JK,Türkiye,0.0,1,2019.csv
2019,Premier League,Arsenal FC,summer,out,Petr Cech,5658,37,Czech Republic,Goalkeeper,GK,2500000.0,Retired,,,0,2019.csv
2019,Premier League,Arsenal FC,summer,out,Denis Suárez,165007,25,Spain,Attacking Midfield,AM,12000000.0,FC Barcelona,Spain,0.0,1,2019.csv
2019,Premier League,Arsenal FC,winter,out,Konstantinos Mavropanos,415912,22,Greece,Centre-Back,CB,3000000.0,1.FC Nuremberg,Germany,0.0,1,2019.csv
2019,Premier League,Arsenal FC,winter,out,Dejan Iliev,205757,24,North Macedonia,Goalkeeper,GK,300000.0,Jagiellonia Bialystok,Poland,0.0,1,2019.csv
2019,Premier League,Aston Villa,summer,in,Wesley Moraes,381362,22,Brazil,Centre-Forward,CF,20000000.0,Club Brugge KV,Belgium,25000000.0,0,2019.csv
2019,Premier League,Aston Villa,summer,in,Tyrone Mings,253677,26,England,Centre-Back,CB,5000000.0,AFC Bournemouth,England,22300000.0,0,2019.csv
2019,Premier League,Aston Villa,summer,in,Douglas Luiz,447661,21,Brazil,Central Midfield,CM,2500000.0,Manchester City,England,16800000.0,0,2019.csv
2019,Premier League,Aston Villa,summer,in,Matt Targett,250478,23,England,Left-Back,LB,7000000.0,Southampton FC,England,15500000.0,0,2019.csv
2019,Premier League,Aston Villa,summer,in,Ezri Konsa,413403,21,England,Centre-Back,CB,3500000.0,Brentford FC,England,13300000.0,0,2019.csv
2019,Premier League,Aston Villa,summer,in,Marvelous Nakamba,324882,25,Zimbabwe,Defensive Midfield,DM,6500000.0,Club Brugge KV,Belgium,12000000.0,0,2019.csv
2019,Premier League,Aston Villa,summer,in,Mahmoud Trezeguet,234189,24,Egypt,Left Winger,LW,6000000.0,Kasimpasa,Türkiye,10000000.0,0,2019.csv
2019,Premier League,Aston Villa,summer,in,Anwar El Ghazi,183720,24,Netherlands,Right Winger,RW,7500000.0,LOSC Lille,France,9000000.0,0,2019.csv
2019,Premier League,Aston Villa,summer,in,Tom Heaton,34130,33,England,Goalkeeper,GK,3000000.0,Burnley FC,England,8800000.0,0,2019.csv
2019,Premier League,Aston Villa,summer,in,Björn Engels,193469,24,Belgium,Centre-Back,CB,6000000.0,Stade Reims,France,8000000.0,0,2019.csv
2019,Premier League,Aston Villa,summer,in,Jota Peleteiro,176591,28,Spain,Right Winger,RW,5000000.0,Birmingham City,England,4500000.0,0,2019.csv
2019,Premier League,Aston Villa,summer,in,Kortney Hause,233124,23,England,Centre-Back,CB,1000000.0,Wolverhampton Wanderers,England,3400000.0,0,2019.csv
2019,Premier League,Aston Villa,winter,in,Ally Samatta,182201,27,Tanzania,Centre-Forward,CF,12000000.0,KRC Genk,Belgium,10500000.0,0,2019.csv
2019,Premier League,Aston Villa,winter,in,Pepe Reina,7825,37,Spain,Goalkeeper,GK,800000.0,AC Milan,Italy,400000.0,1,2019.csv
2019,Premier League,Aston Villa,winter,in,Borja Bastón,85324,27,Spain,Centre-Forward,CF,4000000.0,Swansea City,England,0.0,0,2019.csv
2019,Premier League,Aston Villa,winter,in,Danny Drinkwater,73491,29,England,Central Midfield,CM,6000000.0,Chelsea FC,England,0.0,1,2019.csv
2019,Premier League,Aston Villa,summer,out,Glenn Whelan,12124,35,Ireland,Defensive Midfield,DM,1000000.0,Heart of Midlothian FC,Scotland,0.0,0,2019.csv
2019,Premier League,Aston Villa,summer,out,Albert Adomah,83430,31,Ghana,Right Winger,RW,3500000.0,Nottingham Forest,England,0.0,0,2019.csv
2019,Premier League,Aston Villa,summer,out,Tommy Elphick,37152,31,England,Centre-Back,CB,2000000.0,Huddersfield Town,England,0.0,0,2019.csv
2019,Premier League,Aston Villa,summer,out,Ritchie De Laet,55687,30,Belgium,Right-Back,RB,1300000.0,Royal Antwerp FC,Belgium,0.0,0,2019.csv
2019,Premier League,Aston Villa,summer,out,Aaron Tshibola,243633,24,DR Congo,Central Midfield,CM,1500000.0,KVRS Waasland - SK Beveren,Belgium,,0,2019.csv
2019,Premier League,Aston Villa,summer,out,Gary Gardner,110861,27,England,Central Midfield,CM,2000000.0,Birmingham City,England,,0,2019.csv
2019,Premier League,Aston Villa,summer,out,Andre Green,309841,21,England,Left Winger,LW,2000000.0,Preston North End,England,0.0,1,2019.csv
2019,Premier League,Aston Villa,summer,out,Scott Hogan,138783,27,Ireland,Centre-Forward,CF,3000000.0,Stoke City,England,0.0,1,2019.csv
2019,Premier League,Aston Villa,summer,out,James Bree,324223,21,England,Right-Back,RB,1000000.0,Luton Town,England,0.0,1,2019.csv
2019,Premier League,Aston Villa,summer,out,Ross McCormack,29006,32,Scotland,Second Striker,SS,1500000.0,Without Club,,,0,2019.csv
2019,Premier League,Aston Villa,summer,out,Alan Hutton,9619,34,Scotland,Right-Back,RB,1000000.0,Without Club,,,0,2019.csv
2019,Premier League,Aston Villa,summer,out,Mile Jedinak,28336,34,Australia,Defensive Midfield,DM,,Without Club,,,0,2019.csv
2019,Premier League,Aston Villa,summer,out,Micah Richards,32617,31,England,Right-Back,RB,,Retired,,,0,2019.csv
2019,Premier League,Aston Villa,summer,out,Mark Bunn,49319,34,England,Goalkeeper,GK,,Retired,,,0,2019.csv
2019,Premier League,Aston Villa,summer,out,Birkir Bjarnason,34453,31,Iceland,Central Midfield,CM,1500000.0,Without Club,,,0,2019.csv
2019,Premier League,Aston Villa,summer,out,Kortney Hause,233124,23,England,Centre-Back,CB,1000000.0,Wolverhampton Wanderers,England,0.0,1,2019.csv
2019,Premier League,Aston Villa,summer,out,Anwar El Ghazi,183720,24,Netherlands,Right Winger,RW,7500000.0,LOSC Lille,France,0.0,1,2019.csv
2019,Premier League,Aston Villa,winter,out,Jonathan Kodjia,88971,30,Cote d'Ivoire,Centre-Forward,CF,4000000.0,Al-Gharafa SC,Qatar,3000000.0,0,2019.csv
2019,Premier League,Aston Villa,winter,out,Lovre Kalinic,46405,29,Croatia,Goalkeeper,GK,3500000.0,FC Toulouse,France,0.0,1,2019.csv
2019,Premier League,Aston Villa,winter,out,James Chester,73482,31,Wales,Centre-Back,CB,4500000.0,Stoke City,England,0.0,1,2019.csv
2019,Premier League,Aston Villa,winter,out,Andre Green,309841,21,England,Left Winger,LW,2000000.0,Charlton Athletic,England,0.0,1,2019.csv
2019,Premier League,Aston Villa,winter,out,Scott Hogan,138783,27,Ireland,Centre-Forward,CF,3000000.0,Birmingham City,England,0.0,1,2019.csv
2019,Premier League,Brighton & Hove Albion,summer,in,Adam Webster,212847,24,England,Centre-Back,CB,9000000.0,Bristol City,England,22220000.0,0,2019.csv
2019,Premier League,Brighton & Hove Albion,summer,in,Neal Maupay,217115,22,France,Centre-Forward,CF,12000000.0,Brentford FC,England,15560000.0,0,2019.csv
2019,Premier League,Brighton & Hove Albion,summer,in,Leandro Trossard,144028,24,Belgium,Left Winger,LW,16000000.0,KRC Genk,Belgium,15560000.0,0,2019.csv
2019,Premier League,Brighton & Hove Albion,summer,in,Matt Clarke,307497,22,England,Centre-Back,CB,200000.0,Portsmouth FC,England,3900000.0,0,2019.csv
2019,Premier League,Brighton & Hove Albion,summer,in,Aaron Mooy,123951,28,Australia,Central Midfield,CM,14000000.0,Huddersfield Town,England,0.0,1,2019.csv
2019,Premier League,Brighton & Hove Albion,winter,in,Aaron Mooy,123951,29,Australia,Central Midfield,CM,12000000.0,Huddersfield Town,England,3300000.0,0,2019.csv
2019,Premier League,Brighton & Hove Albion,winter,in,Tariq Lamptey,504148,19,Ghana,Right-Back,RB,,Chelsea FC U23,England,1200000.0,0,2019.csv
2019,Premier League,Brighton & Hove Albion,summer,out,Anthony Knockaert,149237,27,France,Right Winger,RW,8000000.0,Fulham FC,England,4500000.0,1,2019.csv
2019,Premier League,Brighton & Hove Albion,summer,out,Ales Mateju,242078,23,Czech Republic,Centre-Back,CB,1700000.0,Brescia Calcio (- 2025),Italy,1800000.0,0,2019.csv
2019,Premier League,Brighton & Hove Albion,summer,out,Florin Andone,177065,26,Romania,Centre-Forward,CF,6000000.0,Galatasaray,Türkiye,700000.0,1,2019.csv
2019,Premier League,Brighton & Hove Albion,summer,out,Richie Towell,114116,27,Ireland,Central Midfield,CM,200000.0,Salford City,England,0.0,0,2019.csv
2019,Premier League,Brighton & Hove Albion,summer,out,Leon Balogun,56100,31,Nigeria,Centre-Back,CB,800000.0,Wigan Athletic,England,0.0,0,2019.csv
2019,Premier League,Brighton & Hove Albion,summer,out,Tomer Hemed,112668,32,Israel,Centre-Forward,CF,2500000.0,Charlton Athletic,England,0.0,0,2019.csv
2019,Premier League,Brighton & Hove Albion,summer,out,Markus Suttner,31514,32,Austria,Left-Back,LB,1500000.0,Fortuna Düsseldorf,Germany,0.0,0,2019.csv
2019,Premier League,Brighton & Hove Albion,summer,out,Ben White,335721,21,England,Right-Back,RB,,Leeds United,England,0.0,1,2019.csv
2019,Premier League,Brighton & Hove Albion,summer,out,Alexis Mac Allister,534033,20,Argentina,Central Midfield,CM,5000000.0,CA Boca Juniors,Argentina,0.0,1,2019.csv
2019,Premier League,Brighton & Hove Albion,summer,out,Billy Arce,450237,21,Ecuador,Left Winger,LW,600000.0,Barcelona SC Guayaquil,Ecuador,0.0,1,2019.csv
2019,Premier League,Brighton & Hove Albion,summer,out,Viktor Gyökeres,325443,21,Sweden,Centre-Forward,CF,500000.0,FC St. Pauli,Germany,0.0,1,2019.csv
2019,Premier League,Brighton & Hove Albion,summer,out,Percy Tau,312239,25,South Africa,Right Winger,RW,3500000.0,Club Brugge KV,Belgium,0.0,1,2019.csv
2019,Premier League,Brighton & Hove Albion,summer,out,Jan Mlakar,309180,20,Slovenia,Left Winger,LW,2000000.0,Queens Park Rangers,England,0.0,1,2019.csv
2019,Premier League,Brighton & Hove Albion,summer,out,Matt Clarke,307497,22,England,Centre-Back,CB,200000.0,Derby County,England,0.0,1,2019.csv
2019,Premier League,Brighton & Hove Albion,summer,out,Christian Walton,208379,23,England,Goalkeeper,GK,1000000.0,Blackburn Rovers,England,0.0,1,2019.csv
2019,Premier League,Brighton & Hove Albion,summer,out,Leo Østigård,367284,19,Norway,Centre-Back,CB,150000.0,FC St. Pauli,Germany,0.0,1,2019.csv
2019,Premier League,Brighton & Hove Albion,summer,out,Beram Kayal,44741,31,Israel,Central Midfield,CM,1500000.0,Charlton Athletic,England,0.0,1,2019.csv
2019,Premier League,Brighton & Hove Albion,summer,out,Anders Dreyer,342389,21,Denmark,Right Winger,RW,600000.0,SC Heerenveen,Netherlands,0.0,1,2019.csv
2019,Premier League,Brighton & Hove Albion,summer,out,Jürgen Locadia,166240,25,Curacao,Centre-Forward,CF,12000000.0,TSG 1899 Hoffenheim,Germany,0.0,1,2019.csv
2019,Premier League,Brighton & Hove Albion,summer,out,Soufyan Ahannach,262895,23,Netherlands,Left Winger,LW,500000.0,Union Saint-Gilloise,Belgium,0.0,1,2019.csv
2019,Premier League,Brighton & Hove Albion,summer,out,Bruno Saltor,51528,38,Spain,Right-Back,RB,,Retired,,,0,2019.csv
2019,Premier League,Brighton & Hove Albion,winter,out,Anders Dreyer,342389,21,Denmark,Right Winger,RW,600000.0,FC Midtjylland,Denmark,1000000.0,0,2019.csv
2019,Premier League,Brighton & Hove Albion,winter,out,Gaëtan Bong,36291,31,Cameroon,Left-Back,LB,2000000.0,Nottingham Forest,England,500000.0,0,2019.csv
2019,Premier League,Brighton & Hove Albion,winter,out,Soufyan Ahannach,262895,24,Netherlands,Left Winger,LW,450000.0,Go Ahead Eagles,Netherlands,0.0,0,2019.csv
2019,Premier League,Brighton & Hove Albion,winter,out,Tudor Băluță,433976,20,Romania,Defensive Midfield,DM,4000000.0,ADO Den Haag,Netherlands,0.0,1,2019.csv
2019,Premier League,Brighton & Hove Albion,winter,out,Billy Arce,450237,21,Ecuador,Left Winger,LW,500000.0,LDU Quito,Ecuador,0.0,1,2019.csv
2019,Premier League,Brighton & Hove Albion,winter,out,Leon Balogun,56100,31,Nigeria,Centre-Back,CB,1500000.0,Wigan Athletic,England,0.0,1,2019.csv
2019,Premier League,Brighton & Hove Albion,winter,out,Jan Mlakar,309180,21,Slovenia,Left Winger,LW,2000000.0,Wigan Athletic,England,0.0,1,2019.csv
2019,Premier League,Brighton & Hove Albion,winter,out,Jürgen Locadia,166240,26,Curacao,Centre-Forward,CF,10000000.0,FC Cincinnati,United States,0.0,1,2019.csv
2019,Premier League,Brighton & Hove Albion,winter,out,Aaron Mooy,123951,29,Australia,Central Midfield,CM,12000000.0,Huddersfield Town,England,0.0,1,2019.csv
2019,Premier League,Burnley FC,summer,in,Jay Rodríguez,53360,29,England,Centre-Forward,CF,10000000.0,West Bromwich Albion,England,10000000.0,0,2019.csv
2019,Premier League,Burnley FC,summer,in,Bailey Peacock-Farrell,410436,22,Northern Ireland,Goalkeeper,GK,1500000.0,Leeds United,England,2750000.0,0,2019.csv
2019,Premier League,Burnley FC,summer,in,Erik Pieters,43763,30,Netherlands,Left-Back,LB,5000000.0,Stoke City,England,1100000.0,0,2019.csv
2019,Premier League,Burnley FC,summer,in,Danny Drinkwater,73491,29,England,Central Midfield,CM,8000000.0,Chelsea FC,England,0.0,1,2019.csv
2019,Premier League,Burnley FC,winter,in,Josh Brownhill,293569,24,England,Central Midfield,CM,4500000.0,Bristol City,England,10000000.0,0,2019.csv
2019,Premier League,Burnley FC,summer,out,Tom Heaton,34130,33,England,Goalkeeper,GK,3000000.0,Aston Villa,England,8800000.0,0,2019.csv
2019,Premier League,Burnley FC,summer,out,Stephen Ward,34691,33,Ireland,Left-Back,LB,2000000.0,Stoke City,England,0.0,0,2019.csv
2019,Premier League,Burnley FC,summer,out,Anders Lindegaard,22491,35,Denmark,Goalkeeper,GK,500000.0,Helsingborgs IF,Sweden,0.0,0,2019.csv
2019,Premier League,Burnley FC,summer,out,Ntumba Massanka,385922,22,England,Centre-Forward,CF,,Chorley FC,England,0.0,0,2019.csv
2019,Premier League,Burnley FC,summer,out,Conor Mitchell,248592,23,Northern Ireland,Goalkeeper,GK,50000.0,Larne FC,Northern Ireland,0.0,0,2019.csv
2019,Premier League,Burnley FC,summer,out,Steven Defour,33866,31,Belgium,Defensive Midfield,DM,5000000.0,Royal Antwerp FC,Belgium,0.0,0,2019.csv
2019,Premier League,Burnley FC,summer,out,Aiden O'Neill,385918,20,Australia,Defensive Midfield,DM,500000.0,Brisbane Roar,Australia,0.0,1,2019.csv
2019,Premier League,Burnley FC,summer,out,Nahki Wells,173483,29,Bermuda,Centre-Forward,CF,4000000.0,Queens Park Rangers,England,0.0,1,2019.csv
2019,Premier League,Burnley FC,summer,out,Peter Crouch,4072,38,England,Centre-Forward,CF,,Retired,,,0,2019.csv
2019,Premier League,Burnley FC,winter,out,Nahki Wells,173483,29,Bermuda,Centre-Forward,CF,4000000.0,Bristol City,England,4750000.0,0,2019.csv
2019,Premier League,Burnley FC,winter,out,Danny Drinkwater,73491,29,England,Central Midfield,CM,6000000.0,Chelsea FC,England,0.0,1,2019.csv
2019,Premier League,Chelsea FC,summer,in,Mateo Kovacic,51471,25,Croatia,Central Midfield,CM,35000000.0,Real Madrid,Spain,45000000.0,0,2019.csv
2019,Premier League,Chelsea FC,summer,out,Eden Hazard,50202,28,Belgium,Left Winger,LW,150000000.0,Real Madrid,Spain,120800000.0,0,2019.csv
2019,Premier League,Chelsea FC,summer,out,Ola Aina,236490,22,Nigeria,Right-Back,RB,10000000.0,Torino FC,Italy,9800000.0,0,2019.csv
2019,Premier League,Chelsea FC,summer,out,Tomas Kalas,148657,26,Czech Republic,Centre-Back,CB,4000000.0,Bristol City,England,9000000.0,0,2019.csv
2019,Premier League,Chelsea FC,summer,out,David Luiz,46741,32,Brazil,Centre-Back,CB,20000000.0,Arsenal FC,England,8700000.0,0,2019.csv
2019,Premier League,Chelsea FC,summer,out,Kenneth Omeruo,131708,25,Nigeria,Centre-Back,CB,5000000.0,CD Leganés,Spain,7000000.0,0,2019.csv
2019,Premier League,Chelsea FC,summer,out,Tiemoué Bakayoko,182618,25,France,Defensive Midfield,DM,35000000.0,AS Monaco,France,3000000.0,1,2019.csv
2019,Premier League,Chelsea FC,summer,out,Ethan Ampadu,392771,18,Wales,Defensive Midfield,DM,10000000.0,RB Leipzig,Germany,650000.0,1,2019.csv
2019,Premier League,Chelsea FC,summer,out,Gary Cahill,27511,33,England,Centre-Back,CB,8000000.0,Crystal Palace,England,0.0,0,2019.csv
2019,Premier League,Chelsea FC,summer,out,Todd Kane,154287,25,England,Right-Back,RB,1000000.0,Queens Park Rangers,England,0.0,0,2019.csv
2019,Premier League,Chelsea FC,summer,out,Eduardo,34159,36,Portugal,Goalkeeper,GK,750000.0,SC Braga,Portugal,0.0,0,2019.csv
2019,Premier League,Chelsea FC,summer,out,Davide Zappacosta,173859,27,Italy,Right Midfield,RM,15000000.0,AS Roma,Italy,0.0,1,2019.csv
2019,Premier League,Chelsea FC,summer,out,Izzy Brown,245805,22,England,Left Winger,LW,5000000.0,Luton Town,England,0.0,1,2019.csv
2019,Premier League,Chelsea FC,summer,out,Jamal Blackman,128898,25,England,Goalkeeper,GK,500000.0,Vitesse Arnhem,Netherlands,0.0,1,2019.csv
2019,Premier League,Chelsea FC,summer,out,Danilo Pantic,222830,22,Serbia,Attacking Midfield,AM,2750000.0,MOL Vidi FC,Hungary,0.0,1,2019.csv
2019,Premier League,Chelsea FC,summer,out,Abdul Rahman Baba,224884,25,Ghana,Left-Back,LB,5000000.0,RCD Mallorca,Spain,0.0,1,2019.csv
2019,Premier League,Chelsea FC,summer,out,Kenedy,281404,23,Brazil,Left Winger,LW,10000000.0,Getafe CF,Spain,0.0,1,2019.csv
2019,Premier League,Chelsea FC,summer,out,Lucas Piazón,176485,25,Brazil,Defensive Midfield,DM,1500000.0,Rio Ave FC,Portugal,0.0,1,2019.csv
2019,Premier League,Chelsea FC,summer,out,Jake Clarke-Salter,316551,21,England,Centre-Back,CB,2000000.0,Birmingham City,England,0.0,1,2019.csv
2019,Premier League,Chelsea FC,summer,out,Danny Drinkwater,73491,29,England,Central Midfield,CM,8000000.0,Burnley FC,England,0.0,1,2019.csv
2019,Premier League,Chelsea FC,summer,out,Matt Miazga,245893,24,United States,Centre-Back,CB,3000000.0,Reading FC,England,0.0,1,2019.csv
2019,Premier League,Chelsea FC,summer,out,Lewis Baker,198589,24,England,Central Midfield,CM,4000000.0,Fortuna Düsseldorf,Germany,0.0,1,2019.csv
2019,Premier League,Chelsea FC,summer,out,Rob Green,11680,39,England,Goalkeeper,GK,,Retired,,,0,2019.csv
2019,Premier League,Chelsea FC,summer,out,Mateo Kovacic,51471,25,Croatia,Central Midfield,CM,35000000.0,Real Madrid,Spain,0.0,1,2019.csv
2019,Premier League,Chelsea FC,summer,out,Gonzalo Higuaín,39153,31,Argentina,Centre-Forward,CF,35000000.0,Juventus FC,Italy,0.0,1,2019.csv
2019,Premier League,Chelsea FC,winter,out,Michael Hector,157490,27,Jamaica,Centre-Back,CB,3000000.0,Fulham FC,England,5900000.0,0,2019.csv
2019,Premier League,Chelsea FC,winter,out,Victor Moses,59866,29,Nigeria,Right Winger,RW,8500000.0,Inter Milan,Italy,216000.0,1,2019.csv
2019,Premier League,Chelsea FC,winter,out,Jamal Blackman,128898,26,England,Goalkeeper,GK,500000.0,Bristol Rovers,England,0.0,1,2019.csv
2019,Premier League,Chelsea FC,winter,out,Danny Drinkwater,73491,29,England,Central Midfield,CM,6000000.0,Aston Villa,England,0.0,1,2019.csv
2019,Premier League,Chelsea FC,winter,out,Marc Guéhi,392757,19,England,Centre-Back,CB,1500000.0,Swansea City,England,0.0,1,2019.csv
2019,Premier League,Crystal Palace,summer,in,James McCarthy,45333,28,Ireland,Central Midfield,CM,5000000.0,Everton FC,England,3300000.0,0,2019.csv
2019,Premier League,Crystal Palace,summer,in,Jordan Ayew,108354,27,Ghana,Centre-Forward,CF,8000000.0,Swansea City,England,2800000.0,0,2019.csv
2019,Premier League,Crystal Palace,summer,in,Víctor Camarasa,263856,25,Spain,Central Midfield,CM,10000000.0,Real Betis Balompié,Spain,1500000.0,1,2019.csv
2019,Premier League,Crystal Palace,summer,in,Gary Cahill,27511,33,England,Centre-Back,CB,8000000.0,Chelsea FC,England,0.0,0,2019.csv
2019,Premier League,Crystal Palace,summer,in,Stephen Henderson,52191,31,Ireland,Goalkeeper,GK,500000.0,Nottingham Forest,England,0.0,0,2019.csv
2019,Premier League,Crystal Palace,winter,in,Cenk Tosun,45671,28,Türkiye,Centre-Forward,CF,15000000.0,Everton FC,England,0.0,1,2019.csv
2019,Premier League,Crystal Palace,summer,out,Aaron Wan-Bissaka,477758,21,DR Congo,Right-Back,RB,35000000.0,Manchester United,England,55000000.0,0,2019.csv
2019,Premier League,Crystal Palace,summer,out,Alexander Sørloth,238407,23,Norway,Centre-Forward,CF,6000000.0,Trabzonspor,Türkiye,375000.0,1,2019.csv
2019,Premier League,Crystal Palace,summer,out,Pape Souaré,125868,29,Senegal,Left-Back,LB,2000000.0,ESTAC Troyes,France,0.0,0,2019.csv
2019,Premier League,Crystal Palace,summer,out,Jason Puncheon,47995,33,England,Central Midfield,CM,3000000.0,Pafos FC,Cyprus,0.0,0,2019.csv
2019,Premier League,Crystal Palace,summer,out,Ryan Inniss,183284,24,England,Centre-Back,CB,150000.0,Newport County,England,0.0,1,2019.csv
2019,Premier League,Crystal Palace,summer,out,Jaroslaw Jach,327755,25,Poland,Centre-Back,CB,850000.0,Raków Częstochowa,Poland,0.0,1,2019.csv
2019,Premier League,Crystal Palace,summer,out,Julián Speroni,12814,40,Argentina,Goalkeeper,GK,250000.0,Retired,,,0,2019.csv
2019,Premier League,Crystal Palace,summer,out,Bakary Sako,46791,31,Mali,Left Winger,LW,4000000.0,Without Club,,,0,2019.csv
2019,Premier League,Crystal Palace,summer,out,Lucas Perri,352041,21,Brazil,Goalkeeper,GK,250000.0,São Paulo Futebol Clube,Brazil,0.0,1,2019.csv
2019,Premier League,Crystal Palace,summer,out,Michy Batshuayi,179184,25,Belgium,Centre-Forward,CF,30000000.0,Chelsea FC,England,0.0,1,2019.csv
2019,Premier League,Crystal Palace,winter,out,Dion Henry,345899,22,England,Goalkeeper,GK,50000.0,Hampton & Richmond Borough,England,0.0,1,2019.csv
2019,Premier League,Crystal Palace,winter,out,Sam Woods,611650,21,England,Centre-Back,CB,,Hamilton Academical FC,Scotland,0.0,1,2019.csv
2019,Premier League,Crystal Palace,winter,out,Connor Wickham,95435,26,England,Centre-Forward,CF,2500000.0,Sheffield Wednesday,England,0.0,1,2019.csv
2019,Premier League,Crystal Palace,winter,out,Víctor Camarasa,263856,25,Spain,Central Midfield,CM,5000000.0,Real Betis Balompié,Spain,0.0,1,2019.csv
2019,Premier League,Crystal Palace,winter,out,Cenk Tosun,45671,28,Türkiye,Centre-Forward,CF,15000000.0,Everton FC,England,0.0,1,2019.csv
2019,Premier League,Everton FC,summer,in,Alex Iwobi,242631,23,Nigeria,Left Winger,LW,25000000.0,Arsenal FC,England,30400000.0,0,2019.csv
2019,Premier League,Everton FC,summer,in,Moise Kean,364135,19,Italy,Centre-Forward,CF,40000000.0,Juventus FC,Italy,27500000.0,0,2019.csv
2019,Premier League,Everton FC,summer,in,André Gomes,221025,25,Portugal,Central Midfield,CM,28000000.0,FC Barcelona,Spain,25000000.0,0,2019.csv
2019,Premier League,Everton FC,summer,in,Jean-Philippe Gbamin,182894,23,Cote d'Ivoire,Defensive Midfield,DM,28000000.0,1.FSV Mainz 05,Germany,25000000.0,0,2019.csv
2019,Premier League,Everton FC,summer,in,Fabian Delph,50362,29,England,Central Midfield,CM,15000000.0,Manchester City,England,9500000.0,0,2019.csv
2019,Premier League,Everton FC,summer,in,Djibril Sidibé,161869,27,France,Right-Back,RB,15000000.0,AS Monaco,France,2500000.0,1,2019.csv
2019,Premier League,Everton FC,summer,in,Jonas Lössl,48870,30,Denmark,Goalkeeper,GK,5000000.0,Huddersfield Town,England,0.0,0,2019.csv
2019,Premier League,Everton FC,winter,in,Jarrad Branthwaite,661053,17,England,Centre-Back,CB,,Carlisle United,England,1100000.0,0,2019.csv
2019,Premier League,Everton FC,summer,out,Idrissa Gueye,126665,29,Senegal,Defensive Midfield,DM,25000000.0,Paris Saint-Germain,France,30000000.0,0,2019.csv
2019,Premier League,Everton FC,summer,out,Nikola Vlašić,293200,21,Croatia,Attacking Midfield,AM,20000000.0,CSKA Moscow,Russia,23000000.0,0,2019.csv
2019,Premier League,Everton FC,summer,out,Ademola Lookman,406040,21,Nigeria,Second Striker,SS,20000000.0,RB Leipzig,Germany,18000000.0,0,2019.csv
2019,Premier League,Everton FC,summer,out,Henry Onyekuru,380415,22,Nigeria,Left Winger,LW,13000000.0,AS Monaco,France,13500000.0,0,2019.csv
2019,Premier League,Everton FC,summer,out,James McCarthy,45333,28,Ireland,Central Midfield,CM,5000000.0,Crystal Palace,England,3300000.0,0,2019.csv
2019,Premier League,Everton FC,summer,out,Kevin Mirallas,33639,31,Belgium,Right Winger,RW,5000000.0,Royal Antwerp FC,Belgium,0.0,0,2019.csv
2019,Premier League,Everton FC,summer,out,Ashley Williams,67355,35,Wales,Centre-Back,CB,2000000.0,Bristol City,England,0.0,0,2019.csv
2019,Premier League,Everton FC,summer,out,Brendan Galloway,208244,23,Zimbabwe,Centre-Back,CB,1500000.0,Luton Town,England,0.0,0,2019.csv
2019,Premier League,Everton FC,summer,out,Mateusz Hewelt,318547,22,Poland,Goalkeeper,GK,,Miedz Legnica,Poland,0.0,0,2019.csv
2019,Premier League,Everton FC,summer,out,Phil Jagielka,13520,36,England,Centre-Back,CB,1000000.0,Sheffield United,England,0.0,0,2019.csv
2019,Premier League,Everton FC,summer,out,Shani Tarashaj,184381,24,Switzerland,Second Striker,SS,500000.0,FC Emmen,Netherlands,0.0,1,2019.csv
2019,Premier League,Everton FC,summer,out,Luke Garbutt,110860,26,England,Left-Back,LB,750000.0,Ipswich Town,England,0.0,1,2019.csv
2019,Premier League,Everton FC,summer,out,Muhamed Besic,93905,26,Bosnia-Herzegovina,Defensive Midfield,DM,5000000.0,Sheffield United,England,0.0,1,2019.csv
2019,Premier League,Everton FC,summer,out,Kieran Dowell,258916,21,England,Attacking Midfield,AM,3000000.0,Derby County,England,0.0,1,2019.csv
2019,Premier League,Everton FC,summer,out,Sandro Ramírez,199369,23,Spain,Centre-Forward,CF,4000000.0,Real Valladolid CF,Spain,0.0,1,2019.csv
2019,Premier League,Everton FC,summer,out,Matthew Pennington,220755,24,England,Centre-Back,CB,1000000.0,Hull City,England,0.0,1,2019.csv
2019,Premier League,Everton FC,summer,out,Jonjoe Kenny,258883,22,England,Right-Back,RB,5000000.0,FC Schalke 04,Germany,0.0,1,2019.csv
2019,Premier League,Everton FC,summer,out,Yannick Bolasie,75471,30,DR Congo,Centre-Forward,CF,11000000.0,Sporting CP,Portugal,0.0,1,2019.csv
2019,Premier League,Everton FC,summer,out,André Gomes,221025,25,Portugal,Central Midfield,CM,28000000.0,FC Barcelona,Spain,0.0,1,2019.csv
2019,Premier League,Everton FC,winter,out,Kieran Dowell,258916,22,England,Attacking Midfield,AM,3000000.0,Wigan Athletic,England,0.0,1,2019.csv
2019,Premier League,Everton FC,winter,out,Cenk Tosun,45671,28,Türkiye,Centre-Forward,CF,15000000.0,Crystal Palace,England,0.0,1,2019.csv
2019,Premier League,Everton FC,winter,out,Jonas Lössl,48870,30,Denmark,Goalkeeper,GK,5000000.0,Huddersfield Town,England,0.0,1,2019.csv
2019,Premier League,Leicester City,summer,in,Youri Tielemans,249565,22,Belgium,Central Midfield,CM,38000000.0,AS Monaco,France,45000000.0,0,2019.csv
2019,Premier League,Leicester City,summer,in,Ayoze Pérez,246968,25,Spain,Centre-Forward,CF,20000000.0,Newcastle United,England,33400000.0,0,2019.csv
2019,Premier League,Leicester City,summer,in,Dennis Praet,129588,25,Belgium,Central Midfield,CM,24000000.0,UC Sampdoria,Italy,19200000.0,0,2019.csv
2019,Premier League,Leicester City,summer,in,James Justin,413220,21,England,Right-Back,RB,,Luton Town,England,6700000.0,0,2019.csv
2019,Premier League,Leicester City,summer,in,Callum Hulme,502011,18,England,Defensive Midfield,DM,,Bury FC,England,0.0,0,2019.csv
2019,Premier League,Leicester City,summer,in,George Hirst,420808,20,Scotland,Centre-Forward,CF,500000.0,Oud-Heverlee Leuven,Belgium,,0,2019.csv
2019,Premier League,Leicester City,winter,in,Ryan Bennett,67252,29,England,Centre-Back,CB,5000000.0,Wolverhampton Wanderers,England,0.0,1,2019.csv
2019,Premier League,Leicester City,summer,out,Harry Maguire,177907,26,England,Centre-Back,CB,50000000.0,Manchester United,England,87000000.0,0,2019.csv
2019,Premier League,Leicester City,summer,out,Callum Elder,271997,24,Australia,Left-Back,LB,250000.0,Hull City,England,1500000.0,0,2019.csv
2019,Premier League,Leicester City,summer,out,Shinji Okazaki,79642,33,Japan,Centre-Forward,CF,4000000.0,Málaga CF,Spain,0.0,0,2019.csv
2019,Premier League,Leicester City,summer,out,Rachid Ghezzal,118287,27,Algeria,Right Winger,RW,8000000.0,ACF Fiorentina,Italy,0.0,1,2019.csv
2019,Premier League,Leicester City,summer,out,Fousseni Diabaté,364861,23,Mali,Right Winger,RW,3000000.0,Amiens SC,France,0.0,1,2019.csv
2019,Premier League,Leicester City,summer,out,Sam Hughes,395797,22,England,Centre-Back,CB,,Salford City,England,0.0,1,2019.csv
2019,Premier League,Leicester City,summer,out,Andy King,56872,30,Wales,Central Midfield,CM,2500000.0,Rangers FC,Scotland,0.0,1,2019.csv
2019,Premier League,Leicester City,summer,out,Islam Slimani,174915,31,Algeria,Centre-Forward,CF,5000000.0,AS Monaco,France,0.0,1,2019.csv
2019,Premier League,Leicester City,summer,out,Danny Simpson,37442,32,England,Right-Back,RB,3500000.0,Without Club,,,0,2019.csv
2019,Premier League,Leicester City,summer,out,Youri Tielemans,249565,22,Belgium,Central Midfield,CM,38000000.0,AS Monaco,France,0.0,1,2019.csv
2019,Premier League,Leicester City,winter,out,George Thomas,298240,22,Wales,Attacking Midfield,AM,250000.0,ADO Den Haag,Netherlands,0.0,1,2019.csv
2019,Premier League,Leicester City,winter,out,Andy King,56872,31,Wales,Central Midfield,CM,2500000.0,Huddersfield Town,England,0.0,1,2019.csv
2019,Premier League,Leicester City,winter,out,Filip Benkovic,293168,22,Croatia,Centre-Back,CB,9000000.0,Bristol City,England,0.0,1,2019.csv
2019,Premier League,Liverpool FC,summer,in,Sepp van den Berg,541231,17,Netherlands,Centre-Back,CB,2000000.0,PEC Zwolle,Netherlands,1900000.0,0,2019.csv
2019,Premier League,Liverpool FC,summer,in,Adrián,71271,32,Spain,Goalkeeper,GK,3500000.0,West Ham United,England,0.0,0,2019.csv
2019,Premier League,Liverpool FC,summer,in,Andy Lonergan,14044,35,England,Goalkeeper,GK,250000.0,Middlesbrough FC,England,0.0,0,2019.csv
2019,Premier League,Liverpool FC,winter,in,Takumi Minamino,165793,24,Japan,Left Winger,LW,12500000.0,Red Bull Salzburg,Austria,8500000.0,0,2019.csv
2019,Premier League,Liverpool FC,summer,out,Danny Ings,134294,26,England,Centre-Forward,CF,15000000.0,Southampton FC,England,25100000.0,0,2019.csv
2019,Premier League,Liverpool FC,summer,out,Ryan Kent,279457,22,England,Left Winger,LW,1750000.0,Rangers FC,Scotland,7200000.0,0,2019.csv
2019,Premier League,Liverpool FC,summer,out,Simon Mignolet,50219,31,Belgium,Goalkeeper,GK,8000000.0,Club Brugge KV,Belgium,7000000.0,0,2019.csv
2019,Premier League,Liverpool FC,summer,out,Harry Wilson,279455,22,Wales,Right Winger,RW,12000000.0,AFC Bournemouth,England,2700000.0,1,2019.csv
2019,Premier League,Liverpool FC,summer,out,Marko Grujić,222813,23,Serbia,Defensive Midfield,DM,20000000.0,Hertha BSC,Germany,2000000.0,1,2019.csv
2019,Premier League,Liverpool FC,summer,out,Taiwo Awoniyi,295313,21,Nigeria,Centre-Forward,CF,4500000.0,1.FSV Mainz 05,Germany,500000.0,1,2019.csv
2019,Premier League,Liverpool FC,summer,out,Alberto Moreno,207917,27,Spain,Left-Back,LB,9000000.0,Villarreal CF,Spain,0.0,0,2019.csv
2019,Premier League,Liverpool FC,summer,out,Daniel Sturridge,47082,29,England,Centre-Forward,CF,15000000.0,Trabzonspor,Türkiye,0.0,0,2019.csv
2019,Premier League,Liverpool FC,summer,out,Nat Phillips,371814,22,England,Centre-Back,CB,1000000.0,VfB Stuttgart,Germany,0.0,1,2019.csv
2019,Premier League,Liverpool FC,summer,out,Sheyi Ojo,236510,22,England,Right Winger,RW,2000000.0,Rangers FC,Scotland,0.0,1,2019.csv
2019,Premier League,Liverpool FC,summer,out,Ben Woodburn,344015,19,Wales,Attacking Midfield,AM,5000000.0,Oxford United,England,0.0,1,2019.csv
2019,Premier League,Liverpool FC,summer,out,Ovie Ejaria,337284,21,England,Left Winger,LW,900000.0,Reading FC,England,0.0,1,2019.csv
2019,Premier League,Liverpool FC,summer,out,Ádám Bogdán,55247,31,Hungary,Goalkeeper,GK,500000.0,Without Club,,,0,2019.csv
2019,Premier League,Liverpool FC,summer,out,Connor Randall,262545,23,England,Right-Back,RB,500000.0,Without Club,,,0,2019.csv
2019,Premier League,Liverpool FC,winter,out,Allan,385271,22,Brazil,Defensive Midfield,DM,2000000.0,Clube Atlético Mineiro,Brazil,3500000.0,0,2019.csv
2019,Premier League,Liverpool FC,winter,out,Nat Phillips,371814,22,England,Centre-Back,CB,800000.0,VfB Stuttgart,Germany,0.0,1,2019.csv
2019,Premier League,Manchester City,summer,in,Rodri,357565,23,Spain,Defensive Midfield,DM,80000000.0,Atlético de Madrid,Spain,70000000.0,0,2019.csv
2019,Premier League,Manchester City,summer,in,João Cancelo,182712,25,Portugal,Right-Back,RB,55000000.0,Juventus FC,Italy,65000000.0,0,2019.csv
2019,Premier League,Manchester City,summer,in,Angeliño,277179,22,Spain,Left-Back,LB,16000000.0,PSV Eindhoven,Netherlands,12000000.0,0,2019.csv
2019,Premier League,Manchester City,summer,in,Pedro Porro,553875,19,Spain,Right-Back,RB,10000000.0,Girona FC,Spain,12000000.0,0,2019.csv
2019,Premier League,Manchester City,summer,in,Zack Steffen,221624,24,United States,Goalkeeper,GK,5000000.0,Columbus Crew SC,United States,6820000.0,0,2019.csv
2019,Premier League,Manchester City,summer,in,Ryotaro Meshino,426666,21,Japan,Left Winger,LW,500000.0,Gamba Osaka,Japan,1000000.0,0,2019.csv
2019,Premier League,Manchester City,summer,in,Scott Carson,14555,33,England,Goalkeeper,GK,2000000.0,Derby County,England,0.0,1,2019.csv
2019,Premier League,Manchester City,winter,in,Slobodan Tedic,505652,19,Serbia,Centre-Forward,CF,2000000.0,FK Cukaricki,Serbia,3000000.0,0,2019.csv
2019,Premier League,Manchester City,summer,out,Danilo,145707,28,Brazil,Centre-Back,CB,20000000.0,Juventus FC,Italy,37000000.0,0,2019.csv
2019,Premier League,Manchester City,summer,out,Douglas Luiz,447661,21,Brazil,Central Midfield,CM,2500000.0,Aston Villa,England,16800000.0,0,2019.csv
2019,Premier League,Manchester City,summer,out,Fabian Delph,50362,29,England,Central Midfield,CM,15000000.0,Everton FC,England,9500000.0,0,2019.csv
2019,Premier League,Manchester City,summer,out,Manu García,277118,21,Spain,Attacking Midfield,AM,5000000.0,Sporting Gijón,Spain,4000000.0,0,2019.csv
2019,Premier League,Manchester City,summer,out,Pablo Marí,210178,25,Spain,Centre-Back,CB,800000.0,CR Flamengo,Brazil,1700000.0,0,2019.csv
2019,Premier League,Manchester City,summer,out,Vincent Kompany,9594,33,Belgium,Centre-Back,CB,8000000.0,RSC Anderlecht,Belgium,0.0,0,2019.csv
2019,Premier League,Manchester City,summer,out,Eliaquim Mangala,90681,28,France,Centre-Back,CB,10000000.0,Valencia CF,Spain,0.0,0,2019.csv
2019,Premier League,Manchester City,summer,out,Anthony Cáceres,226739,26,Australia,Attacking Midfield,AM,350000.0,Sydney FC,Australia,0.0,0,2019.csv
2019,Premier League,Manchester City,summer,out,Luke Brattan,114365,29,Australia,Defensive Midfield,DM,500000.0,Sydney FC,Australia,0.0,0,2019.csv
2019,Premier League,Manchester City,summer,out,Arijanet Murić,371021,20,Kosovo,Goalkeeper,GK,2000000.0,Nottingham Forest,England,0.0,1,2019.csv
2019,Premier League,Manchester City,summer,out,Ante Palaversa,371003,19,Croatia,Defensive Midfield,DM,5000000.0,KV Oostende (-2024),Belgium,0.0,1,2019.csv
2019,Premier League,Manchester City,summer,out,Philippe Sandler,340460,22,Netherlands,Centre-Back,CB,2500000.0,RSC Anderlecht,Belgium,0.0,1,2019.csv
2019,Premier League,Manchester City,summer,out,Zack Steffen,221624,24,United States,Goalkeeper,GK,5000000.0,Fortuna Düsseldorf,Germany,0.0,1,2019.csv
2019,Premier League,Manchester City,summer,out,Yangel Herrera,378293,21,Venezuela,Central Midfield,CM,2000000.0,Granada CF,Spain,0.0,1,2019.csv
2019,Premier League,Manchester City,summer,out,Marlos Moreno,345654,22,Colombia,Left Winger,LW,700000.0,Portimonense SAD,Portugal,0.0,1,2019.csv
2019,Premier League,Manchester City,summer,out,Lukas Nmecha,314288,20,Germany,Centre-Forward,CF,1000000.0,VfL Wolfsburg,Germany,0.0,1,2019.csv
2019,Premier League,Manchester City,summer,out,Erik Palmer-Brown,282199,22,United States,Centre-Back,CB,600000.0,Austria Vienna,Austria,0.0,1,2019.csv
2019,Premier League,Manchester City,summer,out,Thomas Agyepong,384807,22,Ghana,Left Winger,LW,250000.0,KVRS Waasland - SK Beveren,Belgium,0.0,1,2019.csv
2019,Premier League,Manchester City,summer,out,Pedro Porro,553875,19,Spain,Right-Back,RB,10000000.0,Real Valladolid CF,Spain,0.0,1,2019.csv
2019,Premier League,Manchester City,summer,out,Patrick Roberts,225452,22,England,Right Winger,RW,5000000.0,Norwich City,England,0.0,1,2019.csv
2019,Premier League,Manchester City,summer,out,Ryotaro Meshino,426666,21,Japan,Left Winger,LW,500000.0,Heart of Midlothian FC,Scotland,0.0,1,2019.csv
2019,Premier League,Manchester City,summer,out,Aleix García,261504,22,Spain,Central Midfield,CM,3000000.0,Royal Excel Mouscron (-2022),Belgium,0.0,1,2019.csv
2019,Premier League,Manchester City,winter,out,Angeliño,277179,23,Spain,Left-Back,LB,16000000.0,RB Leipzig,Germany,2000000.0,1,2019.csv
2019,Premier League,Manchester City,winter,out,Slobodan Tedic,505652,19,Serbia,Centre-Forward,CF,2000000.0,FK Cukaricki,Serbia,0.0,1,2019.csv
2019,Premier League,Manchester City,winter,out,Patrick Roberts,225452,22,England,Right Winger,RW,3500000.0,Middlesbrough FC,England,0.0,1,2019.csv
2019,Premier League,Manchester City,winter,out,Lukas Nmecha,314288,21,Germany,Centre-Forward,CF,4000000.0,Middlesbrough FC,England,0.0,1,2019.csv
2019,Premier League,Manchester United,summer,in,Harry Maguire,177907,26,England,Centre-Back,CB,50000000.0,Leicester City,England,87000000.0,0,2019.csv
2019,Premier League,Manchester United,summer,in,Aaron Wan-Bissaka,477758,21,DR Congo,Right-Back,RB,35000000.0,Crystal Palace,England,55000000.0,0,2019.csv
2019,Premier League,Manchester United,summer,in,Daniel James,319301,21,Wales,Right Winger,RW,12000000.0,Swansea City,England,17800000.0,0,2019.csv
2019,Premier League,Manchester United,winter,in,Bruno Fernandes,240306,25,Portugal,Attacking Midfield,AM,60000000.0,Sporting CP,Portugal,65000000.0,0,2019.csv
2019,Premier League,Manchester United,winter,in,Odion Ighalo,62121,30,Nigeria,Centre-Forward,CF,6500000.0,Shanghai Greenland Shenhua,China,12000000.0,1,2019.csv
2019,Premier League,Manchester United,summer,out,Romelu Lukaku,96341,26,Belgium,Centre-Forward,CF,75000000.0,Inter Milan,Italy,74000000.0,0,2019.csv
2019,Premier League,Manchester United,summer,out,Chris Smalling,103427,29,England,Centre-Back,CB,20000000.0,AS Roma,Italy,3000000.0,1,2019.csv
2019,Premier League,Manchester United,summer,out,Matteo Darmian,54906,29,Italy,Right-Back,RB,10000000.0,Parma Calcio 1913,Italy,2480000.0,0,2019.csv
2019,Premier League,Manchester United,summer,out,Antonio Valencia,33544,33,Ecuador,Right-Back,RB,5000000.0,LDU Quito,Ecuador,0.0,0,2019.csv
2019,Premier League,Manchester United,summer,out,James Wilson,214104,23,England,Centre-Forward,CF,1500000.0,Aberdeen FC,Scotland,0.0,0,2019.csv
2019,Premier League,Manchester United,summer,out,Ander Herrera,99343,29,Spain,Central Midfield,CM,25000000.0,Paris Saint-Germain,France,0.0,0,2019.csv
2019,Premier League,Manchester United,summer,out,Joel Pereira,192611,23,Portugal,Goalkeeper,GK,850000.0,Heart of Midlothian FC,Scotland,0.0,1,2019.csv
2019,Premier League,Manchester United,summer,out,Alexis Sánchez,40433,30,Chile,Centre-Forward,CF,35000000.0,Inter Milan,Italy,0.0,1,2019.csv
2019,Premier League,Manchester United,summer,out,Cameron Borthwick-Jackson,258879,22,England,Left-Back,LB,1000000.0,Tranmere Rovers,England,0.0,1,2019.csv
2019,Premier League,Manchester United,winter,out,Ashley Young,14086,34,England,Right-Back,RB,4000000.0,Inter Milan,Italy,1700000.0,0,2019.csv
2019,Premier League,Manchester United,winter,out,Cameron Borthwick-Jackson,258879,22,England,Left-Back,LB,1000000.0,Oldham Athletic,England,0.0,1,2019.csv
2019,Premier League,Manchester United,winter,out,Marcos Rojo,93176,29,Argentina,Centre-Back,CB,10000000.0,Club Estudiantes de La Plata,Argentina,0.0,1,2019.csv
2019,Premier League,Newcastle United,summer,in,Joelinton,333241,22,Brazil,Central Midfield,CM,35000000.0,TSG 1899 Hoffenheim,Germany,43500000.0,0,2019.csv
2019,Premier League,Newcastle United,summer,in,Allan Saint-Maximin,272642,22,France,Left Winger,LW,25000000.0,OGC Nice,France,18000000.0,0,2019.csv
2019,Premier League,Newcastle United,summer,in,Emil Krafth,184528,25,Sweden,Right-Back,RB,2500000.0,Amiens SC,France,5400000.0,0,2019.csv
2019,Premier League,Newcastle United,summer,in,Jetro Willems,146258,25,Netherlands,Centre-Back,CB,5000000.0,Eintracht Frankfurt,Germany,1000000.0,1,2019.csv
2019,Premier League,Newcastle United,summer,in,Andy Carroll,48066,30,England,Centre-Forward,CF,8000000.0,West Ham United,England,0.0,0,2019.csv
2019,Premier League,Newcastle United,winter,in,Danny Rose,50174,29,England,Left-Back,LB,20000000.0,Tottenham Hotspur,England,2000000.0,1,2019.csv
2019,Premier League,Newcastle United,winter,in,Valentino Lazaro,186368,23,Austria,Right-Back,RB,19000000.0,Inter Milan,Italy,1500000.0,1,2019.csv
2019,Premier League,Newcastle United,winter,in,Nabil Bentaleb,245537,25,Algeria,Defensive Midfield,DM,5000000.0,FC Schalke 04,Germany,1000000.0,1,2019.csv
2019,Premier League,Newcastle United,summer,out,Ayoze Pérez,246968,25,Spain,Centre-Forward,CF,20000000.0,Leicester City,England,33400000.0,0,2019.csv
2019,Premier League,Newcastle United,summer,out,Joselu,81999,29,Spain,Centre-Forward,CF,4000000.0,Deportivo Alavés,Spain,2240000.0,0,2019.csv
2019,Premier League,Newcastle United,summer,out,Mohamed Diamé,70950,32,Senegal,Central Midfield,CM,5000000.0,Al-Ahli SC,Qatar,0.0,0,2019.csv
2019,Premier League,Newcastle United,summer,out,Jacob Murphy,199527,24,England,Right Winger,RW,6000000.0,Sheffield Wednesday,England,0.0,1,2019.csv
2019,Premier League,Newcastle United,summer,out,Dan Barlaser,256773,22,England,Defensive Midfield,DM,,Rotherham United,England,0.0,1,2019.csv
2019,Premier League,Newcastle United,summer,out,Freddie Woodman,226049,22,England,Goalkeeper,GK,500000.0,Swansea City,England,0.0,1,2019.csv
2019,Premier League,Newcastle United,summer,out,Rolando Aarons,258188,23,Jamaica,Left Winger,LW,500000.0,Wycombe Wanderers,England,0.0,1,2019.csv
2019,Premier League,Newcastle United,summer,out,Achraf Lazaar,139173,27,Morocco,Left Midfield,LM,1000000.0,Cosenza Calcio,Italy,0.0,1,2019.csv
2019,Premier League,Newcastle United,summer,out,Antonio Barreca,241889,24,Italy,Left-Back,LB,7000000.0,AS Monaco,France,0.0,1,2019.csv
2019,Premier League,Newcastle United,winter,out,Sung-yueng Ki,81796,31,"Korea, South",Defensive Midfield,DM,4500000.0,RCD Mallorca,Spain,0.0,0,2019.csv
2019,Premier League,Newcastle United,winter,out,Rolando Aarons,258188,24,Jamaica,Left Winger,LW,500000.0,Motherwell FC,Scotland,0.0,1,2019.csv
2019,Premier League,Norwich City,summer,in,Ralf Fährmann,39015,30,Germany,Goalkeeper,GK,5000000.0,FC Schalke 04,Germany,3000000.0,1,2019.csv
2019,Premier League,Norwich City,summer,in,Sam Byram,236953,25,England,Left-Back,LB,3500000.0,West Ham United,England,830000.0,0,2019.csv
2019,Premier League,Norwich City,summer,in,Daniel Adshead,532464,17,England,Central Midfield,CM,,Rochdale AFC,England,335000.0,0,2019.csv
2019,Premier League,Norwich City,summer,in,Josip Drmic,140579,26,Switzerland,Centre-Forward,CF,3000000.0,Borussia Mönchengladbach,Germany,0.0,0,2019.csv
2019,Premier League,Norwich City,summer,in,Rocky Bushiri,511802,19,DR Congo,Centre-Back,CB,1200000.0,KV Oostende (-2024),Belgium,,0,2019.csv
2019,Premier League,Norwich City,summer,in,Patrick Roberts,225452,22,England,Right Winger,RW,5000000.0,Manchester City,England,0.0,1,2019.csv
2019,Premier League,Norwich City,summer,in,Ibrahim Amadou,205503,26,France,Defensive Midfield,DM,7000000.0,Sevilla FC,Spain,0.0,1,2019.csv
2019,Premier League,Norwich City,winter,in,Sam McCallum,618901,19,England,Left-Back,LB,,Coventry City,England,4150000.000000001,0,2019.csv
2019,Premier League,Norwich City,winter,in,Lukas Rupp,82863,29,Germany,Attacking Midfield,AM,3000000.0,TSG 1899 Hoffenheim,Germany,500000.0,0,2019.csv
2019,Premier League,Norwich City,winter,in,Ondrej Duda,232418,25,Slovakia,Central Midfield,CM,13000000.0,Hertha BSC,Germany,0.0,1,2019.csv
2019,Premier League,Norwich City,summer,out,Nélson Oliveira,72768,27,Portugal,Centre-Forward,CF,3500000.0,AEK Athens,Greece,1000000.0,0,2019.csv
2019,Premier League,Norwich City,summer,out,Marcel Franke,152435,26,Germany,Centre-Back,CB,1000000.0,Hannover 96,Germany,1000000.0,0,2019.csv
2019,Premier League,Norwich City,summer,out,Ivo Pinto,82281,29,Portugal,Right-Back,RB,2000000.0,GNK Dinamo Zagreb,Croatia,0.0,0,2019.csv
2019,Premier League,Norwich City,summer,out,Tristan Abrahams,492391,20,England,Centre-Forward,CF,150000.0,Newport County,England,0.0,0,2019.csv
2019,Premier League,Norwich City,summer,out,Yanic Wildschut,151189,27,Suriname,Left Winger,LW,2000000.0,Maccabi Haifa,Israel,0.0,0,2019.csv
2019,Premier League,Norwich City,summer,out,Steven Naismith,12763,32,Scotland,Second Striker,SS,1500000.0,Heart of Midlothian FC,Scotland,0.0,0,2019.csv
2019,Premier League,Norwich City,summer,out,Sean Raggett,226219,25,England,Centre-Back,CB,250000.0,Portsmouth FC,England,0.0,1,2019.csv
2019,Premier League,Norwich City,summer,out,Aston Oxborough,288948,21,England,Goalkeeper,GK,50000.0,Wealdstone FC,England,0.0,1,2019.csv
2019,Premier League,Norwich City,summer,out,James Husband,167393,25,England,Left-Back,LB,1000000.0,Blackpool FC,England,0.0,1,2019.csv
2019,Premier League,Norwich City,summer,out,Rocky Bushiri,511802,19,DR Congo,Centre-Back,CB,1200000.0,Blackpool FC,England,0.0,1,2019.csv
2019,Premier League,Norwich City,summer,out,Carlton Morris,246963,23,England,Centre-Forward,CF,150000.0,Rotherham United,England,0.0,1,2019.csv
2019,Premier League,Norwich City,summer,out,Louis Thompson,207771,24,Wales,Central Midfield,CM,250000.0,Shrewsbury Town,England,0.0,1,2019.csv
2019,Premier League,Norwich City,summer,out,Matt Jarvis,15921,33,England,Left Winger,LW,350000.0,Without Club,,,0,2019.csv
2019,Premier League,Norwich City,summer,out,Ben Marshall,118567,28,England,Right Midfield,RM,1500000.0,Without Club,,,0,2019.csv
2019,Premier League,Norwich City,summer,out,Mason Bloomfield,339013,22,England,Centre-Forward,CF,,Crawley Town,England,0.0,1,2019.csv
2019,Premier League,Norwich City,summer,out,Felix Passlack,274461,21,Germany,Right-Back,RB,1500000.0,Borussia Dortmund,Germany,0.0,1,2019.csv
2019,Premier League,Norwich City,winter,out,Dennis Srbeny,159239,25,Germany,Centre-Forward,CF,1000000.0,SC Paderborn 07,Germany,200000.0,0,2019.csv
2019,Premier League,Norwich City,winter,out,James Husband,167393,26,England,Left-Back,LB,1000000.0,Blackpool FC,England,0.0,0,2019.csv
2019,Premier League,Norwich City,winter,out,Carlton Morris,246963,24,England,Centre-Forward,CF,150000.0,Milton Keynes Dons,England,0.0,1,2019.csv
2019,Premier League,Norwich City,winter,out,Sam McCallum,618901,19,England,Left-Back,LB,,Coventry City,England,0.0,1,2019.csv
2019,Premier League,Norwich City,winter,out,Philip Heise,112617,28,Germany,Left-Back,LB,700000.0,1.FC Nuremberg,Germany,0.0,1,2019.csv
2019,Premier League,Norwich City,winter,out,Rocky Bushiri,511802,20,DR Congo,Centre-Back,CB,1200000.0,Sint-Truidense VV,Belgium,0.0,1,2019.csv
2019,Premier League,Norwich City,winter,out,Akin Famewo,425713,21,England,Centre-Back,CB,25000.0,St. Mirren FC,Scotland,0.0,1,2019.csv
2019,Premier League,Norwich City,winter,out,Louis Thompson,207771,25,Wales,Central Midfield,CM,250000.0,Milton Keynes Dons,England,0.0,1,2019.csv
2019,Premier League,Norwich City,winter,out,Patrick Roberts,225452,22,England,Right Winger,RW,3500000.0,Manchester City,England,0.0,1,2019.csv
2019,Premier League,Norwich City,winter,out,Ralf Fährmann,39015,31,Germany,Goalkeeper,GK,2000000.0,FC Schalke 04,Germany,0.0,1,2019.csv
2019,Premier League,Norwich City,winter,out,Ibrahim Amadou,205503,26,France,Defensive Midfield,DM,7000000.0,Sevilla FC,Spain,0.0,1,2019.csv
2019,Premier League,Sheffield United,summer,in,Oli McBurnie,298477,23,Scotland,Centre-Forward,CF,8000000.0,Swansea City,England,19100000.0,0,2019.csv
2019,Premier League,Sheffield United,summer,in,Lys Mousset,291422,23,France,Centre-Forward,CF,3500000.0,AFC Bournemouth,England,11100000.0,0,2019.csv
2019,Premier League,Sheffield United,summer,in,Callum Robinson,183299,24,Ireland,Centre-Forward,CF,4500000.0,Preston North End,England,7800000.0,0,2019.csv
2019,Premier League,Sheffield United,summer,in,Luke Freeman,66923,27,England,Attacking Midfield,AM,3500000.0,Queens Park Rangers,England,5600000.0,0,2019.csv
2019,Premier League,Sheffield United,summer,in,Ben Osborn,218087,24,England,Central Midfield,CM,3000000.0,Nottingham Forest,England,3900000.0,0,2019.csv
2019,Premier League,Sheffield United,summer,in,Michael Verrips,288259,22,Netherlands,Goalkeeper,GK,1500000.0,KV Mechelen,Belgium,0.0,0,2019.csv
2019,Premier League,Sheffield United,summer,in,Ravel Morrison,128907,26,Jamaica,Attacking Midfield,AM,300000.0,Östersunds FK,Sweden,0.0,0,2019.csv
2019,Premier League,Sheffield United,summer,in,Phil Jagielka,13520,36,England,Centre-Back,CB,1000000.0,Everton FC,England,0.0,0,2019.csv
2019,Premier League,Sheffield United,summer,in,Dean Henderson,258919,22,England,Goalkeeper,GK,2500000.0,Manchester United U23,England,0.0,1,2019.csv
2019,Premier League,Sheffield United,summer,in,Muhamed Besic,93905,26,Bosnia-Herzegovina,Defensive Midfield,DM,5000000.0,Everton FC,England,0.0,1,2019.csv
2019,Premier League,Sheffield United,winter,in,Sander Berge,333014,21,Norway,Defensive Midfield,DM,22000000.0,KRC Genk,Belgium,25000000.0,0,2019.csv
2019,Premier League,Sheffield United,winter,in,Jack Robinson,128909,26,England,Centre-Back,CB,2500000.0,Nottingham Forest,England,,0,2019.csv
2019,Premier League,Sheffield United,winter,in,Richairo Zivkovic,252755,23,Curacao,Centre-Forward,CF,800000.0,Changchun Yatai,China,0.0,1,2019.csv
2019,Premier League,Sheffield United,winter,in,Panagiotis Retsos,324351,21,Greece,Centre-Back,CB,9000000.0,Bayer 04 Leverkusen,Germany,0.0,1,2019.csv
2019,Premier League,Sheffield United,winter,in,Jack Rodwell,57079,28,England,Centre-Back,CB,1500000.0,Without Club,,,0,2019.csv
2019,Premier League,Sheffield United,summer,out,Ched Evans,61622,30,Wales,Centre-Forward,CF,350000.0,Fleetwood Town,England,150000.0,0,2019.csv
2019,Premier League,Sheffield United,summer,out,Jake Bennett,264062,23,England,Right-Back,RB,,Alfreton Town,England,0.0,0,2019.csv
2019,Premier League,Sheffield United,summer,out,Conor Washington,249815,27,Northern Ireland,Centre-Forward,CF,1000000.0,Heart of Midlothian FC,Scotland,0.0,0,2019.csv
2019,Premier League,Sheffield United,summer,out,Samir Carruthers,146488,26,Ireland,Central Midfield,CM,250000.0,Cambridge United,England,0.0,0,2019.csv
2019,Premier League,Sheffield United,summer,out,Caolan Lavery,127983,26,Northern Ireland,Centre-Forward,CF,150000.0,Walsall FC,England,0.0,0,2019.csv
2019,Premier League,Sheffield United,summer,out,Martin Cranie,27659,32,England,Centre-Back,CB,350000.0,Luton Town,England,0.0,0,2019.csv
2019,Premier League,Sheffield United,summer,out,Danny Lafferty,85928,30,Northern Ireland,Left-Back,LB,350000.0,Shamrock Rovers,Ireland,0.0,0,2019.csv
2019,Premier League,Sheffield United,summer,out,Paul Coutts,93055,30,Scotland,Central Midfield,CM,350000.0,Fleetwood Town,England,0.0,0,2019.csv
2019,Premier League,Sheffield United,summer,out,Nathan Thomas,222024,24,England,Left Winger,LW,250000.0,Carlisle United,England,0.0,1,2019.csv
2019,Premier League,Sheffield United,summer,out,Ben Heneghan,156939,25,England,Centre-Back,CB,500000.0,Blackpool FC,England,0.0,1,2019.csv
2019,Premier League,Sheffield United,summer,out,Jake Eastwood,526873,22,England,Goalkeeper,GK,100000.0,Scunthorpe United,England,0.0,1,2019.csv
2019,Premier League,Sheffield United,summer,out,Rhys Norrington-Davies,543164,20,Wales,Left-Back,LB,,Rochdale AFC,England,0.0,1,2019.csv
2019,Premier League,Sheffield United,summer,out,Mark Duffy,105565,33,England,Central Midfield,CM,500000.0,Stoke City,England,0.0,1,2019.csv
2019,Premier League,Sheffield United,summer,out,Jake Wright,104677,33,England,Centre-Back,CB,150000.0,Bolton Wanderers,England,0.0,1,2019.csv
2019,Premier League,Sheffield United,summer,out,Muhamed Besic,93905,27,Bosnia-Herzegovina,Defensive Midfield,DM,2400000.0,Everton FC,England,0.0,1,2019.csv
2019,Premier League,Sheffield United,winter,out,Richard Stearman,34349,32,England,Centre-Back,CB,1000000.0,Huddersfield Town,England,200000.0,0,2019.csv
2019,Premier League,Sheffield United,winter,out,Callum Robinson,183299,24,Ireland,Centre-Forward,CF,7000000.0,West Bromwich Albion,England,0.0,1,2019.csv
2019,Premier League,Sheffield United,winter,out,Kean Bryan,214928,23,England,Centre-Back,CB,250000.0,Bolton Wanderers,England,0.0,1,2019.csv
2019,Premier League,Sheffield United,winter,out,Ravel Morrison,128907,26,Jamaica,Attacking Midfield,AM,750000.0,Middlesbrough FC,England,0.0,1,2019.csv
2019,Premier League,Sheffield United,winter,out,Mark Duffy,105565,34,England,Central Midfield,CM,500000.0,ADO Den Haag,Netherlands,0.0,1,2019.csv
2019,Premier League,Sheffield United,winter,out,Jake Wright,104677,33,England,Centre-Back,CB,,Without Club,,,0,2019.csv
2019,Premier League,Southampton FC,summer,in,Danny Ings,134294,26,England,Centre-Forward,CF,15000000.0,Liverpool FC,England,25100000.0,0,2019.csv
2019,Premier League,Southampton FC,summer,in,Ché Adams,346779,22,Scotland,Centre-Forward,CF,7000000.0,Birmingham City,England,16700000.0,0,2019.csv
2019,Premier League,Southampton FC,summer,in,Moussa Djenepo,485424,21,Mali,Left Winger,LW,12000000.0,Standard Liège,Belgium,15700000.0,0,2019.csv
2019,Premier League,Southampton FC,summer,in,Kevin Danso,263236,20,Austria,Centre-Back,CB,8000000.0,FC Augsburg,Germany,4000000.0,1,2019.csv
2019,Premier League,Southampton FC,winter,in,Kyle Walker-Peters,341051,22,England,Right-Back,RB,10000000.0,Tottenham Hotspur,England,0.0,1,2019.csv
2019,Premier League,Southampton FC,summer,out,Matt Targett,250478,23,England,Left-Back,LB,7000000.0,Aston Villa,England,15500000.0,0,2019.csv
2019,Premier League,Southampton FC,summer,out,Sam Gallagher,227183,23,England,Centre-Forward,CF,3000000.0,Blackburn Rovers,England,6500000.0,0,2019.csv
2019,Premier League,Southampton FC,summer,out,Charlie Austin,129627,30,England,Centre-Forward,CF,8000000.0,West Bromwich Albion,England,4300000.0,0,2019.csv
2019,Premier League,Southampton FC,summer,out,Mario Lemina,170934,26,Gabon,Defensive Midfield,DM,15000000.0,Galatasaray,Türkiye,1000000.0,1,2019.csv
2019,Premier League,Southampton FC,summer,out,Jordy Clasie,104223,28,Netherlands,Defensive Midfield,DM,5500000.0,AZ Alkmaar,Netherlands,0.0,0,2019.csv
2019,Premier League,Southampton FC,summer,out,Steven Davis,28973,34,Northern Ireland,Central Midfield,CM,2000000.0,Rangers FC,Scotland,0.0,0,2019.csv
2019,Premier League,Southampton FC,summer,out,Jack Rose,186923,24,England,Goalkeeper,GK,100000.0,Walsall FC,England,0.0,1,2019.csv
2019,Premier League,Southampton FC,summer,out,Josh Sims,286919,22,England,Right Winger,RW,2000000.0,New York Red Bulls,United States,0.0,1,2019.csv
2019,Premier League,Southampton FC,summer,out,Harrison Reed,226973,24,England,Central Midfield,CM,2000000.0,Fulham FC,England,0.0,1,2019.csv
2019,Premier League,Southampton FC,summer,out,Fraser Forster,52570,31,England,Goalkeeper,GK,8000000.0,Celtic FC,Scotland,0.0,1,2019.csv
2019,Premier League,Southampton FC,summer,out,Mohamed Elyounoussi,186644,25,Norway,Second Striker,SS,15000000.0,Celtic FC,Scotland,0.0,1,2019.csv
2019,Premier League,Southampton FC,summer,out,Guido Carrillo,184672,28,Argentina,Centre-Forward,CF,7500000.0,CD Leganés,Spain,0.0,1,2019.csv
2019,Premier League,Southampton FC,summer,out,Wesley Hoedt,253765,25,Netherlands,Centre-Back,CB,12000000.0,Royal Antwerp FC,Belgium,0.0,1,2019.csv
2019,Premier League,Southampton FC,summer,out,Jake Hesketh,315185,23,England,Attacking Midfield,AM,200000.0,Lincoln City,England,0.0,1,2019.csv
2019,Premier League,Southampton FC,summer,out,Danny Ings,134294,26,England,Centre-Forward,CF,15000000.0,Liverpool FC,England,0.0,1,2019.csv
2019,Premier League,Southampton FC,winter,out,Maya Yoshida,81789,31,Japan,Centre-Back,CB,5000000.0,UC Sampdoria,Italy,0.0,1,2019.csv
2019,Premier League,Southampton FC,winter,out,Cédric Soares,112988,28,Portugal,Right-Back,RB,10000000.0,Arsenal FC,England,0.0,1,2019.csv
2019,Premier League,Tottenham Hotspur,summer,in,Tanguy Ndombélé,450936,22,France,Central Midfield,CM,65000000.0,Olympique Lyon,France,62000000.0,0,2019.csv
2019,Premier League,Tottenham Hotspur,summer,in,Ryan Sessegnon,392775,19,England,Left-Back,LB,35000000.0,Fulham FC,England,27000000.0,0,2019.csv
2019,Premier League,Tottenham Hotspur,summer,in,Giovani Lo Celso,348795,23,Argentina,Attacking Midfield,AM,50000000.0,Real Betis Balompié,Spain,16000000.0,1,2019.csv
2019,Premier League,Tottenham Hotspur,summer,in,Jack Clarke,559794,18,England,Left Winger,LW,6000000.0,Leeds United,England,11000000.0,0,2019.csv
2019,Premier League,Tottenham Hotspur,summer,in,Michel Vorm,26276,35,Netherlands,Goalkeeper,GK,1000000.0,Without Club,,,0,2019.csv
2019,Premier League,Tottenham Hotspur,winter,in,Steven Bergwijn,284165,22,Netherlands,Left Winger,LW,35000000.0,PSV Eindhoven,Netherlands,30000000.0,0,2019.csv
2019,Premier League,Tottenham Hotspur,winter,in,Gedson Fernandes,337800,21,Portugal,Central Midfield,CM,15000000.0,SL Benfica,Portugal,4500000.0,1,2019.csv
2019,Premier League,Tottenham Hotspur,summer,out,Kieran Trippier,95810,28,England,Right-Back,RB,35000000.0,Atlético de Madrid,Spain,22000000.0,0,2019.csv
2019,Premier League,Tottenham Hotspur,summer,out,Vincent Janssen,207015,25,Netherlands,Centre-Forward,CF,8000000.0,CF Monterrey,Mexico,9000000.0,0,2019.csv
2019,Premier League,Tottenham Hotspur,summer,out,Georges-Kevin N'Koudou,215679,24,Cameroon,Left Winger,LW,5000000.0,Besiktas JK,Türkiye,4500000.0,0,2019.csv
2019,Premier League,Tottenham Hotspur,summer,out,Josh Onomah,243589,22,England,Central Midfield,CM,3000000.0,Fulham FC,England,0.0,0,2019.csv
2019,Premier League,Tottenham Hotspur,summer,out,Fernando Llorente,35564,34,Spain,Centre-Forward,CF,3500000.0,SSC Napoli,Italy,0.0,0,2019.csv
2019,Premier League,Tottenham Hotspur,summer,out,Cameron Carter-Vickers,341049,21,United States,Centre-Back,CB,1500000.0,Stoke City,England,0.0,1,2019.csv
2019,Premier League,Tottenham Hotspur,summer,out,Jack Clarke,559794,18,England,Left Winger,LW,6000000.0,Leeds United,England,0.0,1,2019.csv
2019,Premier League,Tottenham Hotspur,summer,out,Michel Vorm,26276,35,Netherlands,Goalkeeper,GK,1000000.0,Without Club,,,0,2019.csv
2019,Premier League,Tottenham Hotspur,winter,out,Christian Eriksen,69633,27,Denmark,Attacking Midfield,AM,90000000.0,Inter Milan,Italy,27000000.0,0,2019.csv
2019,Premier League,Tottenham Hotspur,winter,out,Danny Rose,50174,29,England,Left-Back,LB,20000000.0,Newcastle United,England,2000000.0,1,2019.csv
2019,Premier League,Tottenham Hotspur,winter,out,Victor Wanyama,77760,28,Kenya,Defensive Midfield,DM,12000000.0,Montreal Impact,United States,0.0,0,2019.csv
2019,Premier League,Tottenham Hotspur,winter,out,Cameron Carter-Vickers,341049,22,United States,Centre-Back,CB,2500000.0,Luton Town,England,0.0,1,2019.csv
2019,Premier League,Tottenham Hotspur,winter,out,Jack Clarke,559794,19,England,Left Winger,LW,6000000.0,Queens Park Rangers,England,0.0,1,2019.csv
2019,Premier League,Tottenham Hotspur,winter,out,Kyle Walker-Peters,341051,22,England,Right-Back,RB,10000000.0,Southampton FC,England,0.0,1,2019.csv
2019,Premier League,Watford FC,summer,in,Ismaïla Sarr,410225,21,Senegal,Right Winger,RW,30000000.0,Stade Rennais FC,France,30000000.0,0,2019.csv
2019,Premier League,Watford FC,summer,in,Craig Dawson,121477,29,England,Centre-Back,CB,6000000.0,West Bromwich Albion,England,6000000.0,0,2019.csv
2019,Premier League,Watford FC,summer,in,Tom Dele-Bashiru,346472,19,Nigeria,Central Midfield,CM,150000.0,Manchester City U23,England,0.0,0,2019.csv
2019,Premier League,Watford FC,summer,in,Danny Welbeck,67063,28,England,Centre-Forward,CF,12000000.0,Arsenal FC,England,0.0,0,2019.csv
2019,Premier League,Watford FC,summer,in,Kaylen Hinds,290788,21,England,Second Striker,SS,500000.0,Without Club,,,0,2019.csv
2019,Premier League,Watford FC,winter,in,João Pedro,626724,18,Brazil,Centre-Forward,CF,20000000.0,Fluminense Football Club,Brazil,11500000.0,0,2019.csv
2019,Premier League,Watford FC,winter,in,Ignacio Pussetto,283528,24,Argentina,Right Winger,RW,8000000.0,Udinese Calcio,Italy,8500000.0,0,2019.csv
2019,Premier League,Watford FC,summer,out,Dodi Lukébakio,303259,21,Belgium,Right Winger,RW,18000000.0,Hertha BSC,Germany,20000000.0,0,2019.csv
2019,Premier League,Watford FC,summer,out,Stefano Okaka,35249,30,Italy,Centre-Forward,CF,5000000.0,Udinese Calcio,Italy,4000000.0,0,2019.csv
2019,Premier League,Watford FC,summer,out,Obbi Oulare,314959,23,Belgium,Centre-Forward,CF,1800000.0,Standard Liège,Belgium,3400000.0,0,2019.csv
2019,Premier League,Watford FC,summer,out,Filip Stuparevic,442337,19,Serbia,Centre-Forward,CF,1200000.0,1.FK Pribram,Czech Republic,0.0,1,2019.csv
2019,Premier League,Watford FC,summer,out,Adalberto Peñaranda,308801,22,Venezuela,Left Winger,LW,2000000.0,KAS Eupen,Belgium,0.0,1,2019.csv
2019,Premier League,Watford FC,summer,out,Cucho Hernández,459463,20,Colombia,Centre-Forward,CF,10000000.0,RCD Mallorca,Spain,0.0,1,2019.csv
2019,Premier League,Watford FC,summer,out,Ken Sema,252345,25,Sweden,Left Winger,LW,3500000.0,Udinese Calcio,Italy,0.0,1,2019.csv
2019,Premier League,Watford FC,summer,out,Kwasi Sibo,538006,21,Ghana,Central Midfield,CM,200000.0,UD Ibiza,Spain,0.0,1,2019.csv
2019,Premier League,Watford FC,summer,out,Ben Wilmot,467599,19,England,Centre-Back,CB,1500000.0,Swansea City,England,0.0,1,2019.csv
2019,Premier League,Watford FC,summer,out,Pervis Estupiñán,349599,21,Ecuador,Left-Back,LB,2000000.0,CA Osasuna,Spain,0.0,1,2019.csv
2019,Premier League,Watford FC,summer,out,Jerome Sinclair,236513,22,England,Centre-Forward,CF,1500000.0,VVV-Venlo,Netherlands,0.0,1,2019.csv
2019,Premier League,Watford FC,summer,out,Luis Suárez,424784,21,Colombia,Centre-Forward,CF,800000.0,Real Zaragoza,Spain,0.0,1,2019.csv
2019,Premier League,Watford FC,summer,out,Tommie Hoban,183161,25,Ireland,Centre-Back,CB,500000.0,Without Club,,,0,2019.csv
2019,Premier League,Watford FC,summer,out,Miguel Britos,76799,33,Uruguay,Centre-Back,CB,,Retired,,,0,2019.csv
2019,Premier League,Watford FC,winter,out,Marvin Zeegelaar,92899,29,Netherlands,Left-Back,LB,1500000.0,Udinese Calcio,Italy,2000000.0,0,2019.csv
2019,Premier League,Watford FC,winter,out,Filip Stuparevic,442337,19,Serbia,Centre-Forward,CF,1000000.0,FK Vozdovac,Serbia,0.0,1,2019.csv
2019,Premier League,Watford FC,winter,out,Dimitri Foulquier,170472,26,Guadeloupe,Right-Back,RB,2500000.0,Granada CF,Spain,0.0,1,2019.csv
2019,Premier League,Watford FC,winter,out,Pontus Dahlberg,365544,21,Sweden,Goalkeeper,GK,1000000.0,FC Emmen,Netherlands,0.0,1,2019.csv
2019,Premier League,Watford FC,winter,out,Jorge Segura,453575,23,Colombia,Centre-Back,CB,1000000.0,Envigado FC,Colombia,0.0,1,2019.csv
2019,Premier League,Watford FC,winter,out,Sebastian Prödl,37981,32,Austria,Centre-Back,CB,1500000.0,Without Club,,,0,2019.csv
2019,Premier League,West Ham United,summer,in,Sébastien Haller,181375,25,Cote d'Ivoire,Centre-Forward,CF,40000000.0,Eintracht Frankfurt,Germany,50000000.0,0,2019.csv
2019,Premier League,West Ham United,summer,in,Pablo Fornals,357885,23,Spain,Central Midfield,CM,25000000.0,Villarreal CF,Spain,28000000.0,0,2019.csv
2019,Premier League,West Ham United,summer,in,Albian Ajeti,195906,22,Switzerland,Centre-Forward,CF,7000000.0,FC Basel 1893,Switzerland,11300000.0,0,2019.csv
2019,Premier League,West Ham United,summer,in,David Martin,15930,33,England,Goalkeeper,GK,250000.0,Millwall FC,England,0.0,0,2019.csv
2019,Premier League,West Ham United,summer,in,Roberto,37403,33,Spain,Goalkeeper,GK,1500000.0,RCD Espanyol Barcelona,Spain,0.0,0,2019.csv
2019,Premier League,West Ham United,winter,in,Jarrod Bowen,314875,23,England,Right Winger,RW,10000000.0,Hull City,England,21300000.0,0,2019.csv
2019,Premier League,West Ham United,winter,in,Darren Randolph,51321,32,Ireland,Goalkeeper,GK,4500000.0,Middlesbrough FC,England,4700000.0,0,2019.csv
2019,Premier League,West Ham United,winter,in,Tomáš Souček,283628,24,Czech Republic,Defensive Midfield,DM,10000000.0,SK Slavia Prague,Czech Republic,4500000.0,1,2019.csv
2019,Premier League,West Ham United,summer,out,Marko Arnautovic,41384,30,Austria,Centre-Forward,CF,35000000.0,Shanghai SIPG,China,25000000.0,0,2019.csv
2019,Premier League,West Ham United,summer,out,Chicharito,50935,31,Mexico,Centre-Forward,CF,12000000.0,Sevilla FC,Spain,7750000.0,0,2019.csv
2019,Premier League,West Ham United,summer,out,Pedro Obiang,101213,27,Equatorial Guinea,Central Midfield,CM,7000000.0,US Sassuolo,Italy,7750000.0,0,2019.csv
2019,Premier League,West Ham United,summer,out,Edimilson Fernandes,247555,23,Switzerland,Defensive Midfield,DM,8000000.0,1.FSV Mainz 05,Germany,7500000.0,0,2019.csv
2019,Premier League,West Ham United,summer,out,Sead Haksabanovic,349300,21,Montenegro,Left Winger,LW,1000000.0,IFK Norrköping,Sweden,2600000.0,0,2019.csv
2019,Premier League,West Ham United,summer,out,Lucas Pérez,73185,30,Spain,Centre-Forward,CF,4000000.0,Deportivo Alavés,Spain,2300000.0,0,2019.csv
2019,Premier League,West Ham United,summer,out,Reece Oxford,314295,20,England,Centre-Back,CB,4000000.0,FC Augsburg,Germany,2000000.0,0,2019.csv
2019,Premier League,West Ham United,summer,out,Sam Byram,236953,25,England,Left-Back,LB,3500000.0,Norwich City,England,830000.0,0,2019.csv
2019,Premier League,West Ham United,summer,out,Samir Nasri,18935,32,France,Attacking Midfield,AM,5000000.0,RSC Anderlecht,Belgium,0.0,0,2019.csv
2019,Premier League,West Ham United,summer,out,Adrián,71271,32,Spain,Goalkeeper,GK,3500000.0,Liverpool FC,England,0.0,0,2019.csv
2019,Premier League,West Ham United,summer,out,Moses Makasi,242644,23,England,Central Midfield,CM,,FC Eindhoven,Netherlands,0.0,0,2019.csv
2019,Premier League,West Ham United,summer,out,Andy Carroll,48066,30,England,Centre-Forward,CF,8000000.0,Newcastle United,England,0.0,0,2019.csv
2019,Premier League,West Ham United,summer,out,Jordan Hugill,291544,27,England,Centre-Forward,CF,6000000.0,Queens Park Rangers,England,0.0,1,2019.csv
2019,Premier League,West Ham United,summer,out,Josh Cullen,242606,23,Ireland,Central Midfield,CM,1000000.0,Charlton Athletic,England,0.0,1,2019.csv
2019,Premier League,West Ham United,summer,out,Grady Diangana,342048,21,DR Congo,Right Winger,RW,5000000.0,West Bromwich Albion,England,0.0,1,2019.csv
2019,Premier League,West Ham United,winter,out,Roberto,37403,33,Spain,Goalkeeper,GK,1000000.0,Deportivo Alavés,Spain,0.0,1,2019.csv
2019,Premier League,West Ham United,winter,out,Winston Reid,37526,31,New Zealand,Centre-Back,CB,5000000.0,Sporting Kansas City,United States,0.0,1,2019.csv
2019,Premier League,Wolverhampton Wanderers,summer,in,Raúl Jiménez,206040,28,Mexico,Centre-Forward,CF,35000000.0,SL Benfica,Portugal,38000000.0,0,2019.csv
2019,Premier League,Wolverhampton Wanderers,summer,in,Patrick Cutrone,265078,21,Italy,Centre-Forward,CF,28000000.0,AC Milan,Italy,18000000.0,0,2019.csv
2019,Premier League,Wolverhampton Wanderers,summer,in,Pedro Neto,487465,19,Portugal,Right Winger,RW,2500000.0,SS Lazio,Italy,17900000.0,0,2019.csv
2019,Premier League,Wolverhampton Wanderers,summer,in,Leander Dendoncker,168157,24,Belgium,Defensive Midfield,DM,18000000.0,RSC Anderlecht,Belgium,13800000.0,0,2019.csv
2019,Premier League,Wolverhampton Wanderers,summer,in,Bruno Jordão,415646,20,Portugal,Defensive Midfield,DM,1000000.0,SS Lazio,Italy,8900000.0,0,2019.csv
2019,Premier League,Wolverhampton Wanderers,summer,in,Renat Dadashov,335461,20,Azerbaijan,Centre-Forward,CF,225000.0,GD Estoril Praia,Portugal,500000.0,0,2019.csv
2019,Premier League,Wolverhampton Wanderers,summer,in,Jesús Vallejo,251896,22,Spain,Centre-Back,CB,10000000.0,Real Madrid,Spain,0.0,1,2019.csv
2019,Premier League,Wolverhampton Wanderers,winter,in,Daniel Podence,256977,24,Portugal,Left Winger,LW,6000000.0,Olympiacos Piraeus,Greece,19600000.0,0,2019.csv
2019,Premier League,Wolverhampton Wanderers,winter,in,Leonardo Campana,606872,19,Ecuador,Centre-Forward,CF,2000000.0,Barcelona SC Guayaquil,Ecuador,0.0,0,2019.csv
2019,Premier League,Wolverhampton Wanderers,summer,out,Ivan Cavaleiro,149716,25,Angola,Left Winger,LW,10000000.0,Fulham FC,England,5900000.0,1,2019.csv
2019,Premier League,Wolverhampton Wanderers,summer,out,Kortney Hause,233124,23,England,Centre-Back,CB,1000000.0,Aston Villa,England,3400000.0,0,2019.csv
2019,Premier League,Wolverhampton Wanderers,summer,out,Ethan Ebanks-Landell,129067,26,England,Centre-Back,CB,250000.0,Shrewsbury Town,England,0.0,0,2019.csv
2019,Premier League,Wolverhampton Wanderers,summer,out,Michal Zyro,67431,26,Poland,Centre-Forward,CF,250000.0,Korona Kielce,Poland,0.0,0,2019.csv
2019,Premier League,Wolverhampton Wanderers,summer,out,Jack Ruddy,346175,21,Scotland,Goalkeeper,GK,100000.0,Ross County FC,Scotland,0.0,0,2019.csv
2019,Premier League,Wolverhampton Wanderers,summer,out,Léo Bonatini,181781,25,Brazil,Centre-Forward,CF,4000000.0,Vitória Guimarães SC,Portugal,0.0,1,2019.csv
2019,Premier League,Wolverhampton Wanderers,summer,out,Bright Enobakhare,345772,21,Nigeria,Centre-Forward,CF,500000.0,Wigan Athletic,England,0.0,1,2019.csv
2019,Premier League,Wolverhampton Wanderers,summer,out,Roderick Miranda,87856,28,Portugal,Centre-Back,CB,1750000.0,FC Famalicão,Portugal,0.0,1,2019.csv
2019,Premier League,Wolverhampton Wanderers,summer,out,Will Norris,285033,25,England,Goalkeeper,GK,250000.0,Ipswich Town,England,0.0,1,2019.csv
2019,Premier League,Wolverhampton Wanderers,summer,out,Rafa Mir,361254,22,Spain,Centre-Forward,CF,3000000.0,Nottingham Forest,England,0.0,1,2019.csv
2019,Premier League,Wolverhampton Wanderers,summer,out,Hélder Costa,173900,25,Angola,Right Winger,RW,15000000.0,Leeds United,England,0.0,1,2019.csv
2019,Premier League,Wolverhampton Wanderers,summer,out,Ryan Giles,504581,19,England,Left-Back,LB,,Shrewsbury Town,England,0.0,1,2019.csv
2019,Premier League,Wolverhampton Wanderers,summer,out,Harry Burgoyne,285583,22,England,Goalkeeper,GK,,Without Club,,,0,2019.csv
2019,Premier League,Wolverhampton Wanderers,summer,out,Bright Enobakhare,345772,21,Nigeria,Centre-Forward,CF,450000.0,Without Club,,,0,2019.csv
2019,Premier League,Wolverhampton Wanderers,summer,out,Renat Dadashov,335461,20,Azerbaijan,Centre-Forward,CF,225000.0,FC Paços de Ferreira,Portugal,0.0,1,2019.csv
2019,Premier League,Wolverhampton Wanderers,summer,out,Leander Dendoncker,168157,24,Belgium,Defensive Midfield,DM,18000000.0,RSC Anderlecht,Belgium,0.0,1,2019.csv
2019,Premier League,Wolverhampton Wanderers,summer,out,Raúl Jiménez,206040,28,Mexico,Centre-Forward,CF,35000000.0,SL Benfica,Portugal,0.0,1,2019.csv
2019,Premier League,Wolverhampton Wanderers,winter,out,Ivan Cavaleiro,149716,26,Angola,Left Winger,LW,10000000.0,Fulham FC,England,11800000.0,0,2019.csv
2019,Premier League,Wolverhampton Wanderers,winter,out,Patrick Cutrone,265078,22,Italy,Centre-Forward,CF,20000000.0,ACF Fiorentina,Italy,3000000.0,1,2019.csv
2019,Premier League,Wolverhampton Wanderers,winter,out,Sylvain Deslandes,272621,22,France,Centre-Back,CB,100000.0,ACSC FC Arges,Romania,0.0,0,2019.csv
2019,Premier League,Wolverhampton Wanderers,winter,out,Ryan Bennett,67252,29,England,Centre-Back,CB,5000000.0,Leicester City,England,0.0,1,2019.csv
2019,Premier League,Wolverhampton Wanderers,winter,out,Rafa Mir,361254,22,Spain,Centre-Forward,CF,3000000.0,SD Huesca,Spain,0.0,1,2019.csv
2019,Premier League,Wolverhampton Wanderers,winter,out,Connor Ronan,337787,21,Ireland,Central Midfield,CM,500000.0,Blackpool FC,England,0.0,1,2019.csv
2019,Premier League,Wolverhampton Wanderers,winter,out,Ryan Giles,504581,20,England,Left-Back,LB,,Coventry City,England,0.0,1,2019.csv
2019,Premier League,Wolverhampton Wanderers,winter,out,Jordan Graham,183283,24,England,Right Winger,RW,250000.0,Gillingham FC,England,0.0,1,2019.csv
2019,Premier League,Wolverhampton Wanderers,winter,out,Jesús Vallejo,251896,23,Spain,Centre-Back,CB,10000000.0,Real Madrid,Spain,0.0,1,2019.csv
2020,Premier League,Arsenal FC,summer,in,Thomas Partey,230784,27,Ghana,Defensive Midfield,DM,40000000.0,Atlético de Madrid,Spain,50000000.0,0,2020.csv
2020,Premier League,Arsenal FC,summer,in,Gabriel Magalhães,435338,22,Brazil,Centre-Back,CB,20000000.0,LOSC Lille,France,26000000.0,0,2020.csv
2020,Premier League,Arsenal FC,summer,in,Pablo Marí,210178,26,Spain,Centre-Back,CB,4800000.0,CR Flamengo,Brazil,6000000.0,0,2020.csv
2020,Premier League,Arsenal FC,summer,in,Rúnar Alex Rúnarsson,205657,25,Iceland,Goalkeeper,GK,1200000.0,Dijon FCO,France,2000000.0,0,2020.csv
2020,Premier League,Arsenal FC,summer,in,Cédric Soares,112988,28,Portugal,Right-Back,RB,8000000.0,Southampton FC,England,0.0,0,2020.csv
2020,Premier League,Arsenal FC,summer,in,Willian,52769,32,Brazil,Left Winger,LW,22500000.0,Chelsea FC,England,0.0,0,2020.csv
2020,Premier League,Arsenal FC,winter,in,Martin Ødegaard,316264,22,Norway,Attacking Midfield,AM,40000000.0,Real Madrid,Spain,2000000.0,1,2020.csv
2020,Premier League,Arsenal FC,winter,in,Mathew Ryan,128969,28,Australia,Goalkeeper,GK,8000000.0,Brighton & Hove Albion,England,0.0,1,2020.csv
2020,Premier League,Arsenal FC,summer,out,Emiliano Martínez,111873,28,Argentina,Goalkeeper,GK,8000000.0,Aston Villa,England,17400000.0,0,2020.csv
2020,Premier League,Arsenal FC,summer,out,Mattéo Guendouzi,465830,21,France,Central Midfield,CM,32000000.0,Hertha BSC,Germany,1000000.0,1,2020.csv
2020,Premier League,Arsenal FC,summer,out,Konstantinos Mavropanos,415912,22,Greece,Centre-Back,CB,2400000.0,VfB Stuttgart,Germany,750000.0,1,2020.csv
2020,Premier League,Arsenal FC,summer,out,Henrikh Mkhitaryan,55735,31,Armenia,Central Midfield,CM,20000000.0,AS Roma,Italy,0.0,0,2020.csv
2020,Premier League,Arsenal FC,summer,out,Lucas Torreira,318077,24,Uruguay,Defensive Midfield,DM,30000000.0,Atlético de Madrid,Spain,0.0,1,2020.csv
2020,Premier League,Arsenal FC,summer,out,Dejan Iliev,205757,25,North Macedonia,Goalkeeper,GK,300000.0,Shrewsbury Town,England,0.0,1,2020.csv
2020,Premier League,Arsenal FC,summer,out,Pablo Marí,210178,26,Spain,Centre-Back,CB,4800000.0,CR Flamengo,Brazil,0.0,1,2020.csv
2020,Premier League,Arsenal FC,summer,out,Cédric Soares,112988,28,Portugal,Right-Back,RB,8000000.0,Southampton FC,England,0.0,1,2020.csv
2020,Premier League,Arsenal FC,winter,out,Matt Macey,220491,26,England,Goalkeeper,GK,250000.0,Hibernian FC,Scotland,0.0,0,2020.csv
2020,Premier League,Arsenal FC,winter,out,Sokratis Papastathopoulos,34322,32,Greece,Centre-Back,CB,4000000.0,Olympiacos Piraeus,Greece,0.0,0,2020.csv
2020,Premier League,Arsenal FC,winter,out,Mesut Özil,35664,32,Germany,Attacking Midfield,AM,5000000.0,Fenerbahce,Türkiye,0.0,0,2020.csv
2020,Premier League,Arsenal FC,winter,out,Shkodran Mustafi,88590,28,Germany,Centre-Back,CB,12000000.0,FC Schalke 04,Germany,0.0,0,2020.csv
2020,Premier League,Arsenal FC,winter,out,Sead Kolasinac,94005,27,Bosnia-Herzegovina,Centre-Back,CB,8000000.0,FC Schalke 04,Germany,0.0,1,2020.csv
2020,Premier League,Arsenal FC,winter,out,William Saliba,495666,19,France,Centre-Back,CB,17000000.0,OGC Nice,France,0.0,1,2020.csv
2020,Premier League,Arsenal FC,winter,out,Ainsley Maitland-Niles,285845,23,England,Right-Back,RB,18000000.0,West Bromwich Albion,England,0.0,1,2020.csv
2020,Premier League,Arsenal FC,winter,out,Joe Willock,340329,21,England,Central Midfield,CM,16000000.0,Newcastle United,England,0.0,1,2020.csv
2020,Premier League,Aston Villa,summer,in,Ollie Watkins,324358,24,England,Centre-Forward,CF,12000000.0,Brentford FC,England,34000000.0,0,2020.csv
2020,Premier League,Aston Villa,summer,in,Bertrand Traoré,131996,25,Burkina Faso,Right Winger,RW,9500000.0,Olympique Lyon,France,18400000.0,0,2020.csv
2020,Premier League,Aston Villa,summer,in,Emiliano Martínez,111873,28,Argentina,Goalkeeper,GK,8000000.0,Arsenal FC,England,17400000.0,0,2020.csv
2020,Premier League,Aston Villa,summer,in,Matty Cash,425334,23,Poland,Right-Back,RB,4800000.0,Nottingham Forest,England,15750000.0,0,2020.csv
2020,Premier League,Aston Villa,summer,in,Ross Barkley,131978,26,England,Central Midfield,CM,21500000.0,Chelsea FC,England,0.0,1,2020.csv
2020,Premier League,Aston Villa,winter,in,Morgan Sanson,174094,26,France,Central Midfield,CM,20000000.0,Olympique Marseille,France,15800000.0,0,2020.csv
2020,Premier League,Aston Villa,summer,out,Scott Hogan,138783,28,Ireland,Centre-Forward,CF,3200000.0,Birmingham City,England,2770000.0,0,2020.csv
2020,Premier League,Aston Villa,summer,out,James Chester,73482,31,Wales,Centre-Back,CB,2400000.0,Stoke City,England,0.0,0,2020.csv
2020,Premier League,Aston Villa,summer,out,Borja Bastón,85324,28,Spain,Centre-Forward,CF,3200000.0,CD Leganés,Spain,0.0,0,2020.csv
2020,Premier League,Aston Villa,summer,out,Jota Peleteiro,176591,29,Spain,Right Winger,RW,3500000.0,Deportivo Alavés,Spain,0.0,0,2020.csv
2020,Premier League,Aston Villa,summer,out,James Bree,324223,22,England,Right-Back,RB,1200000.0,Luton Town,England,,0,2020.csv
2020,Premier League,Aston Villa,summer,out,Ally Samatta,182201,27,Tanzania,Centre-Forward,CF,9500000.0,Fenerbahce,Türkiye,0.0,1,2020.csv
2020,Premier League,Aston Villa,summer,out,Andre Green,309841,22,England,Left Winger,LW,1800000.0,Without Club,,,0,2020.csv
2020,Premier League,Aston Villa,summer,out,Ørjan Nyland,73517,30,Norway,Goalkeeper,GK,1200000.0,Without Club,,,0,2020.csv
2020,Premier League,Aston Villa,summer,out,Danny Drinkwater,73491,30,England,Central Midfield,CM,4800000.0,Chelsea FC,England,0.0,1,2020.csv
2020,Premier League,Aston Villa,summer,out,Pepe Reina,7825,37,Spain,Goalkeeper,GK,650000.0,AC Milan,Italy,0.0,1,2020.csv
2020,Premier League,Aston Villa,summer,out,Ross Barkley,131978,27,England,Central Midfield,CM,20000000.0,Chelsea FC,England,0.0,1,2020.csv
2020,Premier League,Aston Villa,winter,out,Henri Lansbury,44794,30,England,Central Midfield,CM,1200000.0,Bristol City,England,0.0,0,2020.csv
2020,Premier League,Aston Villa,winter,out,Lovre Kalinic,46405,30,Croatia,Goalkeeper,GK,2800000.0,HNK Hajduk Split,Croatia,0.0,1,2020.csv
2020,Premier League,Aston Villa,winter,out,Conor Hourihane,61653,29,Ireland,Central Midfield,CM,6000000.0,Swansea City,England,0.0,1,2020.csv
2020,Premier League,Aston Villa,winter,out,Frédéric Guilbert,354352,26,France,Right-Back,RB,5000000.0,RC Strasbourg Alsace,France,0.0,1,2020.csv
2020,Premier League,Brighton & Hove Albion,summer,in,Jakub Moder,384461,21,Poland,Central Midfield,CM,3000000.0,Lech Poznan,Poland,11000000.0,0,2020.csv
2020,Premier League,Brighton & Hove Albion,summer,in,Andi Zeqiri,345468,21,Switzerland,Centre-Forward,CF,1500000.0,FC Lausanne-Sport,Switzerland,4000000.0,0,2020.csv
2020,Premier League,Brighton & Hove Albion,summer,in,Michal Karbownik,401604,19,Poland,Left Midfield,LM,6000000.0,Legia Warszawa,Poland,3900000.0,0,2020.csv
2020,Premier League,Brighton & Hove Albion,summer,in,Jan Paul van Hecke,576314,20,Netherlands,Centre-Back,CB,1800000.0,NAC Breda,Netherlands,2000000.0,0,2020.csv
2020,Premier League,Brighton & Hove Albion,summer,in,Joël Veltman,111195,28,Netherlands,Right-Back,RB,8000000.0,Ajax Amsterdam,Netherlands,1000000.0,0,2020.csv
2020,Premier League,Brighton & Hove Albion,summer,in,Danny Welbeck,67063,29,England,Centre-Forward,CF,5500000.0,Watford FC,England,0.0,0,2020.csv
2020,Premier League,Brighton & Hove Albion,summer,in,Adam Lallana,43530,32,England,Attacking Midfield,AM,9500000.0,Liverpool FC,England,0.0,0,2020.csv
2020,Premier League,Brighton & Hove Albion,winter,in,Moisés Caicedo,687626,19,Ecuador,Defensive Midfield,DM,5000000.0,Independiente del Valle,Ecuador,28200000.0,0,2020.csv
2020,Premier League,Brighton & Hove Albion,summer,out,Anthony Knockaert,149237,28,France,Right Winger,RW,6500000.0,Fulham FC,England,11700000.0,0,2020.csv
2020,Premier League,Brighton & Hove Albion,summer,out,Aaron Mooy,123951,29,Australia,Central Midfield,CM,9500000.0,Shanghai Port,China,4500000.0,0,2020.csv
2020,Premier League,Brighton & Hove Albion,summer,out,Shane Duffy,119269,28,Ireland,Centre-Back,CB,9500000.0,Celtic FC,Scotland,2200000.0,1,2020.csv
2020,Premier League,Brighton & Hove Albion,summer,out,Dale Stephens,49755,31,England,Central Midfield,CM,4800000.0,Burnley FC,England,1100000.0,0,2020.csv
2020,Premier League,Brighton & Hove Albion,summer,out,David Button,61814,31,England,Goalkeeper,GK,1200000.0,West Bromwich Albion,England,1100000.0,0,2020.csv
2020,Premier League,Brighton & Hove Albion,summer,out,Martín Montoya,68645,29,Spain,Right-Back,RB,6500000.0,Real Betis Balompié,Spain,0.0,0,2020.csv
2020,Premier League,Brighton & Hove Albion,summer,out,Percy Tau,312239,26,South Africa,Right Winger,RW,4000000.0,RSC Anderlecht,Belgium,0.0,1,2020.csv
2020,Premier League,Brighton & Hove Albion,summer,out,Jakub Moder,384461,21,Poland,Central Midfield,CM,3000000.0,Lech Poznan,Poland,0.0,1,2020.csv
2020,Premier League,Brighton & Hove Albion,summer,out,Michal Karbownik,401604,19,Poland,Left Midfield,LM,6000000.0,Legia Warszawa,Poland,0.0,1,2020.csv
2020,Premier League,Brighton & Hove Albion,summer,out,Glenn Murray,45693,36,England,Centre-Forward,CF,1600000.0,Watford FC,England,0.0,1,2020.csv
2020,Premier League,Brighton & Hove Albion,summer,out,Leo Østigård,367284,20,Norway,Centre-Back,CB,2500000.0,Coventry City,England,0.0,1,2020.csv
2020,Premier League,Brighton & Hove Albion,summer,out,Matt Clarke,307497,23,England,Centre-Back,CB,2000000.0,Derby County,England,0.0,1,2020.csv
2020,Premier League,Brighton & Hove Albion,summer,out,Jan Paul van Hecke,576314,20,Netherlands,Centre-Back,CB,1800000.0,SC Heerenveen,Netherlands,0.0,1,2020.csv
2020,Premier League,Brighton & Hove Albion,summer,out,Jan Mlakar,309180,21,Slovenia,Left Winger,LW,1800000.0,NK Maribor,Slovenia,0.0,1,2020.csv
2020,Premier League,Brighton & Hove Albion,summer,out,Viktor Gyökeres,325443,22,Sweden,Centre-Forward,CF,1000000.0,Swansea City,England,0.0,1,2020.csv
2020,Premier League,Brighton & Hove Albion,summer,out,Tudor Băluță,433976,21,Romania,Defensive Midfield,DM,3600000.0,Dynamo Kyiv,Ukraine,0.0,1,2020.csv
2020,Premier League,Brighton & Hove Albion,summer,out,Beram Kayal,44741,32,Israel,Central Midfield,CM,1200000.0,Without Club,,,0,2020.csv
2020,Premier League,Brighton & Hove Albion,summer,out,Ezequiel Schelotto,119164,31,Italy,Right Midfield,RM,1200000.0,Without Club,,,0,2020.csv
2020,Premier League,Brighton & Hove Albion,winter,out,Glenn Murray,45693,37,England,Centre-Forward,CF,1000000.0,Nottingham Forest,England,0.0,0,2020.csv
2020,Premier League,Brighton & Hove Albion,winter,out,Viktor Gyökeres,325443,22,Sweden,Centre-Forward,CF,1000000.0,Coventry City,England,0.0,1,2020.csv
2020,Premier League,Brighton & Hove Albion,winter,out,Bernardo,364258,25,Brazil,Centre-Back,CB,4800000.0,Red Bull Salzburg,Austria,0.0,1,2020.csv
2020,Premier League,Brighton & Hove Albion,winter,out,Mathew Ryan,128969,28,Australia,Goalkeeper,GK,8000000.0,Arsenal FC,England,0.0,1,2020.csv
2020,Premier League,Burnley FC,summer,in,Dale Stephens,49755,31,England,Central Midfield,CM,4800000.0,Brighton & Hove Albion,England,1100000.0,0,2020.csv
2020,Premier League,Burnley FC,summer,in,Will Norris,285033,27,England,Goalkeeper,GK,250000.0,Wolverhampton Wanderers,England,,0,2020.csv
2020,Premier League,Burnley FC,summer,out,Ben Gibson,128904,27,England,Centre-Back,CB,4500000.0,Norwich City,England,2300000.0,1,2020.csv
2020,Premier League,Burnley FC,summer,out,Aaron Lennon,14221,33,England,Right Winger,RW,2400000.0,Kayserispor,Türkiye,0.0,0,2020.csv
2020,Premier League,Burnley FC,summer,out,Jeff Hendrick,148262,28,Ireland,Central Midfield,CM,9000000.0,Newcastle United,England,0.0,0,2020.csv
2020,Premier League,Burnley FC,summer,out,Joe Hart,40204,33,England,Goalkeeper,GK,2400000.0,Tottenham Hotspur,England,0.0,0,2020.csv
2020,Premier League,Burnley FC,summer,out,Aiden O'Neill,385918,22,Australia,Defensive Midfield,DM,500000.0,Melbourne City FC,Australia,0.0,0,2020.csv
2020,Premier League,Burnley FC,summer,out,Adam Legzdins,43858,33,England,Goalkeeper,GK,250000.0,Without Club,,,0,2020.csv
2020,Premier League,Chelsea FC,summer,in,Kai Havertz,309400,21,Germany,Centre-Forward,CF,81000000.0,Bayer 04 Leverkusen,Germany,100000000.0,0,2020.csv
2020,Premier League,Chelsea FC,summer,in,Timo Werner,170527,24,Germany,Left Winger,LW,64000000.0,RB Leipzig,Germany,53000000.0,0,2020.csv
2020,Premier League,Chelsea FC,summer,in,Ben Chilwell,316125,23,England,Left-Back,LB,40000000.0,Leicester City,England,50200000.0,0,2020.csv
2020,Premier League,Chelsea FC,summer,in,Hakim Ziyech,217111,27,Morocco,Right Winger,RW,40000000.0,Ajax Amsterdam,Netherlands,40000000.0,0,2020.csv
2020,Premier League,Chelsea FC,summer,in,Edouard Mendy,442531,28,Senegal,Goalkeeper,GK,7000000.0,Stade Rennais FC,France,24000000.0,0,2020.csv
2020,Premier League,Chelsea FC,summer,in,Thiago Silva,29241,35,Brazil,Centre-Back,CB,4800000.0,Paris Saint-Germain,France,0.0,0,2020.csv
2020,Premier League,Chelsea FC,summer,in,Malang Sarr,344596,21,France,Centre-Back,CB,16000000.0,OGC Nice,France,0.0,0,2020.csv
2020,Premier League,Chelsea FC,summer,out,Álvaro Morata,128223,27,Spain,Centre-Forward,CF,36000000.0,Atlético de Madrid,Spain,35000000.0,0,2020.csv
2020,Premier League,Chelsea FC,summer,out,Mario Pasalić,205938,25,Croatia,Central Midfield,CM,25000000.0,Atalanta BC,Italy,14500000.0,0,2020.csv
2020,Premier League,Chelsea FC,summer,out,Nathan,294798,24,Brazil,Attacking Midfield,AM,800000.0,Clube Atlético Mineiro,Brazil,3000000.0,0,2020.csv
2020,Premier League,Chelsea FC,summer,out,Malang Sarr,344596,21,France,Centre-Back,CB,16000000.0,FC Porto,Portugal,2000000.0,1,2020.csv
2020,Premier League,Chelsea FC,summer,out,Tiemoué Bakayoko,182618,26,France,Defensive Midfield,DM,25500000.0,SSC Napoli,Italy,1750000.0,1,2020.csv
2020,Premier League,Chelsea FC,summer,out,Victor Moses,59866,29,Nigeria,Right Winger,RW,6000000.0,Spartak Moscow,Russia,300000.0,1,2020.csv
2020,Premier League,Chelsea FC,summer,out,Pedro,65278,33,Spain,Right Winger,RW,9500000.0,AS Roma,Italy,0.0,0,2020.csv
2020,Premier League,Chelsea FC,summer,out,Willian,52769,32,Brazil,Left Winger,LW,22500000.0,Arsenal FC,England,0.0,0,2020.csv
2020,Premier League,Chelsea FC,summer,out,Jamal Blackman,128898,26,England,Goalkeeper,GK,400000.0,Rotherham United,England,0.0,1,2020.csv
2020,Premier League,Chelsea FC,summer,out,Izzy Brown,245805,23,England,Left Winger,LW,2000000.0,Sheffield Wednesday,England,0.0,1,2020.csv
2020,Premier League,Chelsea FC,summer,out,Lewis Baker,198589,25,England,Central Midfield,CM,2800000.0,Trabzonspor,Türkiye,0.0,1,2020.csv
2020,Premier League,Chelsea FC,summer,out,Davide Zappacosta,173859,28,Italy,Right Midfield,RM,10000000.0,Genoa CFC,Italy,0.0,1,2020.csv
2020,Premier League,Chelsea FC,summer,out,Danilo Pantic,222830,23,Serbia,Attacking Midfield,AM,1400000.0,FK Cukaricki,Serbia,0.0,1,2020.csv
2020,Premier League,Chelsea FC,summer,out,Matt Miazga,245893,25,United States,Centre-Back,CB,2000000.0,RSC Anderlecht,Belgium,0.0,1,2020.csv
2020,Premier League,Chelsea FC,summer,out,Jake Clarke-Salter,316551,23,England,Centre-Back,CB,2800000.0,Birmingham City,England,0.0,1,2020.csv
2020,Premier League,Chelsea FC,summer,out,Ruben Loftus-Cheek,202886,24,England,Central Midfield,CM,24000000.0,Fulham FC,England,0.0,1,2020.csv
2020,Premier League,Chelsea FC,summer,out,Ross Barkley,131978,26,England,Central Midfield,CM,21500000.0,Aston Villa,England,0.0,1,2020.csv
2020,Premier League,Chelsea FC,summer,out,Michy Batshuayi,179184,26,Belgium,Centre-Forward,CF,14000000.0,Crystal Palace,England,0.0,1,2020.csv
2020,Premier League,Chelsea FC,summer,out,Kenedy,281404,24,Brazil,Left Winger,LW,9500000.0,Granada CF,Spain,0.0,1,2020.csv
2020,Premier League,Chelsea FC,summer,out,Ethan Ampadu,392771,19,Wales,Defensive Midfield,DM,9000000.0,Sheffield United,England,0.0,1,2020.csv
2020,Premier League,Chelsea FC,summer,out,Marc Guéhi,392757,20,England,Centre-Back,CB,2700000.0,Swansea City,England,0.0,1,2020.csv
2020,Premier League,Chelsea FC,summer,out,Marco van Ginkel,147034,27,Netherlands,Central Midfield,CM,3200000.0,PSV Eindhoven,Netherlands,0.0,1,2020.csv
2020,Premier League,Chelsea FC,winter,out,Fikayo Tomori,303254,23,England,Centre-Back,CB,17000000.0,AC Milan,Italy,600000.0,1,2020.csv
2020,Premier League,Chelsea FC,winter,out,Lucas Piazón,176485,26,Brazil,Defensive Midfield,DM,900000.0,SC Braga,Portugal,0.0,0,2020.csv
2020,Premier League,Chelsea FC,winter,out,Abdul Rahman Baba,224884,26,Ghana,Left-Back,LB,2400000.0,PAOK Thessaloniki,Greece,0.0,1,2020.csv
2020,Premier League,Chelsea FC,winter,out,Danny Drinkwater,73491,30,England,Central Midfield,CM,4000000.0,Kasimpasa,Türkiye,0.0,1,2020.csv
2020,Premier League,Crystal Palace,summer,in,Eberechi Eze,479999,22,England,Attacking Midfield,AM,9000000.0,Queens Park Rangers,England,17800000.0,0,2020.csv
2020,Premier League,Crystal Palace,summer,in,Jack Butland,128899,27,England,Goalkeeper,GK,3500000.0,Stoke City,England,1100000.0,0,2020.csv
2020,Premier League,Crystal Palace,summer,in,Nathan Ferguson,507254,19,England,Centre-Back,CB,4000000.0,West Bromwich Albion,England,0.0,0,2020.csv
2020,Premier League,Crystal Palace,summer,in,Nathaniel Clyne,85177,29,England,Right-Back,RB,8000000.0,Liverpool FC,England,0.0,0,2020.csv
2020,Premier League,Crystal Palace,summer,in,Michy Batshuayi,179184,26,Belgium,Centre-Forward,CF,14000000.0,Chelsea FC,England,0.0,1,2020.csv
2020,Premier League,Crystal Palace,winter,in,Jean-Philippe Mateta,420002,23,France,Centre-Forward,CF,15000000.0,1.FSV Mainz 05,Germany,3500000.0,1,2020.csv
2020,Premier League,Crystal Palace,summer,out,Alexander Sørloth,238407,24,Norway,Centre-Forward,CF,20000000.0,RB Leipzig,Germany,20000000.0,0,2020.csv
2020,Premier League,Crystal Palace,summer,out,Dion Henry,345899,23,England,Goalkeeper,GK,,Billericay Town,England,0.0,0,2020.csv
2020,Premier League,Crystal Palace,summer,out,Ryan Inniss,183284,25,England,Centre-Back,CB,150000.0,Charlton Athletic,England,,0,2020.csv
2020,Premier League,Crystal Palace,summer,out,Jaroslaw Jach,327755,26,Poland,Centre-Back,CB,525000.0,Fortuna Sittard,Netherlands,0.0,1,2020.csv
2020,Premier League,Crystal Palace,summer,out,Michy Batshuayi,179184,27,Belgium,Centre-Forward,CF,10000000.0,Chelsea FC,England,0.0,1,2020.csv
2020,Premier League,Crystal Palace,winter,out,Max Meyer,146164,25,Germany,Central Midfield,CM,3000000.0,1.FC Köln,Germany,0.0,0,2020.csv
2020,Premier League,Crystal Palace,winter,out,Jaroslaw Jach,327755,26,Poland,Centre-Back,CB,525000.0,Raków Częstochowa,Poland,0.0,1,2020.csv
2020,Premier League,Crystal Palace,winter,out,Sam Woods,611650,22,England,Centre-Back,CB,75000.0,Plymouth Argyle,England,0.0,1,2020.csv
2020,Premier League,Everton FC,summer,in,Ben Godfrey,343475,22,England,Centre-Back,CB,16000000.0,Norwich City,England,27500000.0,0,2020.csv
2020,Premier League,Everton FC,summer,in,Allan,126422,29,Brazil,Defensive Midfield,DM,28000000.0,SSC Napoli,Italy,24600000.0,0,2020.csv
2020,Premier League,Everton FC,summer,in,Abdoulaye Doucouré,127187,27,Mali,Attacking Midfield,AM,20000000.0,Watford FC,England,22000000.0,0,2020.csv
2020,Premier League,Everton FC,summer,in,Niels Nkounkou,591193,19,France,Left-Back,LB,,Olympique de Marseille B,France,270000.0,0,2020.csv
2020,Premier League,Everton FC,summer,in,James Rodríguez,88103,29,Colombia,Attacking Midfield,AM,32000000.0,Real Madrid,Spain,0.0,0,2020.csv
2020,Premier League,Everton FC,summer,in,Robin Olsen,75458,30,Sweden,Goalkeeper,GK,5000000.0,AS Roma,Italy,0.0,1,2020.csv
2020,Premier League,Everton FC,winter,in,Joshua King,91059,29,Norway,Centre-Forward,CF,11000000.0,AFC Bournemouth,England,,0,2020.csv
2020,Premier League,Everton FC,summer,out,Morgan Schneiderlin,56818,30,France,Defensive Midfield,DM,9500000.0,OGC Nice,France,2230000.0,0,2020.csv
2020,Premier League,Everton FC,summer,out,Kieran Dowell,258916,22,England,Attacking Midfield,AM,2000000.0,Norwich City,England,2200000.0,0,2020.csv
2020,Premier League,Everton FC,summer,out,Maarten Stekelenburg,4311,37,Netherlands,Goalkeeper,GK,550000.0,Ajax Amsterdam,Netherlands,0.0,0,2020.csv
2020,Premier League,Everton FC,summer,out,Sandro Ramírez,199369,25,Spain,Centre-Forward,CF,3200000.0,SD Huesca,Spain,0.0,0,2020.csv
2020,Premier League,Everton FC,summer,out,Luke Garbutt,110860,27,England,Left-Back,LB,600000.0,Blackpool FC,England,0.0,0,2020.csv
2020,Premier League,Everton FC,summer,out,Moise Kean,364135,20,Italy,Centre-Forward,CF,25000000.0,Paris Saint-Germain,France,0.0,1,2020.csv
2020,Premier League,Everton FC,summer,out,Theo Walcott,33713,31,England,Right Winger,RW,12000000.0,Southampton FC,England,0.0,1,2020.csv
2020,Premier League,Everton FC,summer,out,Leighton Baines,13507,35,England,Left-Back,LB,,Retired,,,0,2020.csv
2020,Premier League,Everton FC,summer,out,Cuco Martina,91251,30,Curacao,Centre-Back,CB,1200000.0,Without Club,,,0,2020.csv
2020,Premier League,Everton FC,summer,out,Oumar Niasse,209781,30,Senegal,Centre-Forward,CF,3200000.0,Without Club,,,0,2020.csv
2020,Premier League,Everton FC,summer,out,Shani Tarashaj,184381,25,Switzerland,Second Striker,SS,300000.0,Without Club,,,0,2020.csv
2020,Premier League,Everton FC,summer,out,Djibril Sidibé,161869,28,France,Right-Back,RB,9500000.0,AS Monaco,France,0.0,1,2020.csv
2020,Premier League,Everton FC,winter,out,Matthew Pennington,220755,26,England,Centre-Back,CB,800000.0,Shrewsbury Town,England,0.0,1,2020.csv
2020,Premier League,Everton FC,winter,out,Jarrad Branthwaite,661053,18,England,Centre-Back,CB,2000000.0,Blackburn Rovers,England,0.0,1,2020.csv
2020,Premier League,Everton FC,winter,out,Jonas Lössl,48870,32,Denmark,Goalkeeper,GK,3000000.0,FC Midtjylland,Denmark,,0,2020.csv
2020,Premier League,Everton FC,winter,out,Yannick Bolasie,75471,31,DR Congo,Centre-Forward,CF,3500000.0,Middlesbrough FC,England,0.0,1,2020.csv
2020,Premier League,Everton FC,winter,out,Cenk Tosun,45671,29,Türkiye,Centre-Forward,CF,7000000.0,Besiktas JK,Türkiye,0.0,1,2020.csv
2020,Premier League,Everton FC,winter,out,Jonjoe Kenny,258883,23,England,Right-Back,RB,7000000.0,Celtic FC,Scotland,0.0,1,2020.csv
2020,Premier League,Everton FC,winter,out,Anthony Gordon,503733,19,England,Left Winger,LW,5000000.0,Preston North End,England,0.0,1,2020.csv
2020,Premier League,Everton FC,winter,out,Beni Baningime,399369,22,DR Congo,Defensive Midfield,DM,1300000.0,Derby County,England,0.0,1,2020.csv
2020,Premier League,Fulham FC,summer,in,Anthony Knockaert,149237,28,France,Right Winger,RW,6500000.0,Brighton & Hove Albion,England,11700000.0,0,2020.csv
2020,Premier League,Fulham FC,summer,in,Harrison Reed,226973,25,England,Central Midfield,CM,2400000.0,Southampton FC,England,6500000.0,0,2020.csv
2020,Premier League,Fulham FC,summer,in,Terence Kongolo,152651,26,Netherlands,Centre-Back,CB,6500000.0,Huddersfield Town,England,4400000.0,0,2020.csv
2020,Premier League,Fulham FC,summer,in,Kenny Tete,206746,24,Netherlands,Right-Back,RB,5500000.0,Olympique Lyon,France,3200000.0,0,2020.csv
2020,Premier League,Fulham FC,summer,in,Ola Aina,236490,23,Nigeria,Right-Back,RB,7000000.0,Torino FC,Italy,2500000.0,1,2020.csv
2020,Premier League,Fulham FC,summer,in,Mario Lemina,170934,26,Gabon,Defensive Midfield,DM,10000000.0,Southampton FC,England,2200000.0,1,2020.csv
2020,Premier League,Fulham FC,summer,in,Antonee Robinson,349701,23,United States,Left-Back,LB,3500000.0,Wigan Athletic,England,2100000.0,0,2020.csv
2020,Premier League,Fulham FC,summer,in,Ademola Lookman,406040,22,Nigeria,Second Striker,SS,10000000.0,RB Leipzig,Germany,2000000.0,1,2020.csv
2020,Premier League,Fulham FC,summer,in,Tosin Adarabioyo,258878,23,England,Centre-Back,CB,2800000.0,Manchester City U23,England,1650000.0,0,2020.csv
2020,Premier League,Fulham FC,summer,in,Joachim Andersen,260827,24,Denmark,Centre-Back,CB,16000000.0,Olympique Lyon,France,1000000.0,1,2020.csv
2020,Premier League,Fulham FC,summer,in,Ruben Loftus-Cheek,202886,24,England,Central Midfield,CM,24000000.0,Chelsea FC,England,0.0,1,2020.csv
2020,Premier League,Fulham FC,summer,in,Alphonse Areola,120629,27,France,Goalkeeper,GK,13000000.0,Paris Saint-Germain,France,0.0,1,2020.csv
2020,Premier League,Fulham FC,winter,in,Josh Maja,453824,22,Nigeria,Centre-Forward,CF,6500000.0,FC Girondins Bordeaux,France,0.0,1,2020.csv
2020,Premier League,Fulham FC,summer,out,Luca de la Torre,315762,22,United States,Central Midfield,CM,450000.0,Heracles Almelo,Netherlands,0.0,0,2020.csv
2020,Premier League,Fulham FC,summer,out,Jordan Archer,177952,27,Scotland,Goalkeeper,GK,400000.0,Motherwell FC,Scotland,0.0,0,2020.csv
2020,Premier League,Fulham FC,summer,out,Steven Sessegnon,406558,20,England,Right-Back,RB,2300000.0,Bristol City,England,0.0,1,2020.csv
2020,Premier League,Fulham FC,summer,out,Anthony Knockaert,149237,28,France,Right Winger,RW,5000000.0,Nottingham Forest,England,0.0,1,2020.csv
2020,Premier League,Fulham FC,summer,out,Cyrus Christie,158623,27,Ireland,Right-Back,RB,1600000.0,Nottingham Forest,England,0.0,1,2020.csv
2020,Premier League,Fulham FC,summer,out,Marcus Bettinelli,116648,28,England,Goalkeeper,GK,1600000.0,Middlesbrough FC,England,0.0,1,2020.csv
2020,Premier League,Fulham FC,summer,out,Alfie Mawson,287431,26,England,Centre-Back,CB,7000000.0,Bristol City,England,0.0,1,2020.csv
2020,Premier League,Fulham FC,summer,out,Matt O'Riley,406634,19,Denmark,Central Midfield,CM,450000.0,Without Club,,,0,2020.csv
2020,Premier League,Fulham FC,summer,out,Anthony Knockaert,149237,28,France,Right Winger,RW,6500000.0,Brighton & Hove Albion,England,0.0,1,2020.csv
2020,Premier League,Fulham FC,summer,out,Mario Lemina,170934,27,Gabon,Defensive Midfield,DM,10000000.0,Southampton FC,England,0.0,1,2020.csv
2020,Premier League,Fulham FC,summer,out,Terence Kongolo,152651,26,Netherlands,Centre-Back,CB,8000000.0,Huddersfield Town,England,0.0,1,2020.csv
2020,Premier League,Fulham FC,summer,out,Ruben Loftus-Cheek,202886,25,England,Central Midfield,CM,20000000.0,Chelsea FC,England,0.0,1,2020.csv
2020,Premier League,Fulham FC,summer,out,Harrison Reed,226973,25,England,Central Midfield,CM,2400000.0,Southampton FC,England,0.0,1,2020.csv
2020,Premier League,Fulham FC,summer,out,Harry Arter,55742,30,Ireland,Central Midfield,CM,3500000.0,AFC Bournemouth,England,0.0,1,2020.csv
2020,Premier League,Fulham FC,winter,out,Jean Michaël Seri,178614,29,Cote d'Ivoire,Defensive Midfield,DM,5000000.0,FC Girondins Bordeaux,France,0.0,1,2020.csv
2020,Premier League,Fulham FC,winter,out,Stefan Johansen,62008,30,Norway,Central Midfield,CM,2000000.0,Queens Park Rangers,England,0.0,1,2020.csv
2020,Premier League,Fulham FC,winter,out,Aboubakar Kamara,290951,25,Mauritania,Centre-Forward,CF,2000000.0,Dijon FCO,France,0.0,1,2020.csv
2020,Premier League,Fulham FC,winter,out,Maxime Le Marchand,60558,31,France,Centre-Back,CB,1600000.0,Royal Antwerp FC,Belgium,0.0,1,2020.csv
2020,Premier League,Fulham FC,winter,out,Neeskens Kebano,111422,28,DR Congo,Left Winger,LW,1200000.0,Middlesbrough FC,England,0.0,1,2020.csv
2020,Premier League,Leeds United,summer,in,Rodrigo,131505,29,Spain,Centre-Forward,CF,40000000.0,Valencia CF,Spain,30000000.0,0,2020.csv
2020,Premier League,Leeds United,summer,in,Jean-Kévin Augustin,264956,23,France,Centre-Forward,CF,9500000.0,RB Leipzig,Germany,21000000.0,0,2020.csv
2020,Premier League,Leeds United,summer,in,Diego Llorente,246291,27,Spain,Centre-Back,CB,20000000.0,Real Sociedad,Spain,20000000.0,0,2020.csv
2020,Premier League,Leeds United,summer,in,Raphinha,411295,23,Brazil,Left Winger,LW,16000000.0,Stade Rennais FC,France,18600000.0,0,2020.csv
2020,Premier League,Leeds United,summer,in,Hélder Costa,173900,26,Angola,Right Winger,RW,8000000.0,Wolverhampton Wanderers,England,17700000.0,0,2020.csv
2020,Premier League,Leeds United,summer,in,Robin Koch,328784,24,Germany,Centre-Back,CB,17000000.0,SC Freiburg,Germany,13000000.0,0,2020.csv
2020,Premier League,Leeds United,summer,in,Illan Meslier,542586,20,France,Goalkeeper,GK,4500000.0,FC Lorient,France,6500000.0,0,2020.csv
2020,Premier League,Leeds United,summer,in,Joe Gelhardt,503980,18,England,Centre-Forward,CF,1300000.0,Wigan Athletic,England,1000000.0,0,2020.csv
2020,Premier League,Leeds United,summer,out,Jean-Kévin Augustin,264956,23,France,Centre-Forward,CF,6000000.0,FC Nantes,France,0.0,0,2020.csv
2020,Premier League,Leeds United,summer,out,Laurens De Bock,110668,27,Belgium,Left-Back,LB,550000.0,Zulte Waregem,Belgium,0.0,1,2020.csv
2020,Premier League,Leeds United,summer,out,Barry Douglas,91854,31,Scotland,Left-Back,LB,2000000.0,Blackburn Rovers,England,0.0,1,2020.csv
2020,Premier League,Leeds United,summer,out,Jordan Stevens,533913,20,England,Attacking Midfield,AM,200000.0,Swindon Town,England,0.0,1,2020.csv
2020,Premier League,Leeds United,summer,out,Robbie Gotts,534698,20,England,Central Midfield,CM,250000.0,Lincoln City,England,0.0,1,2020.csv
2020,Premier League,Leeds United,summer,out,Kamil Miazek,237632,23,Poland,Goalkeeper,GK,100000.0,Without Club,,,0,2020.csv
2020,Premier League,Leeds United,summer,out,Will Huffer,332337,21,England,Goalkeeper,GK,,Without Club,,,0,2020.csv
2020,Premier League,Leeds United,summer,out,Mateusz Bogusz,431475,19,Poland,Attacking Midfield,AM,100000.0,UD Logroñés,Spain,0.0,1,2020.csv
2020,Premier League,Leeds United,summer,out,Ben White,335721,22,England,Right-Back,RB,5500000.0,Brighton & Hove Albion,England,0.0,1,2020.csv
2020,Premier League,Leeds United,summer,out,Jean-Kévin Augustin,264956,23,France,Centre-Forward,CF,9500000.0,RB Leipzig,Germany,0.0,1,2020.csv
2020,Premier League,Leeds United,summer,out,Illan Meslier,542586,20,France,Goalkeeper,GK,4500000.0,FC Lorient,France,0.0,1,2020.csv
2020,Premier League,Leeds United,summer,out,Hélder Costa,173900,26,Angola,Right Winger,RW,8000000.0,Wolverhampton Wanderers,England,0.0,1,2020.csv
2020,Premier League,Leeds United,winter,out,Conor Shaughnessy,255626,24,Ireland,Centre-Back,CB,250000.0,Rochdale AFC,England,0.0,0,2020.csv
2020,Premier League,Leeds United,winter,out,Jay-Roy Grot,360517,22,Suriname,Centre-Forward,CF,800000.0,VfL Osnabrück,Germany,0.0,0,2020.csv
2020,Premier League,Leeds United,winter,out,Jordan Stevens,533913,20,England,Attacking Midfield,AM,200000.0,Bradford City,England,0.0,1,2020.csv
2020,Premier League,Leeds United,winter,out,Robbie Gotts,534698,21,England,Central Midfield,CM,250000.0,Salford City,England,0.0,1,2020.csv
2020,Premier League,Leicester City,summer,in,Wesley Fofana,475411,19,France,Centre-Back,CB,10000000.0,AS Saint-Étienne,France,35000000.0,0,2020.csv
2020,Premier League,Leicester City,summer,in,Timothy Castagne,262226,24,Belgium,Right-Back,RB,18000000.0,Atalanta BC,Italy,20900000.0,0,2020.csv
2020,Premier League,Leicester City,summer,in,Cengiz Ünder,341647,23,Türkiye,Right Winger,RW,23000000.0,AS Roma,Italy,3500000.0,1,2020.csv
2020,Premier League,Leicester City,summer,out,Ben Chilwell,316125,23,England,Left-Back,LB,40000000.0,Chelsea FC,England,50200000.0,0,2020.csv
2020,Premier League,Leicester City,summer,out,Fousseni Diabaté,364861,24,Mali,Right Winger,RW,2200000.0,Trabzonspor,Türkiye,1570000.0,0,2020.csv
2020,Premier League,Leicester City,summer,out,George Thomas,298240,23,Wales,Attacking Midfield,AM,250000.0,Queens Park Rangers,England,0.0,0,2020.csv
2020,Premier League,Leicester City,summer,out,Bartosz Kapustka,246579,23,Poland,Attacking Midfield,AM,1200000.0,Legia Warszawa,Poland,0.0,0,2020.csv
2020,Premier League,Leicester City,summer,out,Adrien Silva,56810,31,Portugal,Central Midfield,CM,8000000.0,UC Sampdoria,Italy,0.0,0,2020.csv
2020,Premier League,Leicester City,summer,out,Sam Hughes,395797,23,England,Centre-Back,CB,,Burton Albion,England,0.0,1,2020.csv
2020,Premier League,Leicester City,summer,out,Matty James,73522,29,England,Central Midfield,CM,1200000.0,Barnsley FC,England,0.0,1,2020.csv
2020,Premier League,Leicester City,summer,out,Daniel Iversen,260841,23,Denmark,Goalkeeper,GK,400000.0,Oud-Heverlee Leuven,Belgium,0.0,1,2020.csv
2020,Premier League,Leicester City,summer,out,George Hirst,420808,21,Scotland,Centre-Forward,CF,450000.0,Rotherham United,England,0.0,1,2020.csv
2020,Premier League,Leicester City,summer,out,Rachid Ghezzal,118287,28,Algeria,Right Winger,RW,5500000.0,Besiktas JK,Türkiye,0.0,1,2020.csv
2020,Premier League,Leicester City,summer,out,Filip Benkovic,293168,23,Croatia,Centre-Back,CB,7000000.0,Cardiff City,England,0.0,1,2020.csv
2020,Premier League,Leicester City,summer,out,Andy King,56872,31,Wales,Central Midfield,CM,1200000.0,Without Club,,,0,2020.csv
2020,Premier League,Leicester City,summer,out,Ryan Bennett,67252,30,England,Centre-Back,CB,4000000.0,Wolverhampton Wanderers,England,0.0,1,2020.csv
2020,Premier League,Leicester City,winter,out,Demarai Gray,292417,24,Jamaica,Left Winger,LW,12000000.0,Bayer 04 Leverkusen,Germany,2000000.0,0,2020.csv
2020,Premier League,Leicester City,winter,out,Islam Slimani,174915,32,Algeria,Centre-Forward,CF,5000000.0,Olympique Lyon,France,0.0,0,2020.csv
2020,Premier League,Leicester City,winter,out,Matty James,73522,29,England,Central Midfield,CM,1200000.0,Coventry City,England,0.0,1,2020.csv
2020,Premier League,Leicester City,winter,out,Daniel Iversen,260841,23,Denmark,Goalkeeper,GK,600000.0,Preston North End,England,0.0,1,2020.csv
2020,Premier League,Leicester City,winter,out,Filip Benkovic,293168,23,Croatia,Centre-Back,CB,5000000.0,Oud-Heverlee Leuven,Belgium,0.0,1,2020.csv
2020,Premier League,Liverpool FC,summer,in,Diogo Jota,340950,23,Portugal,Left Winger,LW,28000000.0,Wolverhampton Wanderers,England,44700000.0,0,2020.csv
2020,Premier League,Liverpool FC,summer,in,Thiago Alcántara,60444,29,Spain,Central Midfield,CM,48000000.0,Bayern Munich,Germany,22000000.0,0,2020.csv
2020,Premier League,Liverpool FC,summer,in,Konstantinos Tsimikas,338070,24,Greece,Left-Back,LB,9000000.0,Olympiacos Piraeus,Greece,13000000.0,0,2020.csv
2020,Premier League,Liverpool FC,summer,in,Marcelo Pitaluga,662334,17,Brazil,Goalkeeper,GK,100000.0,Fluminense FC U20,Brazil,750000.0,0,2020.csv
2020,Premier League,Liverpool FC,winter,in,Ozan Kabak,361260,20,Türkiye,Centre-Back,CB,25000000.0,FC Schalke 04,Germany,2500000.0,1,2020.csv
2020,Premier League,Liverpool FC,winter,in,Ben Davies,257097,25,England,Centre-Back,CB,2400000.0,Preston North End,England,1850000.0,0,2020.csv
2020,Premier League,Liverpool FC,summer,out,Dejan Lovren,37838,31,Croatia,Centre-Back,CB,12000000.0,Zenit St. Petersburg,Russia,12000000.0,0,2020.csv
2020,Premier League,Liverpool FC,summer,out,Ovie Ejaria,337284,22,England,Left Winger,LW,3200000.0,Reading FC,England,3900000.0,0,2020.csv
2020,Premier League,Liverpool FC,summer,out,Harry Wilson,279455,23,Wales,Right Winger,RW,16000000.0,Cardiff City,England,1300000.0,1,2020.csv
2020,Premier League,Liverpool FC,summer,out,Adam Lallana,43530,32,England,Attacking Midfield,AM,9500000.0,Brighton & Hove Albion,England,0.0,0,2020.csv
2020,Premier League,Liverpool FC,summer,out,Nathaniel Clyne,85177,29,England,Right-Back,RB,8000000.0,Crystal Palace,England,0.0,0,2020.csv
2020,Premier League,Liverpool FC,summer,out,Sheyi Ojo,236510,23,England,Right Winger,RW,1600000.0,Cardiff City,England,0.0,1,2020.csv
2020,Premier League,Liverpool FC,summer,out,Taiwo Awoniyi,295313,23,Nigeria,Centre-Forward,CF,3200000.0,1.FC Union Berlin,Germany,0.0,1,2020.csv
2020,Premier League,Liverpool FC,summer,out,Loris Karius,85864,27,Germany,Goalkeeper,GK,3200000.0,1.FC Union Berlin,Germany,0.0,1,2020.csv
2020,Premier League,Liverpool FC,summer,out,Marko Grujić,222813,24,Serbia,Defensive Midfield,DM,14500000.0,FC Porto,Portugal,0.0,1,2020.csv
2020,Premier League,Liverpool FC,summer,out,Ben Woodburn,344015,21,Wales,Attacking Midfield,AM,4500000.0,Blackpool FC,England,0.0,1,2020.csv
2020,Premier League,Liverpool FC,summer,out,Andy Lonergan,14044,36,England,Goalkeeper,GK,250000.0,Without Club,,,0,2020.csv
2020,Premier League,Liverpool FC,winter,out,Sepp van den Berg,541231,19,Netherlands,Centre-Back,CB,1800000.0,Preston North End,England,0.0,1,2020.csv
2020,Premier League,Liverpool FC,winter,out,Takumi Minamino,165793,26,Japan,Left Winger,LW,10000000.0,Southampton FC,England,0.0,1,2020.csv
2020,Premier League,Manchester City,summer,in,Rúben Dias,258004,23,Portugal,Centre-Back,CB,35000000.0,SL Benfica,Portugal,71600000.0,0,2020.csv
2020,Premier League,Manchester City,summer,in,Nathan Aké,177476,25,Netherlands,Centre-Back,CB,28000000.0,AFC Bournemouth,England,45300000.0,0,2020.csv
2020,Premier League,Manchester City,summer,in,Ferran Torres,398184,20,Spain,Centre-Forward,CF,45000000.0,Valencia CF,Spain,33500000.0,0,2020.csv
2020,Premier League,Manchester City,summer,in,Nahuel Bustos,439629,22,Argentina,Centre-Forward,CF,6700000.0,CA Talleres,Argentina,6500000.0,0,2020.csv
2020,Premier League,Manchester City,summer,in,Yan Couto,627228,18,Brazil,Right-Back,RB,3600000.0,Coritiba Foot Ball Club,Brazil,6000000.0,0,2020.csv
2020,Premier League,Manchester City,summer,in,Issa Kaboré,649452,19,Burkina Faso,Right-Back,RB,1300000.0,KV Mechelen,Belgium,4500000.0,0,2020.csv
2020,Premier League,Manchester City,winter,in,Diego Rosa,662327,18,Brazil,Defensive Midfield,DM,,Grêmio FBPA U20,Brazil,6000000.0,0,2020.csv
2020,Premier League,Manchester City,summer,out,Leroy Sané,192565,24,Germany,Right Winger,RW,80000000.0,Bayern Munich,Germany,49000000.0,0,2020.csv
2020,Premier League,Manchester City,summer,out,Nicolás Otamendi,54781,32,Argentina,Centre-Back,CB,14500000.0,SL Benfica,Portugal,15000000.0,0,2020.csv
2020,Premier League,Manchester City,summer,out,Claudio Bravo,40423,37,Chile,Goalkeeper,GK,1200000.0,Real Betis Balompié,Spain,0.0,0,2020.csv
2020,Premier League,Manchester City,summer,out,David Silva,35518,34,Spain,Attacking Midfield,AM,12000000.0,Real Sociedad,Spain,0.0,0,2020.csv
2020,Premier League,Manchester City,summer,out,Aleix García,261504,23,Spain,Central Midfield,CM,3200000.0,FC Dinamo 1948,Romania,0.0,0,2020.csv
2020,Premier League,Manchester City,summer,out,Lukas Nmecha,314288,21,Germany,Centre-Forward,CF,3600000.0,RSC Anderlecht,Belgium,0.0,1,2020.csv
2020,Premier League,Manchester City,summer,out,Nahuel Bustos,439629,22,Argentina,Centre-Forward,CF,6700000.0,Girona FC,Spain,0.0,1,2020.csv
2020,Premier League,Manchester City,summer,out,Yan Couto,627228,18,Brazil,Right-Back,RB,3600000.0,Girona FC,Spain,0.0,1,2020.csv
2020,Premier League,Manchester City,summer,out,Patrick Roberts,225452,23,England,Right Winger,RW,2800000.0,Middlesbrough FC,England,0.0,1,2020.csv
2020,Premier League,Manchester City,summer,out,Thomas Agyepong,384807,23,Ghana,Left Winger,LW,300000.0,Lommel SK,Belgium,0.0,1,2020.csv
2020,Premier League,Manchester City,summer,out,Luka Ilic,429790,21,Serbia,Attacking Midfield,AM,1200000.0,Twente Enschede FC,Netherlands,0.0,1,2020.csv
2020,Premier League,Manchester City,summer,out,Ko Itakura,355816,23,Japan,Centre-Back,CB,800000.0,FC Groningen,Netherlands,0.0,1,2020.csv
2020,Premier League,Manchester City,summer,out,Issa Kaboré,649452,19,Burkina Faso,Right-Back,RB,1300000.0,KV Mechelen,Belgium,0.0,1,2020.csv
2020,Premier League,Manchester City,summer,out,Marlos Moreno,345654,24,Colombia,Left Winger,LW,325000.0,Lommel SK,Belgium,0.0,1,2020.csv
2020,Premier League,Manchester City,summer,out,Pedro Porro,553875,20,Spain,Right-Back,RB,9000000.0,Sporting CP,Portugal,0.0,1,2020.csv
2020,Premier League,Manchester City,summer,out,Arijanet Murić,371021,21,Kosovo,Goalkeeper,GK,1800000.0,Girona FC,Spain,0.0,1,2020.csv
2020,Premier League,Manchester City,summer,out,Ryotaro Meshino,426666,22,Japan,Left Winger,LW,450000.0,Rio Ave FC,Portugal,0.0,1,2020.csv
2020,Premier League,Manchester City,summer,out,Slobodan Tedic,505652,20,Serbia,Centre-Forward,CF,3000000.0,PEC Zwolle,Netherlands,0.0,1,2020.csv
2020,Premier League,Manchester City,summer,out,Ante Palaversa,371003,20,Croatia,Defensive Midfield,DM,3600000.0,Getafe CF,Spain,0.0,1,2020.csv
2020,Premier League,Manchester City,summer,out,Daniel Arzani,399997,21,Australia,Right Winger,RW,900000.0,FC Utrecht,Netherlands,0.0,1,2020.csv
2020,Premier League,Manchester City,summer,out,Scott Carson,14555,35,England,Goalkeeper,GK,500000.0,Derby County,England,0.0,1,2020.csv
2020,Premier League,Manchester City,winter,out,Daniel Arzani,399997,22,Australia,Right Winger,RW,700000.0,Aarhus GF,Denmark,0.0,1,2020.csv
2020,Premier League,Manchester City,winter,out,Ante Palaversa,371003,20,Croatia,Defensive Midfield,DM,3000000.0,KV Kortrijk,Belgium,0.0,1,2020.csv
2020,Premier League,Manchester City,winter,out,Arijanet Murić,371021,22,Kosovo,Goalkeeper,GK,1500000.0,Willem II Tilburg,Netherlands,0.0,1,2020.csv
2020,Premier League,Manchester City,winter,out,Taylor Harwood-Bellis,503977,19,England,Centre-Back,CB,2300000.0,Blackburn Rovers,England,0.0,1,2020.csv
2020,Premier League,Manchester City,winter,out,Patrick Roberts,225452,23,England,Right Winger,RW,2500000.0,Derby County,England,0.0,1,2020.csv
2020,Premier League,Manchester City,winter,out,Diego Rosa,662327,18,Brazil,Defensive Midfield,DM,,Lommel SK,Belgium,0.0,1,2020.csv
2020,Premier League,Manchester United,summer,in,Donny van de Beek,288255,23,Netherlands,Central Midfield,CM,44000000.0,Ajax Amsterdam,Netherlands,39000000.0,0,2020.csv
2020,Premier League,Manchester United,summer,in,Alex Telles,255755,27,Brazil,Left-Back,LB,40000000.0,FC Porto,Portugal,15000000.0,0,2020.csv
2020,Premier League,Manchester United,summer,in,Facundo Pellistri,676318,18,Uruguay,Right Winger,RW,1800000.0,CA Peñarol,Uruguay,8650000.0,0,2020.csv
2020,Premier League,Manchester United,summer,in,Edinson Cavani,48280,33,Uruguay,Centre-Forward,CF,20000000.0,Paris Saint-Germain,France,0.0,0,2020.csv
2020,Premier League,Manchester United,winter,in,Amad Diallo,536835,18,Cote d'Ivoire,Right Winger,RW,15000000.0,Atalanta BC,Italy,21300000.0,0,2020.csv
2020,Premier League,Manchester United,summer,out,Chris Smalling,103427,30,England,Centre-Back,CB,20000000.0,AS Roma,Italy,15000000.0,0,2020.csv
2020,Premier League,Manchester United,summer,out,Diogo Dalot,357147,21,Portugal,Right-Back,RB,12000000.0,AC Milan,Italy,500000.0,1,2020.csv
2020,Premier League,Manchester United,summer,out,Angel Gomes,392770,19,England,Attacking Midfield,AM,3600000.0,LOSC Lille,France,0.0,0,2020.csv
2020,Premier League,Manchester United,summer,out,Cameron Borthwick-Jackson,258879,23,England,Left-Back,LB,800000.0,Oldham Athletic,England,0.0,0,2020.csv
2020,Premier League,Manchester United,summer,out,Alexis Sánchez,40433,31,Chile,Centre-Forward,CF,16000000.0,Inter Milan,Italy,0.0,0,2020.csv
2020,Premier League,Manchester United,summer,out,Tahith Chong,344830,20,Curacao,Attacking Midfield,AM,6300000.0,SV Werder Bremen,Germany,0.0,1,2020.csv
2020,Premier League,Manchester United,summer,out,Joel Pereira,192611,24,Portugal,Goalkeeper,GK,475000.0,Huddersfield Town,England,0.0,1,2020.csv
2020,Premier League,Manchester United,summer,out,James Garner,505219,19,England,Defensive Midfield,DM,2700000.0,Watford FC,England,0.0,1,2020.csv
2020,Premier League,Manchester United,summer,out,Andreas Pereira,203394,24,Brazil,Attacking Midfield,AM,16000000.0,SS Lazio,Italy,0.0,1,2020.csv
2020,Premier League,Manchester United,winter,out,Jesse Lingard,141660,28,England,Attacking Midfield,AM,10000000.0,West Ham United,England,2300000.0,1,2020.csv
2020,Premier League,Manchester United,winter,out,Timothy Fosu-Mensah,315131,23,Netherlands,Right-Back,RB,4000000.0,Bayer 04 Leverkusen,Germany,1700000.0,0,2020.csv
2020,Premier League,Manchester United,winter,out,Marcos Rojo,93176,30,Argentina,Centre-Back,CB,6000000.0,CA Boca Juniors,Argentina,0.0,0,2020.csv
2020,Premier League,Manchester United,winter,out,Facundo Pellistri,676318,19,Uruguay,Right Winger,RW,7000000.0,Deportivo Alavés,Spain,0.0,1,2020.csv
2020,Premier League,Manchester United,winter,out,Tahith Chong,344830,21,Curacao,Attacking Midfield,AM,6300000.0,Club Brugge KV,Belgium,0.0,1,2020.csv
2020,Premier League,Manchester United,winter,out,James Garner,505219,19,England,Defensive Midfield,DM,3500000.0,Nottingham Forest,England,0.0,1,2020.csv
2020,Premier League,Manchester United,winter,out,Teden Mengi,548470,18,England,Centre-Back,CB,1000000.0,Derby County,England,0.0,1,2020.csv
2020,Premier League,Manchester United,winter,out,Odion Ighalo,62121,31,Nigeria,Centre-Forward,CF,4000000.0,Shanghai Shenhua,China,0.0,1,2020.csv
2020,Premier League,Newcastle United,summer,in,Callum Wilson,123682,28,England,Centre-Forward,CF,20000000.0,AFC Bournemouth,England,22250000.0,0,2020.csv
2020,Premier League,Newcastle United,summer,in,Jamal Lewis,346018,22,Northern Ireland,Left-Back,LB,11000000.0,Norwich City,England,16500000.0,0,2020.csv
2020,Premier League,Newcastle United,summer,in,Ryan Fraser,146795,26,Scotland,Left Winger,LW,17500000.0,AFC Bournemouth,England,0.0,0,2020.csv
2020,Premier League,Newcastle United,summer,in,Jeff Hendrick,148262,28,Ireland,Central Midfield,CM,9000000.0,Burnley FC,England,0.0,0,2020.csv
2020,Premier League,Newcastle United,summer,in,Mark Gillespie,142389,28,England,Goalkeeper,GK,400000.0,Motherwell FC,Scotland,0.0,0,2020.csv
2020,Premier League,Newcastle United,winter,in,Joe Willock,340329,21,England,Central Midfield,CM,16000000.0,Arsenal FC,England,0.0,1,2020.csv
2020,Premier League,Newcastle United,summer,out,Dan Barlaser,256773,23,England,Defensive Midfield,DM,,Rotherham United,England,780000.0,0,2020.csv
2020,Premier League,Newcastle United,summer,out,Jack Colback,61644,30,England,Defensive Midfield,DM,1600000.0,Nottingham Forest,England,0.0,0,2020.csv
2020,Premier League,Newcastle United,summer,out,Freddie Woodman,226049,23,England,Goalkeeper,GK,3200000.0,Swansea City,England,0.0,1,2020.csv
2020,Premier League,Newcastle United,summer,out,Florian Lejeune,127108,29,France,Centre-Back,CB,4800000.0,Deportivo Alavés,Spain,0.0,1,2020.csv
2020,Premier League,Newcastle United,summer,out,Yoshinori Muto,230541,28,Japan,Centre-Forward,CF,5500000.0,SD Eibar,Spain,0.0,1,2020.csv
2020,Premier League,Newcastle United,summer,out,Jamie Sterry,250431,24,England,Right-Back,RB,75000.0,Without Club,,,0,2020.csv
2020,Premier League,Newcastle United,summer,out,Rob Elliot,39037,34,Ireland,Goalkeeper,GK,600000.0,Without Club,,,0,2020.csv
2020,Premier League,Newcastle United,summer,out,Joe Willock,340329,21,England,Central Midfield,CM,16000000.0,Arsenal FC,England,0.0,1,2020.csv
2020,Premier League,Newcastle United,summer,out,Jetro Willems,146258,26,Netherlands,Centre-Back,CB,5500000.0,Eintracht Frankfurt,Germany,0.0,1,2020.csv
2020,Premier League,Newcastle United,summer,out,Danny Rose,50174,30,England,Left-Back,LB,16000000.0,Tottenham Hotspur,England,0.0,1,2020.csv
2020,Premier League,Newcastle United,summer,out,Valentino Lazaro,186368,24,Austria,Right-Back,RB,15000000.0,Inter Milan,Italy,0.0,1,2020.csv
2020,Premier League,Newcastle United,summer,out,Nabil Bentaleb,245537,25,Algeria,Defensive Midfield,DM,4000000.0,FC Schalke 04,Germany,0.0,1,2020.csv
2020,Premier League,Newcastle United,winter,out,Rolando Aarons,258188,25,Jamaica,Left Winger,LW,400000.0,Huddersfield Town,England,0.0,0,2020.csv
2020,Premier League,Newcastle United,winter,out,DeAndre Yedlin,255916,27,United States,Right-Back,RB,5000000.0,Galatasaray,Türkiye,0.0,0,2020.csv
2020,Premier League,Newcastle United,winter,out,Achraf Lazaar,139173,29,Morocco,Left Midfield,LM,350000.0,Watford FC,England,0.0,0,2020.csv
2020,Premier League,Sheffield United,summer,in,Rhian Brewster,406560,20,England,Centre-Forward,CF,5400000.0,Liverpool FC U23,England,26000000.0,0,2020.csv
2020,Premier League,Sheffield United,summer,in,Aaron Ramsdale,427568,22,England,Goalkeeper,GK,12500000.0,AFC Bournemouth,England,20500000.0,0,2020.csv
2020,Premier League,Sheffield United,summer,in,Oliver Burke,341317,23,Scotland,Centre-Forward,CF,4800000.0,West Bromwich Albion,England,6500000.0,0,2020.csv
2020,Premier League,Sheffield United,summer,in,Jayden Bogle,465717,20,England,Right-Back,RB,6300000.0,Derby County,England,3850000.0,0,2020.csv
2020,Premier League,Sheffield United,summer,in,Max Lowe,258885,23,England,Left-Back,LB,1600000.0,Derby County,England,3850000.0,0,2020.csv
2020,Premier League,Sheffield United,summer,in,Ismaila Coulibaly,490224,19,Mali,Central Midfield,CM,100000.0,Sarpsborg 08 FF,Norway,2000000.0,0,2020.csv
2020,Premier League,Sheffield United,summer,in,Wes Foderingham,61697,29,England,Goalkeeper,GK,400000.0,Rangers FC,Scotland,0.0,0,2020.csv
2020,Premier League,Sheffield United,summer,in,Ethan Ampadu,392771,19,Wales,Defensive Midfield,DM,9000000.0,Chelsea FC,England,0.0,1,2020.csv
2020,Premier League,Sheffield United,summer,out,Ravel Morrison,128907,27,Jamaica,Attacking Midfield,AM,600000.0,ADO Den Haag,Netherlands,0.0,0,2020.csv
2020,Premier League,Sheffield United,summer,out,Mark Duffy,105565,34,England,Central Midfield,CM,,Fleetwood Town,England,0.0,0,2020.csv
2020,Premier League,Sheffield United,summer,out,Leon Clarke,36859,35,England,Centre-Forward,CF,300000.0,Shrewsbury Town,England,0.0,0,2020.csv
2020,Premier League,Sheffield United,summer,out,Ismaila Coulibaly,490224,19,Mali,Central Midfield,CM,100000.0,Beerschot VA,Belgium,0.0,1,2020.csv
2020,Premier League,Sheffield United,summer,out,Callum Robinson,183299,25,Ireland,Centre-Forward,CF,5500000.0,West Bromwich Albion,England,,0,2020.csv
2020,Premier League,Sheffield United,summer,out,Luke Freeman,66923,28,England,Attacking Midfield,AM,2800000.0,Nottingham Forest,England,0.0,1,2020.csv
2020,Premier League,Sheffield United,summer,out,Rhys Norrington-Davies,543164,21,Wales,Left-Back,LB,,Luton Town,England,0.0,1,2020.csv
2020,Premier League,Sheffield United,summer,out,Jake Eastwood,526873,23,England,Goalkeeper,GK,100000.0,Kilmarnock FC,Scotland,0.0,1,2020.csv
2020,Premier League,Sheffield United,summer,out,Kieron Freeman,158703,28,Wales,Right-Back,RB,1200000.0,Without Club,,,0,2020.csv
2020,Premier League,Sheffield United,summer,out,Nathan Thomas,222024,25,England,Left Winger,LW,250000.0,Without Club,,,0,2020.csv
2020,Premier League,Sheffield United,summer,out,Ben Heneghan,156939,26,England,Centre-Back,CB,400000.0,Without Club,,,0,2020.csv
2020,Premier League,Sheffield United,summer,out,Ricky Holmes,156899,33,England,Left Winger,LW,,Without Club,,,0,2020.csv
2020,Premier League,Sheffield United,summer,out,Dean Henderson,258919,23,England,Goalkeeper,GK,20000000.0,Manchester United U23,England,0.0,1,2020.csv
2020,Premier League,Sheffield United,summer,out,Ethan Ampadu,392771,20,Wales,Defensive Midfield,DM,15000000.0,Chelsea FC,England,0.0,1,2020.csv
2020,Premier League,Sheffield United,summer,out,Panagiotis Retsos,324351,21,Greece,Centre-Back,CB,8000000.0,Bayer 04 Leverkusen,Germany,0.0,1,2020.csv
2020,Premier League,Sheffield United,summer,out,Richairo Zivkovic,252755,23,Curacao,Centre-Forward,CF,650000.0,Changchun Yatai,China,0.0,1,2020.csv
2020,Premier League,Sheffield United,winter,out,Rhys Norrington-Davies,543164,21,Wales,Left-Back,LB,500000.0,Stoke City,England,0.0,1,2020.csv
2020,Premier League,Sheffield United,winter,out,Michael Verrips,288259,24,Netherlands,Goalkeeper,GK,800000.0,FC Emmen,Netherlands,0.0,1,2020.csv
2020,Premier League,Sheffield United,winter,out,Jake Eastwood,526873,24,England,Goalkeeper,GK,100000.0,Grimsby Town,England,0.0,1,2020.csv
2020,Premier League,Southampton FC,summer,in,Kyle Walker-Peters,341051,23,England,Right-Back,RB,8000000.0,Tottenham Hotspur,England,13300000.0,0,2020.csv
2020,Premier League,Southampton FC,summer,in,Mohammed Salisu,563963,21,Ghana,Centre-Back,CB,12000000.0,Real Valladolid CF,Spain,12000000.0,0,2020.csv
2020,Premier League,Southampton FC,summer,in,Ibrahima Diallo,413032,21,France,Defensive Midfield,DM,15000000.0,Stade Brestois 29,France,12000000.0,0,2020.csv
2020,Premier League,Southampton FC,summer,in,Theo Walcott,33713,31,England,Right Winger,RW,12000000.0,Everton FC,England,0.0,1,2020.csv
2020,Premier League,Southampton FC,winter,in,Takumi Minamino,165793,26,Japan,Left Winger,LW,10000000.0,Liverpool FC,England,0.0,1,2020.csv
2020,Premier League,Southampton FC,summer,out,Pierre-Emile Højbjerg,167799,25,Denmark,Defensive Midfield,DM,20000000.0,Tottenham Hotspur,England,16600000.000000002,0,2020.csv
2020,Premier League,Southampton FC,summer,out,Harrison Reed,226973,25,England,Central Midfield,CM,2400000.0,Fulham FC,England,6500000.0,0,2020.csv
2020,Premier League,Southampton FC,summer,out,Mario Lemina,170934,26,Gabon,Defensive Midfield,DM,10000000.0,Fulham FC,England,2200000.0,1,2020.csv
2020,Premier League,Southampton FC,summer,out,Wesley Hoedt,253765,26,Netherlands,Centre-Back,CB,6500000.0,SS Lazio,Italy,1000000.0,1,2020.csv
2020,Premier League,Southampton FC,summer,out,Sofiane Boufal,232271,27,Morocco,Attacking Midfield,AM,8000000.0,Angers SCO,France,0.0,0,2020.csv
2020,Premier League,Southampton FC,summer,out,Cédric Soares,112988,28,Portugal,Right-Back,RB,8000000.0,Arsenal FC,England,0.0,0,2020.csv
2020,Premier League,Southampton FC,summer,out,Jack Rose,186923,25,England,Goalkeeper,GK,100000.0,Walsall FC,England,0.0,0,2020.csv
2020,Premier League,Southampton FC,summer,out,Maya Yoshida,81789,32,Japan,Centre-Back,CB,3800000.0,UC Sampdoria,Italy,0.0,0,2020.csv
2020,Premier League,Southampton FC,summer,out,Guido Carrillo,184672,29,Argentina,Centre-Forward,CF,4800000.0,Elche CF,Spain,0.0,0,2020.csv
2020,Premier League,Southampton FC,summer,out,Josh Sims,286919,23,England,Right Winger,RW,1600000.0,Doncaster Rovers,England,0.0,1,2020.csv
2020,Premier League,Southampton FC,summer,out,Jake Hesketh,315185,24,England,Attacking Midfield,AM,200000.0,Crawley Town,England,0.0,1,2020.csv
2020,Premier League,Southampton FC,summer,out,Angus Gunn,201574,24,Scotland,Goalkeeper,GK,4000000.0,Stoke City,England,0.0,1,2020.csv
2020,Premier League,Southampton FC,summer,out,Kyle Walker-Peters,341051,23,England,Right-Back,RB,8000000.0,Tottenham Hotspur,England,0.0,1,2020.csv
2020,Premier League,Southampton FC,summer,out,Theo Walcott,33713,32,England,Right Winger,RW,6000000.0,Everton FC,England,0.0,1,2020.csv
2020,Premier League,Southampton FC,summer,out,Kevin Danso,263236,21,Austria,Centre-Back,CB,6300000.0,FC Augsburg,Germany,0.0,1,2020.csv
2020,Premier League,Southampton FC,winter,out,Josh Sims,286919,23,England,Right Winger,RW,1600000.0,Doncaster Rovers,England,0.0,1,2020.csv
2020,Premier League,Southampton FC,winter,out,Shane Long,37304,34,Ireland,Centre-Forward,CF,2800000.0,AFC Bournemouth,England,0.0,1,2020.csv
2020,Premier League,Southampton FC,winter,out,Yan Valery,406008,21,Tunisia,Right-Back,RB,6300000.0,Birmingham City,England,0.0,1,2020.csv
2020,Premier League,Tottenham Hotspur,summer,in,Giovani Lo Celso,348795,24,Argentina,Attacking Midfield,AM,40000000.0,Real Betis Balompié,Spain,32000000.0,0,2020.csv
2020,Premier League,Tottenham Hotspur,summer,in,Sergio Reguilón,282429,23,Spain,Left-Back,LB,25000000.0,Real Madrid,Spain,30000000.0,0,2020.csv
2020,Premier League,Tottenham Hotspur,summer,in,Matt Doherty,171679,28,Ireland,Right-Back,RB,16000000.0,Wolverhampton Wanderers,England,16800000.0,0,2020.csv
2020,Premier League,Tottenham Hotspur,summer,in,Pierre-Emile Højbjerg,167799,25,Denmark,Defensive Midfield,DM,20000000.0,Southampton FC,England,16600000.000000002,0,2020.csv
2020,Premier League,Tottenham Hotspur,summer,in,Joe Rodon,297212,22,Wales,Centre-Back,CB,7000000.0,Swansea City,England,12100000.0,0,2020.csv
2020,Premier League,Tottenham Hotspur,summer,in,Carlos Vinícius,525287,25,Brazil,Centre-Forward,CF,20000000.0,SL Benfica,Portugal,3000000.0,1,2020.csv
2020,Premier League,Tottenham Hotspur,summer,in,Joe Hart,40204,33,England,Goalkeeper,GK,2400000.0,Burnley FC,England,0.0,0,2020.csv
2020,Premier League,Tottenham Hotspur,summer,in,Gareth Bale,39381,31,Wales,Right Winger,RW,28000000.0,Real Madrid,Spain,0.0,1,2020.csv
2020,Premier League,Tottenham Hotspur,summer,out,Kyle Walker-Peters,341051,23,England,Right-Back,RB,8000000.0,Southampton FC,England,13300000.0,0,2020.csv
2020,Premier League,Tottenham Hotspur,summer,out,Jan Vertonghen,43250,33,Belgium,Centre-Back,CB,14500000.0,SL Benfica,Portugal,0.0,0,2020.csv
2020,Premier League,Tottenham Hotspur,summer,out,Oliver Skipp,406638,19,England,Defensive Midfield,DM,7200000.0,Norwich City,England,0.0,1,2020.csv
2020,Premier League,Tottenham Hotspur,summer,out,Juan Foyth,480763,22,Argentina,Centre-Back,CB,13500000.0,Villarreal CF,Spain,0.0,1,2020.csv
2020,Premier League,Tottenham Hotspur,summer,out,Ryan Sessegnon,392775,20,England,Left-Back,LB,25000000.0,TSG 1899 Hoffenheim,Germany,0.0,1,2020.csv
2020,Premier League,Tottenham Hotspur,summer,out,Cameron Carter-Vickers,341049,22,United States,Centre-Back,CB,2000000.0,AFC Bournemouth,England,0.0,1,2020.csv
2020,Premier League,Tottenham Hotspur,summer,out,Michel Vorm,26276,36,Netherlands,Goalkeeper,GK,,Retired,,,0,2020.csv
2020,Premier League,Tottenham Hotspur,summer,out,Giovani Lo Celso,348795,24,Argentina,Attacking Midfield,AM,40000000.0,Real Betis Balompié,Spain,0.0,1,2020.csv
2020,Premier League,Tottenham Hotspur,winter,out,Jack Clarke,559794,20,England,Left Winger,LW,5400000.0,Stoke City,England,0.0,1,2020.csv
2020,Premier League,Tottenham Hotspur,winter,out,Paulo Gazzaniga,195488,29,Argentina,Goalkeeper,GK,4000000.0,Elche CF,Spain,0.0,1,2020.csv
2020,Premier League,Tottenham Hotspur,winter,out,Gedson Fernandes,337800,22,Portugal,Central Midfield,CM,13500000.0,SL Benfica,Portugal,0.0,1,2020.csv
2020,Premier League,West Bromwich Albion,summer,in,Karlan Grant,314183,23,England,Centre-Forward,CF,8000000.0,Huddersfield Town,England,16500000.0,0,2020.csv
2020,Premier League,West Bromwich Albion,summer,in,Grady Diangana,342048,22,DR Congo,Right Winger,RW,4500000.0,West Ham United,England,13500000.0,0,2020.csv
2020,Premier League,West Bromwich Albion,summer,in,Matheus Pereira,225984,24,Brazil,Attacking Midfield,AM,9500000.0,Sporting CP,Portugal,8250000.0,0,2020.csv
2020,Premier League,West Bromwich Albion,summer,in,Cédric Kipré,364827,23,Cote d'Ivoire,Centre-Back,CB,1200000.0,Wigan Athletic,England,1100000.0,0,2020.csv
2020,Premier League,West Bromwich Albion,summer,in,David Button,61814,31,England,Goalkeeper,GK,1200000.0,Brighton & Hove Albion,England,1100000.0,0,2020.csv
2020,Premier League,West Bromwich Albion,summer,in,Branislav Ivanovic,36827,36,Serbia,Right-Back,RB,1000000.0,Zenit St. Petersburg,Russia,0.0,0,2020.csv
2020,Premier League,West Bromwich Albion,summer,in,Callum Robinson,183299,25,Ireland,Centre-Forward,CF,5500000.0,Sheffield United,England,,0,2020.csv
2020,Premier League,West Bromwich Albion,summer,in,Filip Krovinovic,261988,25,Croatia,Defensive Midfield,DM,3200000.0,SL Benfica,Portugal,0.0,1,2020.csv
2020,Premier League,West Bromwich Albion,summer,in,Conor Gallagher,488362,20,England,Central Midfield,CM,5400000.0,Chelsea FC U23,England,0.0,1,2020.csv
2020,Premier League,West Bromwich Albion,winter,in,Mbaye Diagne,271966,29,Senegal,Centre-Forward,CF,3200000.0,Galatasaray,Türkiye,1580000.0,1,2020.csv
2020,Premier League,West Bromwich Albion,winter,in,Robert Snodgrass,22614,33,Scotland,Right Winger,RW,4000000.0,West Ham United,England,110000.0,0,2020.csv
2020,Premier League,West Bromwich Albion,winter,in,Andy Lonergan,14044,37,England,Goalkeeper,GK,250000.0,Stoke City,England,0.0,0,2020.csv
2020,Premier League,West Bromwich Albion,winter,in,Okay Yokuşlu,137616,26,Türkiye,Defensive Midfield,DM,4000000.0,Celta de Vigo,Spain,0.0,1,2020.csv
2020,Premier League,West Bromwich Albion,winter,in,Ainsley Maitland-Niles,285845,23,England,Right-Back,RB,18000000.0,Arsenal FC,England,0.0,1,2020.csv
2020,Premier League,West Bromwich Albion,summer,out,Oliver Burke,341317,23,Scotland,Centre-Forward,CF,4800000.0,Sheffield United,England,6500000.0,0,2020.csv
2020,Premier League,West Bromwich Albion,summer,out,Jonathan Leko,314266,21,England,Right Winger,RW,1300000.0,Birmingham City,England,1100000.0,0,2020.csv
2020,Premier League,West Bromwich Albion,summer,out,Ahmed Hegazy,111524,29,Egypt,Centre-Back,CB,3500000.0,Al-Ittihad Club,Saudi Arabia,500000.0,1,2020.csv
2020,Premier League,West Bromwich Albion,summer,out,Nathan Ferguson,507254,19,England,Centre-Back,CB,4000000.0,Crystal Palace,England,0.0,0,2020.csv
2020,Premier League,West Bromwich Albion,summer,out,Chris Brunt,36814,35,Northern Ireland,Central Midfield,CM,600000.0,Bristol City,England,0.0,0,2020.csv
2020,Premier League,West Bromwich Albion,summer,out,Josh Griffiths,565979,18,England,Goalkeeper,GK,,Cheltenham Town,England,0.0,1,2020.csv
2020,Premier League,West Bromwich Albion,summer,out,Alex Palmer,245625,24,England,Goalkeeper,GK,,Lincoln City,England,0.0,1,2020.csv
2020,Premier League,West Bromwich Albion,summer,out,Kenneth Zohore,135213,26,Denmark,Centre-Forward,CF,3500000.0,Millwall FC,England,0.0,1,2020.csv
2020,Premier League,West Bromwich Albion,summer,out,Gareth Barry,3291,39,England,Defensive Midfield,DM,325000.0,Retired,,,0,2020.csv
2020,Premier League,West Bromwich Albion,summer,out,Ali Al-Habsi,26633,38,Oman,Goalkeeper,GK,250000.0,Retired,,,0,2020.csv
2020,Premier League,West Bromwich Albion,summer,out,Filip Krovinovic,261988,24,Croatia,Defensive Midfield,DM,3200000.0,SL Benfica,Portugal,0.0,1,2020.csv
2020,Premier League,West Bromwich Albion,summer,out,Ainsley Maitland-Niles,285845,23,England,Right-Back,RB,18000000.0,Arsenal FC,England,0.0,1,2020.csv
2020,Premier League,West Bromwich Albion,summer,out,Conor Gallagher,488362,21,England,Central Midfield,CM,12000000.0,Chelsea FC U23,England,0.0,1,2020.csv
2020,Premier League,West Bromwich Albion,summer,out,Callum Robinson,183299,25,Ireland,Centre-Forward,CF,5500000.0,Sheffield United,England,0.0,1,2020.csv
2020,Premier League,West Bromwich Albion,summer,out,Matheus Pereira,225984,24,Brazil,Attacking Midfield,AM,9500000.0,Sporting CP,Portugal,0.0,1,2020.csv
2020,Premier League,West Bromwich Albion,summer,out,Grady Diangana,342048,22,DR Congo,Right Winger,RW,4500000.0,West Ham United,England,0.0,1,2020.csv
2020,Premier League,West Bromwich Albion,winter,out,Jonathan Bond,130768,27,England,Goalkeeper,GK,250000.0,Los Angeles Galaxy,United States,0.0,0,2020.csv
2020,Premier League,West Bromwich Albion,winter,out,Charlie Austin,129627,31,England,Centre-Forward,CF,3200000.0,Queens Park Rangers,England,0.0,1,2020.csv
2020,Premier League,West Bromwich Albion,winter,out,Rekeem Harper,456877,20,England,Central Midfield,CM,2300000.0,Birmingham City,England,0.0,1,2020.csv
2020,Premier League,West Bromwich Albion,winter,out,Cédric Kipré,364827,24,Cote d'Ivoire,Centre-Back,CB,1200000.0,Royal Charleroi SC,Belgium,0.0,1,2020.csv
2020,Premier League,West Bromwich Albion,winter,out,Sam Field,387331,22,England,Defensive Midfield,DM,1000000.0,Queens Park Rangers,England,0.0,1,2020.csv
2020,Premier League,West Bromwich Albion,winter,out,Filip Krovinovic,261988,25,Croatia,Defensive Midfield,DM,6500000.0,SL Benfica,Portugal,0.0,1,2020.csv
2020,Premier League,West Ham United,summer,in,Tomáš Souček,283628,25,Czech Republic,Defensive Midfield,DM,12000000.0,SK Slavia Prague,Czech Republic,16200000.0,0,2020.csv
2020,Premier League,West Ham United,summer,in,Vladimír Coufal,157672,28,Czech Republic,Right-Back,RB,2000000.0,SK Slavia Prague,Czech Republic,6000000.0,0,2020.csv
2020,Premier League,West Ham United,summer,in,Saïd Benrahma,290532,25,Algeria,Left Winger,LW,22000000.0,Brentford FC,England,4400000.0,1,2020.csv
2020,Premier League,West Ham United,summer,in,Craig Dawson,121477,30,England,Centre-Back,CB,4800000.0,Watford FC,England,1100000.0,1,2020.csv
2020,Premier League,West Ham United,winter,in,Saïd Benrahma,290532,25,Algeria,Left Winger,LW,22000000.0,Brentford FC,England,23100000.0,0,2020.csv
2020,Premier League,West Ham United,winter,in,Jesse Lingard,141660,28,England,Attacking Midfield,AM,10000000.0,Manchester United,England,2300000.0,1,2020.csv
2020,Premier League,West Ham United,winter,in,Frederik Alves,542690,21,Denmark,Centre-Back,CB,400000.0,Silkeborg IF,Denmark,1600000.0,0,2020.csv
2020,Premier League,West Ham United,summer,out,Grady Diangana,342048,22,DR Congo,Right Winger,RW,4500000.0,West Bromwich Albion,England,13500000.0,0,2020.csv
2020,Premier League,West Ham United,summer,out,Albian Ajeti,195906,23,Switzerland,Centre-Forward,CF,4800000.0,Celtic FC,Scotland,5500000.0,0,2020.csv
2020,Premier League,West Ham United,summer,out,Jordan Hugill,291544,28,England,Centre-Forward,CF,5500000.0,Norwich City,England,3300000.0,0,2020.csv
2020,Premier League,West Ham United,summer,out,Josh Cullen,242606,24,Ireland,Central Midfield,CM,1200000.0,RSC Anderlecht,Belgium,500000.0,0,2020.csv
2020,Premier League,West Ham United,summer,out,Roberto,37403,34,Spain,Goalkeeper,GK,800000.0,Real Valladolid CF,Spain,0.0,0,2020.csv
2020,Premier League,West Ham United,summer,out,Xande Silva,258011,23,Portugal,Left Winger,LW,800000.0,Aris Thessaloniki,Greece,0.0,1,2020.csv
2020,Premier League,West Ham United,summer,out,Felipe Anderson,159372,27,Brazil,Right Winger,RW,25000000.0,FC Porto,Portugal,0.0,1,2020.csv
2020,Premier League,West Ham United,summer,out,Carlos Sánchez,51226,34,Colombia,Defensive Midfield,DM,1200000.0,Without Club,,,0,2020.csv
2020,Premier League,West Ham United,summer,out,Pablo Zabaleta,20007,35,Argentina,Right-Back,RB,,Retired,,,0,2020.csv
2020,Premier League,West Ham United,summer,out,Jack Wilshere,74223,28,England,Central Midfield,CM,4800000.0,Without Club,,,0,2020.csv
2020,Premier League,West Ham United,summer,out,Craig Dawson,121477,31,England,Centre-Back,CB,5000000.0,Watford FC,England,0.0,1,2020.csv
2020,Premier League,West Ham United,summer,out,Tomáš Souček,283628,25,Czech Republic,Defensive Midfield,DM,12000000.0,SK Slavia Prague,Czech Republic,0.0,1,2020.csv
2020,Premier League,West Ham United,summer,out,Jesse Lingard,141660,28,England,Attacking Midfield,AM,22000000.0,Manchester United,England,0.0,1,2020.csv
2020,Premier League,West Ham United,winter,out,Sébastien Haller,181375,26,Cote d'Ivoire,Centre-Forward,CF,30000000.0,Ajax Amsterdam,Netherlands,22500000.0,0,2020.csv
2020,Premier League,West Ham United,winter,out,Robert Snodgrass,22614,33,Scotland,Right Winger,RW,4000000.0,West Bromwich Albion,England,110000.0,0,2020.csv
2020,Premier League,West Ham United,winter,out,Winston Reid,37526,32,New Zealand,Centre-Back,CB,1500000.0,Brentford FC,England,0.0,1,2020.csv
2020,Premier League,West Ham United,winter,out,Saïd Benrahma,290532,25,Algeria,Left Winger,LW,22000000.0,Brentford FC,England,0.0,1,2020.csv
2020,Premier League,Wolverhampton Wanderers,summer,in,Fábio Silva,505653,18,Portugal,Centre-Forward,CF,12000000.0,FC Porto,Portugal,40000000.0,0,2020.csv
2020,Premier League,Wolverhampton Wanderers,summer,in,Nélson Semedo,231572,26,Portugal,Right-Back,RB,40000000.0,FC Barcelona,Spain,32000000.0,0,2020.csv
2020,Premier League,Wolverhampton Wanderers,summer,in,Ki-Jana Hoever,485583,18,Netherlands,Right-Back,RB,3600000.0,Liverpool FC U23,England,9800000.0,0,2020.csv
2020,Premier League,Wolverhampton Wanderers,summer,in,Marçal,137745,31,Brazil,Left-Back,LB,2400000.0,Olympique Lyon,France,2000000.0,0,2020.csv
2020,Premier League,Wolverhampton Wanderers,summer,in,Toti,606718,21,Portugal,Centre-Back,CB,,GD Estoril Praia,Portugal,789000.0,0,2020.csv
2020,Premier League,Wolverhampton Wanderers,summer,in,Matija Sarkic,293257,23,Montenegro,Goalkeeper,GK,100000.0,Aston Villa U23,England,0.0,0,2020.csv
2020,Premier League,Wolverhampton Wanderers,summer,in,Rayan Aït-Nouri,578391,19,Algeria,Left-Back,LB,20000000.0,Angers SCO,France,0.0,1,2020.csv
2020,Premier League,Wolverhampton Wanderers,summer,in,Vitinha,487469,20,Portugal,Defensive Midfield,DM,5000000.0,FC Porto,Portugal,0.0,1,2020.csv
2020,Premier League,Wolverhampton Wanderers,winter,in,Willian José,122155,29,Brazil,Centre-Forward,CF,20000000.0,Real Sociedad,Spain,3000000.0,1,2020.csv
2020,Premier League,Wolverhampton Wanderers,summer,out,Diogo Jota,340950,23,Portugal,Left Winger,LW,28000000.0,Liverpool FC,England,44700000.0,0,2020.csv
2020,Premier League,Wolverhampton Wanderers,summer,out,Hélder Costa,173900,26,Angola,Right Winger,RW,8000000.0,Leeds United,England,17700000.0,0,2020.csv
2020,Premier League,Wolverhampton Wanderers,summer,out,Matt Doherty,171679,28,Ireland,Right-Back,RB,16000000.0,Tottenham Hotspur,England,16800000.0,0,2020.csv
2020,Premier League,Wolverhampton Wanderers,summer,out,Ming-Yang Yang,184382,25,China,Defensive Midfield,DM,250000.0,Grasshopper Club Zurich,Switzerland,0.0,0,2020.csv
2020,Premier League,Wolverhampton Wanderers,summer,out,Jordan Graham,183283,25,England,Right Winger,RW,250000.0,Gillingham FC,England,0.0,0,2020.csv
2020,Premier League,Wolverhampton Wanderers,summer,out,Ryan Giles,504581,20,England,Left-Back,LB,,Coventry City,England,0.0,1,2020.csv
2020,Premier League,Wolverhampton Wanderers,summer,out,Will Norris,285033,27,England,Goalkeeper,GK,250000.0,Burnley FC,England,,0,2020.csv
2020,Premier League,Wolverhampton Wanderers,summer,out,Ryan Bennett,67252,30,England,Centre-Back,CB,4000000.0,Swansea City,England,,0,2020.csv
2020,Premier League,Wolverhampton Wanderers,summer,out,Rúben Vinagre,357158,21,Portugal,Left-Back,LB,9000000.0,Olympiacos Piraeus,Greece,0.0,1,2020.csv
2020,Premier League,Wolverhampton Wanderers,summer,out,Léo Bonatini,181781,26,Brazil,Centre-Forward,CF,2800000.0,Grasshopper Club Zurich,Switzerland,0.0,1,2020.csv
2020,Premier League,Wolverhampton Wanderers,summer,out,Leonardo Campana,606872,20,Ecuador,Centre-Forward,CF,1800000.0,FC Famalicão,Portugal,0.0,1,2020.csv
2020,Premier League,Wolverhampton Wanderers,summer,out,Toti,606718,21,Portugal,Centre-Back,CB,,Grasshopper Club Zurich,Switzerland,0.0,1,2020.csv
2020,Premier League,Wolverhampton Wanderers,summer,out,Bruno Jordão,415646,21,Portugal,Defensive Midfield,DM,2300000.0,FC Famalicão,Portugal,0.0,1,2020.csv
2020,Premier League,Wolverhampton Wanderers,summer,out,Matija Sarkic,293257,23,Montenegro,Goalkeeper,GK,100000.0,Shrewsbury Town,England,0.0,1,2020.csv
2020,Premier League,Wolverhampton Wanderers,summer,out,Morgan Gibbs-White,429014,20,England,Attacking Midfield,AM,7200000.0,Swansea City,England,0.0,1,2020.csv
2020,Premier League,Wolverhampton Wanderers,summer,out,Connor Ronan,337787,22,Ireland,Central Midfield,CM,450000.0,Grasshopper Club Zurich,Switzerland,0.0,1,2020.csv
2020,Premier League,Wolverhampton Wanderers,summer,out,Renat Dadashov,335461,21,Azerbaijan,Centre-Forward,CF,350000.0,Grasshopper Club Zurich,Switzerland,0.0,1,2020.csv
2020,Premier League,Wolverhampton Wanderers,summer,out,Phil Ofosu-Ayeh,133858,28,Ghana,Right-Back,RB,300000.0,Without Club,,,0,2020.csv
2020,Premier League,Wolverhampton Wanderers,winter,out,Roderick Miranda,87856,29,Portugal,Centre-Back,CB,1500000.0,Gaziantep FK,Türkiye,0.0,0,2020.csv
2020,Premier League,Wolverhampton Wanderers,winter,out,Ryan Giles,504581,21,England,Left-Back,LB,1300000.0,Rotherham United,England,0.0,1,2020.csv
2020,Premier League,Wolverhampton Wanderers,winter,out,Rúben Vinagre,357158,21,Portugal,Left-Back,LB,9000000.0,FC Famalicão,Portugal,0.0,1,2020.csv
2020,Premier League,Wolverhampton Wanderers,winter,out,Oskar Buur,293283,22,Denmark,Right-Back,RB,500000.0,Grasshopper Club Zurich,Switzerland,0.0,1,2020.csv
2020,Premier League,Wolverhampton Wanderers,winter,out,Patrick Cutrone,265078,23,Italy,Centre-Forward,CF,12000000.0,Valencia CF,Spain,0.0,1,2020.csv
2021,Premier League,Arsenal FC,summer,in,Ben White,335721,23,England,Right-Back,RB,28000000.0,Brighton & Hove Albion,England,58500000.0,0,2021.csv
2021,Premier League,Arsenal FC,summer,in,Martin Ødegaard,316264,22,Norway,Attacking Midfield,AM,40000000.0,Real Madrid,Spain,35000000.0,0,2021.csv
2021,Premier League,Arsenal FC,summer,in,Aaron Ramsdale,427568,23,England,Goalkeeper,GK,12000000.0,Sheffield United,England,28000000.0,0,2021.csv
2021,Premier League,Arsenal FC,summer,in,Takehiro Tomiyasu,331560,22,Japan,Centre-Back,CB,20000000.0,Bologna FC 1909,Italy,18600000.0,0,2021.csv
2021,Premier League,Arsenal FC,summer,in,Albert Sambi Lokonga,381967,21,Belgium,Central Midfield,CM,12000000.0,RSC Anderlecht,Belgium,17500000.0,0,2021.csv
2021,Premier League,Arsenal FC,summer,in,Nuno Tavares,535955,21,Portugal,Left-Back,LB,7000000.0,SL Benfica,Portugal,8000000.0,0,2021.csv
2021,Premier League,Arsenal FC,winter,in,Auston Trusty,389253,23,United States,Centre-Back,CB,2000000.0,Colorado Rapids,United States,1800000.0,0,2021.csv
2021,Premier League,Arsenal FC,summer,out,Joe Willock,340329,21,England,Central Midfield,CM,16000000.0,Newcastle United,England,29400000.0,0,2021.csv
2021,Premier League,Arsenal FC,summer,out,Lucas Torreira,318077,25,Uruguay,Defensive Midfield,DM,20000000.0,ACF Fiorentina,Italy,1500000.0,1,2021.csv
2021,Premier League,Arsenal FC,summer,out,David Luiz,46741,34,Brazil,Centre-Back,CB,4000000.0,CR Flamengo,Brazil,0.0,0,2021.csv
2021,Premier League,Arsenal FC,summer,out,Willian,52769,33,Brazil,Left Winger,LW,9000000.0,Sport Club Corinthians Paulista,Brazil,0.0,0,2021.csv
2021,Premier League,Arsenal FC,summer,out,Dejan Iliev,205757,26,North Macedonia,Goalkeeper,GK,300000.0,SKF Sered,Slovakia,0.0,1,2021.csv
2021,Premier League,Arsenal FC,summer,out,William Saliba,495666,20,France,Centre-Back,CB,18000000.0,Olympique Marseille,France,0.0,1,2021.csv
2021,Premier League,Arsenal FC,summer,out,Mattéo Guendouzi,465830,22,France,Central Midfield,CM,20000000.0,Olympique Marseille,France,0.0,1,2021.csv
2021,Premier League,Arsenal FC,summer,out,Reiss Nelson,340325,21,England,Left Winger,LW,9000000.0,Feyenoord Rotterdam,Netherlands,0.0,1,2021.csv
2021,Premier League,Arsenal FC,summer,out,Rúnar Alex Rúnarsson,205657,26,Iceland,Goalkeeper,GK,1500000.0,Oud-Heverlee Leuven,Belgium,0.0,1,2021.csv
2021,Premier League,Arsenal FC,summer,out,Héctor Bellerín,191217,26,Spain,Right-Back,RB,25000000.0,Real Betis Balompié,Spain,0.0,1,2021.csv
2021,Premier League,Arsenal FC,summer,out,Martin Ødegaard,316264,22,Norway,Attacking Midfield,AM,40000000.0,Real Madrid,Spain,0.0,1,2021.csv
2021,Premier League,Arsenal FC,summer,out,Mathew Ryan,128969,29,Australia,Goalkeeper,GK,6000000.0,Brighton & Hove Albion,England,0.0,1,2021.csv
2021,Premier League,Arsenal FC,summer,out,Dani Ceballos,319745,24,Spain,Central Midfield,CM,27000000.0,Real Madrid,Spain,0.0,1,2021.csv
2021,Premier League,Arsenal FC,winter,out,Ainsley Maitland-Niles,285845,24,England,Right-Back,RB,12000000.0,AS Roma,Italy,500000.0,1,2021.csv
2021,Premier League,Arsenal FC,winter,out,Dejan Iliev,205757,26,North Macedonia,Goalkeeper,GK,350000.0,AS Trencin,Slovakia,0.0,0,2021.csv
2021,Premier League,Arsenal FC,winter,out,Sead Kolasinac,94005,28,Bosnia-Herzegovina,Centre-Back,CB,3000000.0,Olympique Marseille,France,0.0,0,2021.csv
2021,Premier League,Arsenal FC,winter,out,Calum Chambers,215118,27,England,Centre-Back,CB,12000000.0,Aston Villa,England,0.0,0,2021.csv
2021,Premier League,Arsenal FC,winter,out,Pierre-Emerick Aubameyang,58864,32,Gabon,Centre-Forward,CF,15000000.0,FC Barcelona,Spain,0.0,0,2021.csv
2021,Premier League,Arsenal FC,winter,out,Pablo Marí,210178,28,Spain,Centre-Back,CB,5000000.0,Udinese Calcio,Italy,0.0,1,2021.csv
2021,Premier League,Arsenal FC,winter,out,Auston Trusty,389253,23,United States,Centre-Back,CB,2000000.0,Colorado Rapids,United States,0.0,1,2021.csv
2021,Premier League,Aston Villa,summer,in,Emiliano Buendía,321247,24,Argentina,Attacking Midfield,AM,35000000.0,Norwich City,England,38400000.0,0,2021.csv
2021,Premier League,Aston Villa,summer,in,Leon Bailey,387626,23,Jamaica,Right Winger,RW,35000000.0,Bayer 04 Leverkusen,Germany,32000000.0,0,2021.csv
2021,Premier League,Aston Villa,summer,in,Danny Ings,134294,29,England,Centre-Forward,CF,22000000.0,Southampton FC,England,29400000.0,0,2021.csv
2021,Premier League,Aston Villa,summer,in,Ashley Young,14086,35,England,Right-Back,RB,1000000.0,Inter Milan,Italy,0.0,0,2021.csv
2021,Premier League,Aston Villa,summer,in,Axel Tuanzebe,342046,23,DR Congo,Centre-Back,CB,8000000.0,Manchester United,England,0.0,1,2021.csv
2021,Premier League,Aston Villa,winter,in,Lucas Digne,126664,28,France,Left-Back,LB,30000000.0,Everton FC,England,30000000.0,0,2021.csv
2021,Premier League,Aston Villa,winter,in,Calum Chambers,215118,27,England,Centre-Back,CB,12000000.0,Arsenal FC,England,0.0,0,2021.csv
2021,Premier League,Aston Villa,winter,in,Philippe Coutinho,80444,29,Brazil,Attacking Midfield,AM,18000000.0,FC Barcelona,Spain,0.0,1,2021.csv
2021,Premier League,Aston Villa,winter,in,Robin Olsen,75458,32,Sweden,Goalkeeper,GK,2000000.0,AS Roma,Italy,0.0,1,2021.csv
2021,Premier League,Aston Villa,summer,out,Jack Grealish,203460,25,England,Left Winger,LW,65000000.0,Manchester City,England,117500000.0,0,2021.csv
2021,Premier League,Aston Villa,summer,out,Ally Samatta,182201,28,Tanzania,Centre-Forward,CF,4200000.0,Fenerbahce,Türkiye,6000000.0,0,2021.csv
2021,Premier League,Aston Villa,summer,out,Björn Engels,193469,26,Belgium,Centre-Back,CB,3000000.0,Royal Antwerp FC,Belgium,3500000.0,0,2021.csv
2021,Premier League,Aston Villa,summer,out,Tom Heaton,34130,35,England,Goalkeeper,GK,1000000.0,Manchester United,England,0.0,0,2021.csv
2021,Premier League,Aston Villa,summer,out,Wesley Moraes,381362,24,Brazil,Centre-Forward,CF,13000000.0,Club Brugge KV,Belgium,0.0,1,2021.csv
2021,Premier League,Aston Villa,summer,out,Conor Hourihane,61653,30,Ireland,Central Midfield,CM,3500000.0,Sheffield United,England,0.0,1,2021.csv
2021,Premier League,Aston Villa,summer,out,Frédéric Guilbert,354352,26,France,Right-Back,RB,6000000.0,RC Strasbourg Alsace,France,0.0,1,2021.csv
2021,Premier League,Aston Villa,summer,out,Ahmed El Mohamady,66333,33,Egypt,Right-Back,RB,1500000.0,Retired,,,0,2021.csv
2021,Premier League,Aston Villa,summer,out,Neil Taylor,67416,32,Wales,Left-Back,LB,1500000.0,Without Club,,,0,2021.csv
2021,Premier League,Aston Villa,summer,out,Axel Tuanzebe,342046,24,DR Congo,Centre-Back,CB,8000000.0,Manchester United,England,0.0,1,2021.csv
2021,Premier League,Aston Villa,winter,out,Keinan Davis,412660,23,England,Centre-Forward,CF,3000000.0,Nottingham Forest,England,0.0,1,2021.csv
2021,Premier League,Aston Villa,winter,out,Anwar El Ghazi,183720,26,Netherlands,Right Winger,RW,10000000.0,Everton FC,England,0.0,1,2021.csv
2021,Premier League,Aston Villa,winter,out,Jaden Philogene,665390,19,England,Left Winger,LW,500000.0,Stoke City,England,0.0,1,2021.csv
2021,Premier League,Aston Villa,winter,out,Cameron Archer,533662,20,England,Centre-Forward,CF,500000.0,Preston North End,England,0.0,1,2021.csv
2021,Premier League,Aston Villa,winter,out,Matt Targett,250478,26,England,Left-Back,LB,17000000.0,Newcastle United,England,0.0,1,2021.csv
2021,Premier League,Aston Villa,winter,out,Jed Steer,110867,29,England,Goalkeeper,GK,800000.0,Luton Town,England,0.0,1,2021.csv
2021,Premier League,Aston Villa,winter,out,Mahmoud Trezeguet,234189,27,Egypt,Left Winger,LW,10000000.0,Basaksehir FK,Türkiye,0.0,1,2021.csv
2021,Premier League,Aston Villa,winter,out,Wesley Moraes,381362,25,Brazil,Centre-Forward,CF,6000000.0,Sport Club Internacional,Brazil,0.0,1,2021.csv
2021,Premier League,Brentford FC,summer,in,Kristoffer Ajer,328658,23,Norway,Centre-Back,CB,7000000.0,Celtic FC,Scotland,15700000.0,0,2021.csv
2021,Premier League,Brentford FC,summer,in,Frank Onyeka,421637,23,Nigeria,Central Midfield,CM,6000000.0,FC Midtjylland,Denmark,10000000.0,0,2021.csv
2021,Premier League,Brentford FC,summer,in,Yoane Wissa,388165,24,DR Congo,Centre-Forward,CF,10000000.0,FC Lorient,France,10000000.0,0,2021.csv
2021,Premier League,Brentford FC,summer,in,Myles Peart-Harris,587002,18,Jamaica,Attacking Midfield,AM,,Chelsea FC U23,England,1500000.0,0,2021.csv
2021,Premier League,Brentford FC,summer,in,Álvaro Fernández,453704,23,Spain,Goalkeeper,GK,4000000.0,SD Huesca,Spain,1000000.0,1,2021.csv
2021,Premier League,Brentford FC,summer,in,Zanka,52059,31,Denmark,Centre-Back,CB,1500000.0,Fenerbahce,Türkiye,0.0,0,2021.csv
2021,Premier League,Brentford FC,winter,in,Jonas Lössl,48870,32,Denmark,Goalkeeper,GK,1000000.0,FC Midtjylland,Denmark,0.0,1,2021.csv
2021,Premier League,Brentford FC,winter,in,Christian Eriksen,69633,29,Denmark,Attacking Midfield,AM,15000000.0,Without Club,,,0,2021.csv
2021,Premier League,Brentford FC,summer,out,Halil Dervişoğlu,465606,21,Türkiye,Centre-Forward,CF,2900000.0,Galatasaray,Türkiye,1000000.0,1,2021.csv
2021,Premier League,Brentford FC,summer,out,Henrik Dalsgaard,93315,31,Denmark,Centre-Back,CB,2000000.0,FC Midtjylland,Denmark,0.0,0,2021.csv
2021,Premier League,Brentford FC,summer,out,Luke Daniels,45921,33,England,Goalkeeper,GK,400000.0,Middlesbrough FC,England,0.0,0,2021.csv
2021,Premier League,Brentford FC,summer,out,Emiliano Marcondes,232964,26,Denmark,Attacking Midfield,AM,2800000.0,AFC Bournemouth,England,0.0,0,2021.csv
2021,Premier League,Brentford FC,summer,out,Ellery Balcombe,456292,21,England,Goalkeeper,GK,300000.0,Burton Albion,England,0.0,1,2021.csv
2021,Premier League,Brentford FC,summer,out,Patrik Gunnarsson,429563,20,Iceland,Goalkeeper,GK,400000.0,Viking FK,Norway,0.0,1,2021.csv
2021,Premier League,Brentford FC,winter,out,Dominic Thompson,503688,21,England,Left-Back,LB,800000.0,Ipswich Town,England,0.0,1,2021.csv
2021,Premier League,Brentford FC,winter,out,Luka Racic,345587,22,Denmark,Centre-Back,CB,250000.0,HB Köge,Denmark,0.0,1,2021.csv
2021,Premier League,Brentford FC,winter,out,Ellery Balcombe,456292,22,England,Goalkeeper,GK,300000.0,Bromley FC,England,0.0,1,2021.csv
2021,Premier League,Brentford FC,winter,out,Jan Zamburek,487924,20,Czech Republic,Central Midfield,CM,800000.0,Viborg FF,Denmark,,0,2021.csv
2021,Premier League,Brentford FC,winter,out,Patrik Gunnarsson,429563,21,Iceland,Goalkeeper,GK,500000.0,Viking FK,Norway,,0,2021.csv
2021,Premier League,Brentford FC,winter,out,Joel Valencia,175451,27,Ecuador,Attacking Midfield,AM,400000.0,AD Alcorcón,Spain,0.0,1,2021.csv
2021,Premier League,Brentford FC,winter,out,Mads Bidstrup,462832,20,Denmark,Central Midfield,CM,900000.0,FC Nordsjaelland,Denmark,0.0,1,2021.csv
2021,Premier League,Brentford FC,winter,out,Charlie Goode,376856,26,England,Centre-Back,CB,1000000.0,Sheffield United,England,0.0,1,2021.csv
2021,Premier League,Brentford FC,winter,out,Marcus Forss,404584,22,Finland,Centre-Forward,CF,4500000.0,Hull City,England,0.0,1,2021.csv
2021,Premier League,Brighton & Hove Albion,summer,in,Enock Mwepu,490307,23,Zambia,Central Midfield,CM,13000000.0,Red Bull Salzburg,Austria,23000000.0,0,2021.csv
2021,Premier League,Brighton & Hove Albion,summer,in,Marc Cucurella,284857,23,Spain,Left-Back,LB,20000000.0,Getafe CF,Spain,18000000.0,0,2021.csv
2021,Premier League,Brighton & Hove Albion,summer,in,Abdallah Sima,776798,20,Senegal,Left Winger,LW,11000000.0,SK Slavia Prague,Czech Republic,8000000.0,0,2021.csv
2021,Premier League,Brighton & Hove Albion,summer,in,Kjell Scherpen,463527,21,Netherlands,Goalkeeper,GK,2800000.0,Ajax Amsterdam,Netherlands,5000000.0,0,2021.csv
2021,Premier League,Brighton & Hove Albion,summer,in,Kaoru Mitoma,504849,24,Japan,Left Winger,LW,1800000.0,Kawasaki Frontale,Japan,3000000.0,0,2021.csv
2021,Premier League,Brighton & Hove Albion,summer,in,Jeremy Sarmiento,568005,19,Ecuador,Left Winger,LW,,SL Benfica U19,Portugal,580000.0,0,2021.csv
2021,Premier League,Brighton & Hove Albion,winter,in,Kacper Kozlowski,554284,18,Poland,Attacking Midfield,AM,10000000.0,Pogon Szczecin,Poland,11000000.0,0,2021.csv
2021,Premier League,Brighton & Hove Albion,winter,in,Deniz Undav,339314,25,Germany,Centre-Forward,CF,5000000.0,Union Saint-Gilloise,Belgium,7000000.0,0,2021.csv
2021,Premier League,Brighton & Hove Albion,summer,out,Ben White,335721,23,England,Right-Back,RB,28000000.0,Arsenal FC,England,58500000.0,0,2021.csv
2021,Premier League,Brighton & Hove Albion,summer,out,Percy Tau,312239,27,South Africa,Right Winger,RW,3000000.0,Al Ahly FC,Egypt,1800000.0,0,2021.csv
2021,Premier League,Brighton & Hove Albion,summer,out,Viktor Gyökeres,325443,23,Sweden,Centre-Forward,CF,1000000.0,Coventry City,England,1200000.0,0,2021.csv
2021,Premier League,Brighton & Hove Albion,summer,out,Alireza Jahanbakhsh,213268,27,Iran,Right Winger,RW,5000000.0,Feyenoord Rotterdam,Netherlands,1000000.0,0,2021.csv
2021,Premier League,Brighton & Hove Albion,summer,out,Michal Karbownik,401604,20,Poland,Left Midfield,LM,5000000.0,Olympiacos Piraeus,Greece,1000000.0,1,2021.csv
2021,Premier League,Brighton & Hove Albion,summer,out,Jan Mlakar,309180,22,Slovenia,Left Winger,LW,2000000.0,HNK Hajduk Split,Croatia,300000.0,0,2021.csv
2021,Premier League,Brighton & Hove Albion,summer,out,Mathew Ryan,128969,29,Australia,Goalkeeper,GK,6000000.0,Real Sociedad,Spain,0.0,0,2021.csv
2021,Premier League,Brighton & Hove Albion,summer,out,Davy Pröpper,79027,29,Netherlands,Central Midfield,CM,8000000.0,PSV Eindhoven,Netherlands,0.0,0,2021.csv
2021,Premier League,Brighton & Hove Albion,summer,out,José Izquierdo,147094,29,Colombia,Left Winger,LW,4000000.0,Club Brugge KV,Belgium,0.0,0,2021.csv
2021,Premier League,Brighton & Hove Albion,summer,out,Kaoru Mitoma,504849,24,Japan,Left Winger,LW,1800000.0,Union Saint-Gilloise,Belgium,0.0,1,2021.csv
2021,Premier League,Brighton & Hove Albion,summer,out,Bernardo,364258,26,Brazil,Centre-Back,CB,4000000.0,Red Bull Salzburg,Austria,,0,2021.csv
2021,Premier League,Brighton & Hove Albion,summer,out,Florin Andone,177065,28,Romania,Centre-Forward,CF,2000000.0,Cádiz CF,Spain,0.0,1,2021.csv
2021,Premier League,Brighton & Hove Albion,summer,out,Jan Paul van Hecke,576314,21,Netherlands,Centre-Back,CB,2200000.0,Blackburn Rovers,England,0.0,1,2021.csv
2021,Premier League,Brighton & Hove Albion,summer,out,Andi Zeqiri,345468,22,Switzerland,Centre-Forward,CF,2500000.0,FC Augsburg,Germany,0.0,1,2021.csv
2021,Premier League,Brighton & Hove Albion,summer,out,Christian Walton,208379,25,England,Goalkeeper,GK,800000.0,Ipswich Town,England,0.0,1,2021.csv
2021,Premier League,Brighton & Hove Albion,summer,out,Leo Østigård,367284,21,Norway,Centre-Back,CB,3000000.0,Stoke City,England,0.0,1,2021.csv
2021,Premier League,Brighton & Hove Albion,summer,out,Abdallah Sima,776798,20,Senegal,Left Winger,LW,11000000.0,Stoke City,England,0.0,1,2021.csv
2021,Premier League,Brighton & Hove Albion,summer,out,Matt Clarke,307497,24,England,Centre-Back,CB,3000000.0,West Bromwich Albion,England,0.0,1,2021.csv
2021,Premier League,Brighton & Hove Albion,summer,out,Moisés Caicedo,687626,19,Ecuador,Defensive Midfield,DM,5000000.0,Beerschot VA,Belgium,0.0,1,2021.csv
2021,Premier League,Brighton & Hove Albion,winter,out,Dan Burn,134270,29,England,Centre-Back,CB,3500000.0,Newcastle United,England,15000000.0,0,2021.csv
2021,Premier League,Brighton & Hove Albion,winter,out,Jürgen Locadia,166240,28,Curacao,Centre-Forward,CF,3000000.0,VfL Bochum,Germany,0.0,0,2021.csv
2021,Premier League,Brighton & Hove Albion,winter,out,Billy Arce,450237,23,Ecuador,Left Winger,LW,600000.0,Independiente del Valle,Ecuador,0.0,0,2021.csv
2021,Premier League,Brighton & Hove Albion,winter,out,Kacper Kozlowski,554284,18,Poland,Attacking Midfield,AM,10000000.0,Union Saint-Gilloise,Belgium,0.0,1,2021.csv
2021,Premier League,Brighton & Hove Albion,winter,out,Deniz Undav,339314,25,Germany,Centre-Forward,CF,5000000.0,Union Saint-Gilloise,Belgium,0.0,1,2021.csv
2021,Premier League,Brighton & Hove Albion,winter,out,Christian Walton,208379,26,England,Goalkeeper,GK,800000.0,Ipswich Town,England,,0,2021.csv
2021,Premier League,Brighton & Hove Albion,winter,out,Aaron Connolly,434207,21,Ireland,Centre-Forward,CF,7000000.0,Middlesbrough FC,England,0.0,1,2021.csv
2021,Premier League,Brighton & Hove Albion,winter,out,Leo Østigård,367284,22,Norway,Centre-Back,CB,3000000.0,Genoa CFC,Italy,0.0,1,2021.csv
2021,Premier League,Brighton & Hove Albion,winter,out,Taylor Richards,484551,21,England,Central Midfield,CM,400000.0,Birmingham City,England,0.0,1,2021.csv
2021,Premier League,Brighton & Hove Albion,winter,out,Kjell Scherpen,463527,22,Netherlands,Goalkeeper,GK,2800000.0,KV Oostende (-2024),Belgium,0.0,1,2021.csv
2021,Premier League,Burnley FC,summer,in,Maxwel Cornet,234781,24,Cote d'Ivoire,Left Winger,LW,12000000.0,Olympique Lyon,France,15000000.0,0,2021.csv
2021,Premier League,Burnley FC,summer,in,Nathan Collins,469050,20,Ireland,Centre-Back,CB,8000000.0,Stoke City,England,14000000.0,0,2021.csv
2021,Premier League,Burnley FC,summer,in,Connor Roberts,214666,25,Wales,Right-Back,RB,4500000.0,Swansea City,England,2900000.0,0,2021.csv
2021,Premier League,Burnley FC,summer,in,Aaron Lennon,14221,34,England,Right Winger,RW,1100000.0,Kayserispor,Türkiye,0.0,0,2021.csv
2021,Premier League,Burnley FC,summer,in,Wayne Hennessey,45494,34,Wales,Goalkeeper,GK,1000000.0,Crystal Palace,England,0.0,0,2021.csv
2021,Premier League,Burnley FC,winter,in,Wout Weghorst,228645,29,Netherlands,Centre-Forward,CF,20000000.0,VfL Wolfsburg,Germany,17500000.0,0,2021.csv
2021,Premier League,Burnley FC,summer,out,Ben Gibson,128904,28,England,Centre-Back,CB,7000000.0,Norwich City,England,9300000.0,0,2021.csv
2021,Premier League,Burnley FC,summer,out,Josh Benson,397102,21,England,Central Midfield,CM,400000.0,Barnsley FC,England,1200000.0,0,2021.csv
2021,Premier League,Burnley FC,summer,out,Jimmy Dunne,396174,23,Ireland,Right-Back,RB,600000.0,Queens Park Rangers,England,0.0,0,2021.csv
2021,Premier League,Burnley FC,summer,out,Bailey Peacock-Farrell,410436,24,Northern Ireland,Goalkeeper,GK,1000000.0,Sheffield Wednesday,England,0.0,1,2021.csv
2021,Premier League,Burnley FC,summer,out,Robbie Brady,128229,29,Ireland,Left Midfield,LM,3000000.0,Without Club,,,0,2021.csv
2021,Premier League,Burnley FC,winter,out,Chris Wood,108725,30,New Zealand,Centre-Forward,CF,6000000.0,Newcastle United,England,30000000.0,0,2021.csv
2021,Premier League,Chelsea FC,summer,in,Romelu Lukaku,96341,28,Belgium,Centre-Forward,CF,100000000.0,Inter Milan,Italy,113000000.0,0,2021.csv
2021,Premier League,Chelsea FC,summer,in,Saúl Ñíguez,148928,26,Spain,Central Midfield,CM,40000000.0,Atlético de Madrid,Spain,5000000.0,1,2021.csv
2021,Premier League,Chelsea FC,summer,in,Marcus Bettinelli,116648,29,England,Goalkeeper,GK,2500000.0,Fulham FC,England,0.0,0,2021.csv
2021,Premier League,Chelsea FC,summer,out,Tammy Abraham,331726,23,England,Centre-Forward,CF,38000000.0,AS Roma,Italy,41000000.0,0,2021.csv
2021,Premier League,Chelsea FC,summer,out,Fikayo Tomori,303254,23,England,Centre-Back,CB,28000000.0,AC Milan,Italy,35300000.0,0,2021.csv
2021,Premier League,Chelsea FC,summer,out,Kurt Zouma,157509,26,France,Centre-Back,CB,32000000.0,West Ham United,England,35000000.0,0,2021.csv
2021,Premier League,Chelsea FC,summer,out,Marc Guéhi,392757,21,England,Centre-Back,CB,10000000.0,Crystal Palace,England,23340000.0,0,2021.csv
2021,Premier League,Chelsea FC,summer,out,Davide Zappacosta,173859,29,Italy,Right Midfield,RM,8000000.0,Atalanta BC,Italy,9000000.0,0,2021.csv
2021,Premier League,Chelsea FC,summer,out,Victor Moses,59866,30,Nigeria,Right Winger,RW,6500000.0,Spartak Moscow,Russia,5000000.0,0,2021.csv
2021,Premier League,Chelsea FC,summer,out,Olivier Giroud,82442,34,France,Centre-Forward,CF,4000000.0,AC Milan,Italy,4800000.0,0,2021.csv
2021,Premier League,Chelsea FC,summer,out,Tiemoué Bakayoko,182618,27,France,Defensive Midfield,DM,20000000.0,AC Milan,Italy,3000000.0,1,2021.csv
2021,Premier League,Chelsea FC,summer,out,Kenedy,281404,25,Brazil,Left Winger,LW,10000000.0,CR Flamengo,Brazil,500000.0,1,2021.csv
2021,Premier League,Chelsea FC,summer,out,Emerson,181778,27,Italy,Left-Back,LB,14000000.0,Olympique Lyon,France,500000.0,1,2021.csv
2021,Premier League,Chelsea FC,summer,out,Michy Batshuayi,179184,27,Belgium,Centre-Forward,CF,10000000.0,Besiktas JK,Türkiye,150000.0,1,2021.csv
2021,Premier League,Chelsea FC,summer,out,Izzy Brown,245805,24,England,Left Winger,LW,1600000.0,Preston North End,England,0.0,0,2021.csv
2021,Premier League,Chelsea FC,summer,out,Danilo Pantic,222830,24,Serbia,Attacking Midfield,AM,800000.0,FK Partizan Belgrade,Serbia,0.0,0,2021.csv
2021,Premier League,Chelsea FC,summer,out,Marco van Ginkel,147034,28,Netherlands,Central Midfield,CM,1750000.0,PSV Eindhoven,Netherlands,0.0,0,2021.csv
2021,Premier League,Chelsea FC,summer,out,Billy Gilmour,423744,20,Scotland,Defensive Midfield,DM,10000000.0,Norwich City,England,0.0,1,2021.csv
2021,Premier League,Chelsea FC,summer,out,Jake Clarke-Salter,316551,23,England,Centre-Back,CB,2000000.0,Coventry City,England,0.0,1,2021.csv
2021,Premier League,Chelsea FC,summer,out,Matt Miazga,245893,26,United States,Centre-Back,CB,3000000.0,Deportivo Alavés,Spain,0.0,1,2021.csv
2021,Premier League,Chelsea FC,summer,out,Abdul Rahman Baba,224884,27,Ghana,Left-Back,LB,2500000.0,Reading FC,England,0.0,1,2021.csv
2021,Premier League,Chelsea FC,summer,out,Danny Drinkwater,73491,31,England,Central Midfield,CM,3000000.0,Reading FC,England,0.0,1,2021.csv
2021,Premier League,Chelsea FC,summer,out,Ethan Ampadu,392771,20,Wales,Defensive Midfield,DM,15000000.0,Venezia FC,Italy,0.0,1,2021.csv
2021,Premier League,Chelsea FC,summer,out,Jamal Blackman,128898,27,England,Goalkeeper,GK,600000.0,Without Club,,,0,2021.csv
2021,Premier League,Chelsea FC,summer,out,Willy Caballero,19948,39,Argentina,Goalkeeper,GK,250000.0,Without Club,,,0,2021.csv
2021,Premier League,Chelsea FC,winter,out,Lewis Baker,198589,26,England,Central Midfield,CM,2500000.0,Stoke City,England,0.0,0,2021.csv
2021,Premier League,Crystal Palace,summer,in,Marc Guéhi,392757,21,England,Centre-Back,CB,10000000.0,Chelsea FC,England,23340000.0,0,2021.csv
2021,Premier League,Crystal Palace,summer,in,Joachim Andersen,260827,25,Denmark,Centre-Back,CB,22000000.0,Olympique Lyon,France,17500000.0,0,2021.csv
2021,Premier League,Crystal Palace,summer,in,Odsonne Édouard,344152,23,France,Centre-Forward,CF,17000000.0,Celtic FC,Scotland,16300000.0,0,2021.csv
2021,Premier League,Crystal Palace,summer,in,Michael Olise,566723,19,France,Right Winger,RW,15000000.0,Reading FC,England,9300000.0,0,2021.csv
2021,Premier League,Crystal Palace,summer,in,Will Hughes,207014,26,England,Central Midfield,CM,7000000.0,Watford FC,England,7000000.0,0,2021.csv
2021,Premier League,Crystal Palace,summer,in,Remi Matthews,196722,27,England,Goalkeeper,GK,300000.0,Sunderland AFC,England,0.0,0,2021.csv
2021,Premier League,Crystal Palace,summer,in,Jacob Montes,497494,22,Nicaragua,Attacking Midfield,AM,75000.0,Georgetown Hoyas (Georgetown University),United States,0.0,0,2021.csv
2021,Premier League,Crystal Palace,summer,in,Conor Gallagher,488362,21,England,Central Midfield,CM,15000000.0,Chelsea FC U23,England,0.0,1,2021.csv
2021,Premier League,Crystal Palace,winter,in,Jean-Philippe Mateta,420002,24,France,Centre-Forward,CF,5000000.0,1.FSV Mainz 05,Germany,11000000.0,0,2021.csv
2021,Premier League,Crystal Palace,winter,in,Luke Plange,586986,19,England,Centre-Forward,CF,,Derby County,England,1180000.0,0,2021.csv
2021,Premier League,Crystal Palace,summer,out,James McCarthy,45333,30,Ireland,Central Midfield,CM,3000000.0,Celtic FC,Scotland,0.0,0,2021.csv
2021,Premier League,Crystal Palace,summer,out,Wayne Hennessey,45494,34,Wales,Goalkeeper,GK,1000000.0,Burnley FC,England,0.0,0,2021.csv
2021,Premier League,Crystal Palace,summer,out,Mamadou Sakho,47713,31,France,Centre-Back,CB,6000000.0,Montpellier HSC,France,0.0,0,2021.csv
2021,Premier League,Crystal Palace,summer,out,Patrick van Aanholt,52119,30,Netherlands,Left-Back,LB,7000000.0,Galatasaray,Türkiye,0.0,0,2021.csv
2021,Premier League,Crystal Palace,summer,out,Andros Townsend,61842,30,England,Right Winger,RW,7000000.0,Everton FC,England,0.0,0,2021.csv
2021,Premier League,Crystal Palace,summer,out,Scott Dann,62688,34,England,Centre-Back,CB,1500000.0,Reading FC,England,0.0,0,2021.csv
2021,Premier League,Crystal Palace,summer,out,Gary Cahill,27511,35,England,Centre-Back,CB,1500000.0,AFC Bournemouth,England,0.0,0,2021.csv
2021,Premier League,Crystal Palace,summer,out,Jacob Montes,497494,22,Nicaragua,Attacking Midfield,AM,75000.0,KVRS Waasland - SK Beveren,Belgium,0.0,1,2021.csv
2021,Premier League,Crystal Palace,summer,out,Sam Woods,611650,22,England,Centre-Back,CB,200000.0,Without Club,,,0,2021.csv
2021,Premier League,Crystal Palace,summer,out,Connor Wickham,95435,28,England,Centre-Forward,CF,1000000.0,Without Club,,,0,2021.csv
2021,Premier League,Crystal Palace,summer,out,Stephen Henderson,52191,33,Ireland,Goalkeeper,GK,300000.0,Without Club,,,0,2021.csv
2021,Premier League,Crystal Palace,summer,out,Conor Gallagher,488362,22,England,Central Midfield,CM,25000000.0,Chelsea FC U23,England,0.0,1,2021.csv
2021,Premier League,Crystal Palace,winter,out,Jacob Montes,497494,23,Nicaragua,Attacking Midfield,AM,150000.0,RWD Molenbeek,Belgium,0.0,1,2021.csv
2021,Premier League,Crystal Palace,winter,out,Luke Plange,586986,19,England,Centre-Forward,CF,,Derby County,England,0.0,1,2021.csv
2021,Premier League,Crystal Palace,winter,out,Jean-Philippe Mateta,420002,24,France,Centre-Forward,CF,5000000.0,1.FSV Mainz 05,Germany,0.0,1,2021.csv
2021,Premier League,Everton FC,summer,in,Demarai Gray,292417,25,Jamaica,Left Winger,LW,8000000.0,Bayer 04 Leverkusen,Germany,2000000.0,0,2021.csv
2021,Premier League,Everton FC,summer,in,Andy Lonergan,14044,37,England,Goalkeeper,GK,250000.0,West Bromwich Albion,England,0.0,0,2021.csv
2021,Premier League,Everton FC,summer,in,Andros Townsend,61842,30,England,Right Winger,RW,7000000.0,Crystal Palace,England,0.0,0,2021.csv
2021,Premier League,Everton FC,summer,in,Asmir Begovic,33873,34,Bosnia-Herzegovina,Goalkeeper,GK,1200000.0,AFC Bournemouth,England,0.0,0,2021.csv
2021,Premier League,Everton FC,summer,in,Salomón Rondón,80197,31,Venezuela,Centre-Forward,CF,5000000.0,Dalian Professional,China,0.0,0,2021.csv
2021,Premier League,Everton FC,winter,in,Vitaliy Mykolenko,404842,22,Ukraine,Left-Back,LB,17000000.0,Dynamo Kyiv,Ukraine,23500000.0,0,2021.csv
2021,Premier League,Everton FC,winter,in,Nathan Patterson,424015,20,Scotland,Right-Back,RB,3000000.0,Rangers FC,Scotland,14000000.0,0,2021.csv
2021,Premier League,Everton FC,winter,in,Dele Alli,207929,25,England,Attacking Midfield,AM,25000000.0,Tottenham Hotspur,England,0.0,0,2021.csv
2021,Premier League,Everton FC,winter,in,Anwar El Ghazi,183720,26,Netherlands,Right Winger,RW,10000000.0,Aston Villa,England,0.0,1,2021.csv
2021,Premier League,Everton FC,winter,in,Donny van de Beek,288255,24,Netherlands,Central Midfield,CM,25000000.0,Manchester United,England,0.0,1,2021.csv
2021,Premier League,Everton FC,summer,out,James Rodríguez,88103,30,Colombia,Attacking Midfield,AM,28000000.0,Al-Rayyan SC,Qatar,8000000.0,0,2021.csv
2021,Premier League,Everton FC,summer,out,Moise Kean,364135,21,Italy,Centre-Forward,CF,35000000.0,Juventus FC,Italy,7000000.0,1,2021.csv
2021,Premier League,Everton FC,summer,out,Bernard,175169,28,Brazil,Left Winger,LW,12000000.0,Sharjah FC,United Arab Emirates,1000000.0,0,2021.csv
2021,Premier League,Everton FC,summer,out,Theo Walcott,33713,32,England,Right Winger,RW,5000000.0,Southampton FC,England,0.0,0,2021.csv
2021,Premier League,Everton FC,summer,out,Matthew Pennington,220755,26,England,Centre-Back,CB,600000.0,Shrewsbury Town,England,0.0,0,2021.csv
2021,Premier League,Everton FC,summer,out,Yannick Bolasie,75471,32,DR Congo,Centre-Forward,CF,1500000.0,Caykur Rizespor,Türkiye,0.0,0,2021.csv
2021,Premier League,Everton FC,summer,out,Joshua King,91059,29,Norway,Centre-Forward,CF,8000000.0,Watford FC,England,0.0,0,2021.csv
2021,Premier League,Everton FC,summer,out,Beni Baningime,399369,22,DR Congo,Defensive Midfield,DM,1000000.0,Heart of Midlothian FC,Scotland,,0,2021.csv
2021,Premier League,Everton FC,summer,out,João Virgínia,329813,21,Portugal,Goalkeeper,GK,1000000.0,Sporting CP,Portugal,0.0,1,2021.csv
2021,Premier League,Everton FC,summer,out,Niels Nkounkou,591193,20,France,Left-Back,LB,3000000.0,Standard Liège,Belgium,0.0,1,2021.csv
2021,Premier League,Everton FC,summer,out,Muhamed Besic,93905,28,Bosnia-Herzegovina,Defensive Midfield,DM,1500000.0,Without Club,,,0,2021.csv
2021,Premier League,Everton FC,summer,out,Robin Olsen,75458,31,Sweden,Goalkeeper,GK,3000000.0,AS Roma,Italy,0.0,1,2021.csv
2021,Premier League,Everton FC,summer,out,Donny van de Beek,288255,25,Netherlands,Central Midfield,CM,25000000.0,Manchester United,England,0.0,1,2021.csv
2021,Premier League,Everton FC,winter,out,Lucas Digne,126664,28,France,Left-Back,LB,30000000.0,Aston Villa,England,30000000.0,0,2021.csv
2021,Premier League,Everton FC,winter,out,Jean-Philippe Gbamin,182894,26,Cote d'Ivoire,Defensive Midfield,DM,10000000.0,CSKA Moscow,Russia,0.0,1,2021.csv
2021,Premier League,Leeds United,summer,in,Daniel James,319301,23,Wales,Right Winger,RW,18000000.0,Manchester United,England,29100000.0,0,2021.csv
2021,Premier League,Leeds United,summer,in,Junior Firpo,374139,24,Dominican Republic,Left-Back,LB,8000000.0,FC Barcelona,Spain,15000000.0,0,2021.csv
2021,Premier League,Leeds United,summer,in,Jack Harrison,417346,24,England,Left Winger,LW,15000000.0,Manchester City,England,12800000.0,0,2021.csv
2021,Premier League,Leeds United,summer,in,Kristoffer Klaesson,418561,20,Norway,Goalkeeper,GK,2000000.0,Vålerenga Fotball Elite,Norway,2400000.0,0,2021.csv
2021,Premier League,Leeds United,summer,in,Leo Hjelde,661208,18,Norway,Left-Back,LB,300000.0,Celtic FC B,Scotland,,0,2021.csv
2021,Premier League,Leeds United,summer,out,Ouasim Bouy,126412,28,Morocco,Defensive Midfield,DM,250000.0,Al-Kharaitiyat SC,Qatar,0.0,0,2021.csv
2021,Premier League,Leeds United,summer,out,Robbie Gotts,534698,21,England,Central Midfield,CM,250000.0,Barrow AFC,England,0.0,0,2021.csv
2021,Premier League,Leeds United,summer,out,Jordan Stevens,533913,21,England,Attacking Midfield,AM,200000.0,Barrow AFC,England,0.0,0,2021.csv
2021,Premier League,Leeds United,summer,out,Pablo Hernández,46220,36,Spain,Right Winger,RW,800000.0,CD Castellón,Spain,0.0,0,2021.csv
2021,Premier League,Leeds United,summer,out,Ezgjan Alioski,129604,29,North Macedonia,Left-Back,LB,5000000.0,Al-Ahli SFC,Saudi Arabia,0.0,0,2021.csv
2021,Premier League,Leeds United,summer,out,Barry Douglas,91854,31,Scotland,Left-Back,LB,1500000.0,Lech Poznan,Poland,0.0,0,2021.csv
2021,Premier League,Leeds United,summer,out,Kiko Casilla,27486,34,Spain,Goalkeeper,GK,800000.0,Elche CF,Spain,0.0,1,2021.csv
2021,Premier League,Leeds United,summer,out,Leif Davis,596446,21,England,Left-Back,LB,800000.0,AFC Bournemouth,England,0.0,1,2021.csv
2021,Premier League,Leeds United,summer,out,Mateusz Bogusz,431475,19,Poland,Attacking Midfield,AM,1000000.0,UD Ibiza,Spain,0.0,1,2021.csv
2021,Premier League,Leeds United,summer,out,Ian Poveda,392763,21,Colombia,Right Winger,RW,1500000.0,Blackburn Rovers,England,0.0,1,2021.csv
2021,Premier League,Leeds United,summer,out,Hélder Costa,173900,27,Angola,Right Winger,RW,10000000.0,Valencia CF,Spain,0.0,1,2021.csv
2021,Premier League,Leeds United,summer,out,Eunan O'Kane,61583,30,Ireland,Central Midfield,CM,200000.0,Retired,,,0,2021.csv
2021,Premier League,Leeds United,summer,out,Gaetano Berardi,43084,32,Switzerland,Right-Back,RB,300000.0,Without Club,,,0,2021.csv
2021,Premier League,Leeds United,summer,out,Jack Harrison,417346,24,England,Left Winger,LW,15000000.0,Manchester City,England,0.0,1,2021.csv
2021,Premier League,Leeds United,winter,out,Cody Drameh,531957,20,England,Right-Back,RB,1000000.0,Cardiff City,England,0.0,1,2021.csv
2021,Premier League,Leicester City,summer,in,Patson Daka,365172,22,Zambia,Centre-Forward,CF,22000000.0,Red Bull Salzburg,Austria,30000000.0,0,2021.csv
2021,Premier League,Leicester City,summer,in,Boubakary Soumaré,344605,22,France,Defensive Midfield,DM,28000000.0,LOSC Lille,France,20000000.0,0,2021.csv
2021,Premier League,Leicester City,summer,in,Jannik Vestergaard,99331,29,Denmark,Centre-Back,CB,18000000.0,Southampton FC,England,17600000.0,0,2021.csv
2021,Premier League,Leicester City,summer,in,Ryan Bertrand,40611,31,England,Left-Back,LB,8000000.0,Southampton FC,England,0.0,0,2021.csv
2021,Premier League,Leicester City,summer,in,Ademola Lookman,406040,23,Nigeria,Second Striker,SS,11000000.0,RB Leipzig,Germany,0.0,1,2021.csv
2021,Premier League,Leicester City,summer,out,Rachid Ghezzal,118287,29,Algeria,Right Winger,RW,12000000.0,Besiktas JK,Türkiye,3000000.0,0,2021.csv
2021,Premier League,Leicester City,summer,out,Dennis Praet,129588,27,Belgium,Central Midfield,CM,18000000.0,Torino FC,Italy,1000000.0,1,2021.csv
2021,Premier League,Leicester City,summer,out,Christian Fuchs,6636,35,Austria,Left-Back,LB,800000.0,Charlotte Independence,United States,0.0,0,2021.csv
2021,Premier League,Leicester City,summer,out,Matty James,73522,29,England,Central Midfield,CM,1000000.0,Bristol City,England,0.0,0,2021.csv
2021,Premier League,Leicester City,summer,out,Sam Hughes,395797,24,England,Centre-Back,CB,,Burton Albion,England,0.0,1,2021.csv
2021,Premier League,Leicester City,summer,out,Daniel Iversen,260841,24,Denmark,Goalkeeper,GK,1200000.0,Preston North End,England,0.0,1,2021.csv
2021,Premier League,Leicester City,summer,out,Wes Morgan,10003,37,Jamaica,Centre-Back,CB,,Retired,,,0,2021.csv
2021,Premier League,Leicester City,summer,out,George Hirst,420808,22,Scotland,Centre-Forward,CF,800000.0,Portsmouth FC,England,0.0,1,2021.csv
2021,Premier League,Leicester City,summer,out,Cengiz Ünder,341647,23,Türkiye,Right Winger,RW,18000000.0,AS Roma,Italy,0.0,1,2021.csv
2021,Premier League,Leicester City,winter,out,Filip Benkovic,293168,24,Croatia,Centre-Back,CB,2000000.0,Udinese Calcio,Italy,0.0,0,2021.csv
2021,Premier League,Leicester City,winter,out,Sam Hughes,395797,24,England,Centre-Back,CB,,Burton Albion,England,,0,2021.csv
2021,Premier League,Liverpool FC,summer,in,Ibrahima Konaté,357119,22,France,Centre-Back,CB,35000000.0,RB Leipzig,Germany,40000000.0,0,2021.csv
2021,Premier League,Liverpool FC,winter,in,Luis Díaz,480692,25,Colombia,Left Winger,LW,40000000.0,FC Porto,Portugal,49000000.0,0,2021.csv
2021,Premier League,Liverpool FC,summer,out,Harry Wilson,279455,24,Wales,Right Winger,RW,17000000.0,Fulham FC,England,14000000.0,0,2021.csv
2021,Premier League,Liverpool FC,summer,out,Taiwo Awoniyi,295313,23,Nigeria,Centre-Forward,CF,5000000.0,1.FC Union Berlin,Germany,8550000.0,0,2021.csv
2021,Premier League,Liverpool FC,summer,out,Xherdan Shaqiri,86792,29,Switzerland,Attacking Midfield,AM,12000000.0,Olympique Lyon,France,6000000.0,0,2021.csv
2021,Premier League,Liverpool FC,summer,out,Marko Grujić,222813,25,Serbia,Defensive Midfield,DM,15000000.0,FC Porto,Portugal,1000000.0,1,2021.csv
2021,Premier League,Liverpool FC,summer,out,Georginio Wijnaldum,49499,30,Netherlands,Central Midfield,CM,30000000.0,Paris Saint-Germain,France,0.0,0,2021.csv
2021,Premier League,Liverpool FC,summer,out,Ben Davies,257097,26,England,Centre-Back,CB,3000000.0,Sheffield United,England,0.0,1,2021.csv
2021,Premier League,Liverpool FC,summer,out,Ben Woodburn,344015,21,Wales,Attacking Midfield,AM,2000000.0,Heart of Midlothian FC,Scotland,0.0,1,2021.csv
2021,Premier League,Liverpool FC,summer,out,Rhys Williams,503679,20,England,Centre-Back,CB,5000000.0,Swansea City,England,0.0,1,2021.csv
2021,Premier League,Liverpool FC,summer,out,Sheyi Ojo,236510,24,England,Right Winger,RW,3000000.0,Millwall FC,England,0.0,1,2021.csv
2021,Premier League,Liverpool FC,summer,out,Ozan Kabak,361260,21,Türkiye,Centre-Back,CB,25000000.0,FC Schalke 04,Germany,0.0,1,2021.csv
2021,Premier League,Liverpool FC,winter,out,Nat Phillips,371814,24,England,Centre-Back,CB,8000000.0,AFC Bournemouth,England,2100000.0,1,2021.csv
2021,Premier League,Liverpool FC,winter,out,Neco Williams,503680,20,Wales,Left-Back,LB,8000000.0,Fulham FC,England,0.0,1,2021.csv
2021,Premier League,Manchester City,summer,in,Jack Grealish,203460,25,England,Left Winger,LW,65000000.0,Aston Villa,England,117500000.0,0,2021.csv
2021,Premier League,Manchester City,summer,in,Scott Carson,14555,35,England,Goalkeeper,GK,300000.0,Derby County,England,0.0,0,2021.csv
2021,Premier League,Manchester City,winter,in,Julián Alvarez,576024,22,Argentina,Centre-Forward,CF,20000000.0,CA River Plate,Argentina,21400000.0,0,2021.csv
2021,Premier League,Manchester City,summer,out,Angeliño,277179,24,Spain,Left-Back,LB,35000000.0,RB Leipzig,Germany,18000000.0,0,2021.csv
2021,Premier League,Manchester City,summer,out,Jack Harrison,417346,24,England,Left Winger,LW,15000000.0,Leeds United,England,12800000.0,0,2021.csv
2021,Premier League,Manchester City,summer,out,Lukas Nmecha,314288,22,Germany,Centre-Forward,CF,12000000.0,VfL Wolfsburg,Germany,8000000.0,0,2021.csv
2021,Premier League,Manchester City,summer,out,Sergio Agüero,26399,33,Argentina,Centre-Forward,CF,18000000.0,FC Barcelona,Spain,0.0,0,2021.csv
2021,Premier League,Manchester City,summer,out,Eric García,466794,20,Spain,Centre-Back,CB,20000000.0,FC Barcelona,Spain,0.0,0,2021.csv
2021,Premier League,Manchester City,summer,out,Philippe Sandler,340460,24,Netherlands,Centre-Back,CB,2500000.0,ESTAC Troyes,France,0.0,1,2021.csv
2021,Premier League,Manchester City,summer,out,Patrick Roberts,225452,24,England,Right Winger,RW,2000000.0,ESTAC Troyes,France,0.0,1,2021.csv
2021,Premier League,Manchester City,summer,out,Arijanet Murić,371021,22,Kosovo,Goalkeeper,GK,1300000.0,Adana Demirspor,Türkiye,0.0,1,2021.csv
2021,Premier League,Manchester City,summer,out,Ryotaro Meshino,426666,23,Japan,Left Winger,LW,450000.0,GD Estoril Praia,Portugal,0.0,1,2021.csv
2021,Premier League,Manchester City,summer,out,Marlos Moreno,345654,24,Colombia,Left Winger,LW,1000000.0,KV Kortrijk,Belgium,0.0,1,2021.csv
2021,Premier League,Manchester City,summer,out,Daniel Arzani,399997,22,Australia,Right Winger,RW,600000.0,Lommel SK,Belgium,0.0,1,2021.csv
2021,Premier League,Manchester City,summer,out,Ko Itakura,355816,24,Japan,Centre-Back,CB,3500000.0,FC Schalke 04,Germany,0.0,1,2021.csv
2021,Premier League,Manchester City,summer,out,Yan Couto,627228,19,Brazil,Right-Back,RB,4000000.0,SC Braga,Portugal,0.0,1,2021.csv
2021,Premier League,Manchester City,summer,out,Erik Palmer-Brown,282199,24,United States,Centre-Back,CB,1500000.0,ESTAC Troyes,France,0.0,1,2021.csv
2021,Premier League,Manchester City,summer,out,Yangel Herrera,378293,23,Venezuela,Central Midfield,CM,18000000.0,RCD Espanyol Barcelona,Spain,0.0,1,2021.csv
2021,Premier League,Manchester City,summer,out,Issa Kaboré,649452,20,Burkina Faso,Right-Back,RB,3000000.0,ESTAC Troyes,France,0.0,1,2021.csv
2021,Premier League,Manchester City,summer,out,Taylor Harwood-Bellis,503977,19,England,Centre-Back,CB,3000000.0,RSC Anderlecht,Belgium,0.0,1,2021.csv
2021,Premier League,Manchester City,winter,out,Ferran Torres,398184,21,Spain,Centre-Forward,CF,45000000.0,FC Barcelona,Spain,55000000.0,0,2021.csv
2021,Premier League,Manchester City,winter,out,Patrick Roberts,225452,24,England,Right Winger,RW,1500000.0,Sunderland AFC,England,0.0,0,2021.csv
2021,Premier League,Manchester City,winter,out,Philippe Sandler,340460,24,Netherlands,Centre-Back,CB,2000000.0,Feyenoord Rotterdam,Netherlands,0.0,0,2021.csv
2021,Premier League,Manchester City,winter,out,Erik Palmer-Brown,282199,24,United States,Centre-Back,CB,1500000.0,ESTAC Troyes,France,0.0,0,2021.csv
2021,Premier League,Manchester City,winter,out,Julián Alvarez,576024,22,Argentina,Centre-Forward,CF,20000000.0,CA River Plate,Argentina,0.0,1,2021.csv
2021,Premier League,Manchester City,winter,out,Luka Ilic,429790,22,Serbia,Attacking Midfield,AM,800000.0,ESTAC Troyes,France,,0,2021.csv
2021,Premier League,Manchester City,winter,out,Taylor Harwood-Bellis,503977,19,England,Centre-Back,CB,3000000.0,Stoke City,England,0.0,1,2021.csv
2021,Premier League,Manchester United,summer,in,Jadon Sancho,401173,21,England,Left Winger,LW,100000000.0,Borussia Dortmund,Germany,85000000.0,0,2021.csv
2021,Premier League,Manchester United,summer,in,Raphaël Varane,164770,28,France,Centre-Back,CB,70000000.0,Real Madrid,Spain,40000000.0,0,2021.csv
2021,Premier League,Manchester United,summer,in,Cristiano Ronaldo,8198,36,Portugal,Centre-Forward,CF,45000000.0,Juventus FC,Italy,17000000.0,0,2021.csv
2021,Premier League,Manchester United,summer,in,Tom Heaton,34130,35,England,Goalkeeper,GK,1000000.0,Aston Villa,England,0.0,0,2021.csv
2021,Premier League,Manchester United,summer,out,Daniel James,319301,23,Wales,Right Winger,RW,18000000.0,Leeds United,England,29100000.0,0,2021.csv
2021,Premier League,Manchester United,summer,out,Andreas Pereira,203394,25,Brazil,Attacking Midfield,AM,8000000.0,CR Flamengo,Brazil,1000000.0,1,2021.csv
2021,Premier League,Manchester United,summer,out,Joel Pereira,192611,25,Portugal,Goalkeeper,GK,300000.0,RKC Waalwijk,Netherlands,0.0,0,2021.csv
2021,Premier League,Manchester United,summer,out,Tahith Chong,344830,21,Curacao,Attacking Midfield,AM,4000000.0,Birmingham City,England,0.0,1,2021.csv
2021,Premier League,Manchester United,summer,out,Facundo Pellistri,676318,19,Uruguay,Right Winger,RW,6000000.0,Deportivo Alavés,Spain,0.0,1,2021.csv
2021,Premier League,Manchester United,summer,out,Axel Tuanzebe,342046,23,DR Congo,Centre-Back,CB,8000000.0,Aston Villa,England,0.0,1,2021.csv
2021,Premier League,Manchester United,summer,out,James Garner,505219,20,England,Defensive Midfield,DM,4000000.0,Nottingham Forest,England,0.0,1,2021.csv
2021,Premier League,Manchester United,summer,out,Brandon Williams,507700,20,England,Left-Back,LB,10000000.0,Norwich City,England,0.0,1,2021.csv
2021,Premier League,Manchester United,summer,out,Sergio Romero,30690,34,Argentina,Goalkeeper,GK,1000000.0,Without Club,,,0,2021.csv
2021,Premier League,Manchester United,winter,out,Axel Tuanzebe,342046,24,DR Congo,Centre-Back,CB,8000000.0,SSC Napoli,Italy,1000000.0,1,2021.csv
2021,Premier League,Manchester United,winter,out,Teden Mengi,548470,19,England,Centre-Back,CB,2000000.0,Birmingham City,England,0.0,1,2021.csv
2021,Premier League,Manchester United,winter,out,Anthony Martial,182877,26,France,Centre-Forward,CF,32000000.0,Sevilla FC,Spain,0.0,1,2021.csv
2021,Premier League,Manchester United,winter,out,Amad Diallo,536835,19,Cote d'Ivoire,Right Winger,RW,18000000.0,Rangers FC,Scotland,0.0,1,2021.csv
2021,Premier League,Manchester United,winter,out,Donny van de Beek,288255,24,Netherlands,Central Midfield,CM,25000000.0,Everton FC,England,0.0,1,2021.csv
2021,Premier League,Newcastle United,summer,in,Joe Willock,340329,21,England,Central Midfield,CM,16000000.0,Arsenal FC,England,29400000.0,0,2021.csv
2021,Premier League,Newcastle United,winter,in,Bruno Guimarães,520624,24,Brazil,Central Midfield,CM,30000000.0,Olympique Lyon,France,42100000.0,0,2021.csv
2021,Premier League,Newcastle United,winter,in,Chris Wood,108725,30,New Zealand,Centre-Forward,CF,6000000.0,Burnley FC,England,30000000.0,0,2021.csv
2021,Premier League,Newcastle United,winter,in,Dan Burn,134270,29,England,Centre-Back,CB,3500000.0,Brighton & Hove Albion,England,15000000.0,0,2021.csv
2021,Premier League,Newcastle United,winter,in,Kieran Trippier,95810,31,England,Right-Back,RB,18000000.0,Atlético de Madrid,Spain,14000000.0,0,2021.csv
2021,Premier League,Newcastle United,winter,in,Matt Targett,250478,26,England,Left-Back,LB,17000000.0,Aston Villa,England,0.0,1,2021.csv
2021,Premier League,Newcastle United,summer,out,Christian Atsu,186997,29,Ghana,Left Winger,LW,1500000.0,Al-Raed SFC,Saudi Arabia,0.0,0,2021.csv
2021,Premier League,Newcastle United,summer,out,Yoshinori Muto,230541,29,Japan,Centre-Forward,CF,2500000.0,Vissel Kobe,Japan,0.0,0,2021.csv
2021,Premier League,Newcastle United,summer,out,Florian Lejeune,127108,30,France,Centre-Back,CB,4500000.0,Deportivo Alavés,Spain,,0,2021.csv
2021,Premier League,Newcastle United,summer,out,Matty Longstaff,484387,21,England,Central Midfield,CM,5000000.0,Aberdeen FC,Scotland,0.0,1,2021.csv
2021,Premier League,Newcastle United,summer,out,Andy Carroll,48066,32,England,Centre-Forward,CF,1500000.0,Without Club,,,0,2021.csv
2021,Premier League,Newcastle United,summer,out,Henri Saivet,51540,30,Senegal,Attacking Midfield,AM,800000.0,Without Club,,,0,2021.csv
2021,Premier League,Newcastle United,winter,out,Freddie Woodman,226049,24,England,Goalkeeper,GK,10000000.0,AFC Bournemouth,England,0.0,1,2021.csv
2021,Premier League,Newcastle United,winter,out,Jeff Hendrick,148262,30,Ireland,Central Midfield,CM,7000000.0,Queens Park Rangers,England,0.0,1,2021.csv
2021,Premier League,Newcastle United,winter,out,Matty Longstaff,484387,21,England,Central Midfield,CM,2500000.0,Mansfield Town,England,0.0,1,2021.csv
2021,Premier League,Newcastle United,winter,out,Matt Targett,250478,26,England,Left-Back,LB,17000000.0,Aston Villa,England,0.0,1,2021.csv
2021,Premier League,Norwich City,summer,in,Christos Tzolis,451677,19,Greece,Left Winger,LW,12000000.0,PAOK Thessaloniki,Greece,11000000.0,0,2021.csv
2021,Premier League,Norwich City,summer,in,Milot Rashica,291739,25,Kosovo,Right Winger,RW,9000000.0,SV Werder Bremen,Germany,11000000.0,0,2021.csv
2021,Premier League,Norwich City,summer,in,Josh Sargent,393325,21,United States,Centre-Forward,CF,8000000.0,SV Werder Bremen,Germany,9500000.0,0,2021.csv
2021,Premier League,Norwich City,summer,in,Ben Gibson,128904,28,England,Centre-Back,CB,7000000.0,Burnley FC,England,9300000.0,0,2021.csv
2021,Premier League,Norwich City,summer,in,Dimitrios Giannoulis,295630,25,Greece,Left-Back,LB,7000000.0,PAOK Thessaloniki,Greece,7500000.0,0,2021.csv
2021,Premier League,Norwich City,summer,in,Angus Gunn,201574,25,Scotland,Goalkeeper,GK,3000000.0,Southampton FC,England,5850000.0,0,2021.csv
2021,Premier League,Norwich City,summer,in,Pierre Lees-Melou,377393,28,France,Defensive Midfield,DM,7000000.0,OGC Nice,France,3900000.0,0,2021.csv
2021,Premier League,Norwich City,summer,in,Ozan Kabak,361260,21,Türkiye,Centre-Back,CB,25000000.0,FC Schalke 04,Germany,3500000.0,1,2021.csv
2021,Premier League,Norwich City,summer,in,Mathias Normann,257805,25,Norway,Defensive Midfield,DM,13000000.0,FC Rostov,Russia,2000000.0,1,2021.csv
2021,Premier League,Norwich City,summer,in,Brandon Williams,507700,20,England,Left-Back,LB,10000000.0,Manchester United,England,0.0,1,2021.csv
2021,Premier League,Norwich City,summer,in,Billy Gilmour,423744,20,Scotland,Defensive Midfield,DM,10000000.0,Chelsea FC,England,0.0,1,2021.csv
2021,Premier League,Norwich City,summer,out,Emiliano Buendía,321247,24,Argentina,Attacking Midfield,AM,35000000.0,Aston Villa,England,38400000.0,0,2021.csv
2021,Premier League,Norwich City,summer,out,Philip Heise,112617,30,Germany,Left-Back,LB,600000.0,Karlsruher SC,Germany,0.0,0,2021.csv
2021,Premier League,Norwich City,summer,out,Moritz Leitner,82243,28,Germany,Central Midfield,CM,800000.0,FC Zürich,Switzerland,0.0,0,2021.csv
2021,Premier League,Norwich City,summer,out,Tom Trybull,93831,28,Germany,Defensive Midfield,DM,1800000.0,Hannover 96,Germany,0.0,0,2021.csv
2021,Premier League,Norwich City,summer,out,Mario Vrancic,39372,32,Bosnia-Herzegovina,Central Midfield,CM,1500000.0,Stoke City,England,0.0,0,2021.csv
2021,Premier League,Norwich City,summer,out,Louis Thompson,207771,26,Wales,Central Midfield,CM,250000.0,Portsmouth FC,England,0.0,0,2021.csv
2021,Premier League,Norwich City,summer,out,Marco Stiepermann,45760,30,Germany,Attacking Midfield,AM,1500000.0,SC Paderborn 07,Germany,0.0,0,2021.csv
2021,Premier League,Norwich City,summer,out,Ørjan Nyland,73517,30,Norway,Goalkeeper,GK,1000000.0,AFC Bournemouth,England,0.0,0,2021.csv
2021,Premier League,Norwich City,summer,out,Jordan Hugill,291544,29,England,Centre-Forward,CF,2000000.0,West Bromwich Albion,England,0.0,1,2021.csv
2021,Premier League,Norwich City,summer,out,Daniel Adshead,532464,19,England,Central Midfield,CM,200000.0,Gillingham FC,England,0.0,1,2021.csv
2021,Premier League,Norwich City,summer,out,Akin Famewo,425713,22,England,Centre-Back,CB,100000.0,Charlton Athletic,England,0.0,1,2021.csv
2021,Premier League,Norwich City,summer,out,Onel Hernández,109751,28,Cuba,Left Winger,LW,2000000.0,Middlesbrough FC,England,0.0,1,2021.csv
2021,Premier League,Norwich City,summer,out,Danel Sinani,346499,24,Luxembourg,Attacking Midfield,AM,550000.0,Huddersfield Town,England,0.0,1,2021.csv
2021,Premier League,Norwich City,summer,out,Sam McCallum,618901,20,England,Left-Back,LB,3500000.0,Queens Park Rangers,England,0.0,1,2021.csv
2021,Premier League,Norwich City,summer,out,Sebastian Soto,605498,20,United States,Centre-Forward,CF,500000.0,FC Porto B,Portugal,0.0,1,2021.csv
2021,Premier League,Norwich City,summer,out,Daniel Barden,504042,20,Wales,Goalkeeper,GK,250000.0,Livingston FC,Scotland,0.0,1,2021.csv
2021,Premier League,Norwich City,summer,out,Josh Martin,547534,19,England,Left Winger,LW,1000000.0,Milton Keynes Dons,England,0.0,1,2021.csv
2021,Premier League,Norwich City,summer,out,Aston Oxborough,288948,23,England,Goalkeeper,GK,100000.0,Barnet FC,England,0.0,1,2021.csv
2021,Premier League,Norwich City,summer,out,Timm Klose,65255,33,Switzerland,Centre-Back,CB,300000.0,Without Club,,,0,2021.csv
2021,Premier League,Norwich City,summer,out,Brandon Williams,507700,21,England,Left-Back,LB,10000000.0,Manchester United,England,0.0,1,2021.csv
2021,Premier League,Norwich City,summer,out,Billy Gilmour,423744,20,Scotland,Defensive Midfield,DM,12000000.0,Chelsea FC,England,0.0,1,2021.csv
2021,Premier League,Norwich City,summer,out,Dimitrios Giannoulis,295630,25,Greece,Left-Back,LB,7000000.0,PAOK Thessaloniki,Greece,0.0,1,2021.csv
2021,Premier League,Norwich City,summer,out,Xavi Quintillà,204102,24,Spain,Left-Back,LB,2800000.0,Villarreal CF,Spain,0.0,1,2021.csv
2021,Premier League,Norwich City,winter,out,Bali Mumba,433186,20,England,Right-Back,RB,500000.0,Peterborough United,England,0.0,1,2021.csv
2021,Premier League,Norwich City,winter,out,Rocky Bushiri,511802,22,DR Congo,Centre-Back,CB,600000.0,Hibernian FC,Scotland,0.0,1,2021.csv
2021,Premier League,Norwich City,winter,out,Onel Hernández,109751,28,Cuba,Left Winger,LW,1500000.0,Birmingham City,England,0.0,1,2021.csv
2021,Premier League,Norwich City,winter,out,Josh Martin,547534,20,England,Left Winger,LW,1000000.0,Doncaster Rovers,England,0.0,1,2021.csv
2021,Premier League,Norwich City,winter,out,Sebastian Soto,605498,21,United States,Centre-Forward,CF,500000.0,Livingston FC,Scotland,0.0,1,2021.csv
2021,Premier League,Norwich City,winter,out,Jordan Hugill,291544,29,England,Centre-Forward,CF,1800000.0,Cardiff City,England,0.0,1,2021.csv
2021,Premier League,Norwich City,winter,out,Todd Cantwell,332341,23,England,Attacking Midfield,AM,20000000.0,AFC Bournemouth,England,0.0,1,2021.csv
2021,Premier League,Southampton FC,summer,in,Tino Livramento,503981,18,England,Right-Back,RB,,Chelsea FC U23,England,26200000.0,0,2021.csv
2021,Premier League,Southampton FC,summer,in,Adam Armstrong,250426,24,England,Centre-Forward,CF,18000000.0,Blackburn Rovers,England,17700000.0,0,2021.csv
2021,Premier League,Southampton FC,summer,in,Romain Perraud,318523,23,France,Left-Back,LB,8000000.0,Stade Brestois 29,France,12000000.0,0,2021.csv
2021,Premier League,Southampton FC,summer,in,Lyanco,379807,24,Brazil,Centre-Back,CB,5000000.0,Torino FC,Italy,7500000.0,0,2021.csv
2021,Premier League,Southampton FC,summer,in,Theo Walcott,33713,32,England,Right Winger,RW,5000000.0,Everton FC,England,0.0,0,2021.csv
2021,Premier League,Southampton FC,summer,in,Armando Broja,571743,19,Albania,Centre-Forward,CF,3000000.0,Chelsea FC U23,England,0.0,1,2021.csv
2021,Premier League,Southampton FC,winter,in,Willy Caballero,19948,40,Argentina,Goalkeeper,GK,250000.0,Without Club,,,0,2021.csv
2021,Premier League,Southampton FC,summer,out,Danny Ings,134294,29,England,Centre-Forward,CF,22000000.0,Aston Villa,England,29400000.0,0,2021.csv
2021,Premier League,Southampton FC,summer,out,Jannik Vestergaard,99331,29,Denmark,Centre-Back,CB,18000000.0,Leicester City,England,17600000.0,0,2021.csv
2021,Premier League,Southampton FC,summer,out,Angus Gunn,201574,25,Scotland,Goalkeeper,GK,3000000.0,Norwich City,England,5850000.0,0,2021.csv
2021,Premier League,Southampton FC,summer,out,Mario Lemina,170934,27,Gabon,Defensive Midfield,DM,10000000.0,OGC Nice,France,5500000.0,0,2021.csv
2021,Premier League,Southampton FC,summer,out,Michael Obafemi,444208,21,Ireland,Centre-Forward,CF,3000000.0,Swansea City,England,2000000.0,0,2021.csv
2021,Premier League,Southampton FC,summer,out,Wesley Hoedt,253765,27,Netherlands,Centre-Back,CB,4000000.0,RSC Anderlecht,Belgium,0.0,0,2021.csv
2021,Premier League,Southampton FC,summer,out,Jake Hesketh,315185,25,England,Attacking Midfield,AM,200000.0,Eastleigh FC,England,0.0,0,2021.csv
2021,Premier League,Southampton FC,summer,out,Ryan Bertrand,40611,31,England,Left-Back,LB,8000000.0,Leicester City,England,0.0,0,2021.csv
2021,Premier League,Southampton FC,summer,out,Dan Nlundulu,346482,22,England,Centre-Forward,CF,1500000.0,Lincoln City,England,0.0,1,2021.csv
2021,Premier League,Southampton FC,summer,out,Josh Sims,286919,24,England,Right Winger,RW,1200000.0,Without Club,,,0,2021.csv
2021,Premier League,Southampton FC,summer,out,Armando Broja,571743,20,Albania,Centre-Forward,CF,18000000.0,Chelsea FC U23,England,0.0,1,2021.csv
2021,Premier League,Southampton FC,summer,out,Takumi Minamino,165793,26,Japan,Left Winger,LW,12000000.0,Liverpool FC,England,0.0,1,2021.csv
2021,Premier League,Southampton FC,winter,out,Dan Nlundulu,346482,22,England,Centre-Forward,CF,1500000.0,Cheltenham Town,England,0.0,1,2021.csv
2021,Premier League,Southampton FC,winter,out,Sam McQueen,226968,26,England,Left-Back,LB,800000.0,Retired,,,0,2021.csv
2021,Premier League,Tottenham Hotspur,summer,in,Emerson Royal,476344,22,Brazil,Right-Back,RB,25000000.0,FC Barcelona,Spain,25000000.0,0,2021.csv
2021,Premier League,Tottenham Hotspur,summer,in,Bryan Gil,537382,20,Spain,Left Winger,LW,30000000.0,Sevilla FC,Spain,25000000.0,0,2021.csv
2021,Premier League,Tottenham Hotspur,summer,in,Pape Matar Sarr,568693,18,Senegal,Central Midfield,CM,10000000.0,FC Metz,France,16900000.0,0,2021.csv
2021,Premier League,Tottenham Hotspur,summer,in,Pierluigi Gollini,244192,26,Italy,Goalkeeper,GK,17000000.0,Atalanta BC,Italy,0.0,1,2021.csv
2021,Premier League,Tottenham Hotspur,summer,in,Cristian Romero,355915,23,Argentina,Centre-Back,CB,35000000.0,Atalanta BC,Italy,0.0,1,2021.csv
2021,Premier League,Tottenham Hotspur,winter,in,Rodrigo Bentancur,354362,24,Uruguay,Central Midfield,CM,25000000.0,Juventus FC,Italy,19000000.0,0,2021.csv
2021,Premier League,Tottenham Hotspur,winter,in,Dejan Kulusevski,431755,21,Sweden,Attacking Midfield,AM,30000000.0,Juventus FC,Italy,10000000.0,1,2021.csv
2021,Premier League,Tottenham Hotspur,summer,out,Juan Foyth,480763,23,Argentina,Centre-Back,CB,12000000.0,Villarreal CF,Spain,15000000.0,0,2021.csv
2021,Premier League,Tottenham Hotspur,summer,out,Toby Alderweireld,42710,32,Belgium,Centre-Back,CB,11000000.0,Al-Duhail SC,Qatar,13000000.0,0,2021.csv
2021,Premier League,Tottenham Hotspur,summer,out,Moussa Sissoko,46001,32,France,Central Midfield,CM,10000000.0,Watford FC,England,3500000.0,0,2021.csv
2021,Premier League,Tottenham Hotspur,summer,out,Joe Hart,40204,34,England,Goalkeeper,GK,2000000.0,Celtic FC,Scotland,1200000.0,0,2021.csv
2021,Premier League,Tottenham Hotspur,summer,out,Danny Rose,50174,30,England,Left-Back,LB,3000000.0,Watford FC,England,0.0,0,2021.csv
2021,Premier League,Tottenham Hotspur,summer,out,Paulo Gazzaniga,195488,29,Argentina,Goalkeeper,GK,3000000.0,Fulham FC,England,0.0,0,2021.csv
2021,Premier League,Tottenham Hotspur,summer,out,Erik Lamela,111630,29,Argentina,Right Winger,RW,16000000.0,Sevilla FC,Spain,0.0,0,2021.csv
2021,Premier League,Tottenham Hotspur,summer,out,Pape Matar Sarr,568693,18,Senegal,Central Midfield,CM,10000000.0,FC Metz,France,0.0,1,2021.csv
2021,Premier League,Tottenham Hotspur,summer,out,Alfie Whiteman,282823,22,England,Goalkeeper,GK,1000000.0,Degerfors IF,Sweden,0.0,1,2021.csv
2021,Premier League,Tottenham Hotspur,summer,out,Serge Aurier,127032,28,Cote d'Ivoire,Right-Back,RB,20000000.0,Without Club,,,0,2021.csv
2021,Premier League,Tottenham Hotspur,summer,out,Cameron Carter-Vickers,341049,23,United States,Centre-Back,CB,2000000.0,Celtic FC,Scotland,0.0,1,2021.csv
2021,Premier League,Tottenham Hotspur,summer,out,Carlos Vinícius,525287,26,Brazil,Centre-Forward,CF,18000000.0,SL Benfica,Portugal,0.0,1,2021.csv
2021,Premier League,Tottenham Hotspur,summer,out,Gareth Bale,39381,31,Wales,Right Winger,RW,18000000.0,Real Madrid,Spain,0.0,1,2021.csv
2021,Premier League,Tottenham Hotspur,winter,out,Tanguy Ndombélé,450936,25,France,Central Midfield,CM,38000000.0,Olympique Lyon,France,1420000.0,1,2021.csv
2021,Premier League,Tottenham Hotspur,winter,out,Bryan Gil,537382,20,Spain,Left Winger,LW,28000000.0,Valencia CF,Spain,500000.0,1,2021.csv
2021,Premier League,Tottenham Hotspur,winter,out,Dele Alli,207929,25,England,Attacking Midfield,AM,25000000.0,Everton FC,England,0.0,0,2021.csv
2021,Premier League,Tottenham Hotspur,winter,out,Jack Clarke,559794,21,England,Left Winger,LW,5000000.0,Sunderland AFC,England,0.0,1,2021.csv
2021,Premier League,Tottenham Hotspur,winter,out,Giovani Lo Celso,348795,25,Argentina,Attacking Midfield,AM,22000000.0,Villarreal CF,Spain,0.0,1,2021.csv
2021,Premier League,Tottenham Hotspur,winter,out,Alfie Whiteman,282823,23,England,Goalkeeper,GK,800000.0,Degerfors IF,Sweden,0.0,1,2021.csv
2021,Premier League,Watford FC,summer,in,Imrân Louza,635336,22,Morocco,Central Midfield,CM,12000000.0,FC Nantes,France,10000000.0,0,2021.csv
2021,Premier League,Watford FC,summer,in,Emmanuel Dennis,448854,23,Nigeria,Centre-Forward,CF,5000000.0,Club Brugge KV,Belgium,4000000.0,0,2021.csv
2021,Premier League,Watford FC,summer,in,Moussa Sissoko,46001,32,France,Central Midfield,CM,10000000.0,Tottenham Hotspur,England,3500000.0,0,2021.csv
2021,Premier League,Watford FC,summer,in,Ozan Tufan,236471,26,Türkiye,Central Midfield,CM,11000000.0,Fenerbahce,Türkiye,1000000.0,1,2021.csv
2021,Premier League,Watford FC,summer,in,Mattie Pollock,624948,19,England,Centre-Back,CB,,Grimsby Town,England,300000.0,0,2021.csv
2021,Premier League,Watford FC,summer,in,Kwadwo Baah,711247,18,Germany,Left Winger,LW,,Rochdale AFC,England,0.0,0,2021.csv
2021,Premier League,Watford FC,summer,in,Ashley Fletcher,289846,25,England,Centre-Forward,CF,3000000.0,Middlesbrough FC,England,0.0,0,2021.csv
2021,Premier League,Watford FC,summer,in,Danny Rose,50174,30,England,Left-Back,LB,3000000.0,Tottenham Hotspur,England,0.0,0,2021.csv
2021,Premier League,Watford FC,summer,in,Joshua King,91059,29,Norway,Centre-Forward,CF,8000000.0,Everton FC,England,0.0,0,2021.csv
2021,Premier League,Watford FC,summer,in,Peter Etebo,409106,25,Nigeria,Defensive Midfield,DM,3200000.0,Stoke City,England,0.0,1,2021.csv
2021,Premier League,Watford FC,summer,in,Juraj Kucka,74943,34,Slovakia,Central Midfield,CM,3000000.0,Parma Calcio 1913,Italy,0.0,1,2021.csv
2021,Premier League,Watford FC,summer,in,Nicolas N'Koulou,60577,31,Cameroon,Centre-Back,CB,5000000.0,Without Club,,,0,2021.csv
2021,Premier League,Watford FC,winter,in,Maduka Okoye,340353,22,Nigeria,Goalkeeper,GK,1000000.0,Sparta Rotterdam,Netherlands,5000000.0,0,2021.csv
2021,Premier League,Watford FC,winter,in,Samir Caetano,255744,27,Brazil,Centre-Back,CB,5000000.0,Udinese Calcio,Italy,5000000.0,0,2021.csv
2021,Premier League,Watford FC,winter,in,Edo Kayembe,486477,23,DR Congo,Central Midfield,CM,1300000.0,KAS Eupen,Belgium,4700000.0,0,2021.csv
2021,Premier League,Watford FC,winter,in,Hassane Kamara,290017,27,Cote d'Ivoire,Left-Back,LB,6000000.0,OGC Nice,France,4000000.0,0,2021.csv
2021,Premier League,Watford FC,winter,in,Yáser Asprilla,857818,18,Colombia,Right Winger,RW,500000.0,Envigado FC,Colombia,3000000.0,0,2021.csv
2021,Premier League,Watford FC,winter,in,Samuel Kalu,424051,24,Nigeria,Right Winger,RW,5500000.0,FC Girondins Bordeaux,France,3000000.0,0,2021.csv
2021,Premier League,Watford FC,summer,out,Will Hughes,207014,26,England,Central Midfield,CM,7000000.0,Crystal Palace,England,7000000.0,0,2021.csv
2021,Premier League,Watford FC,summer,out,Craig Dawson,121477,31,England,Centre-Back,CB,3000000.0,West Ham United,England,2300000.0,0,2021.csv
2021,Premier League,Watford FC,summer,out,Isaac Success,295331,25,Nigeria,Centre-Forward,CF,1800000.0,Udinese Calcio,Italy,1800000.0,0,2021.csv
2021,Premier League,Watford FC,summer,out,Ben Wilmot,467599,21,England,Centre-Back,CB,2500000.0,Stoke City,England,1750000.0,0,2021.csv
2021,Premier League,Watford FC,summer,out,Henry Ochieng,461756,22,Kenya,Central Midfield,CM,,Hemel Hempstead Town,England,0.0,0,2021.csv
2021,Premier League,Watford FC,summer,out,Nathaniel Chalobah,128900,26,England,Defensive Midfield,DM,5000000.0,Fulham FC,England,0.0,0,2021.csv
2021,Premier League,Watford FC,summer,out,Kwasi Sibo,538006,23,Ghana,Central Midfield,CM,200000.0,Betis Deportivo Balompié,Spain,0.0,0,2021.csv
2021,Premier League,Watford FC,summer,out,Troy Deeney,65477,33,England,Centre-Forward,CF,2500000.0,Birmingham City,England,0.0,0,2021.csv
2021,Premier League,Watford FC,summer,out,Filip Stuparevic,442337,20,Serbia,Centre-Forward,CF,600000.0,FK Metalac Gornji Milanovac,Serbia,0.0,0,2021.csv
2021,Premier League,Watford FC,summer,out,Achraf Lazaar,139173,29,Morocco,Left Midfield,LM,300000.0,Portimonense SAD,Portugal,0.0,0,2021.csv
2021,Premier League,Watford FC,summer,out,Domingos Quina,391719,21,Portugal,Central Midfield,CM,3000000.0,Fulham FC,England,0.0,1,2021.csv
2021,Premier League,Watford FC,summer,out,Pontus Dahlberg,365544,22,Sweden,Goalkeeper,GK,1200000.0,Doncaster Rovers,England,0.0,1,2021.csv
2021,Premier League,Watford FC,summer,out,Stipe Perica,245072,26,Croatia,Centre-Forward,CF,1500000.0,Maccabi Tel Aviv,Israel,,0,2021.csv
2021,Premier League,Watford FC,summer,out,Adalberto Peñaranda,308801,24,Venezuela,Left Winger,LW,400000.0,UD Las Palmas,Spain,0.0,1,2021.csv
2021,Premier League,Watford FC,summer,out,Tom Dele-Bashiru,346472,21,Nigeria,Central Midfield,CM,700000.0,Reading FC,England,0.0,1,2021.csv
2021,Premier League,Watford FC,summer,out,Jorge Segura,453575,24,Colombia,Centre-Back,CB,650000.0,CD América de Cali,Colombia,0.0,1,2021.csv
2021,Premier League,Watford FC,summer,out,Philip Zinckernagel,271098,26,Denmark,Right Winger,RW,3000000.0,Nottingham Forest,England,0.0,1,2021.csv
2021,Premier League,Watford FC,summer,out,Mattie Pollock,624948,19,England,Centre-Back,CB,250000.0,Cheltenham Town,England,0.0,1,2021.csv
2021,Premier League,Watford FC,summer,out,Andre Gray,120565,30,Jamaica,Centre-Forward,CF,4000000.0,Queens Park Rangers,England,0.0,1,2021.csv
2021,Premier League,Watford FC,summer,out,Jerome Sinclair,236513,24,England,Centre-Forward,CF,400000.0,Retired,,,0,2021.csv
2021,Premier League,Watford FC,summer,out,Carlos Sánchez,51226,35,Colombia,Defensive Midfield,DM,300000.0,Without Club,,,0,2021.csv
2021,Premier League,Watford FC,summer,out,Marc Navarro,335245,26,Spain,Right-Back,RB,800000.0,Without Club,,,0,2021.csv
2021,Premier League,Watford FC,summer,out,Peter Etebo,409106,26,Nigeria,Defensive Midfield,DM,3000000.0,Stoke City,England,0.0,1,2021.csv
2021,Premier League,Watford FC,winter,out,Maduka Okoye,340353,22,Nigeria,Goalkeeper,GK,1000000.0,Sparta Rotterdam,Netherlands,0.0,1,2021.csv
2021,Premier League,Watford FC,winter,out,Pontus Dahlberg,365544,22,Sweden,Goalkeeper,GK,1200000.0,Gillingham FC,England,0.0,1,2021.csv
2021,Premier League,Watford FC,winter,out,Domingos Quina,391719,22,Portugal,Central Midfield,CM,2500000.0,Barnsley FC,England,0.0,1,2021.csv
2021,Premier League,Watford FC,winter,out,Yáser Asprilla,857818,18,Colombia,Right Winger,RW,1000000.0,Envigado FC,Colombia,0.0,1,2021.csv
2021,Premier League,Watford FC,winter,out,Ashley Fletcher,289846,26,England,Centre-Forward,CF,2000000.0,New York Red Bulls,United States,0.0,1,2021.csv
2021,Premier League,Watford FC,winter,out,Ozan Tufan,236471,26,Türkiye,Central Midfield,CM,10000000.0,Fenerbahce,Türkiye,0.0,1,2021.csv
2021,Premier League,West Ham United,summer,in,Kurt Zouma,157509,26,France,Centre-Back,CB,32000000.0,Chelsea FC,England,35000000.0,0,2021.csv
2021,Premier League,West Ham United,summer,in,Nikola Vlašić,293200,23,Croatia,Attacking Midfield,AM,30000000.0,CSKA Moscow,Russia,30000000.0,0,2021.csv
2021,Premier League,West Ham United,summer,in,Alex Král,337333,23,Czech Republic,Central Midfield,CM,10000000.0,Spartak Moscow,Russia,5200000.0,1,2021.csv
2021,Premier League,West Ham United,summer,in,Craig Dawson,121477,31,England,Centre-Back,CB,3000000.0,Watford FC,England,2300000.0,0,2021.csv
2021,Premier League,West Ham United,summer,in,Alphonse Areola,120629,28,France,Goalkeeper,GK,17000000.0,Paris Saint-Germain,France,2000000.0,1,2021.csv
2021,Premier League,West Ham United,summer,out,Felipe Anderson,159372,28,Brazil,Right Winger,RW,10000000.0,SS Lazio,Italy,3000000.0,0,2021.csv
2021,Premier League,West Ham United,summer,out,Xande Silva,258011,24,Portugal,Left Winger,LW,800000.0,Nottingham Forest,England,235000.0,0,2021.csv
2021,Premier League,West Ham United,summer,out,Fabián Balbuena,285548,29,Paraguay,Centre-Back,CB,5000000.0,Dynamo Moscow,Russia,0.0,0,2021.csv
2021,Premier League,West Ham United,summer,out,Frederik Alves,542690,21,Denmark,Centre-Back,CB,1000000.0,Sunderland AFC,England,0.0,1,2021.csv
2021,Premier League,West Ham United,summer,out,Conor Coventry,419025,21,Ireland,Defensive Midfield,DM,200000.0,Peterborough United,England,0.0,1,2021.csv
2021,Premier League,West Ham United,summer,out,Winston Reid,37526,33,New Zealand,Centre-Back,CB,1500000.0,Without Club,,,0,2021.csv
2021,Premier League,West Ham United,winter,out,Frederik Alves,542690,22,Denmark,Centre-Back,CB,1000000.0,Bröndby IF,Denmark,1000000.0,0,2021.csv
2021,Premier League,West Ham United,winter,out,Conor Coventry,419025,21,Ireland,Defensive Midfield,DM,300000.0,Milton Keynes Dons,England,0.0,1,2021.csv
2021,Premier League,Wolverhampton Wanderers,summer,in,Rayan Aït-Nouri,578391,20,Algeria,Left-Back,LB,18000000.0,Angers SCO,France,11100000.0,0,2021.csv
2021,Premier League,Wolverhampton Wanderers,summer,in,José Sá,249994,28,Portugal,Goalkeeper,GK,7500000.0,Olympiacos Piraeus,Greece,8000000.0,0,2021.csv
2021,Premier League,Wolverhampton Wanderers,summer,in,Francisco Trincão,412669,21,Portugal,Right Winger,RW,22000000.0,FC Barcelona,Spain,6000000.0,1,2021.csv
2021,Premier League,Wolverhampton Wanderers,summer,in,Yerson Mosquera,716276,20,Colombia,Centre-Back,CB,1700000.0,Atlético Nacional,Colombia,5200000.0,0,2021.csv
2021,Premier League,Wolverhampton Wanderers,summer,in,Bendegúz Bolla,439351,21,Hungary,Right-Back,RB,600000.0,Videoton FC Fehérvár,Hungary,2000000.0,0,2021.csv
2021,Premier League,Wolverhampton Wanderers,summer,in,Hee-chan Hwang,292246,25,"Korea, South",Centre-Forward,CF,11000000.0,RB Leipzig,Germany,0.0,1,2021.csv
2021,Premier League,Wolverhampton Wanderers,winter,in,Chiquinho,695454,21,Portugal,Left Winger,LW,1000000.0,GD Estoril Praia,Portugal,3500000.0,0,2021.csv
2021,Premier League,Wolverhampton Wanderers,winter,in,Sang-bin Jeong,638571,19,"Korea, South",Centre-Forward,CF,850000.0,Suwon Samsung Bluewings,"Korea, South",1200000.0,0,2021.csv
2021,Premier League,Wolverhampton Wanderers,winter,in,Hayao Kawabe,262489,26,Japan,Central Midfield,CM,1300000.0,Grasshopper Club Zurich,Switzerland,600000.0,0,2021.csv
2021,Premier League,Wolverhampton Wanderers,summer,out,Rafa Mir,361254,24,Spain,Centre-Forward,CF,12000000.0,Sevilla FC,Spain,16000000.0,0,2021.csv
2021,Premier League,Wolverhampton Wanderers,summer,out,Rui Patrício,45026,33,Portugal,Goalkeeper,GK,10000000.0,AS Roma,Italy,11800000.0,0,2021.csv
2021,Premier League,Wolverhampton Wanderers,summer,out,Owen Otasowie,511815,20,United States,Defensive Midfield,DM,1500000.0,Club Brugge KV,Belgium,4000000.0,0,2021.csv
2021,Premier League,Wolverhampton Wanderers,summer,out,Connor Ronan,337787,23,Ireland,Central Midfield,CM,450000.0,St. Mirren FC,Scotland,0.0,1,2021.csv
2021,Premier League,Wolverhampton Wanderers,summer,out,Leonardo Campana,606872,20,Ecuador,Centre-Forward,CF,1200000.0,Grasshopper Club Zurich,Switzerland,0.0,1,2021.csv
2021,Premier League,Wolverhampton Wanderers,summer,out,Morgan Gibbs-White,429014,21,England,Attacking Midfield,AM,7000000.0,Sheffield United,England,0.0,1,2021.csv
2021,Premier League,Wolverhampton Wanderers,summer,out,Patrick Cutrone,265078,23,Italy,Centre-Forward,CF,9000000.0,FC Empoli,Italy,0.0,1,2021.csv
2021,Premier League,Wolverhampton Wanderers,summer,out,Renat Dadashov,335461,22,Azerbaijan,Centre-Forward,CF,300000.0,CD Tondela,Portugal,0.0,1,2021.csv
2021,Premier League,Wolverhampton Wanderers,summer,out,Matija Sarkic,293257,24,Montenegro,Goalkeeper,GK,100000.0,Birmingham City,England,0.0,1,2021.csv
2021,Premier League,Wolverhampton Wanderers,summer,out,Ryan Giles,504581,21,England,Left-Back,LB,1300000.0,Cardiff City,England,0.0,1,2021.csv
2021,Premier League,Wolverhampton Wanderers,summer,out,Rúben Vinagre,357158,22,Portugal,Left-Back,LB,5000000.0,Sporting CP,Portugal,0.0,1,2021.csv
2021,Premier League,Wolverhampton Wanderers,summer,out,Willian José,122155,29,Brazil,Centre-Forward,CF,18000000.0,Real Sociedad,Spain,0.0,1,2021.csv
2021,Premier League,Wolverhampton Wanderers,summer,out,Rayan Aït-Nouri,578391,20,Algeria,Left-Back,LB,18000000.0,Angers SCO,France,0.0,1,2021.csv
2021,Premier League,Wolverhampton Wanderers,summer,out,Vitinha,487469,21,Portugal,Defensive Midfield,DM,7000000.0,FC Porto,Portugal,0.0,1,2021.csv
2021,Premier League,Wolverhampton Wanderers,summer,out,Bendegúz Bolla,439351,21,Hungary,Right-Back,RB,600000.0,Grasshopper Club Zurich,Switzerland,0.0,1,2021.csv
2021,Premier League,Wolverhampton Wanderers,winter,out,Leonardo Campana,606872,21,Ecuador,Centre-Forward,CF,1200000.0,Inter Miami CF,United States,0.0,1,2021.csv
2021,Premier League,Wolverhampton Wanderers,winter,out,Hayao Kawabe,262489,26,Japan,Central Midfield,CM,1300000.0,Grasshopper Club Zurich,Switzerland,0.0,1,2021.csv
2021,Premier League,Wolverhampton Wanderers,winter,out,Sang-bin Jeong,638571,19,"Korea, South",Centre-Forward,CF,850000.0,Grasshopper Club Zurich,Switzerland,0.0,1,2021.csv
2021,Premier League,Wolverhampton Wanderers,winter,out,Adama Traoré,204103,26,Spain,Right Winger,RW,28000000.0,FC Barcelona,Spain,0.0,1,2021.csv
2021,Premier League,Wolverhampton Wanderers,winter,out,Bruno Jordão,415646,23,Portugal,Defensive Midfield,DM,2500000.0,Grasshopper Club Zurich,Switzerland,0.0,1,2021.csv
2021,Premier League,Wolverhampton Wanderers,winter,out,Ryan Giles,504581,22,England,Left-Back,LB,2000000.0,Blackburn Rovers,England,0.0,1,2021.csv
2021,Premier League,Wolverhampton Wanderers,winter,out,Oskar Buur,293283,23,Denmark,Right-Back,RB,300000.0,Without Club,,,0,2021.csv
2022,Premier League,AFC Bournemouth,summer,in,Marcos Senesi,469781,25,Argentina,Centre-Back,CB,17000000.0,Feyenoord Rotterdam,Netherlands,15000000.0,0,2022.csv
2022,Premier League,AFC Bournemouth,summer,in,Marcus Tavernier,399434,23,England,Left Midfield,LM,4500000.0,Middlesbrough FC,England,11900000.0,0,2022.csv
2022,Premier League,AFC Bournemouth,summer,in,Joe Rothwell,183293,27,England,Central Midfield,CM,3500000.0,Blackburn Rovers,England,0.0,0,2022.csv
2022,Premier League,AFC Bournemouth,summer,in,Ryan Fredericks,140191,29,England,Right-Back,RB,1500000.0,West Ham United,England,0.0,0,2022.csv
2022,Premier League,AFC Bournemouth,summer,in,Neto,111819,33,Brazil,Goalkeeper,GK,3000000.0,FC Barcelona,Spain,0.0,0,2022.csv
2022,Premier League,AFC Bournemouth,summer,in,Jack Stephens,163744,28,England,Centre-Back,CB,7000000.0,Southampton FC,England,0.0,1,2022.csv
2022,Premier League,AFC Bournemouth,winter,in,Ilya Zabarnyi,659089,20,Ukraine,Centre-Back,CB,15000000.0,Dynamo Kyiv,Ukraine,33000000.0,0,2022.csv
2022,Premier League,AFC Bournemouth,winter,in,Dango Ouattara,823231,20,Burkina Faso,Left Winger,LW,10000000.0,FC Lorient,France,22500000.0,0,2022.csv
2022,Premier League,AFC Bournemouth,winter,in,Antoine Semenyo,583255,23,Ghana,Right Winger,RW,3000000.0,Bristol City,England,10250000.0,0,2022.csv
2022,Premier League,AFC Bournemouth,winter,in,Matías Viña,439072,25,Uruguay,Left-Back,LB,6000000.0,AS Roma,Italy,750000.0,1,2022.csv
2022,Premier League,AFC Bournemouth,winter,in,Darren Randolph,51321,35,Ireland,Goalkeeper,GK,500000.0,West Ham United,England,0.0,0,2022.csv
2022,Premier League,AFC Bournemouth,winter,in,Hamed Traoré,391065,22,Cote d'Ivoire,Left Winger,LW,22000000.0,US Sassuolo,Italy,0.0,1,2022.csv
2022,Premier League,AFC Bournemouth,summer,out,Robbie Brady,128229,30,Ireland,Left Midfield,LM,1000000.0,Preston North End,England,0.0,0,2022.csv
2022,Premier League,AFC Bournemouth,summer,out,Zeno Ibsen Rossi,655177,21,England,Centre-Back,CB,250000.0,Cambridge United,England,,0,2022.csv
2022,Premier League,AFC Bournemouth,summer,out,Gavin Kilkenny,469064,22,Ireland,Central Midfield,CM,1500000.0,Stoke City,England,0.0,1,2022.csv
2022,Premier League,AFC Bournemouth,summer,out,Christian Saydee,655835,20,England,Centre-Forward,CF,50000.0,Shrewsbury Town,England,0.0,1,2022.csv
2022,Premier League,AFC Bournemouth,summer,out,Gary Cahill,27511,36,England,Centre-Back,CB,400000.0,Without Club,,,0,2022.csv
2022,Premier League,AFC Bournemouth,summer,out,Jack Stephens,163744,29,England,Centre-Back,CB,5000000.0,Southampton FC,England,0.0,1,2022.csv
2022,Premier League,AFC Bournemouth,winter,out,James Hill,611793,20,England,Centre-Back,CB,1000000.0,Heart of Midlothian FC,Scotland,0.0,1,2022.csv
2022,Premier League,AFC Bournemouth,winter,out,Emiliano Marcondes,232964,27,Denmark,Attacking Midfield,AM,1800000.0,FC Nordsjaelland,Denmark,0.0,1,2022.csv
2022,Premier League,AFC Bournemouth,winter,out,Jamal Lowe,239949,28,Jamaica,Centre-Forward,CF,1500000.0,Queens Park Rangers,England,0.0,1,2022.csv
2022,Premier League,AFC Bournemouth,winter,out,Will Dennis,582078,22,England,Goalkeeper,GK,200000.0,Slough Town,England,0.0,1,2022.csv
2022,Premier League,AFC Bournemouth,winter,out,Gavin Kilkenny,469064,22,Ireland,Central Midfield,CM,700000.0,Charlton Athletic,England,0.0,1,2022.csv
2022,Premier League,AFC Bournemouth,winter,out,Siriki Dembélé,488656,26,Scotland,Left Winger,LW,2500000.0,AJ Auxerre,France,0.0,1,2022.csv
2022,Premier League,AFC Bournemouth,winter,out,Ben Pearson,183302,28,England,Central Midfield,CM,2500000.0,Stoke City,England,0.0,1,2022.csv
2022,Premier League,Arsenal FC,summer,in,Gabriel Jesus,363205,25,Brazil,Centre-Forward,CF,50000000.0,Manchester City,England,52200000.0,0,2022.csv
2022,Premier League,Arsenal FC,summer,in,Fábio Vieira,537598,22,Portugal,Attacking Midfield,AM,25000000.0,FC Porto,Portugal,35000000.0,0,2022.csv
2022,Premier League,Arsenal FC,summer,in,Oleksandr Zinchenko,203853,25,Ukraine,Left-Back,LB,25000000.0,Manchester City,England,35000000.0,0,2022.csv
2022,Premier League,Arsenal FC,summer,in,Matt Turner,425306,28,United States,Goalkeeper,GK,5000000.0,New England Revolution,United States,5900000.0,0,2022.csv
2022,Premier League,Arsenal FC,summer,in,Marquinhos,668268,19,Brazil,Right Winger,RW,7000000.0,São Paulo Futebol Clube,Brazil,3500000.0,0,2022.csv
2022,Premier League,Arsenal FC,winter,in,Leandro Trossard,144028,28,Belgium,Left Winger,LW,30000000.0,Brighton & Hove Albion,England,24000000.0,0,2022.csv
2022,Premier League,Arsenal FC,winter,in,Jakub Kiwior,425918,22,Poland,Centre-Back,CB,8000000.0,Spezia Calcio,Italy,19500000.0,0,2022.csv
2022,Premier League,Arsenal FC,winter,in,Jorginho,102017,31,Italy,Defensive Midfield,DM,35000000.0,Chelsea FC,England,11300000.0,0,2022.csv
2022,Premier League,Arsenal FC,summer,out,Mattéo Guendouzi,465830,23,France,Central Midfield,CM,25000000.0,Olympique Marseille,France,11000000.0,0,2022.csv
2022,Premier League,Arsenal FC,summer,out,Lucas Torreira,318077,26,Uruguay,Defensive Midfield,DM,20000000.0,Galatasaray,Türkiye,6000000.0,0,2022.csv
2022,Premier League,Arsenal FC,summer,out,Bernd Leno,72476,30,Germany,Goalkeeper,GK,9000000.0,Fulham FC,England,3600000.0,0,2022.csv
2022,Premier League,Arsenal FC,summer,out,Konstantinos Mavropanos,415912,24,Greece,Centre-Back,CB,15000000.0,VfB Stuttgart,Germany,3200000.0,0,2022.csv
2022,Premier League,Arsenal FC,summer,out,Héctor Bellerín,191217,27,Spain,Right-Back,RB,20000000.0,FC Barcelona,Spain,0.0,0,2022.csv
2022,Premier League,Arsenal FC,summer,out,Alexandre Lacazette,93720,31,France,Centre-Forward,CF,15000000.0,Olympique Lyon,France,0.0,0,2022.csv
2022,Premier League,Arsenal FC,summer,out,Pablo Marí,210178,28,Spain,Centre-Back,CB,5000000.0,AC Monza,Italy,0.0,1,2022.csv
2022,Premier League,Arsenal FC,summer,out,Nuno Tavares,535955,22,Portugal,Left-Back,LB,15000000.0,Olympique Marseille,France,0.0,1,2022.csv
2022,Premier League,Arsenal FC,summer,out,Arthur Okonkwo,503769,20,England,Goalkeeper,GK,1500000.0,Crewe Alexandra,England,0.0,1,2022.csv
2022,Premier League,Arsenal FC,summer,out,Folarin Balogun,503770,21,United States,Centre-Forward,CF,4000000.0,Stade Reims,France,0.0,1,2022.csv
2022,Premier League,Arsenal FC,summer,out,Auston Trusty,389253,23,United States,Centre-Back,CB,2000000.0,Birmingham City,England,0.0,1,2022.csv
2022,Premier League,Arsenal FC,summer,out,Rúnar Alex Rúnarsson,205657,27,Iceland,Goalkeeper,GK,1200000.0,Alanyaspor,Türkiye,0.0,1,2022.csv
2022,Premier League,Arsenal FC,summer,out,Nicolas Pépé,343052,27,Cote d'Ivoire,Right Winger,RW,25000000.0,OGC Nice,France,0.0,1,2022.csv
2022,Premier League,Arsenal FC,summer,out,Ainsley Maitland-Niles,285845,25,England,Right-Back,RB,10000000.0,Southampton FC,England,0.0,1,2022.csv
2022,Premier League,Arsenal FC,winter,out,Arthur Okonkwo,503769,21,England,Goalkeeper,GK,1500000.0,SK Sturm Graz,Austria,0.0,1,2022.csv
2022,Premier League,Arsenal FC,winter,out,Marquinhos,668268,19,Brazil,Right Winger,RW,10000000.0,Norwich City,England,0.0,1,2022.csv
2022,Premier League,Arsenal FC,winter,out,Albert Sambi Lokonga,381967,23,Belgium,Central Midfield,CM,15000000.0,Crystal Palace,England,0.0,1,2022.csv
2022,Premier League,Arsenal FC,winter,out,Cédric Soares,112988,31,Portugal,Right-Back,RB,4000000.0,Fulham FC,England,0.0,1,2022.csv
2022,Premier League,Aston Villa,summer,in,Diego Carlos,329145,29,Brazil,Centre-Back,CB,40000000.0,Sevilla FC,Spain,31000000.0,0,2022.csv
2022,Premier League,Aston Villa,summer,in,Philippe Coutinho,80444,30,Brazil,Attacking Midfield,AM,20000000.0,FC Barcelona,Spain,20000000.0,0,2022.csv
2022,Premier League,Aston Villa,summer,in,Leander Dendoncker,168157,27,Belgium,Defensive Midfield,DM,28000000.0,Wolverhampton Wanderers,England,15000000.0,0,2022.csv
2022,Premier League,Aston Villa,summer,in,Robin Olsen,75458,32,Sweden,Goalkeeper,GK,2000000.0,AS Roma,Italy,3500000.0,0,2022.csv
2022,Premier League,Aston Villa,summer,in,Ludwig Augustinsson,170646,28,Sweden,Left-Back,LB,5000000.0,Sevilla FC,Spain,500000.0,1,2022.csv
2022,Premier League,Aston Villa,summer,in,Boubacar Kamara,394327,22,France,Defensive Midfield,DM,25000000.0,Olympique Marseille,France,0.0,0,2022.csv
2022,Premier League,Aston Villa,summer,in,Jan Bednarek,243028,26,Poland,Centre-Back,CB,22000000.0,Southampton FC,England,0.0,1,2022.csv
2022,Premier League,Aston Villa,winter,in,Jhon Durán,649317,19,Colombia,Centre-Forward,CF,6000000.0,Chicago Fire FC,United States,29500000.0,0,2022.csv
2022,Premier League,Aston Villa,winter,in,Álex Moreno,193098,29,Spain,Left-Back,LB,20000000.0,Real Betis Balompié,Spain,13500000.0,0,2022.csv
2022,Premier League,Aston Villa,summer,out,Carney Chukwuemeka,659459,18,England,Central Midfield,CM,6000000.0,Chelsea FC,England,18000000.0,0,2022.csv
2022,Premier League,Aston Villa,summer,out,Matt Targett,250478,26,England,Left-Back,LB,17000000.0,Newcastle United,England,17500000.0,0,2022.csv
2022,Premier League,Aston Villa,summer,out,Mahmoud Trezeguet,234189,27,Egypt,Left Winger,LW,10000000.0,Trabzonspor,Türkiye,4000000.0,0,2022.csv
2022,Premier League,Aston Villa,summer,out,Anwar El Ghazi,183720,27,Netherlands,Right Winger,RW,9000000.0,PSV Eindhoven,Netherlands,2500000.0,0,2022.csv
2022,Premier League,Aston Villa,summer,out,Lovre Kalinic,46405,32,Croatia,Goalkeeper,GK,2000000.0,HNK Hajduk Split,Croatia,0.0,0,2022.csv
2022,Premier League,Aston Villa,summer,out,Conor Hourihane,61653,31,Ireland,Central Midfield,CM,1800000.0,Derby County,England,0.0,0,2022.csv
2022,Premier League,Aston Villa,summer,out,Viljami Sinisalo,484838,20,Finland,Goalkeeper,GK,200000.0,Burton Albion,England,0.0,1,2022.csv
2022,Premier League,Aston Villa,summer,out,Tim Iroegbunam,696589,19,England,Central Midfield,CM,2500000.0,Queens Park Rangers,England,0.0,1,2022.csv
2022,Premier League,Aston Villa,summer,out,Kortney Hause,233124,27,England,Centre-Back,CB,4000000.0,Watford FC,England,0.0,1,2022.csv
2022,Premier League,Aston Villa,summer,out,Bertrand Traoré,131996,26,Burkina Faso,Right Winger,RW,16000000.0,Basaksehir FK,Türkiye,0.0,1,2022.csv
2022,Premier League,Aston Villa,summer,out,Keinan Davis,412660,24,England,Centre-Forward,CF,2500000.0,Watford FC,England,0.0,1,2022.csv
2022,Premier League,Aston Villa,summer,out,Jaden Philogene,665390,20,England,Left Winger,LW,3000000.0,Cardiff City,England,0.0,1,2022.csv
2022,Premier League,Aston Villa,summer,out,Wesley Moraes,381362,25,Brazil,Centre-Forward,CF,6000000.0,Levante UD,Spain,0.0,1,2022.csv
2022,Premier League,Aston Villa,summer,out,Philippe Coutinho,80444,30,Brazil,Attacking Midfield,AM,20000000.0,FC Barcelona,Spain,0.0,1,2022.csv
2022,Premier League,Aston Villa,summer,out,Robin Olsen,75458,32,Sweden,Goalkeeper,GK,2000000.0,AS Roma,Italy,0.0,1,2022.csv
2022,Premier League,Aston Villa,winter,out,Danny Ings,134294,30,England,Centre-Forward,CF,16000000.0,West Ham United,England,12000000.0,0,2022.csv
2022,Premier League,Aston Villa,winter,out,Frédéric Guilbert,354352,28,France,Right-Back,RB,5000000.0,RC Strasbourg Alsace,France,0.0,0,2022.csv
2022,Premier League,Aston Villa,winter,out,Cameron Archer,533662,21,England,Centre-Forward,CF,8000000.0,Middlesbrough FC,England,0.0,1,2022.csv
2022,Premier League,Aston Villa,winter,out,Morgan Sanson,174094,28,France,Central Midfield,CM,6000000.0,RC Strasbourg Alsace,France,0.0,1,2022.csv
2022,Premier League,Aston Villa,winter,out,Marvelous Nakamba,324882,29,Zimbabwe,Defensive Midfield,DM,5000000.0,Luton Town,England,0.0,1,2022.csv
2022,Premier League,Aston Villa,winter,out,Ludwig Augustinsson,170646,28,Sweden,Left-Back,LB,4000000.0,Sevilla FC,Spain,0.0,1,2022.csv
2022,Premier League,Aston Villa,winter,out,Jan Bednarek,243028,26,Poland,Centre-Back,CB,18000000.0,Southampton FC,England,0.0,1,2022.csv
2022,Premier League,Brentford FC,summer,in,Keane Lewis-Potter,644401,21,England,Left Midfield,LM,12000000.0,Hull City,England,19000000.0,0,2022.csv
2022,Premier League,Brentford FC,summer,in,Mikkel Damsgaard,540941,22,Denmark,Attacking Midfield,AM,15000000.0,UC Sampdoria,Italy,15000000.0,0,2022.csv
2022,Premier League,Brentford FC,summer,in,Aaron Hickey,591949,20,Scotland,Right-Back,RB,18000000.0,Bologna FC 1909,Italy,14250000.0,0,2022.csv
2022,Premier League,Brentford FC,summer,in,Thomas Strakosha,222209,27,Albania,Goalkeeper,GK,7000000.0,SS Lazio,Italy,0.0,0,2022.csv
2022,Premier League,Brentford FC,summer,in,Ben Mee,74810,32,England,Centre-Back,CB,2500000.0,Burnley FC,England,0.0,0,2022.csv
2022,Premier League,Brentford FC,winter,in,Kevin Schade,473050,21,Germany,Left Winger,LW,12000000.0,SC Freiburg,Germany,1000000.0,1,2022.csv
2022,Premier League,Brentford FC,summer,out,Marcus Forss,404584,23,Finland,Centre-Forward,CF,4000000.0,Middlesbrough FC,England,3600000.0,0,2022.csv
2022,Premier League,Brentford FC,summer,out,Christian Eriksen,69633,30,Denmark,Attacking Midfield,AM,20000000.0,Manchester United,England,0.0,0,2022.csv
2022,Premier League,Brentford FC,summer,out,Julian Jeanvier,134277,30,Guinea,Centre-Back,CB,900000.0,AJ Auxerre,France,0.0,0,2022.csv
2022,Premier League,Brentford FC,summer,out,Dominic Thompson,503688,21,England,Left-Back,LB,800000.0,Blackpool FC,England,,0,2022.csv
2022,Premier League,Brentford FC,summer,out,Luka Racic,345587,23,Denmark,Centre-Back,CB,250000.0,Sönderjyske Fodbold,Denmark,,0,2022.csv
2022,Premier League,Brentford FC,summer,out,Ellery Balcombe,456292,22,England,Goalkeeper,GK,300000.0,Crawley Town,England,0.0,1,2022.csv
2022,Premier League,Brentford FC,summer,out,Fin Stevens,587019,19,Wales,Right-Back,RB,400000.0,Swansea City,England,0.0,1,2022.csv
2022,Premier League,Brentford FC,summer,out,Mads Bech Sørensen,372240,23,Denmark,Centre-Back,CB,5000000.0,OGC Nice,France,0.0,1,2022.csv
2022,Premier League,Brentford FC,summer,out,Halil Dervişoğlu,465606,22,Türkiye,Centre-Forward,CF,3000000.0,Burnley FC,England,0.0,1,2022.csv
2022,Premier League,Brentford FC,summer,out,Joel Valencia,175451,27,Ecuador,Attacking Midfield,AM,400000.0,De Graafschap Doetinchem,Netherlands,0.0,1,2022.csv
2022,Premier League,Brentford FC,summer,out,Myles Peart-Harris,587002,19,Jamaica,Attacking Midfield,AM,1000000.0,Forest Green Rovers ,England,0.0,1,2022.csv
2022,Premier League,Brentford FC,summer,out,Tariqe Fosu,249873,26,Ghana,Left Winger,LW,2000000.0,Stoke City,England,0.0,1,2022.csv
2022,Premier League,Brentford FC,summer,out,Paris Maghoma,470596,21,England,Central Midfield,CM,200000.0,AFC Wimbledon,England,0.0,1,2022.csv
2022,Premier League,Brentford FC,summer,out,Álvaro Fernández,453704,24,Spain,Goalkeeper,GK,4000000.0,SD Huesca,Spain,0.0,1,2022.csv
2022,Premier League,Brentford FC,summer,out,Jonas Lössl,48870,33,Denmark,Goalkeeper,GK,1000000.0,FC Midtjylland,Denmark,0.0,1,2022.csv
2022,Premier League,Brentford FC,winter,out,Mads Bech Sørensen,372240,24,Denmark,Centre-Back,CB,4000000.0,FC Groningen,Netherlands,0.0,1,2022.csv
2022,Premier League,Brentford FC,winter,out,Ellery Balcombe,456292,23,England,Goalkeeper,GK,300000.0,Bristol Rovers,England,0.0,1,2022.csv
2022,Premier League,Brentford FC,winter,out,Tariqe Fosu,249873,27,Ghana,Left Winger,LW,2000000.0,Rotherham United,England,0.0,1,2022.csv
2022,Premier League,Brentford FC,winter,out,Paris Maghoma,470596,21,England,Central Midfield,CM,200000.0,Milton Keynes Dons,England,0.0,1,2022.csv
2022,Premier League,Brentford FC,winter,out,Charlie Goode,376856,27,England,Centre-Back,CB,800000.0,Blackpool FC,England,0.0,1,2022.csv
2022,Premier League,Brentford FC,winter,out,Sergi Canós,251845,25,Spain,Left Winger,LW,12000000.0,Olympiacos Piraeus,Greece,0.0,1,2022.csv
2022,Premier League,Brighton & Hove Albion,summer,in,Pervis Estupiñán,349599,24,Ecuador,Left-Back,LB,20000000.0,Villarreal CF,Spain,17800000.0,0,2022.csv
2022,Premier League,Brighton & Hove Albion,summer,in,Julio Enciso,660867,18,Paraguay,Attacking Midfield,AM,11000000.0,Club Libertad Asunción,Paraguay,11600000.0,0,2022.csv
2022,Premier League,Brighton & Hove Albion,summer,in,Billy Gilmour,423744,21,Scotland,Defensive Midfield,DM,12000000.0,Chelsea FC,England,8300000.000000001,0,2022.csv
2022,Premier League,Brighton & Hove Albion,summer,in,Simon Adingra,658536,20,Cote d'Ivoire,Left Winger,LW,1500000.0,FC Nordsjaelland,Denmark,8000000.0,0,2022.csv
2022,Premier League,Brighton & Hove Albion,summer,in,Levi Colwill,614258,19,England,Centre-Back,CB,5000000.0,Chelsea FC,England,0.0,1,2022.csv
2022,Premier League,Brighton & Hove Albion,winter,in,Facundo Buonanotte,983989,18,Argentina,Attacking Midfield,AM,9000000.0,CA Rosario Central,Argentina,6000000.0,0,2022.csv
2022,Premier League,Brighton & Hove Albion,winter,in,Yasin Ayari,667287,19,Sweden,Central Midfield,CM,4000000.0,AIK,Sweden,4000000.0,0,2022.csv
2022,Premier League,Brighton & Hove Albion,summer,out,Marc Cucurella,284857,24,Spain,Left-Back,LB,28000000.0,Chelsea FC,England,65300000.0,0,2022.csv
2022,Premier League,Brighton & Hove Albion,summer,out,Yves Bissouma,410425,25,Mali,Defensive Midfield,DM,35000000.0,Tottenham Hotspur,England,29200000.0,0,2022.csv
2022,Premier League,Brighton & Hove Albion,summer,out,Neal Maupay,217115,26,France,Centre-Forward,CF,18000000.0,Everton FC,England,11800000.0,0,2022.csv
2022,Premier League,Brighton & Hove Albion,summer,out,Leo Østigård,367284,22,Norway,Centre-Back,CB,5000000.0,SSC Napoli,Italy,5500000.0,0,2022.csv
2022,Premier League,Brighton & Hove Albion,summer,out,Matt Clarke,307497,25,England,Centre-Back,CB,3000000.0,Middlesbrough FC,England,2600000.0,0,2022.csv
2022,Premier League,Brighton & Hove Albion,summer,out,Florin Andone,177065,29,Romania,Centre-Forward,CF,1000000.0,UD Las Palmas,Spain,0.0,0,2022.csv
2022,Premier League,Brighton & Hove Albion,summer,out,Tudor Băluță,433976,23,Romania,Defensive Midfield,DM,1800000.0,FCV Farul Constanta,Romania,0.0,0,2022.csv
2022,Premier League,Brighton & Hove Albion,summer,out,Shane Duffy,119269,30,Ireland,Centre-Back,CB,5000000.0,Fulham FC,England,0.0,1,2022.csv
2022,Premier League,Brighton & Hove Albion,summer,out,Steven Alzate,476237,23,Colombia,Central Midfield,CM,5000000.0,Standard Liège,Belgium,0.0,1,2022.csv
2022,Premier League,Brighton & Hove Albion,summer,out,Kacper Kozlowski,554284,18,Poland,Attacking Midfield,AM,8000000.0,Vitesse Arnhem,Netherlands,0.0,1,2022.csv
2022,Premier League,Brighton & Hove Albion,summer,out,Kjell Scherpen,463527,22,Netherlands,Goalkeeper,GK,2200000.0,Vitesse Arnhem,Netherlands,0.0,1,2022.csv
2022,Premier League,Brighton & Hove Albion,summer,out,Michal Karbownik,401604,21,Poland,Left Midfield,LM,2500000.0,Fortuna Düsseldorf,Germany,0.0,1,2022.csv
2022,Premier League,Brighton & Hove Albion,summer,out,Andi Zeqiri,345468,23,Switzerland,Centre-Forward,CF,2300000.0,FC Basel 1893,Switzerland,0.0,1,2022.csv
2022,Premier League,Brighton & Hove Albion,summer,out,Taylor Richards,484551,21,England,Central Midfield,CM,400000.0,Queens Park Rangers,England,0.0,1,2022.csv
2022,Premier League,Brighton & Hove Albion,summer,out,Aaron Connolly,434207,22,Ireland,Centre-Forward,CF,6000000.0,Venezia FC,Italy,0.0,1,2022.csv
2022,Premier League,Brighton & Hove Albion,summer,out,Abdallah Sima,776798,21,Senegal,Left Winger,LW,8000000.0,Angers SCO,France,0.0,1,2022.csv
2022,Premier League,Brighton & Hove Albion,summer,out,Haydon Roberts,533523,20,England,Left-Back,LB,500000.0,Derby County,England,0.0,1,2022.csv
2022,Premier League,Brighton & Hove Albion,summer,out,Simon Adingra,658536,20,Cote d'Ivoire,Left Winger,LW,1500000.0,Union Saint-Gilloise,Belgium,0.0,1,2022.csv
2022,Premier League,Brighton & Hove Albion,summer,out,Enock Mwepu,490307,24,Zambia,Central Midfield,CM,18000000.0,Retired,,,0,2022.csv
2022,Premier League,Brighton & Hove Albion,summer,out,Levi Colwill,614258,20,England,Centre-Back,CB,16000000.0,Chelsea FC,England,0.0,1,2022.csv
2022,Premier League,Brighton & Hove Albion,winter,out,Leandro Trossard,144028,28,Belgium,Left Winger,LW,30000000.0,Arsenal FC,England,24000000.0,0,2022.csv
2022,Premier League,Brighton & Hove Albion,winter,out,Shane Duffy,119269,31,Ireland,Centre-Back,CB,2500000.0,Fulham FC,England,,0,2022.csv
2022,Premier League,Brighton & Hove Albion,winter,out,Aaron Connolly,434207,22,Ireland,Centre-Forward,CF,5000000.0,Hull City,England,0.0,1,2022.csv
2022,Premier League,Chelsea FC,summer,in,Wesley Fofana,475411,21,France,Centre-Back,CB,40000000.0,Leicester City,England,80400000.0,0,2022.csv
2022,Premier League,Chelsea FC,summer,in,Marc Cucurella,284857,24,Spain,Left-Back,LB,28000000.0,Brighton & Hove Albion,England,65300000.0,0,2022.csv
2022,Premier League,Chelsea FC,summer,in,Raheem Sterling,134425,27,England,Right Winger,RW,70000000.0,Manchester City,England,56200000.0,0,2022.csv
2022,Premier League,Chelsea FC,summer,in,Kalidou Koulibaly,93128,31,Senegal,Centre-Back,CB,35000000.0,SSC Napoli,Italy,41900000.0,0,2022.csv
2022,Premier League,Chelsea FC,summer,in,Carney Chukwuemeka,659459,18,England,Central Midfield,CM,6000000.0,Aston Villa,England,18000000.0,0,2022.csv
2022,Premier League,Chelsea FC,summer,in,Cesare Casadei,622380,19,Italy,Central Midfield,CM,1000000.0,Inter Milan,Italy,14860000.0,0,2022.csv
2022,Premier League,Chelsea FC,summer,in,Pierre-Emerick Aubameyang,58864,33,Gabon,Centre-Forward,CF,15000000.0,FC Barcelona,Spain,12000000.0,0,2022.csv
2022,Premier League,Chelsea FC,summer,in,Gabriel Slonina,656316,18,United States,Goalkeeper,GK,3000000.0,Chicago Fire FC,United States,9090000.0,0,2022.csv
2022,Premier League,Chelsea FC,summer,in,Denis Zakaria,334526,25,Switzerland,Defensive Midfield,DM,27000000.0,Juventus FC,Italy,3000000.0,1,2022.csv
2022,Premier League,Chelsea FC,winter,in,Enzo Fernández,648195,22,Argentina,Central Midfield,CM,55000000.0,SL Benfica,Portugal,121000000.0,0,2022.csv
2022,Premier League,Chelsea FC,winter,in,Mykhaylo Mudryk,537860,22,Ukraine,Left Winger,LW,40000000.0,Shakhtar Donetsk,Ukraine,70000000.0,0,2022.csv
2022,Premier League,Chelsea FC,winter,in,Benoît Badiashile,463603,21,France,Centre-Back,CB,40000000.0,AS Monaco,France,38000000.0,0,2022.csv
2022,Premier League,Chelsea FC,winter,in,Noni Madueke,503987,20,England,Right Winger,RW,15000000.0,PSV Eindhoven,Netherlands,35000000.0,0,2022.csv
2022,Premier League,Chelsea FC,winter,in,Malo Gusto,620322,19,France,Right-Back,RB,15000000.0,Olympique Lyon,France,30000000.0,0,2022.csv
2022,Premier League,Chelsea FC,winter,in,Andrey Santos,743600,18,Brazil,Central Midfield,CM,10000000.0,Clube de Regatas Vasco da Gama,Brazil,12500000.0,0,2022.csv
2022,Premier League,Chelsea FC,winter,in,David Datro Fofana,787232,20,Cote d'Ivoire,Centre-Forward,CF,7000000.0,Molde FK,Norway,12000000.0,0,2022.csv
2022,Premier League,Chelsea FC,winter,in,João Félix,462250,23,Portugal,Second Striker,SS,50000000.0,Atlético de Madrid,Spain,11000000.0,1,2022.csv
2022,Premier League,Chelsea FC,summer,out,Timo Werner,170527,26,Germany,Left Winger,LW,35000000.0,RB Leipzig,Germany,20000000.0,0,2022.csv
2022,Premier League,Chelsea FC,summer,out,Emerson,181778,28,Italy,Left-Back,LB,14000000.0,West Ham United,England,15400000.0,0,2022.csv
2022,Premier League,Chelsea FC,summer,out,Billy Gilmour,423744,21,Scotland,Defensive Midfield,DM,12000000.0,Brighton & Hove Albion,England,8300000.000000001,0,2022.csv
2022,Premier League,Chelsea FC,summer,out,Romelu Lukaku,96341,29,Belgium,Centre-Forward,CF,70000000.0,Inter Milan,Italy,7860000.0,1,2022.csv
2022,Premier League,Chelsea FC,summer,out,Michy Batshuayi,179184,28,Belgium,Centre-Forward,CF,10000000.0,Fenerbahce,Türkiye,3500000.0,0,2022.csv
2022,Premier League,Chelsea FC,summer,out,Malang Sarr,344596,23,France,Centre-Back,CB,8000000.0,AS Monaco,France,1000000.0,1,2022.csv
2022,Premier League,Chelsea FC,summer,out,Kenedy,281404,26,Brazil,Left Winger,LW,7000000.0,Real Valladolid CF,Spain,500000.0,0,2022.csv
2022,Premier League,Chelsea FC,summer,out,Charly Musonda Jr.,177862,25,Belgium,Left Winger,LW,900000.0,Levante UD,Spain,0.0,0,2022.csv
2022,Premier League,Chelsea FC,summer,out,Matt Miazga,245893,27,United States,Centre-Back,CB,2000000.0,FC Cincinnati,United States,0.0,0,2022.csv
2022,Premier League,Chelsea FC,summer,out,Andreas Christensen,196948,26,Denmark,Centre-Back,CB,35000000.0,FC Barcelona,Spain,0.0,0,2022.csv
2022,Premier League,Chelsea FC,summer,out,Jake Clarke-Salter,316551,24,England,Centre-Back,CB,2000000.0,Queens Park Rangers,England,0.0,0,2022.csv
2022,Premier League,Chelsea FC,summer,out,Antonio Rüdiger,86202,29,Germany,Centre-Back,CB,40000000.0,Real Madrid,Spain,0.0,0,2022.csv
2022,Premier League,Chelsea FC,summer,out,Marcos Alonso,112515,31,Spain,Centre-Back,CB,12000000.0,FC Barcelona,Spain,0.0,0,2022.csv
2022,Premier League,Chelsea FC,summer,out,Gabriel Slonina,656316,18,United States,Goalkeeper,GK,3000000.0,Chicago Fire FC,United States,0.0,1,2022.csv
2022,Premier League,Chelsea FC,summer,out,Levi Colwill,614258,19,England,Centre-Back,CB,5000000.0,Brighton & Hove Albion,England,0.0,1,2022.csv
2022,Premier League,Chelsea FC,summer,out,Callum Hudson-Odoi,392768,21,England,Left Winger,LW,25000000.0,Bayer 04 Leverkusen,Germany,0.0,1,2022.csv
2022,Premier League,Chelsea FC,summer,out,Abdul Rahman Baba,224884,28,Ghana,Left-Back,LB,2200000.0,Reading FC,England,0.0,1,2022.csv
2022,Premier League,Chelsea FC,summer,out,Ethan Ampadu,392771,21,Wales,Defensive Midfield,DM,13000000.0,Spezia Calcio,Italy,0.0,1,2022.csv
2022,Premier League,Chelsea FC,summer,out,Ross Barkley,131978,28,England,Central Midfield,CM,12000000.0,Without Club,,,0,2022.csv
2022,Premier League,Chelsea FC,summer,out,Danny Drinkwater,73491,32,England,Central Midfield,CM,1200000.0,Without Club,,,0,2022.csv
2022,Premier League,Chelsea FC,summer,out,Saúl Ñíguez,148928,27,Spain,Central Midfield,CM,25000000.0,Atlético de Madrid,Spain,0.0,1,2022.csv
2022,Premier League,Chelsea FC,winter,out,Jorginho,102017,31,Italy,Defensive Midfield,DM,35000000.0,Arsenal FC,England,11300000.0,0,2022.csv
2022,Premier League,Chelsea FC,winter,out,Cesare Casadei,622380,20,Italy,Central Midfield,CM,1000000.0,Reading FC,England,0.0,1,2022.csv
2022,Premier League,Chelsea FC,winter,out,Andrey Santos,743600,18,Brazil,Central Midfield,CM,12000000.0,Clube de Regatas Vasco da Gama,Brazil,0.0,1,2022.csv
2022,Premier League,Chelsea FC,winter,out,Malo Gusto,620322,19,France,Right-Back,RB,15000000.0,Olympique Lyon,France,0.0,1,2022.csv
2022,Premier League,Crystal Palace,summer,in,Cheick Doucouré,543387,22,Mali,Defensive Midfield,DM,15000000.0,RC Lens,France,22600000.0,0,2022.csv
2022,Premier League,Crystal Palace,summer,in,Chris Richards,578539,22,United States,Centre-Back,CB,7500000.0,Bayern Munich,Germany,12000000.0,0,2022.csv
2022,Premier League,Crystal Palace,summer,in,Sam Johnstone,110864,29,England,Goalkeeper,GK,12000000.0,West Bromwich Albion,England,0.0,0,2022.csv
2022,Premier League,Crystal Palace,summer,in,Malcolm Ebiowei,512354,18,England,Right Winger,RW,1000000.0,Derby County,England,0.0,0,2022.csv
2022,Premier League,Crystal Palace,winter,in,Naouirou Ahamada,538971,20,France,Central Midfield,CM,5500000.0,VfB Stuttgart,Germany,12000000.0,0,2022.csv
2022,Premier League,Crystal Palace,winter,in,Albert Sambi Lokonga,381967,23,Belgium,Central Midfield,CM,15000000.0,Arsenal FC,England,0.0,1,2022.csv
2022,Premier League,Crystal Palace,summer,out,Christian Benteke,50201,31,Belgium,Centre-Forward,CF,6000000.0,D.C. United,United States,5460000.0,0,2022.csv
2022,Premier League,Crystal Palace,summer,out,Jaroslaw Jach,327755,28,Poland,Centre-Back,CB,500000.0,Zaglebie Lubin,Poland,0.0,0,2022.csv
2022,Premier League,Crystal Palace,summer,out,Martin Kelly,78959,32,England,Right-Back,RB,1000000.0,West Bromwich Albion,England,0.0,0,2022.csv
2022,Premier League,Crystal Palace,summer,out,Jacob Montes,497494,23,Nicaragua,Attacking Midfield,AM,100000.0,Botafogo de Futebol e Regatas,Brazil,0.0,0,2022.csv
2022,Premier League,Crystal Palace,summer,out,Cheikhou Kouyaté,66934,32,Senegal,Defensive Midfield,DM,4000000.0,Nottingham Forest,England,0.0,0,2022.csv
2022,Premier League,Crystal Palace,summer,out,Scott Banks,596821,20,Scotland,Right Winger,RW,250000.0,Bradford City,England,0.0,1,2022.csv
2022,Premier League,Crystal Palace,summer,out,Luke Plange,586986,19,England,Centre-Forward,CF,800000.0,RWD Molenbeek,Belgium,0.0,1,2022.csv
2022,Premier League,Crystal Palace,summer,out,Remi Matthews,196722,28,England,Goalkeeper,GK,300000.0,St. Johnstone FC,Scotland,0.0,1,2022.csv
2022,Premier League,Crystal Palace,summer,out,Jesurun Rak-Sakyi,586834,19,England,Right Winger,RW,500000.0,Charlton Athletic,England,0.0,1,2022.csv
2022,Premier League,Crystal Palace,summer,out,Albert Sambi Lokonga,381967,23,Belgium,Central Midfield,CM,15000000.0,Arsenal FC,England,0.0,1,2022.csv
2022,Premier League,Crystal Palace,winter,out,Jack Butland,128899,29,England,Goalkeeper,GK,1500000.0,Manchester United,England,0.0,1,2022.csv
2022,Premier League,Crystal Palace,winter,out,Malcolm Ebiowei,512354,19,England,Right Winger,RW,3000000.0,Hull City,England,0.0,1,2022.csv
2022,Premier League,Crystal Palace,winter,out,Luke Plange,586986,20,England,Centre-Forward,CF,600000.0,Lincoln City,England,0.0,1,2022.csv
2022,Premier League,Everton FC,summer,in,Amadou Onana,485706,20,Belgium,Defensive Midfield,DM,10000000.0,LOSC Lille,France,39870000.0,0,2022.csv
2022,Premier League,Everton FC,summer,in,Dwight McNeil,584769,22,England,Left Winger,LW,18000000.0,Burnley FC,England,17000000.0,0,2022.csv
2022,Premier League,Everton FC,summer,in,Neal Maupay,217115,26,France,Centre-Forward,CF,18000000.0,Brighton & Hove Albion,England,11800000.0,0,2022.csv
2022,Premier League,Everton FC,summer,in,James Garner,505219,21,England,Defensive Midfield,DM,7000000.0,Manchester United,England,10400000.0,0,2022.csv
2022,Premier League,Everton FC,summer,in,Idrissa Gueye,126665,32,Senegal,Defensive Midfield,DM,12000000.0,Paris Saint-Germain,France,4000000.0,0,2022.csv
2022,Premier League,Everton FC,summer,in,James Tarkowski,173504,29,England,Centre-Back,CB,22000000.0,Burnley FC,England,0.0,0,2022.csv
2022,Premier League,Everton FC,summer,in,Rúben Vinagre,357158,23,Portugal,Left-Back,LB,5000000.0,Sporting CP,Portugal,0.0,1,2022.csv
2022,Premier League,Everton FC,summer,in,Conor Coady,128901,29,England,Centre-Back,CB,25000000.0,Wolverhampton Wanderers,England,0.0,1,2022.csv
2022,Premier League,Everton FC,summer,in,Eldin Jakupović,2857,37,Switzerland,Goalkeeper,GK,250000.0,Without Club,,,0,2022.csv
2022,Premier League,Everton FC,summer,out,Richarlison,378710,25,Brazil,Centre-Forward,CF,48000000.0,Tottenham Hotspur,England,58000000.0,0,2022.csv
2022,Premier League,Everton FC,summer,out,Allan,126422,31,Brazil,Defensive Midfield,DM,10000000.0,Al-Wahda FC,United Arab Emirates,0.0,0,2022.csv
2022,Premier League,Everton FC,summer,out,Jonjoe Kenny,258883,25,England,Right-Back,RB,4000000.0,Hertha BSC,Germany,0.0,0,2022.csv
2022,Premier League,Everton FC,summer,out,Cenk Tosun,45671,31,Türkiye,Centre-Forward,CF,2000000.0,Besiktas JK,Türkiye,0.0,0,2022.csv
2022,Premier League,Everton FC,summer,out,Dele Alli,207929,26,England,Attacking Midfield,AM,16000000.0,Besiktas JK,Türkiye,0.0,1,2022.csv
2022,Premier League,Everton FC,summer,out,Jean-Philippe Gbamin,182894,26,Cote d'Ivoire,Defensive Midfield,DM,9000000.0,Trabzonspor,Türkiye,0.0,1,2022.csv
2022,Premier League,Everton FC,summer,out,Ellis Simms,511550,21,England,Centre-Forward,CF,600000.0,Sunderland AFC,England,0.0,1,2022.csv
2022,Premier League,Everton FC,summer,out,Nathan Broadhead,344009,24,Wales,Left Winger,LW,500000.0,Wigan Athletic,England,0.0,1,2022.csv
2022,Premier League,Everton FC,summer,out,Jarrad Branthwaite,661053,20,England,Centre-Back,CB,3000000.0,PSV Eindhoven,Netherlands,0.0,1,2022.csv
2022,Premier League,Everton FC,summer,out,Niels Nkounkou,591193,21,France,Left-Back,LB,2200000.0,Cardiff City,England,0.0,1,2022.csv
2022,Premier League,Everton FC,summer,out,André Gomes,221025,29,Portugal,Central Midfield,CM,18000000.0,LOSC Lille,France,0.0,1,2022.csv
2022,Premier League,Everton FC,summer,out,Fabian Delph,50362,32,England,Central Midfield,CM,1800000.0,Retired,,,0,2022.csv
2022,Premier League,Everton FC,summer,out,Gylfi Sigurdsson,90466,32,Iceland,Attacking Midfield,AM,,Career break,,,0,2022.csv
2022,Premier League,Everton FC,summer,out,João Virgínia,329813,22,Portugal,Goalkeeper,GK,1000000.0,SC Cambuur Leeuwarden,Netherlands,0.0,1,2022.csv
2022,Premier League,Everton FC,summer,out,Anwar El Ghazi,183720,27,Netherlands,Right Winger,RW,9000000.0,Aston Villa,England,0.0,1,2022.csv
2022,Premier League,Everton FC,winter,out,Anthony Gordon,503733,21,England,Left Winger,LW,40000000.0,Newcastle United,England,45600000.0,0,2022.csv
2022,Premier League,Everton FC,winter,out,Salomón Rondón,80197,33,Venezuela,Centre-Forward,CF,2000000.0,CA River Plate,Argentina,0.0,0,2022.csv
2022,Premier League,Everton FC,winter,out,Eldin Jakupović,2857,38,Switzerland,Goalkeeper,GK,200000.0,Los Angeles FC,United States,0.0,0,2022.csv
2022,Premier League,Everton FC,winter,out,Nathan Broadhead,344009,24,Wales,Left Winger,LW,500000.0,Ipswich Town,England,,0,2022.csv
2022,Premier League,Everton FC,winter,out,Tom Cannon,669366,20,Ireland,Centre-Forward,CF,,Preston North End,England,0.0,1,2022.csv
2022,Premier League,Everton FC,winter,out,Niels Nkounkou,591193,22,France,Left-Back,LB,2500000.0,AS Saint-Étienne,France,0.0,1,2022.csv
2022,Premier League,Fulham FC,summer,in,João Palhinha,257455,26,Portugal,Defensive Midfield,DM,25000000.0,Sporting CP,Portugal,24900000.0,0,2022.csv
2022,Premier League,Fulham FC,summer,in,Issa Diop,272622,25,France,Centre-Back,CB,10000000.0,West Ham United,England,17800000.0,0,2022.csv
2022,Premier League,Fulham FC,summer,in,Andreas Pereira,203394,26,Brazil,Attacking Midfield,AM,7500000.0,Manchester United,England,9500000.0,0,2022.csv
2022,Premier League,Fulham FC,summer,in,Kevin Mbabu,183321,27,Switzerland,Right-Back,RB,9000000.0,VfL Wolfsburg,Germany,5500000.0,0,2022.csv
2022,Premier League,Fulham FC,summer,in,Carlos Vinícius,525287,27,Brazil,Centre-Forward,CF,8000000.0,SL Benfica,Portugal,5000000.0,0,2022.csv
2022,Premier League,Fulham FC,summer,in,Bernd Leno,72476,30,Germany,Goalkeeper,GK,9000000.0,Arsenal FC,England,3600000.0,0,2022.csv
2022,Premier League,Fulham FC,summer,in,Willian,52769,34,Brazil,Left Winger,LW,4000000.0,Sport Club Corinthians Paulista,Brazil,0.0,0,2022.csv
2022,Premier League,Fulham FC,summer,in,Shane Duffy,119269,30,Ireland,Centre-Back,CB,5000000.0,Brighton & Hove Albion,England,0.0,1,2022.csv
2022,Premier League,Fulham FC,summer,in,Daniel James,319301,24,Wales,Right Winger,RW,18000000.0,Leeds United,England,0.0,1,2022.csv
2022,Premier League,Fulham FC,summer,in,Layvin Kurzawa,126710,29,France,Left-Back,LB,5000000.0,Paris Saint-Germain,France,0.0,1,2022.csv
2022,Premier League,Fulham FC,summer,in,Manor Solomon,396638,23,Israel,Left Winger,LW,18000000.0,Shakhtar Donetsk,Ukraine,0.0,1,2022.csv
2022,Premier League,Fulham FC,winter,in,Saša Lukić,245056,26,Serbia,Central Midfield,CM,13000000.0,Torino FC,Italy,9800000.0,0,2022.csv
2022,Premier League,Fulham FC,winter,in,Shane Duffy,119269,31,Ireland,Centre-Back,CB,2500000.0,Brighton & Hove Albion,England,,0,2022.csv
2022,Premier League,Fulham FC,winter,in,Cédric Soares,112988,31,Portugal,Right-Back,RB,4000000.0,Arsenal FC,England,0.0,1,2022.csv
2022,Premier League,Fulham FC,summer,out,Frank Anguissa,354361,26,Cameroon,Central Midfield,CM,30000000.0,SSC Napoli,Italy,16000000.0,0,2022.csv
2022,Premier League,Fulham FC,summer,out,Fábio Carvalho,559263,19,Portugal,Attacking Midfield,AM,12000000.0,Liverpool FC,England,9400000.0,0,2022.csv
2022,Premier League,Fulham FC,summer,out,Alfie Mawson,287431,28,England,Centre-Back,CB,2500000.0,Wycombe Wanderers,England,0.0,0,2022.csv
2022,Premier League,Fulham FC,summer,out,Jean Michaël Seri,178614,30,Cote d'Ivoire,Defensive Midfield,DM,5000000.0,Hull City,England,0.0,0,2022.csv
2022,Premier League,Fulham FC,summer,out,Cyrus Christie,158623,29,Ireland,Right-Back,RB,1200000.0,Hull City,England,0.0,0,2022.csv
2022,Premier League,Fulham FC,summer,out,Anthony Knockaert,149237,30,France,Right Winger,RW,2000000.0,Volos NPS,Greece,0.0,1,2022.csv
2022,Premier League,Fulham FC,summer,out,Tyrese Francois,528888,22,Australia,Central Midfield,CM,500000.0,HNK Gorica,Croatia,0.0,1,2022.csv
2022,Premier League,Fulham FC,summer,out,Rodrigo Muniz,735571,21,Brazil,Centre-Forward,CF,5000000.0,Middlesbrough FC,England,0.0,1,2022.csv
2022,Premier League,Fulham FC,summer,out,Joe Bryan,194460,28,England,Left-Back,LB,3000000.0,OGC Nice,France,0.0,1,2022.csv
2022,Premier League,Fulham FC,summer,out,Paulo Gazzaniga,195488,30,Argentina,Goalkeeper,GK,2000000.0,Girona FC,Spain,0.0,1,2022.csv
2022,Premier League,Fulham FC,summer,out,Terence Kongolo,152651,28,Netherlands,Centre-Back,CB,1500000.0,Le Havre AC,France,0.0,1,2022.csv
2022,Premier League,Fulham FC,summer,out,Steven Sessegnon,406558,22,England,Right-Back,RB,1500000.0,Charlton Athletic,England,0.0,1,2022.csv
2022,Premier League,Fulham FC,summer,out,Ivan Cavaleiro,149716,28,Angola,Left Winger,LW,3000000.0,Alanyaspor,Türkiye,0.0,1,2022.csv
2022,Premier League,Fulham FC,summer,out,Michael Hector,157490,29,Jamaica,Centre-Back,CB,2000000.0,Without Club,,,0,2022.csv
2022,Premier League,Fulham FC,summer,out,Fabri,45882,34,Spain,Goalkeeper,GK,500000.0,Without Club,,,0,2022.csv
2022,Premier League,Fulham FC,summer,out,Daniel James,319301,25,Wales,Right Winger,RW,13000000.0,Leeds United,England,0.0,1,2022.csv
2022,Premier League,Fulham FC,winter,out,Josh Onomah,243589,25,England,Central Midfield,CM,2500000.0,Preston North End,England,0.0,0,2022.csv
2022,Premier League,Fulham FC,winter,out,Anthony Knockaert,149237,31,France,Right Winger,RW,1200000.0,Huddersfield Town,England,0.0,1,2022.csv
2022,Premier League,Fulham FC,winter,out,Nathaniel Chalobah,128900,28,England,Defensive Midfield,DM,2500000.0,West Bromwich Albion,England,,0,2022.csv
2022,Premier League,Fulham FC,winter,out,Kevin Mbabu,183321,27,Switzerland,Right-Back,RB,7000000.0,Servette FC,Switzerland,0.0,1,2022.csv
2022,Premier League,Fulham FC,winter,out,Shane Duffy,119269,31,Ireland,Centre-Back,CB,2500000.0,Brighton & Hove Albion,England,0.0,1,2022.csv
2022,Premier League,Leeds United,summer,in,Brenden Aaronson,393323,21,United States,Attacking Midfield,AM,25000000.0,Red Bull Salzburg,Austria,32840000.000000004,0,2022.csv
2022,Premier League,Leeds United,summer,in,Luis Sinisterra,512385,23,Colombia,Left Winger,LW,25000000.0,Feyenoord Rotterdam,Netherlands,25000000.0,0,2022.csv
2022,Premier League,Leeds United,summer,in,Tyler Adams,332705,23,United States,Defensive Midfield,DM,17000000.0,RB Leipzig,Germany,17000000.0,0,2022.csv
2022,Premier League,Leeds United,summer,in,Rasmus Kristensen,369684,24,Denmark,Right-Back,RB,15000000.0,Red Bull Salzburg,Austria,13000000.0,0,2022.csv
2022,Premier League,Leeds United,summer,in,Marc Roca,336869,25,Spain,Defensive Midfield,DM,7000000.0,Bayern Munich,Germany,12000000.0,0,2022.csv
2022,Premier League,Leeds United,summer,in,Darko Gyabi,663264,18,England,Central Midfield,CM,,Manchester City U21,England,5800000.0,0,2022.csv
2022,Premier League,Leeds United,summer,in,Wilfried Gnonto,627626,18,Italy,Right Winger,RW,10000000.0,FC Zürich,Switzerland,4500000.0,0,2022.csv
2022,Premier League,Leeds United,summer,in,Joel Robles,101118,32,Spain,Goalkeeper,GK,1500000.0,Real Betis Balompié,Spain,0.0,0,2022.csv
2022,Premier League,Leeds United,winter,in,Georginio Rutter,538977,20,France,Centre-Forward,CF,16000000.0,TSG 1899 Hoffenheim,Germany,40500000.0,0,2022.csv
2022,Premier League,Leeds United,winter,in,Maximilian Wöber,263361,24,Austria,Centre-Back,CB,12000000.0,Red Bull Salzburg,Austria,12000000.0,0,2022.csv
2022,Premier League,Leeds United,winter,in,Weston McKennie,332697,24,United States,Central Midfield,CM,21000000.0,Juventus FC,Italy,1250000.0,1,2022.csv
2022,Premier League,Leeds United,summer,out,Raphinha,411295,25,Brazil,Left Winger,LW,45000000.0,FC Barcelona,Spain,58000000.0,0,2022.csv
2022,Premier League,Leeds United,summer,out,Kalvin Phillips,351749,26,England,Defensive Midfield,DM,50000000.0,Manchester City,England,49000000.0,0,2022.csv
2022,Premier League,Leeds United,summer,out,Hélder Costa,173900,28,Angola,Right Winger,RW,5000000.0,Al-Ittihad Club,Saudi Arabia,4800000.0,1,2022.csv
2022,Premier League,Leeds United,summer,out,Leif Davis,596446,22,England,Left-Back,LB,800000.0,Ipswich Town,England,1200000.0,0,2022.csv
2022,Premier League,Leeds United,summer,out,Laurens De Bock,110668,29,Belgium,Left-Back,LB,700000.0,Zulte Waregem,Belgium,0.0,0,2022.csv
2022,Premier League,Leeds United,summer,out,Kiko Casilla,27486,35,Spain,Goalkeeper,GK,700000.0,Getafe CF,Spain,0.0,0,2022.csv
2022,Premier League,Leeds United,summer,out,Liam McCarron,614082,21,Scotland,Left-Back,LB,500000.0,Stoke City,England,,0,2022.csv
2022,Premier League,Leeds United,summer,out,Charlie Cresswell,597659,19,England,Centre-Back,CB,3000000.0,Millwall FC,England,0.0,1,2022.csv
2022,Premier League,Leeds United,summer,out,Tyler Roberts,296986,23,Wales,Centre-Forward,CF,8000000.0,Queens Park Rangers,England,0.0,1,2022.csv
2022,Premier League,Leeds United,summer,out,Jamie Shackleton,534700,22,England,Right-Back,RB,2500000.0,Millwall FC,England,0.0,1,2022.csv
2022,Premier League,Leeds United,summer,out,Ian Poveda,392763,22,Colombia,Right Winger,RW,2000000.0,Blackpool FC,England,0.0,1,2022.csv
2022,Premier League,Leeds United,summer,out,Mateusz Bogusz,431475,21,Poland,Attacking Midfield,AM,1500000.0,UD Ibiza,Spain,0.0,1,2022.csv
2022,Premier League,Leeds United,summer,out,Daniel James,319301,24,Wales,Right Winger,RW,18000000.0,Fulham FC,England,0.0,1,2022.csv
2022,Premier League,Leeds United,winter,out,Mateusz Bogusz,431475,21,Poland,Attacking Midfield,AM,1000000.0,Los Angeles FC,United States,1000000.0,0,2022.csv
2022,Premier League,Leeds United,winter,out,Diego Llorente,246291,29,Spain,Centre-Back,CB,12000000.0,AS Roma,Italy,500000.0,1,2022.csv
2022,Premier League,Leeds United,winter,out,Mateusz Klich,92738,32,Poland,Central Midfield,CM,2000000.0,D.C. United,United States,0.0,0,2022.csv
2022,Premier League,Leeds United,winter,out,Leo Hjelde,661208,19,Norway,Left-Back,LB,800000.0,Rotherham United,England,0.0,1,2022.csv
2022,Premier League,Leeds United,winter,out,Cody Drameh,531957,21,England,Right-Back,RB,3000000.0,Luton Town,England,0.0,1,2022.csv
2022,Premier League,Leeds United,winter,out,Joe Gelhardt,503980,20,England,Centre-Forward,CF,8000000.0,Sunderland AFC,England,0.0,1,2022.csv
2022,Premier League,Leicester City,summer,in,Wout Faes,292808,24,Belgium,Centre-Back,CB,10000000.0,Stade Reims,France,17000000.0,0,2022.csv
2022,Premier League,Leicester City,summer,in,Alex Smithies,33754,32,England,Goalkeeper,GK,800000.0,Cardiff City,England,0.0,0,2022.csv
2022,Premier League,Leicester City,winter,in,Harry Souttar,298091,24,Australia,Centre-Back,CB,6000000.0,Stoke City,England,17000000.0,0,2022.csv
2022,Premier League,Leicester City,winter,in,Victor Kristiansen,564529,20,Denmark,Left-Back,LB,4000000.0,FC Copenhagen,Denmark,14000000.0,0,2022.csv
2022,Premier League,Leicester City,winter,in,Tetê,371256,22,Brazil,Right Winger,RW,25000000.0,Olympique Lyon,France,1000000.0,1,2022.csv
2022,Premier League,Leicester City,summer,out,Wesley Fofana,475411,21,France,Centre-Back,CB,40000000.0,Chelsea FC,England,80400000.0,0,2022.csv
2022,Premier League,Leicester City,summer,out,Kasper Schmeichel,16911,35,Denmark,Goalkeeper,GK,4000000.0,OGC Nice,France,1000000.0,0,2022.csv
2022,Premier League,Leicester City,summer,out,Hamza Choudhury,341501,24,Bangladesh,Defensive Midfield,DM,4000000.0,Watford FC,England,0.0,1,2022.csv
2022,Premier League,Leicester City,summer,out,George Hirst,420808,23,Scotland,Centre-Forward,CF,800000.0,Blackburn Rovers,England,0.0,1,2022.csv
2022,Premier League,Leicester City,summer,out,Eldin Jakupović,2857,37,Switzerland,Goalkeeper,GK,250000.0,Without Club,,,0,2022.csv
2022,Premier League,Leicester City,summer,out,Ademola Lookman,406040,24,Nigeria,Second Striker,SS,10000000.0,RB Leipzig,Germany,0.0,1,2022.csv
2022,Premier League,Leicester City,winter,out,George Hirst,420808,23,Scotland,Centre-Forward,CF,800000.0,Ipswich Town,England,0.0,1,2022.csv
2022,Premier League,Leicester City,winter,out,Ayoze Pérez,246968,29,Spain,Centre-Forward,CF,6000000.0,Real Betis Balompié,Spain,0.0,1,2022.csv
2022,Premier League,Leicester City,winter,out,Marc Albrighton,61560,33,England,Right Midfield,RM,2000000.0,West Bromwich Albion,England,0.0,1,2022.csv
2022,Premier League,Liverpool FC,summer,in,Darwin Núñez,546543,23,Uruguay,Centre-Forward,CF,55000000.0,SL Benfica,Portugal,85000000.0,0,2022.csv
2022,Premier League,Liverpool FC,summer,in,Fábio Carvalho,559263,19,Portugal,Attacking Midfield,AM,12000000.0,Fulham FC,England,9400000.0,0,2022.csv
2022,Premier League,Liverpool FC,summer,in,Arthur Melo,362842,26,Brazil,Defensive Midfield,DM,18000000.0,Juventus FC,Italy,4500000.0,1,2022.csv
2022,Premier League,Liverpool FC,winter,in,Cody Gakpo,434675,23,Netherlands,Left Winger,LW,60000000.0,PSV Eindhoven,Netherlands,42000000.0,0,2022.csv
2022,Premier League,Liverpool FC,summer,out,Sadio Mané,200512,30,Senegal,Left Winger,LW,70000000.0,Bayern Munich,Germany,32000000.0,0,2022.csv
2022,Premier League,Liverpool FC,summer,out,Neco Williams,503680,21,Wales,Left-Back,LB,8000000.0,Nottingham Forest,England,20000000.0,0,2022.csv
2022,Premier League,Liverpool FC,summer,out,Takumi Minamino,165793,27,Japan,Left Winger,LW,12000000.0,AS Monaco,France,15000000.0,0,2022.csv
2022,Premier League,Liverpool FC,summer,out,Marko Grujić,222813,26,Serbia,Defensive Midfield,DM,12000000.0,FC Porto,Portugal,9000000.0,0,2022.csv
2022,Premier League,Liverpool FC,summer,out,Ben Davies,257097,26,England,Centre-Back,CB,2500000.0,Rangers FC,Scotland,4100000.0,0,2022.csv
2022,Premier League,Liverpool FC,summer,out,Sheyi Ojo,236510,25,England,Right Winger,RW,2000000.0,Cardiff City,England,0.0,0,2022.csv
2022,Premier League,Liverpool FC,summer,out,Ben Woodburn,344015,22,Wales,Attacking Midfield,AM,1200000.0,Preston North End,England,0.0,0,2022.csv
2022,Premier League,Liverpool FC,summer,out,Divock Origi,148368,27,Belgium,Centre-Forward,CF,12000000.0,AC Milan,Italy,0.0,0,2022.csv
2022,Premier League,Liverpool FC,summer,out,Marcelo Pitaluga,662334,19,Brazil,Goalkeeper,GK,100000.0,Macclesfield FC,England,0.0,1,2022.csv
2022,Premier League,Liverpool FC,summer,out,Vitezslav Jaros,486604,20,Czech Republic,Goalkeeper,GK,100000.0,Stockport County,England,0.0,1,2022.csv
2022,Premier League,Liverpool FC,summer,out,Rhys Williams,503679,21,England,Centre-Back,CB,4000000.0,Blackpool FC,England,0.0,1,2022.csv
2022,Premier League,Liverpool FC,summer,out,Sepp van den Berg,541231,20,Netherlands,Centre-Back,CB,5000000.0,FC Schalke 04,Germany,0.0,1,2022.csv
2022,Premier League,Liverpool FC,summer,out,Loris Karius,85864,29,Germany,Goalkeeper,GK,1500000.0,Without Club,,,0,2022.csv
2022,Premier League,Manchester City,summer,in,Erling Haaland,418560,21,Norway,Centre-Forward,CF,150000000.0,Borussia Dortmund,Germany,60000000.0,0,2022.csv
2022,Premier League,Manchester City,summer,in,Kalvin Phillips,351749,26,England,Defensive Midfield,DM,50000000.0,Leeds United,England,49000000.0,0,2022.csv
2022,Premier League,Manchester City,summer,in,Manuel Akanji,284730,27,Switzerland,Centre-Back,CB,30000000.0,Borussia Dortmund,Germany,20000000.0,0,2022.csv
2022,Premier League,Manchester City,summer,in,Sergio Gómez,366930,21,Spain,Left-Back,LB,10000000.0,RSC Anderlecht,Belgium,15000000.0,0,2022.csv
2022,Premier League,Manchester City,summer,in,Stefan Ortega,85941,29,Germany,Goalkeeper,GK,6000000.0,Arminia Bielefeld,Germany,0.0,0,2022.csv
2022,Premier League,Manchester City,winter,in,Máximo Perrone,668547,20,Argentina,Defensive Midfield,DM,8500000.0,CA Vélez Sarsfield,Argentina,11000000.0,0,2022.csv
2022,Premier League,Manchester City,summer,out,Raheem Sterling,134425,27,England,Right Winger,RW,70000000.0,Chelsea FC,England,56200000.0,0,2022.csv
2022,Premier League,Manchester City,summer,out,Gabriel Jesus,363205,25,Brazil,Centre-Forward,CF,50000000.0,Arsenal FC,England,52200000.0,0,2022.csv
2022,Premier League,Manchester City,summer,out,Oleksandr Zinchenko,203853,25,Ukraine,Left-Back,LB,25000000.0,Arsenal FC,England,35000000.0,0,2022.csv
2022,Premier League,Manchester City,summer,out,Pedro Porro,553875,22,Spain,Right-Back,RB,25000000.0,Sporting CP,Portugal,8770000.0,0,2022.csv
2022,Premier League,Manchester City,summer,out,Ko Itakura,355816,25,Japan,Centre-Back,CB,5000000.0,Borussia Mönchengladbach,Germany,5000000.0,0,2022.csv
2022,Premier League,Manchester City,summer,out,Arijanet Murić,371021,23,Kosovo,Goalkeeper,GK,2600000.0,Burnley FC,England,3000000.0,0,2022.csv
2022,Premier League,Manchester City,summer,out,Ryotaro Meshino,426666,24,Japan,Left Winger,LW,300000.0,Gamba Osaka,Japan,0.0,0,2022.csv
2022,Premier League,Manchester City,summer,out,Daniel Arzani,399997,23,Australia,Right Winger,RW,500000.0,Macarthur FC,Australia,0.0,0,2022.csv
2022,Premier League,Manchester City,summer,out,Fernandinho,26267,37,Brazil,Defensive Midfield,DM,1500000.0,Club Athletico Paranaense,Brazil,0.0,0,2022.csv
2022,Premier League,Manchester City,summer,out,Nahuel Bustos,439629,24,Argentina,Centre-Forward,CF,3000000.0,São Paulo Futebol Clube,Brazil,0.0,1,2022.csv
2022,Premier League,Manchester City,summer,out,Ante Palaversa,371003,22,Croatia,Defensive Midfield,DM,1500000.0,ESTAC Troyes,France,,0,2022.csv
2022,Premier League,Manchester City,summer,out,Marlos Moreno,345654,25,Colombia,Left Winger,LW,900000.0,ESTAC Troyes,France,,0,2022.csv
2022,Premier League,Manchester City,summer,out,Zack Steffen,221624,27,United States,Goalkeeper,GK,6000000.0,Middlesbrough FC,England,0.0,1,2022.csv
2022,Premier League,Manchester City,summer,out,Diego Rosa,662327,19,Brazil,Defensive Midfield,DM,500000.0,FC Vizela,Portugal,0.0,1,2022.csv
2022,Premier League,Manchester City,summer,out,Taylor Harwood-Bellis,503977,20,England,Centre-Back,CB,7000000.0,Burnley FC,England,0.0,1,2022.csv
2022,Premier League,Manchester City,summer,out,Yan Couto,627228,20,Brazil,Right-Back,RB,5000000.0,Girona FC,Spain,0.0,1,2022.csv
2022,Premier League,Manchester City,summer,out,Yangel Herrera,378293,24,Venezuela,Central Midfield,CM,14000000.0,Girona FC,Spain,0.0,1,2022.csv
2022,Premier League,Manchester City,summer,out,Slobodan Tedic,505652,22,Serbia,Centre-Forward,CF,750000.0,Barnsley FC,England,0.0,1,2022.csv
2022,Premier League,Manchester City,summer,out,Issa Kaboré,649452,21,Burkina Faso,Right-Back,RB,4000000.0,Olympique Marseille,France,0.0,1,2022.csv
2022,Premier League,Manchester City,summer,out,Thomas Agyepong,384807,25,Ghana,Left Winger,LW,150000.0,Without Club,,,0,2022.csv
2022,Premier League,Manchester City,winter,out,Diego Rosa,662327,20,Brazil,Defensive Midfield,DM,700000.0,Esporte Clube Bahia,Brazil,2000000.0,0,2022.csv
2022,Premier League,Manchester City,winter,out,João Cancelo,182712,28,Portugal,Right-Back,RB,70000000.0,Bayern Munich,Germany,0.0,1,2022.csv
2022,Premier League,Manchester City,winter,out,Josh Wilson-Esbrand,576121,20,England,Left-Back,LB,1000000.0,Coventry City,England,0.0,1,2022.csv
2022,Premier League,Manchester City,winter,out,Nahuel Bustos,439629,24,Argentina,Centre-Forward,CF,3000000.0,CA Talleres,Argentina,0.0,1,2022.csv
2022,Premier League,Manchester United,summer,in,Antony,602105,22,Brazil,Right Winger,RW,35000000.0,Ajax Amsterdam,Netherlands,95000000.0,0,2022.csv
2022,Premier League,Manchester United,summer,in,Casemiro,16306,30,Brazil,Defensive Midfield,DM,40000000.0,Real Madrid,Spain,70650000.0,0,2022.csv
2022,Premier League,Manchester United,summer,in,Lisandro Martínez,480762,24,Argentina,Centre-Back,CB,32000000.0,Ajax Amsterdam,Netherlands,57370000.0,0,2022.csv
2022,Premier League,Manchester United,summer,in,Tyrell Malacia,339340,22,Netherlands,Left-Back,LB,17000000.0,Feyenoord Rotterdam,Netherlands,15000000.0,0,2022.csv
2022,Premier League,Manchester United,summer,in,Martin Dúbravka,74960,33,Slovakia,Goalkeeper,GK,4000000.0,Newcastle United,England,2300000.0,1,2022.csv
2022,Premier League,Manchester United,summer,in,Christian Eriksen,69633,30,Denmark,Attacking Midfield,AM,20000000.0,Brentford FC,England,0.0,0,2022.csv
2022,Premier League,Manchester United,winter,in,Wout Weghorst,228645,30,Netherlands,Centre-Forward,CF,14000000.0,Burnley FC,England,2830000.0,1,2022.csv
2022,Premier League,Manchester United,winter,in,Jack Butland,128899,29,England,Goalkeeper,GK,1500000.0,Crystal Palace,England,0.0,1,2022.csv
2022,Premier League,Manchester United,winter,in,Marcel Sabitzer,106987,28,Austria,Central Midfield,CM,20000000.0,Bayern Munich,Germany,0.0,1,2022.csv
2022,Premier League,Manchester United,summer,out,James Garner,505219,21,England,Defensive Midfield,DM,7000000.0,Everton FC,England,10400000.0,0,2022.csv
2022,Premier League,Manchester United,summer,out,Andreas Pereira,203394,26,Brazil,Attacking Midfield,AM,7500000.0,Fulham FC,England,9500000.0,0,2022.csv
2022,Premier League,Manchester United,summer,out,Eric Bailly,286384,28,Cote d'Ivoire,Centre-Back,CB,6000000.0,Olympique Marseille,France,2000000.0,1,2022.csv
2022,Premier League,Manchester United,summer,out,Tahith Chong,344830,22,Curacao,Attacking Midfield,AM,3500000.0,Birmingham City,England,1750000.0,0,2022.csv
2022,Premier League,Manchester United,summer,out,Paul Pogba,122153,29,France,Central Midfield,CM,48000000.0,Juventus FC,Italy,0.0,0,2022.csv
2022,Premier League,Manchester United,summer,out,Nemanja Matić,74683,33,Serbia,Defensive Midfield,DM,5000000.0,AS Roma,Italy,0.0,0,2022.csv
2022,Premier League,Manchester United,summer,out,Edinson Cavani,48280,35,Uruguay,Centre-Forward,CF,4000000.0,Valencia CF,Spain,0.0,0,2022.csv
2022,Premier League,Manchester United,summer,out,Juan Mata,44068,34,Spain,Attacking Midfield,AM,2500000.0,Galatasaray,Türkiye,0.0,0,2022.csv
2022,Premier League,Manchester United,summer,out,Jesse Lingard,141660,29,England,Attacking Midfield,AM,18000000.0,Nottingham Forest,England,0.0,0,2022.csv
2022,Premier League,Manchester United,summer,out,Álvaro Carreras,811778,19,Spain,Left-Back,LB,2000000.0,Preston North End,England,0.0,1,2022.csv
2022,Premier League,Manchester United,summer,out,Matej Kovar,550829,22,Czech Republic,Goalkeeper,GK,400000.0,AC Sparta Prague,Czech Republic,0.0,1,2022.csv
2022,Premier League,Manchester United,summer,out,Amad Diallo,536835,20,Cote d'Ivoire,Right Winger,RW,15000000.0,Sunderland AFC,England,0.0,1,2022.csv
2022,Premier League,Manchester United,summer,out,Hannibal,607224,19,Tunisia,Attacking Midfield,AM,6000000.0,Birmingham City,England,0.0,1,2022.csv
2022,Premier League,Manchester United,summer,out,Alex Telles,255755,29,Brazil,Left-Back,LB,18000000.0,Sevilla FC,Spain,0.0,1,2022.csv
2022,Premier League,Manchester United,summer,out,Dean Henderson,258919,25,England,Goalkeeper,GK,18000000.0,Nottingham Forest,England,0.0,1,2022.csv
2022,Premier League,Manchester United,summer,out,Lee Grant,13460,39,England,Goalkeeper,GK,250000.0,Retired,,,0,2022.csv
2022,Premier League,Manchester United,winter,out,Axel Tuanzebe,342046,25,DR Congo,Centre-Back,CB,6000000.0,Stoke City,England,0.0,1,2022.csv
2022,Premier League,Manchester United,winter,out,Cristiano Ronaldo,8198,37,Portugal,Centre-Forward,CF,20000000.0,Without Club,,,0,2022.csv
2022,Premier League,Manchester United,winter,out,Martin Dúbravka,74960,33,Slovakia,Goalkeeper,GK,4000000.0,Newcastle United,England,0.0,1,2022.csv
2022,Premier League,Newcastle United,summer,in,Alexander Isak,349066,22,Sweden,Centre-Forward,CF,30000000.0,Real Sociedad,Spain,77500000.0,0,2022.csv
2022,Premier League,Newcastle United,summer,in,Sven Botman,361093,22,Netherlands,Centre-Back,CB,30000000.0,LOSC Lille,France,37000000.0,0,2022.csv
2022,Premier League,Newcastle United,summer,in,Matt Targett,250478,26,England,Left-Back,LB,17000000.0,Aston Villa,England,17500000.0,0,2022.csv
2022,Premier League,Newcastle United,summer,in,Nick Pope,192080,30,England,Goalkeeper,GK,15000000.0,Burnley FC,England,11500000.0,0,2022.csv
2022,Premier League,Newcastle United,summer,in,Loris Karius,85864,29,Germany,Goalkeeper,GK,1500000.0,Without Club,,,0,2022.csv
2022,Premier League,Newcastle United,winter,in,Anthony Gordon,503733,21,England,Left Winger,LW,40000000.0,Everton FC,England,45600000.0,0,2022.csv
2022,Premier League,Newcastle United,summer,out,Martin Dúbravka,74960,33,Slovakia,Goalkeeper,GK,4000000.0,Manchester United,England,2300000.0,1,2022.csv
2022,Premier League,Newcastle United,summer,out,Isaac Hayden,206225,27,Jamaica,Defensive Midfield,DM,8000000.0,Norwich City,England,600000.0,1,2022.csv
2022,Premier League,Newcastle United,summer,out,Dwight Gayle,196522,32,England,Centre-Forward,CF,1500000.0,Stoke City,England,0.0,0,2022.csv
2022,Premier League,Newcastle United,summer,out,Federico Fernández,85475,33,Argentina,Centre-Back,CB,1500000.0,Elche CF,Spain,0.0,0,2022.csv
2022,Premier League,Newcastle United,summer,out,Kell Watts,484389,22,England,Centre-Back,CB,,Peterborough United,England,0.0,1,2022.csv
2022,Premier League,Newcastle United,summer,out,Freddie Woodman,226049,25,England,Goalkeeper,GK,9000000.0,Preston North End,England,,0,2022.csv
2022,Premier League,Newcastle United,summer,out,Jeff Hendrick,148262,30,Ireland,Central Midfield,CM,5000000.0,Reading FC,England,0.0,1,2022.csv
2022,Premier League,Newcastle United,summer,out,Ciaran Clark,98240,32,Ireland,Centre-Back,CB,1800000.0,Sheffield United,England,0.0,1,2022.csv
2022,Premier League,Newcastle United,summer,out,Matty Longstaff,484387,22,England,Central Midfield,CM,1800000.0,Colchester United,England,0.0,1,2022.csv
2022,Premier League,Newcastle United,winter,out,Jonjo Shelvey,71292,30,England,Central Midfield,CM,7000000.0,Nottingham Forest,England,6500000.0,0,2022.csv
2022,Premier League,Newcastle United,winter,out,Chris Wood,108725,31,New Zealand,Centre-Forward,CF,10000000.0,Nottingham Forest,England,4500000.0,1,2022.csv
2022,Premier League,Newcastle United,winter,out,Karl Darlow,99397,32,Wales,Goalkeeper,GK,1800000.0,Hull City,England,157000.0,1,2022.csv
2022,Premier League,Nottingham Forest,summer,in,Morgan Gibbs-White,429014,22,England,Attacking Midfield,AM,11000000.0,Wolverhampton Wanderers,England,29500000.0,0,2022.csv
2022,Premier League,Nottingham Forest,summer,in,Taiwo Awoniyi,295313,24,Nigeria,Centre-Forward,CF,20000000.0,1.FC Union Berlin,Germany,20500000.0,0,2022.csv
2022,Premier League,Nottingham Forest,summer,in,Neco Williams,503680,21,Wales,Left-Back,LB,8000000.0,Liverpool FC,England,20000000.0,0,2022.csv
2022,Premier League,Nottingham Forest,summer,in,Emmanuel Dennis,448854,24,Nigeria,Centre-Forward,CF,14000000.0,Watford FC,England,14800000.0,0,2022.csv
2022,Premier League,Nottingham Forest,summer,in,Moussa Niakhaté,291200,26,Senegal,Centre-Back,CB,18000000.0,1.FSV Mainz 05,Germany,13800000.0,0,2022.csv
2022,Premier League,Nottingham Forest,summer,in,Orel Mangala,289592,24,Belgium,Defensive Midfield,DM,15000000.0,VfB Stuttgart,Germany,13000000.0,0,2022.csv
2022,Premier League,Nottingham Forest,summer,in,Giulian Biancone,536507,22,France,Centre-Back,CB,4000000.0,ESTAC Troyes,France,10000000.0,0,2022.csv
2022,Premier League,Nottingham Forest,summer,in,Lewis O'Brien,560694,23,England,Central Midfield,CM,3500000.0,Huddersfield Town,England,9400000.0,0,2022.csv
2022,Premier League,Nottingham Forest,summer,in,Omar Richards,424881,24,England,Left-Back,LB,7000000.0,Bayern Munich,Germany,8500000.0,0,2022.csv
2022,Premier League,Nottingham Forest,summer,in,Remo Freuler,148252,30,Switzerland,Central Midfield,CM,20000000.0,Atalanta BC,Italy,8300000.000000001,0,2022.csv
2022,Premier League,Nottingham Forest,summer,in,Renan Lodi,476352,24,Brazil,Left-Back,LB,30000000.0,Atlético de Madrid,Spain,5000000.0,1,2022.csv
2022,Premier League,Nottingham Forest,summer,in,Ui-jo Hwang,260166,29,"Korea, South",Centre-Forward,CF,7000000.0,FC Girondins Bordeaux,France,4000000.0,0,2022.csv
2022,Premier League,Nottingham Forest,summer,in,Willy Boly,142310,31,Cote d'Ivoire,Centre-Back,CB,6000000.0,Wolverhampton Wanderers,England,2600000.0,0,2022.csv
2022,Premier League,Nottingham Forest,summer,in,Harry Toffolo,198516,26,England,Left-Back,LB,2500000.0,Huddersfield Town,England,2400000.0,0,2022.csv
2022,Premier League,Nottingham Forest,summer,in,Josh Bowler,506470,23,England,Right Winger,RW,2000000.0,Blackpool FC,England,2300000.0,0,2022.csv
2022,Premier League,Nottingham Forest,summer,in,Brandon Aguilera,631996,19,Costa Rica,Central Midfield,CM,125000.0,LD Alajuelense,Costa Rica,950000.0,0,2022.csv
2022,Premier League,Nottingham Forest,summer,in,Cheikhou Kouyaté,66934,32,Senegal,Defensive Midfield,DM,4000000.0,Crystal Palace,England,0.0,0,2022.csv
2022,Premier League,Nottingham Forest,summer,in,Adnan Kanuric,354017,22,Bosnia-Herzegovina,Goalkeeper,GK,50000.0,FK Sarajevo,Bosnia-Herzegovina,0.0,0,2022.csv
2022,Premier League,Nottingham Forest,summer,in,Jesse Lingard,141660,29,England,Attacking Midfield,AM,18000000.0,Manchester United,England,0.0,0,2022.csv
2022,Premier League,Nottingham Forest,summer,in,Wayne Hennessey,45494,35,Wales,Goalkeeper,GK,500000.0,Burnley FC,England,0.0,0,2022.csv
2022,Premier League,Nottingham Forest,summer,in,Dean Henderson,258919,25,England,Goalkeeper,GK,18000000.0,Manchester United,England,0.0,1,2022.csv
2022,Premier League,Nottingham Forest,summer,in,Loïc Badé,730581,22,France,Centre-Back,CB,12000000.0,Stade Rennais FC,France,0.0,1,2022.csv
2022,Premier League,Nottingham Forest,summer,in,Serge Aurier,127032,29,Cote d'Ivoire,Right-Back,RB,10000000.0,Without Club,,,0,2022.csv
2022,Premier League,Nottingham Forest,winter,in,Danilo,808509,21,Brazil,Defensive Midfield,DM,25000000.0,Sociedade Esportiva Palmeiras,Brazil,20000000.0,0,2022.csv
2022,Premier League,Nottingham Forest,winter,in,Jonjo Shelvey,71292,30,England,Central Midfield,CM,7000000.0,Newcastle United,England,6500000.0,0,2022.csv
2022,Premier League,Nottingham Forest,winter,in,Chris Wood,108725,31,New Zealand,Centre-Forward,CF,10000000.0,Newcastle United,England,4500000.0,1,2022.csv
2022,Premier League,Nottingham Forest,winter,in,Felipe,156501,33,Brazil,Centre-Back,CB,3000000.0,Atlético de Madrid,Spain,2300000.0,0,2022.csv
2022,Premier League,Nottingham Forest,winter,in,Gustavo Scarpa,330085,28,Brazil,Attacking Midfield,AM,12000000.0,Sociedade Esportiva Palmeiras,Brazil,0.0,0,2022.csv
2022,Premier League,Nottingham Forest,winter,in,André Ayew,45403,33,Ghana,Centre-Forward,CF,2200000.0,Al-Sadd SC,Qatar,0.0,0,2022.csv
2022,Premier League,Nottingham Forest,winter,in,Keylor Navas,79422,36,Costa Rica,Goalkeeper,GK,5000000.0,Paris Saint-Germain,France,0.0,1,2022.csv
2022,Premier League,Nottingham Forest,summer,out,Brice Samba,191056,28,France,Goalkeeper,GK,2500000.0,RC Lens,France,5000000.0,0,2022.csv
2022,Premier League,Nottingham Forest,summer,out,Nuno Da Costa,306166,31,Cape Verde,Centre-Forward,CF,1200000.0,AJ Auxerre,France,0.0,0,2022.csv
2022,Premier League,Nottingham Forest,summer,out,Joe Lolley,287167,29,England,Right Winger,RW,2500000.0,Sydney FC,Australia,0.0,0,2022.csv
2022,Premier League,Nottingham Forest,summer,out,Nikolas Ioannou,265033,26,Cyprus,Left-Back,LB,500000.0,Como 1907,Italy,0.0,0,2022.csv
2022,Premier League,Nottingham Forest,summer,out,Tobias Figueiredo,122077,28,Portugal,Centre-Back,CB,1800000.0,Hull City,England,0.0,0,2022.csv
2022,Premier League,Nottingham Forest,summer,out,Carl Jenkinson,126321,30,England,Right-Back,RB,500000.0,Newcastle United Jets,Australia,0.0,0,2022.csv
2022,Premier League,Nottingham Forest,summer,out,Lewis Grabban,35413,34,Jamaica,Centre-Forward,CF,600000.0,Al-Ahli SFC,Saudi Arabia,0.0,0,2022.csv
2022,Premier League,Nottingham Forest,summer,out,Xande Silva,258011,25,Portugal,Left Winger,LW,500000.0,Dijon FCO,France,0.0,0,2022.csv
2022,Premier League,Nottingham Forest,summer,out,Josh Bowler,506470,23,England,Right Winger,RW,2000000.0,Olympiacos Piraeus,Greece,0.0,1,2022.csv
2022,Premier League,Nottingham Forest,summer,out,Alex Mighten,503988,20,England,Left Winger,LW,600000.0,Sheffield Wednesday,England,0.0,1,2022.csv
2022,Premier League,Nottingham Forest,summer,out,Ethan Horvath,242284,27,United States,Goalkeeper,GK,800000.0,Luton Town,England,0.0,1,2022.csv
2022,Premier League,Nottingham Forest,summer,out,Ui-jo Hwang,260166,29,"Korea, South",Centre-Forward,CF,7000000.0,Olympiacos Piraeus,Greece,0.0,1,2022.csv
2022,Premier League,Nottingham Forest,summer,out,Jonathan Panzo,392777,21,England,Centre-Back,CB,2500000.0,Coventry City,England,0.0,1,2022.csv
2022,Premier League,Nottingham Forest,summer,out,Brandon Aguilera,631996,19,Costa Rica,Central Midfield,CM,125000.0,AD Guanacasteca,Costa Rica,0.0,1,2022.csv
2022,Premier League,Nottingham Forest,summer,out,Richie Laryea,417348,27,Canada,Right-Back,RB,2500000.0,Toronto FC,United States,0.0,1,2022.csv
2022,Premier League,Nottingham Forest,summer,out,Braian Ojeda,491596,22,Paraguay,Central Midfield,CM,1500000.0,Real Salt Lake City,United States,0.0,1,2022.csv
2022,Premier League,Nottingham Forest,summer,out,Gaëtan Bong,36291,34,Cameroon,Left-Back,LB,300000.0,Retired,,,0,2022.csv
2022,Premier League,Nottingham Forest,summer,out,Dean Henderson,258919,26,England,Goalkeeper,GK,22000000.0,Manchester United,England,0.0,1,2022.csv
2022,Premier League,Nottingham Forest,winter,out,Adnan Kanuric,354017,22,Bosnia-Herzegovina,Goalkeeper,GK,150000.0,Oxford City,England,0.0,1,2022.csv
2022,Premier League,Nottingham Forest,winter,out,Josh Bowler,506470,23,England,Right Winger,RW,2000000.0,Blackpool FC,England,0.0,1,2022.csv
2022,Premier League,Nottingham Forest,winter,out,Loïc Mbe Soh,463610,21,France,Centre-Back,CB,2500000.0,EA Guingamp,France,0.0,1,2022.csv
2022,Premier League,Nottingham Forest,winter,out,Brandon Aguilera,631996,19,Costa Rica,Central Midfield,CM,275000.0,Estoril Praia U23,Portugal,0.0,1,2022.csv
2022,Premier League,Nottingham Forest,winter,out,Jordan Smith,452707,28,England,Goalkeeper,GK,300000.0,Huddersfield Town,England,0.0,1,2022.csv
2022,Premier League,Nottingham Forest,winter,out,Ui-jo Hwang,260166,30,"Korea, South",Centre-Forward,CF,5000000.0,FC Seoul,"Korea, South",0.0,1,2022.csv
2022,Premier League,Nottingham Forest,winter,out,Lewis O'Brien,560694,24,England,Central Midfield,CM,8000000.0,D.C. United,United States,0.0,1,2022.csv
2022,Premier League,Nottingham Forest,winter,out,Loïc Badé,730581,22,France,Centre-Back,CB,10000000.0,Stade Rennais FC,France,0.0,1,2022.csv
2022,Premier League,Southampton FC,summer,in,Roméo Lavia,628451,18,Belgium,Defensive Midfield,DM,2000000.0,Manchester City U21,England,22260000.0,0,2022.csv
2022,Premier League,Southampton FC,summer,in,Gavin Bazunu,585550,20,Ireland,Goalkeeper,GK,5000000.0,Manchester City U21,England,14000000.0,0,2022.csv
2022,Premier League,Southampton FC,summer,in,Armel Bella-Kotchap,467563,20,Germany,Centre-Back,CB,10000000.0,VfL Bochum,Germany,12000000.0,0,2022.csv
2022,Premier League,Southampton FC,summer,in,Sékou Mara,557612,19,France,Centre-Forward,CF,3000000.0,FC Girondins Bordeaux,France,11500000.0,0,2022.csv
2022,Premier League,Southampton FC,summer,in,Joe Aribo,468198,25,Nigeria,Central Midfield,CM,10000000.0,Rangers FC,Scotland,8199999.999999999,0,2022.csv
2022,Premier League,Southampton FC,summer,in,Duje Caleta-Car,238266,25,Croatia,Centre-Back,CB,16000000.0,Olympique Marseille,France,8000000.0,0,2022.csv
2022,Premier League,Southampton FC,summer,in,Samuel Edozie,680806,19,England,Left Winger,LW,800000.0,Manchester City U21,England,8000000.0,0,2022.csv
2022,Premier League,Southampton FC,summer,in,Juan Larios,646738,18,Spain,Left-Back,LB,,Manchester City U21,England,7000000.0,0,2022.csv
2022,Premier League,Southampton FC,summer,in,Mateusz Lis,345437,25,Poland,Goalkeeper,GK,900000.0,Altay SK,Türkiye,0.0,0,2022.csv
2022,Premier League,Southampton FC,summer,in,Ainsley Maitland-Niles,285845,25,England,Right-Back,RB,10000000.0,Arsenal FC,England,0.0,1,2022.csv
2022,Premier League,Southampton FC,winter,in,Kamaldeen Sulemana,746695,20,Ghana,Left Winger,LW,18000000.0,Stade Rennais FC,France,25000000.0,0,2022.csv
2022,Premier League,Southampton FC,winter,in,Paul Onuachu,272855,28,Nigeria,Centre-Forward,CF,15000000.0,KRC Genk,Belgium,18000000.0,0,2022.csv
2022,Premier League,Southampton FC,winter,in,Carlos Alcaraz,748319,20,Argentina,Central Midfield,CM,8500000.0,Racing Club,Argentina,13650000.0,0,2022.csv
2022,Premier League,Southampton FC,winter,in,Mislav Orsic,119150,30,Croatia,Left Winger,LW,10000000.0,GNK Dinamo Zagreb,Croatia,5750000.0,0,2022.csv
2022,Premier League,Southampton FC,winter,in,James Bree,324223,25,England,Right-Back,RB,3000000.0,Luton Town,England,850000.0,0,2022.csv
2022,Premier League,Southampton FC,summer,out,Oriol Romeu,66100,30,Spain,Defensive Midfield,DM,5000000.0,Girona FC,Spain,5500000.0,0,2022.csv
2022,Premier League,Southampton FC,summer,out,Fraser Forster,52570,34,England,Goalkeeper,GK,2000000.0,Tottenham Hotspur,England,0.0,0,2022.csv
2022,Premier League,Southampton FC,summer,out,Nathan Redmond,129078,28,England,Right Winger,RW,18000000.0,Besiktas JK,Türkiye,0.0,0,2022.csv
2022,Premier League,Southampton FC,summer,out,Shane Long,37304,35,Ireland,Centre-Forward,CF,800000.0,Reading FC,England,0.0,0,2022.csv
2022,Premier League,Southampton FC,summer,out,Harry Lewis,341043,24,England,Goalkeeper,GK,200000.0,Bradford City,England,0.0,0,2022.csv
2022,Premier League,Southampton FC,summer,out,Yan Valery,406008,23,Tunisia,Right-Back,RB,2500000.0,Angers SCO,France,,0,2022.csv
2022,Premier League,Southampton FC,summer,out,Nathan Tella,340322,23,Nigeria,Right Winger,RW,1800000.0,Burnley FC,England,0.0,1,2022.csv
2022,Premier League,Southampton FC,summer,out,Will Smallbone,444211,22,Ireland,Central Midfield,CM,2000000.0,Stoke City,England,0.0,1,2022.csv
2022,Premier League,Southampton FC,summer,out,Jack Stephens,163744,28,England,Centre-Back,CB,7000000.0,AFC Bournemouth,England,0.0,1,2022.csv
2022,Premier League,Southampton FC,summer,out,Mateusz Lis,345437,25,Poland,Goalkeeper,GK,900000.0,ESTAC Troyes,France,0.0,1,2022.csv
2022,Premier League,Southampton FC,summer,out,Dan Nlundulu,346482,23,England,Centre-Forward,CF,1200000.0,Cheltenham Town,England,0.0,1,2022.csv
2022,Premier League,Southampton FC,summer,out,Jan Bednarek,243028,26,Poland,Centre-Back,CB,22000000.0,Aston Villa,England,0.0,1,2022.csv
2022,Premier League,Southampton FC,summer,out,Ainsley Maitland-Niles,285845,25,England,Right-Back,RB,8000000.0,Arsenal FC,England,0.0,1,2022.csv
2022,Premier League,Southampton FC,winter,out,Dan Nlundulu,346482,23,England,Centre-Forward,CF,1200000.0,Bolton Wanderers,England,0.0,1,2022.csv
2022,Premier League,Tottenham Hotspur,summer,in,Richarlison,378710,25,Brazil,Centre-Forward,CF,48000000.0,Everton FC,England,58000000.0,0,2022.csv
2022,Premier League,Tottenham Hotspur,summer,in,Cristian Romero,355915,24,Argentina,Centre-Back,CB,48000000.0,Atalanta BC,Italy,52000000.0,0,2022.csv
2022,Premier League,Tottenham Hotspur,summer,in,Yves Bissouma,410425,25,Mali,Defensive Midfield,DM,35000000.0,Brighton & Hove Albion,England,29200000.0,0,2022.csv
2022,Premier League,Tottenham Hotspur,summer,in,Destiny Udogie,556385,19,Italy,Left-Back,LB,17000000.0,Udinese Calcio,Italy,18000000.0,0,2022.csv
2022,Premier League,Tottenham Hotspur,summer,in,Djed Spence,483348,21,England,Left-Back,LB,8000000.0,Middlesbrough FC,England,14700000.0,0,2022.csv
2022,Premier League,Tottenham Hotspur,summer,in,Fraser Forster,52570,34,England,Goalkeeper,GK,2000000.0,Southampton FC,England,0.0,0,2022.csv
2022,Premier League,Tottenham Hotspur,summer,in,Ivan Perišić,42460,33,Croatia,Left Winger,LW,10000000.0,Inter Milan,Italy,0.0,0,2022.csv
2022,Premier League,Tottenham Hotspur,summer,in,Clément Lenglet,182904,27,France,Centre-Back,CB,12000000.0,FC Barcelona,Spain,0.0,1,2022.csv
2022,Premier League,Tottenham Hotspur,winter,in,Pedro Porro,553875,23,Spain,Right-Back,RB,25000000.0,Sporting CP,Portugal,5000000.0,1,2022.csv
2022,Premier League,Tottenham Hotspur,winter,in,Arnaut Danjuma,355861,25,Netherlands,Left Winger,LW,35000000.0,Villarreal CF,Spain,3000000.0,1,2022.csv
2022,Premier League,Tottenham Hotspur,summer,out,Steven Bergwijn,284165,24,Netherlands,Left Winger,LW,18000000.0,Ajax Amsterdam,Netherlands,31250000.0,0,2022.csv
2022,Premier League,Tottenham Hotspur,summer,out,Cameron Carter-Vickers,341049,24,United States,Centre-Back,CB,7000000.0,Celtic FC,Scotland,7000000.0,0,2022.csv
2022,Premier League,Tottenham Hotspur,summer,out,Tanguy Ndombélé,450936,25,France,Central Midfield,CM,30000000.0,SSC Napoli,Italy,500000.0,1,2022.csv
2022,Premier League,Tottenham Hotspur,summer,out,Jack Clarke,559794,21,England,Left Winger,LW,3500000.0,Sunderland AFC,England,,0,2022.csv
2022,Premier League,Tottenham Hotspur,summer,out,Giovani Lo Celso,348795,26,Argentina,Attacking Midfield,AM,22000000.0,Villarreal CF,Spain,0.0,1,2022.csv
2022,Premier League,Tottenham Hotspur,summer,out,Destiny Udogie,556385,19,Italy,Left-Back,LB,17000000.0,Udinese Calcio,Italy,0.0,1,2022.csv
2022,Premier League,Tottenham Hotspur,summer,out,Harry Winks,249126,26,England,Central Midfield,CM,15000000.0,UC Sampdoria,Italy,0.0,1,2022.csv
2022,Premier League,Tottenham Hotspur,summer,out,Sergio Reguilón,282429,25,Spain,Left-Back,LB,25000000.0,Atlético de Madrid,Spain,0.0,1,2022.csv
2022,Premier League,Tottenham Hotspur,summer,out,Joe Rodon,297212,24,Wales,Centre-Back,CB,8000000.0,Stade Rennais FC,France,0.0,1,2022.csv
2022,Premier League,Tottenham Hotspur,summer,out,Cristian Romero,355915,24,Argentina,Centre-Back,CB,48000000.0,Atalanta BC,Italy,0.0,1,2022.csv
2022,Premier League,Tottenham Hotspur,summer,out,Pierluigi Gollini,244192,27,Italy,Goalkeeper,GK,10000000.0,Atalanta BC,Italy,0.0,1,2022.csv
2022,Premier League,Tottenham Hotspur,winter,out,Matt Doherty,171679,31,Ireland,Right-Back,RB,12000000.0,Atlético de Madrid,Spain,0.0,0,2022.csv
2022,Premier League,Tottenham Hotspur,winter,out,Bryan Gil,537382,21,Spain,Left Winger,LW,12000000.0,Sevilla FC,Spain,0.0,1,2022.csv
2022,Premier League,Tottenham Hotspur,winter,out,Djed Spence,483348,22,England,Left-Back,LB,13000000.0,Stade Rennais FC,France,0.0,1,2022.csv
2022,Premier League,West Ham United,summer,in,Lucas Paquetá,444523,25,Brazil,Attacking Midfield,AM,35000000.0,Olympique Lyon,France,42950000.0,0,2022.csv
2022,Premier League,West Ham United,summer,in,Gianluca Scamacca,315867,23,Italy,Centre-Forward,CF,30000000.0,US Sassuolo,Italy,38600000.0,0,2022.csv
2022,Premier League,West Ham United,summer,in,Nayef Aguerd,361914,26,Morocco,Centre-Back,CB,12000000.0,Stade Rennais FC,France,35000000.0,0,2022.csv
2022,Premier League,West Ham United,summer,in,Maxwel Cornet,234781,25,Cote d'Ivoire,Left Winger,LW,15000000.0,Burnley FC,England,20700000.0,0,2022.csv
2022,Premier League,West Ham United,summer,in,Emerson,181778,28,Italy,Left-Back,LB,14000000.0,Chelsea FC,England,15400000.0,0,2022.csv
2022,Premier League,West Ham United,summer,in,Thilo Kehrer,228948,25,Germany,Centre-Back,CB,22000000.0,Paris Saint-Germain,France,12000000.0,0,2022.csv
2022,Premier League,West Ham United,summer,in,Flynn Downes,506189,23,England,Defensive Midfield,DM,2000000.0,Swansea City,England,10650000.0,0,2022.csv
2022,Premier League,West Ham United,summer,in,Alphonse Areola,120629,29,France,Goalkeeper,GK,8000000.0,Paris Saint-Germain,France,9300000.0,0,2022.csv
2022,Premier League,West Ham United,winter,in,Danny Ings,134294,30,England,Centre-Forward,CF,16000000.0,Aston Villa,England,12000000.0,0,2022.csv
2022,Premier League,West Ham United,summer,out,Issa Diop,272622,25,France,Centre-Back,CB,10000000.0,Fulham FC,England,17800000.0,0,2022.csv
2022,Premier League,West Ham United,summer,out,Andriy Yarmolenko,69015,32,Ukraine,Right Winger,RW,2500000.0,Al-Ain FC,United Arab Emirates,0.0,0,2022.csv
2022,Premier League,West Ham United,summer,out,Ryan Fredericks,140191,29,England,Right-Back,RB,1500000.0,AFC Bournemouth,England,0.0,0,2022.csv
2022,Premier League,West Ham United,summer,out,Arthur Masuaku,181380,28,DR Congo,Left-Back,LB,5000000.0,Besiktas JK,Türkiye,0.0,1,2022.csv
2022,Premier League,West Ham United,summer,out,Nathan Trott,431422,23,England,Goalkeeper,GK,500000.0,Vejle Boldklub,Denmark,0.0,1,2022.csv
2022,Premier League,West Ham United,summer,out,Mark Noble,31835,35,England,Central Midfield,CM,1000000.0,Retired,,,0,2022.csv
2022,Premier League,West Ham United,summer,out,David Martin,15930,36,England,Goalkeeper,GK,250000.0,Without Club,,,0,2022.csv
2022,Premier League,West Ham United,summer,out,Nikola Vlašić,293200,24,Croatia,Attacking Midfield,AM,22000000.0,Torino FC,Italy,0.0,1,2022.csv
2022,Premier League,West Ham United,summer,out,Alphonse Areola,120629,29,France,Goalkeeper,GK,8000000.0,Paris Saint-Germain,France,0.0,1,2022.csv
2022,Premier League,West Ham United,summer,out,Alex Král,337333,24,Czech Republic,Central Midfield,CM,7000000.0,Spartak Moscow,Russia,0.0,1,2022.csv
2022,Premier League,West Ham United,winter,out,Craig Dawson,121477,32,England,Centre-Back,CB,2500000.0,Wolverhampton Wanderers,England,3750000.0,0,2022.csv
2022,Premier League,West Ham United,winter,out,Darren Randolph,51321,35,Ireland,Goalkeeper,GK,500000.0,AFC Bournemouth,England,0.0,0,2022.csv
2022,Premier League,West Ham United,winter,out,Conor Coventry,419025,22,Ireland,Defensive Midfield,DM,1000000.0,Rotherham United,England,0.0,1,2022.csv
2022,Premier League,Wolverhampton Wanderers,summer,in,Matheus Nunes,601883,23,Portugal,Right-Back,RB,35000000.0,Sporting CP,Portugal,47400000.0,0,2022.csv
2022,Premier League,Wolverhampton Wanderers,summer,in,Gonçalo Guedes,225122,25,Portugal,Left Winger,LW,40000000.0,Valencia CF,Spain,32600000.0,0,2022.csv
2022,Premier League,Wolverhampton Wanderers,summer,in,Nathan Collins,469050,21,Ireland,Centre-Back,CB,10000000.0,Burnley FC,England,24300000.0,0,2022.csv
2022,Premier League,Wolverhampton Wanderers,summer,in,Sasa Kalajdzic,369567,25,Austria,Centre-Forward,CF,25000000.0,VfB Stuttgart,Germany,18000000.0,0,2022.csv
2022,Premier League,Wolverhampton Wanderers,summer,in,Hee-chan Hwang,292246,26,"Korea, South",Centre-Forward,CF,16000000.0,RB Leipzig,Germany,16700000.0,0,2022.csv
2022,Premier League,Wolverhampton Wanderers,summer,in,Boubacar Traoré,649020,21,Mali,Defensive Midfield,DM,1800000.0,FC Metz,France,2000000.0,1,2022.csv
2022,Premier League,Wolverhampton Wanderers,summer,in,Diego Costa,44779,33,Spain,Centre-Forward,CF,4000000.0,Without Club,,,0,2022.csv
2022,Premier League,Wolverhampton Wanderers,winter,in,João Gomes,735570,21,Brazil,Central Midfield,CM,15000000.0,CR Flamengo,Brazil,18700000.0,0,2022.csv
2022,Premier League,Wolverhampton Wanderers,winter,in,Mario Lemina,170934,29,Gabon,Defensive Midfield,DM,7000000.0,OGC Nice,France,11000000.0,0,2022.csv
2022,Premier League,Wolverhampton Wanderers,winter,in,Pablo Sarabia,74230,30,Spain,Right Winger,RW,20000000.0,Paris Saint-Germain,France,5000000.0,0,2022.csv
2022,Premier League,Wolverhampton Wanderers,winter,in,Craig Dawson,121477,32,England,Centre-Back,CB,2500000.0,West Ham United,England,3750000.0,0,2022.csv
2022,Premier League,Wolverhampton Wanderers,winter,in,Daniel Bentley,136401,29,England,Goalkeeper,GK,1800000.0,Bristol City,England,57000.0,0,2022.csv
2022,Premier League,Wolverhampton Wanderers,winter,in,Matheus Cunha,517894,23,Brazil,Second Striker,SS,20000000.0,Atlético de Madrid,Spain,0.0,1,2022.csv
2022,Premier League,Wolverhampton Wanderers,summer,out,Morgan Gibbs-White,429014,22,England,Attacking Midfield,AM,11000000.0,Nottingham Forest,England,29500000.0,0,2022.csv
2022,Premier League,Wolverhampton Wanderers,summer,out,Leander Dendoncker,168157,27,Belgium,Defensive Midfield,DM,28000000.0,Aston Villa,England,15000000.0,0,2022.csv
2022,Premier League,Wolverhampton Wanderers,summer,out,Rúben Vinagre,357158,23,Portugal,Left-Back,LB,5000000.0,Sporting CP,Portugal,10000000.0,0,2022.csv
2022,Premier League,Wolverhampton Wanderers,summer,out,Willy Boly,142310,31,Cote d'Ivoire,Centre-Back,CB,6000000.0,Nottingham Forest,England,2600000.0,0,2022.csv
2022,Premier League,Wolverhampton Wanderers,summer,out,Patrick Cutrone,265078,24,Italy,Centre-Forward,CF,3500000.0,Como 1907,Italy,2000000.0,0,2022.csv
2022,Premier League,Wolverhampton Wanderers,summer,out,John Ruddy,29712,35,England,Goalkeeper,GK,300000.0,Birmingham City,England,0.0,0,2022.csv
2022,Premier League,Wolverhampton Wanderers,summer,out,Romain Saïss,204198,32,Morocco,Centre-Back,CB,8000000.0,Besiktas JK,Türkiye,0.0,0,2022.csv
2022,Premier League,Wolverhampton Wanderers,summer,out,Marçal,137745,33,Brazil,Left-Back,LB,1500000.0,Botafogo de Futebol e Regatas,Brazil,0.0,0,2022.csv
2022,Premier League,Wolverhampton Wanderers,summer,out,Renat Dadashov,335461,23,Azerbaijan,Centre-Forward,CF,350000.0,Grasshopper Club Zurich,Switzerland,,0,2022.csv
2022,Premier League,Wolverhampton Wanderers,summer,out,Fábio Silva,505653,20,Portugal,Centre-Forward,CF,15000000.0,RSC Anderlecht,Belgium,0.0,1,2022.csv
2022,Premier League,Wolverhampton Wanderers,summer,out,Conor Coady,128901,29,England,Centre-Back,CB,25000000.0,Everton FC,England,0.0,1,2022.csv
2022,Premier League,Wolverhampton Wanderers,summer,out,Ryan Giles,504581,22,England,Left-Back,LB,3000000.0,Middlesbrough FC,England,0.0,1,2022.csv
2022,Premier League,Wolverhampton Wanderers,summer,out,Ki-Jana Hoever,485583,20,Netherlands,Right-Back,RB,6000000.0,PSV Eindhoven,Netherlands,0.0,1,2022.csv
2022,Premier League,Wolverhampton Wanderers,summer,out,Bruno Jordão,415646,23,Portugal,Defensive Midfield,DM,1600000.0,CD Santa Clara,Portugal,0.0,1,2022.csv
2022,Premier League,Wolverhampton Wanderers,summer,out,Luke Cundle,532541,20,England,Central Midfield,CM,800000.0,Swansea City,England,0.0,1,2022.csv
2022,Premier League,Wolverhampton Wanderers,summer,out,Hee-chan Hwang,292246,26,"Korea, South",Centre-Forward,CF,16000000.0,RB Leipzig,Germany,0.0,1,2022.csv
2022,Premier League,Wolverhampton Wanderers,summer,out,Francisco Trincão,412669,22,Portugal,Right Winger,RW,20000000.0,FC Barcelona,Spain,0.0,1,2022.csv
2022,Premier League,Wolverhampton Wanderers,winter,out,Leonardo Campana,606872,22,Ecuador,Centre-Forward,CF,3000000.0,Inter Miami CF,United States,2700000.0,0,2022.csv
2022,Premier League,Wolverhampton Wanderers,winter,out,Sang-bin Jeong,638571,20,"Korea, South",Centre-Forward,CF,850000.0,Minnesota United FC,United States,2500000.0,0,2022.csv
2022,Premier League,Wolverhampton Wanderers,winter,out,Connor Ronan,337787,24,Ireland,Central Midfield,CM,800000.0,Colorado Rapids,United States,570000.0,0,2022.csv
2022,Premier League,Wolverhampton Wanderers,winter,out,Léo Bonatini,181781,28,Brazil,Centre-Forward,CF,500000.0,Atlético de San Luis,Mexico,0.0,0,2022.csv
2022,Premier League,Wolverhampton Wanderers,winter,out,Fábio Silva,505653,20,Portugal,Centre-Forward,CF,13000000.0,PSV Eindhoven,Netherlands,0.0,1,2022.csv
2022,Premier League,Wolverhampton Wanderers,winter,out,Gonçalo Guedes,225122,26,Portugal,Left Winger,LW,32000000.0,SL Benfica,Portugal,0.0,1,2022.csv
2022,Premier League,Wolverhampton Wanderers,winter,out,Ki-Jana Hoever,485583,21,Netherlands,Right-Back,RB,4000000.0,Stoke City,England,0.0,1,2022.csv
2022,Premier League,Wolverhampton Wanderers,winter,out,Chem Campbell,614603,20,Wales,Attacking Midfield,AM,500000.0,Wycombe Wanderers,England,0.0,1,2022.csv
2022,Premier League,Wolverhampton Wanderers,winter,out,Yerson Mosquera,716276,21,Colombia,Centre-Back,CB,3000000.0,FC Cincinnati,United States,0.0,1,2022.csv
2022,Premier League,Wolverhampton Wanderers,winter,out,Matija Sarkic,293257,25,Montenegro,Goalkeeper,GK,2000000.0,Stoke City,England,0.0,1,2022.csv
2023,Premier League,AFC Bournemouth,summer,in,Tyler Adams,332705,24,United States,Defensive Midfield,DM,18000000.0,Leeds United,England,26900000.0,0,2023.csv
2023,Premier League,AFC Bournemouth,summer,in,Hamed Traoré,391065,23,Cote d'Ivoire,Left Winger,LW,22000000.0,US Sassuolo,Italy,25620000.0,0,2023.csv
2023,Premier League,AFC Bournemouth,summer,in,Alex Scott,855256,19,England,Central Midfield,CM,20000000.0,Bristol City,England,23000000.0,0,2023.csv
2023,Premier League,AFC Bournemouth,summer,in,Milos Kerkez,730861,19,Hungary,Left-Back,LB,15000000.0,AZ Alkmaar,Netherlands,20470000.0,0,2023.csv
2023,Premier League,AFC Bournemouth,summer,in,Romain Faivre,555076,24,France,Attacking Midfield,AM,10000000.0,Olympique Lyon,France,15000000.0,0,2023.csv
2023,Premier League,AFC Bournemouth,summer,in,Justin Kluivert,330659,24,Netherlands,Attacking Midfield,AM,14000000.0,AS Roma,Italy,10800000.0,0,2023.csv
2023,Premier League,AFC Bournemouth,summer,in,Max Aarons,471690,23,England,Right-Back,RB,16000000.0,Norwich City,England,8100000.0,0,2023.csv
2023,Premier League,AFC Bournemouth,summer,in,Luis Sinisterra,512385,24,Colombia,Left Winger,LW,22000000.0,Leeds United,England,0.0,1,2023.csv
2023,Premier League,AFC Bournemouth,summer,in,Ionuț Radu,303657,26,Romania,Goalkeeper,GK,3500000.0,Inter Milan,Italy,0.0,1,2023.csv
2023,Premier League,AFC Bournemouth,winter,in,Enes Ünal,251106,26,Türkiye,Centre-Forward,CF,25000000.0,Getafe CF,Spain,0.0,1,2023.csv
2023,Premier League,AFC Bournemouth,summer,out,Ben Pearson,183302,28,England,Central Midfield,CM,2200000.0,Stoke City,England,1500000.0,0,2023.csv
2023,Premier League,AFC Bournemouth,summer,out,Jefferson Lerma,262980,28,Colombia,Defensive Midfield,DM,20000000.0,Crystal Palace,England,0.0,0,2023.csv
2023,Premier League,AFC Bournemouth,summer,out,Jack Stacey,249356,27,England,Right-Back,RB,2000000.0,Norwich City,England,0.0,0,2023.csv
2023,Premier League,AFC Bournemouth,summer,out,Jordan Zemura,633530,23,Zimbabwe,Left-Back,LB,6000000.0,Udinese Calcio,Italy,0.0,0,2023.csv
2023,Premier League,AFC Bournemouth,summer,out,Christian Saydee,655835,21,England,Centre-Forward,CF,400000.0,Portsmouth FC,England,,0,2023.csv
2023,Premier League,AFC Bournemouth,summer,out,Siriki Dembélé,488656,26,Scotland,Left Winger,LW,2000000.0,Birmingham City,England,,0,2023.csv
2023,Premier League,AFC Bournemouth,summer,out,Jamal Lowe,239949,29,Jamaica,Centre-Forward,CF,1500000.0,Swansea City,England,0.0,1,2023.csv
2023,Premier League,AFC Bournemouth,summer,out,Romain Faivre,555076,25,France,Attacking Midfield,AM,10000000.0,FC Lorient,France,0.0,1,2023.csv
2023,Premier League,AFC Bournemouth,summer,out,James Hill,611793,21,England,Centre-Back,CB,1000000.0,Blackburn Rovers,England,0.0,1,2023.csv
2023,Premier League,AFC Bournemouth,summer,out,Jaidon Anthony,684210,23,England,Left Winger,LW,9000000.0,Leeds United,England,0.0,1,2023.csv
2023,Premier League,AFC Bournemouth,summer,out,Mark Travers,357658,24,Ireland,Goalkeeper,GK,2000000.0,Stoke City,England,0.0,1,2023.csv
2023,Premier League,AFC Bournemouth,summer,out,Will Dennis,582078,22,England,Goalkeeper,GK,150000.0,Kilmarnock FC,Scotland,0.0,1,2023.csv
2023,Premier League,AFC Bournemouth,summer,out,Junior Stanislas,87672,33,England,Left Winger,LW,500000.0,Without Club,,,0,2023.csv
2023,Premier League,AFC Bournemouth,summer,out,Matías Viña,439072,25,Uruguay,Left-Back,LB,8000000.0,AS Roma,Italy,0.0,1,2023.csv
2023,Premier League,AFC Bournemouth,summer,out,Hamed Traoré,391065,23,Cote d'Ivoire,Left Winger,LW,22000000.0,US Sassuolo,Italy,0.0,1,2023.csv
2023,Premier League,AFC Bournemouth,winter,out,Hamed Traoré,391065,23,Cote d'Ivoire,Left Winger,LW,18000000.0,SSC Napoli,Italy,0.0,1,2023.csv
2023,Premier League,AFC Bournemouth,winter,out,Joe Rothwell,183293,29,England,Central Midfield,CM,4000000.0,Southampton FC,England,0.0,1,2023.csv
2023,Premier League,AFC Bournemouth,winter,out,Emiliano Marcondes,232964,28,Denmark,Attacking Midfield,AM,1500000.0,Hibernian FC,Scotland,0.0,1,2023.csv
2023,Premier League,AFC Bournemouth,winter,out,David Brooks,277033,26,Wales,Right Winger,RW,9000000.0,Southampton FC,England,0.0,1,2023.csv
2023,Premier League,AFC Bournemouth,winter,out,Kieffer Moore,275590,31,Wales,Centre-Forward,CF,2500000.0,Ipswich Town,England,0.0,1,2023.csv
2023,Premier League,AFC Bournemouth,winter,out,Gavin Kilkenny,469064,24,Ireland,Central Midfield,CM,300000.0,Fleetwood Town,England,0.0,1,2023.csv
2023,Premier League,Arsenal FC,summer,in,Declan Rice,357662,24,England,Central Midfield,CM,90000000.0,West Ham United,England,116600000.0,0,2023.csv
2023,Premier League,Arsenal FC,summer,in,Kai Havertz,309400,24,Germany,Centre-Forward,CF,55000000.0,Chelsea FC,England,75000000.0,0,2023.csv
2023,Premier League,Arsenal FC,summer,in,Jurriën Timber,420243,22,Netherlands,Right-Back,RB,42000000.0,Ajax Amsterdam,Netherlands,40000000.0,0,2023.csv
2023,Premier League,Arsenal FC,summer,in,David Raya,262749,27,Spain,Goalkeeper,GK,30000000.0,Brentford FC,England,3500000.0,1,2023.csv
2023,Premier League,Arsenal FC,summer,out,Folarin Balogun,503770,22,United States,Centre-Forward,CF,30000000.0,AS Monaco,France,30000000.0,0,2023.csv
2023,Premier League,Arsenal FC,summer,out,Granit Xhaka,111455,30,Switzerland,Defensive Midfield,DM,20000000.0,Bayer 04 Leverkusen,Germany,15000000.0,0,2023.csv
2023,Premier League,Arsenal FC,summer,out,Matt Turner,425306,29,United States,Goalkeeper,GK,8000000.0,Nottingham Forest,England,8150000.0,0,2023.csv
2023,Premier League,Arsenal FC,summer,out,Pablo Marí,210178,29,Spain,Centre-Back,CB,5000000.0,AC Monza,Italy,6200000.0,0,2023.csv
2023,Premier League,Arsenal FC,summer,out,Auston Trusty,389253,24,United States,Centre-Back,CB,10000000.0,Sheffield United,England,5800000.0,0,2023.csv
2023,Premier League,Arsenal FC,summer,out,Kieran Tierney,300716,26,Scotland,Left-Back,LB,25000000.0,Real Sociedad,Spain,1400000.0,1,2023.csv
2023,Premier League,Arsenal FC,summer,out,Rob Holding,253341,27,England,Centre-Back,CB,8000000.0,Crystal Palace,England,1200000.0,0,2023.csv
2023,Premier League,Arsenal FC,summer,out,Nuno Tavares,535955,23,Portugal,Left-Back,LB,18000000.0,Nottingham Forest,England,1150000.0,1,2023.csv
2023,Premier League,Arsenal FC,summer,out,Marquinhos,668268,20,Brazil,Right Winger,RW,12000000.0,FC Nantes,France,300000.0,1,2023.csv
2023,Premier League,Arsenal FC,summer,out,Ainsley Maitland-Niles,285845,25,England,Right-Back,RB,8000000.0,Olympique Lyon,France,0.0,0,2023.csv
2023,Premier League,Arsenal FC,summer,out,Nicolas Pépé,343052,28,Cote d'Ivoire,Right Winger,RW,18000000.0,Trabzonspor,Türkiye,0.0,0,2023.csv
2023,Premier League,Arsenal FC,summer,out,Rúnar Alex Rúnarsson,205657,28,Iceland,Goalkeeper,GK,1500000.0,Cardiff City,England,0.0,1,2023.csv
2023,Premier League,Arsenal FC,summer,out,Arthur Okonkwo,503769,21,England,Goalkeeper,GK,2000000.0,Wrexham AFC,England,0.0,1,2023.csv
2023,Premier League,Arsenal FC,summer,out,Albert Sambi Lokonga,381967,23,Belgium,Central Midfield,CM,15000000.0,Luton Town,England,0.0,1,2023.csv
2023,Premier League,Arsenal FC,winter,out,Rúnar Alex Rúnarsson,205657,28,Iceland,Goalkeeper,GK,800000.0,FC Copenhagen,Denmark,0.0,0,2023.csv
2023,Premier League,Arsenal FC,winter,out,Marquinhos,668268,20,Brazil,Right Winger,RW,7000000.0,Fluminense Football Club,Brazil,0.0,1,2023.csv
2023,Premier League,Aston Villa,summer,in,Moussa Diaby,395516,24,France,Right Winger,RW,50000000.0,Bayer 04 Leverkusen,Germany,55000000.0,0,2023.csv
2023,Premier League,Aston Villa,summer,in,Pau Torres,399776,26,Spain,Centre-Back,CB,45000000.0,Villarreal CF,Spain,33000000.0,0,2023.csv
2023,Premier League,Aston Villa,summer,in,Nicolò Zaniolo,392085,24,Italy,Attacking Midfield,AM,27000000.0,Galatasaray,Türkiye,5000000.0,1,2023.csv
2023,Premier League,Aston Villa,summer,in,Youri Tielemans,249565,26,Belgium,Central Midfield,CM,25000000.0,Leicester City,England,0.0,0,2023.csv
2023,Premier League,Aston Villa,summer,in,Clément Lenglet,182904,28,France,Centre-Back,CB,10000000.0,FC Barcelona,Spain,0.0,1,2023.csv
2023,Premier League,Aston Villa,winter,in,Morgan Rogers,503743,21,England,Attacking Midfield,AM,2800000.0,Middlesbrough FC,England,9400000.0,0,2023.csv
2023,Premier League,Aston Villa,winter,in,Kosta Nedeljkovic,848682,18,Serbia,Right-Back,RB,2500000.0,Red Star Belgrade,Serbia,7600000.0,0,2023.csv
2023,Premier League,Aston Villa,winter,in,Joe Gauci,591844,23,Australia,Goalkeeper,GK,550000.0,Adelaide United,Australia,1500000.0,0,2023.csv
2023,Premier League,Aston Villa,summer,out,Cameron Archer,533662,21,England,Centre-Forward,CF,12000000.0,Sheffield United,England,21550000.0,0,2023.csv
2023,Premier League,Aston Villa,summer,out,Jaden Philogene,665390,21,England,Left Winger,LW,2800000.0,Hull City,England,5800000.0,0,2023.csv
2023,Premier League,Aston Villa,summer,out,Marvelous Nakamba,324882,29,Zimbabwe,Defensive Midfield,DM,4000000.0,Luton Town,England,2900000.0,0,2023.csv
2023,Premier League,Aston Villa,summer,out,Keinan Davis,412660,25,England,Centre-Forward,CF,3000000.0,Udinese Calcio,Italy,2300000.0,0,2023.csv
2023,Premier League,Aston Villa,summer,out,Ashley Young,14086,38,England,Right-Back,RB,600000.0,Everton FC,England,0.0,0,2023.csv
2023,Premier League,Aston Villa,summer,out,Wesley Moraes,381362,26,Brazil,Centre-Forward,CF,3000000.0,Stoke City,England,0.0,0,2023.csv
2023,Premier League,Aston Villa,summer,out,Viljami Sinisalo,484838,21,Finland,Goalkeeper,GK,500000.0,Exeter City,England,0.0,1,2023.csv
2023,Premier League,Aston Villa,summer,out,Morgan Sanson,174094,28,France,Central Midfield,CM,6000000.0,OGC Nice,France,0.0,1,2023.csv
2023,Premier League,Aston Villa,summer,out,Philippe Coutinho,80444,31,Brazil,Attacking Midfield,AM,10000000.0,Al-Duhail SC,Qatar,0.0,1,2023.csv
2023,Premier League,Aston Villa,summer,out,Jed Steer,110867,30,England,Goalkeeper,GK,500000.0,Without Club,,,0,2023.csv
2023,Premier League,Aston Villa,winter,out,Leander Dendoncker,168157,28,Belgium,Defensive Midfield,DM,11000000.0,SSC Napoli,Italy,608000.0,1,2023.csv
2023,Premier League,Aston Villa,winter,out,Bertrand Traoré,131996,28,Burkina Faso,Right Winger,RW,10000000.0,Villarreal CF,Spain,0.0,0,2023.csv
2023,Premier League,Aston Villa,winter,out,Kosta Nedeljkovic,848682,18,Serbia,Right-Back,RB,2500000.0,Red Star Belgrade,Serbia,0.0,1,2023.csv
2023,Premier League,Aston Villa,winter,out,Filip Marschall,610863,20,England,Goalkeeper,GK,800000.0,Milton Keynes Dons,England,0.0,1,2023.csv
2023,Premier League,Brentford FC,summer,in,Nathan Collins,469050,22,Ireland,Centre-Back,CB,22000000.0,Wolverhampton Wanderers,England,26850000.0,0,2023.csv
2023,Premier League,Brentford FC,summer,in,Kevin Schade,473050,21,Germany,Left Winger,LW,25000000.0,SC Freiburg,Germany,25000000.0,0,2023.csv
2023,Premier League,Brentford FC,summer,in,Mark Flekken,125714,30,Netherlands,Goalkeeper,GK,10000000.0,SC Freiburg,Germany,13000000.0,0,2023.csv
2023,Premier League,Brentford FC,summer,in,Neal Maupay,217115,27,France,Centre-Forward,CF,10000000.0,Everton FC,England,0.0,1,2023.csv
2023,Premier League,Brentford FC,winter,in,Yunus Konak,1141628,18,Türkiye,Defensive Midfield,DM,1800000.0,Sivasspor,Türkiye,4500000.0,0,2023.csv
2023,Premier League,Brentford FC,winter,in,Hákon Valdimarsson,488935,22,Iceland,Goalkeeper,GK,1800000.0,IF Elfsborg,Sweden,3000000.0,0,2023.csv
2023,Premier League,Brentford FC,winter,in,Sergio Reguilón,282429,27,Spain,Left-Back,LB,10000000.0,Tottenham Hotspur,England,0.0,1,2023.csv
2023,Premier League,Brentford FC,summer,out,Mads Bidstrup,462832,22,Denmark,Central Midfield,CM,2500000.0,Red Bull Salzburg,Austria,6000000.0,0,2023.csv
2023,Premier League,Brentford FC,summer,out,David Raya,262749,27,Spain,Goalkeeper,GK,30000000.0,Arsenal FC,England,3500000.0,1,2023.csv
2023,Premier League,Brentford FC,summer,out,Halil Dervişoğlu,465606,23,Türkiye,Centre-Forward,CF,2000000.0,Galatasaray,Türkiye,500000.0,0,2023.csv
2023,Premier League,Brentford FC,summer,out,Sergi Canós,251845,26,Spain,Left Winger,LW,9000000.0,Valencia CF,Spain,250000.0,0,2023.csv
2023,Premier League,Brentford FC,summer,out,Pontus Jansson,125314,32,Sweden,Centre-Back,CB,2500000.0,Malmö FF,Sweden,0.0,0,2023.csv
2023,Premier League,Brentford FC,summer,out,Mads Bech Sørensen,372240,24,Denmark,Centre-Back,CB,2500000.0,FC Midtjylland,Denmark,0.0,0,2023.csv
2023,Premier League,Brentford FC,summer,out,Joel Valencia,175451,28,Ecuador,Attacking Midfield,AM,300000.0,Zaglebie Sosnowiec,Poland,0.0,0,2023.csv
2023,Premier League,Brentford FC,summer,out,Ryan Trevitt,874538,20,England,Central Midfield,CM,100000.0,Exeter City,England,0.0,1,2023.csv
2023,Premier League,Brentford FC,summer,out,Fin Stevens,587019,20,Wales,Right-Back,RB,300000.0,Oxford United,England,0.0,1,2023.csv
2023,Premier League,Brentford FC,summer,out,Matthew Cox,741236,20,England,Goalkeeper,GK,500000.0,Bristol Rovers,England,0.0,1,2023.csv
2023,Premier League,Brentford FC,summer,out,Paris Maghoma,470596,22,England,Central Midfield,CM,350000.0,Bolton Wanderers,England,0.0,1,2023.csv
2023,Premier League,Brentford FC,summer,out,Tariqe Fosu,249873,27,Ghana,Left Winger,LW,1800000.0,Without Club,,,0,2023.csv
2023,Premier League,Brentford FC,summer,out,Kevin Schade,473050,21,Germany,Left Winger,LW,25000000.0,SC Freiburg,Germany,0.0,1,2023.csv
2023,Premier League,Brentford FC,summer,out,Sergio Reguilón,282429,27,Spain,Left-Back,LB,12000000.0,Tottenham Hotspur,England,0.0,1,2023.csv
2023,Premier League,Brentford FC,winter,out,Myles Peart-Harris,587002,21,Jamaica,Attacking Midfield,AM,700000.0,Portsmouth FC,England,0.0,1,2023.csv
2023,Premier League,Brentford FC,winter,out,Charlie Goode,376856,28,England,Centre-Back,CB,500000.0,Wigan Athletic,England,0.0,1,2023.csv
2023,Premier League,Brighton & Hove Albion,summer,in,João Pedro,626724,21,Brazil,Centre-Forward,CF,32000000.0,Watford FC,England,34200000.0,0,2023.csv
2023,Premier League,Brighton & Hove Albion,summer,in,Carlos Baleba,973085,19,Cameroon,Defensive Midfield,DM,5000000.0,LOSC Lille,France,27000000.0,0,2023.csv
2023,Premier League,Brighton & Hove Albion,summer,in,Bart Verbruggen,565093,20,Netherlands,Goalkeeper,GK,10000000.0,RSC Anderlecht,Belgium,20000000.0,0,2023.csv
2023,Premier League,Brighton & Hove Albion,summer,in,Igor Julio,380350,25,Brazil,Centre-Back,CB,10000000.0,ACF Fiorentina,Italy,16500000.0,0,2023.csv
2023,Premier League,Brighton & Hove Albion,summer,in,Mahmoud Dahoud,191422,27,Syria,Central Midfield,CM,12000000.0,Borussia Dortmund,Germany,0.0,0,2023.csv
2023,Premier League,Brighton & Hove Albion,summer,in,James Milner,3333,37,England,Central Midfield,CM,1500000.0,Liverpool FC,England,0.0,0,2023.csv
2023,Premier League,Brighton & Hove Albion,summer,in,Ansu Fati,466810,20,Spain,Left Winger,LW,35000000.0,FC Barcelona,Spain,0.0,1,2023.csv
2023,Premier League,Brighton & Hove Albion,winter,in,Valentín Barco,849410,19,Argentina,Central Midfield,CM,13000000.0,CA Boca Juniors,Argentina,9150000.0,0,2023.csv
2023,Premier League,Brighton & Hove Albion,summer,out,Moisés Caicedo,687626,21,Ecuador,Defensive Midfield,DM,75000000.0,Chelsea FC,England,116000000.0,0,2023.csv
2023,Premier League,Brighton & Hove Albion,summer,out,Alexis Mac Allister,534033,24,Argentina,Central Midfield,CM,65000000.0,Liverpool FC,England,42000000.0,0,2023.csv
2023,Premier League,Brighton & Hove Albion,summer,out,Robert Sánchez,403151,25,Spain,Goalkeeper,GK,22000000.0,Chelsea FC,England,23000000.0,0,2023.csv
2023,Premier League,Brighton & Hove Albion,summer,out,Andi Zeqiri,345468,24,Switzerland,Centre-Forward,CF,3500000.0,KRC Genk,Belgium,2750000.0,0,2023.csv
2023,Premier League,Brighton & Hove Albion,summer,out,Reda Khadra,405686,22,Germany,Attacking Midfield,AM,1400000.0,Stade Reims,France,1900000.0,0,2023.csv
2023,Premier League,Brighton & Hove Albion,summer,out,Aaron Connolly,434207,23,Ireland,Centre-Forward,CF,4000000.0,Hull City,England,1350000.0,0,2023.csv
2023,Premier League,Brighton & Hove Albion,summer,out,Michal Karbownik,401604,22,Poland,Left Midfield,LM,3000000.0,Hertha BSC,Germany,1300000.0,0,2023.csv
2023,Premier League,Brighton & Hove Albion,summer,out,Deniz Undav,339314,27,Germany,Centre-Forward,CF,10000000.0,VfB Stuttgart,Germany,700000.0,1,2023.csv
2023,Premier League,Brighton & Hove Albion,summer,out,Haydon Roberts,533523,21,England,Left-Back,LB,700000.0,Bristol City,England,0.0,0,2023.csv
2023,Premier League,Brighton & Hove Albion,summer,out,Taylor Richards,484551,22,England,Central Midfield,CM,400000.0,Queens Park Rangers,England,,0,2023.csv
2023,Premier League,Brighton & Hove Albion,summer,out,Steven Alzate,476237,24,Colombia,Central Midfield,CM,4000000.0,Standard Liège,Belgium,0.0,1,2023.csv
2023,Premier League,Brighton & Hove Albion,summer,out,Yasin Ayari,667287,19,Sweden,Central Midfield,CM,6000000.0,Coventry City,England,0.0,1,2023.csv
2023,Premier League,Brighton & Hove Albion,summer,out,Jensen Weir,520651,21,England,Central Midfield,CM,450000.0,Blackpool FC,England,0.0,1,2023.csv
2023,Premier League,Brighton & Hove Albion,summer,out,Carl Rushworth,646353,22,England,Goalkeeper,GK,900000.0,Swansea City,England,0.0,1,2023.csv
2023,Premier League,Brighton & Hove Albion,summer,out,Marc Leonard,463751,21,Scotland,Central Midfield,CM,300000.0,Northampton Town,England,0.0,1,2023.csv
2023,Premier League,Brighton & Hove Albion,summer,out,Jeremy Sarmiento,568005,21,Ecuador,Left Winger,LW,5000000.0,West Bromwich Albion,England,0.0,1,2023.csv
2023,Premier League,Brighton & Hove Albion,summer,out,Kjell Scherpen,463527,23,Netherlands,Goalkeeper,GK,2000000.0,SK Sturm Graz,Austria,0.0,1,2023.csv
2023,Premier League,Brighton & Hove Albion,summer,out,Abdallah Sima,776798,22,Senegal,Left Winger,LW,6000000.0,Rangers FC,Scotland,0.0,1,2023.csv
2023,Premier League,Brighton & Hove Albion,winter,out,Jeremy Sarmiento,568005,21,Ecuador,Left Winger,LW,4000000.0,Ipswich Town,England,0.0,1,2023.csv
2023,Premier League,Brighton & Hove Albion,winter,out,Yasin Ayari,667287,20,Sweden,Central Midfield,CM,5000000.0,Blackburn Rovers,England,0.0,1,2023.csv
2023,Premier League,Brighton & Hove Albion,winter,out,Jensen Weir,520651,21,England,Central Midfield,CM,300000.0,Port Vale FC,England,0.0,1,2023.csv
2023,Premier League,Brighton & Hove Albion,winter,out,Mahmoud Dahoud,191422,28,Syria,Central Midfield,CM,14000000.0,VfB Stuttgart,Germany,0.0,1,2023.csv
2023,Premier League,Burnley FC,summer,in,Zeki Amdouni,548729,22,Switzerland,Centre-Forward,CF,10000000.0,FC Basel 1893,Switzerland,18600000.0,0,2023.csv
2023,Premier League,Burnley FC,summer,in,James Trafford,566799,20,England,Goalkeeper,GK,15000000.0,Manchester City,England,17300000.0,0,2023.csv
2023,Premier League,Burnley FC,summer,in,Aaron Ramsey,646658,20,England,Attacking Midfield,AM,5000000.0,Aston Villa U21,England,16450000.0,0,2023.csv
2023,Premier League,Burnley FC,summer,in,Jordan Beyer,403898,23,Germany,Centre-Back,CB,16000000.0,Borussia Mönchengladbach,Germany,15000000.0,0,2023.csv
2023,Premier League,Burnley FC,summer,in,Sander Berge,333014,25,Norway,Defensive Midfield,DM,20000000.0,Sheffield United,England,13900000.0,0,2023.csv
2023,Premier League,Burnley FC,summer,in,Wilson Odobert,743498,18,France,Left Winger,LW,6000000.0,ESTAC Troyes,France,12000000.0,0,2023.csv
2023,Premier League,Burnley FC,summer,in,Dara O'Shea,401320,24,Ireland,Centre-Back,CB,5000000.0,West Bromwich Albion,England,7800000.0,0,2023.csv
2023,Premier League,Burnley FC,summer,in,Michael Obafemi,444208,22,Ireland,Centre-Forward,CF,5000000.0,Swansea City,England,4000000.0,0,2023.csv
2023,Premier League,Burnley FC,summer,in,Hannes Delcroix,338635,24,Haiti,Centre-Back,CB,2000000.0,RSC Anderlecht,Belgium,3000000.0,0,2023.csv
2023,Premier League,Burnley FC,summer,in,Luca Koleosho,745461,18,Italy,Right Winger,RW,1000000.0,RCD Espanyol B,Spain,3000000.0,0,2023.csv
2023,Premier League,Burnley FC,summer,in,Nathan Redmond,129078,29,England,Right Winger,RW,10000000.0,Besiktas JK,Türkiye,0.0,0,2023.csv
2023,Premier League,Burnley FC,summer,in,Lawrence Vigouroux,243591,29,Chile,Goalkeeper,GK,300000.0,Leyton Orient,England,0.0,0,2023.csv
2023,Premier League,Burnley FC,summer,in,Han-Noah Massengo,536508,22,France,Central Midfield,CM,5000000.0,Bristol City,England,0.0,0,2023.csv
2023,Premier League,Burnley FC,summer,in,Mike Tresor,381963,24,Belgium,Attacking Midfield,AM,15000000.0,KRC Genk,Belgium,0.0,1,2023.csv
2023,Premier League,Burnley FC,summer,in,Jacob Bruun Larsen,293281,24,Denmark,Left Winger,LW,3000000.0,TSG 1899 Hoffenheim,Germany,0.0,1,2023.csv
2023,Premier League,Burnley FC,winter,in,David Datro Fofana,787232,21,Cote d'Ivoire,Centre-Forward,CF,8000000.0,Chelsea FC,England,0.0,1,2023.csv
2023,Premier League,Burnley FC,winter,in,Maxime Estève,842341,21,France,Centre-Back,CB,7000000.0,Montpellier HSC,France,0.0,1,2023.csv
2023,Premier League,Burnley FC,winter,in,Lorenz Assignon,711969,23,France,Right-Back,RB,10000000.0,Stade Rennais FC,France,0.0,1,2023.csv
2023,Premier League,Burnley FC,summer,out,Bobby Thomas,788283,22,England,Centre-Back,CB,450000.0,Coventry City,England,2300000.0,0,2023.csv
2023,Premier League,Burnley FC,summer,out,Wout Weghorst,228645,31,Netherlands,Centre-Forward,CF,12000000.0,TSG 1899 Hoffenheim,Germany,1500000.0,1,2023.csv
2023,Premier League,Burnley FC,summer,out,Will Norris,285033,29,England,Goalkeeper,GK,350000.0,Portsmouth FC,England,0.0,0,2023.csv
2023,Premier League,Burnley FC,summer,out,Ashley Barnes,63200,33,England,Centre-Forward,CF,1000000.0,Norwich City,England,0.0,0,2023.csv
2023,Premier League,Burnley FC,summer,out,Owen Dodgson,686839,20,England,Left-Back,LB,300000.0,Barnsley FC,England,0.0,1,2023.csv
2023,Premier League,Burnley FC,summer,out,Samuel Bastien,289510,26,DR Congo,Central Midfield,CM,1800000.0,Kasimpasa,Türkiye,0.0,1,2023.csv
2023,Premier League,Burnley FC,summer,out,Scott Twine,433818,24,England,Attacking Midfield,AM,2800000.0,Hull City,England,0.0,1,2023.csv
2023,Premier League,Burnley FC,summer,out,Dara Costelloe,614700,20,Ireland,Left Winger,LW,300000.0,St. Johnstone FC,Scotland,0.0,1,2023.csv
2023,Premier League,Burnley FC,summer,out,Luke McNally,535927,23,Ireland,Centre-Back,CB,2200000.0,Stoke City,England,0.0,1,2023.csv
2023,Premier League,Burnley FC,summer,out,Bailey Peacock-Farrell,410436,26,Northern Ireland,Goalkeeper,GK,1000000.0,Aarhus GF,Denmark,0.0,1,2023.csv
2023,Premier League,Burnley FC,summer,out,Matthew Lowton,102258,34,England,Right-Back,RB,250000.0,Without Club,,,0,2023.csv
2023,Premier League,Burnley FC,summer,out,Jordan Beyer,403898,23,Germany,Centre-Back,CB,16000000.0,Borussia Mönchengladbach,Germany,0.0,1,2023.csv
2023,Premier League,Burnley FC,summer,out,David Datro Fofana,787232,21,Cote d'Ivoire,Centre-Forward,CF,12000000.0,Chelsea FC,England,0.0,1,2023.csv
2023,Premier League,Burnley FC,winter,out,Denis Franchi,606576,21,Italy,Goalkeeper,GK,250000.0,Ternana Calcio,Italy,0.0,0,2023.csv
2023,Premier League,Burnley FC,winter,out,Anass Zaroury,491296,23,Morocco,Left Winger,LW,9000000.0,Hull City,England,0.0,1,2023.csv
2023,Premier League,Burnley FC,winter,out,Scott Twine,433818,24,England,Attacking Midfield,AM,3000000.0,Bristol City,England,0.0,1,2023.csv
2023,Premier League,Burnley FC,winter,out,Owen Dodgson,686839,20,England,Left-Back,LB,300000.0,Dundee FC,Scotland,0.0,1,2023.csv
2023,Premier League,Burnley FC,winter,out,Darko Churlinov,386786,23,North Macedonia,Left Winger,LW,2000000.0,FC Schalke 04,Germany,0.0,1,2023.csv
2023,Premier League,Burnley FC,winter,out,CJ Egan-Riley,581669,21,England,Centre-Back,CB,2000000.0,PSV Eindhoven U21,Netherlands,0.0,1,2023.csv
2023,Premier League,Burnley FC,winter,out,Connor Roberts,214666,28,Wales,Right-Back,RB,7000000.0,Leeds United,England,0.0,1,2023.csv
2023,Premier League,Burnley FC,winter,out,Dara Costelloe,614700,21,Ireland,Left Winger,LW,325000.0,Dundee FC,Scotland,0.0,1,2023.csv
2023,Premier League,Burnley FC,winter,out,Michael Obafemi,444208,23,Ireland,Centre-Forward,CF,3500000.0,Millwall FC,England,0.0,1,2023.csv
2023,Premier League,Chelsea FC,summer,in,Moisés Caicedo,687626,21,Ecuador,Defensive Midfield,DM,75000000.0,Brighton & Hove Albion,England,116000000.0,0,2023.csv
2023,Premier League,Chelsea FC,summer,in,Roméo Lavia,628451,19,Belgium,Defensive Midfield,DM,32000000.0,Southampton FC,England,62100000.0,0,2023.csv
2023,Premier League,Chelsea FC,summer,in,Christopher Nkunku,344381,25,France,Centre-Forward,CF,80000000.0,RB Leipzig,Germany,60000000.0,0,2023.csv
2023,Premier League,Chelsea FC,summer,in,Cole Palmer,568177,21,England,Attacking Midfield,AM,18000000.0,Manchester City,England,47000000.0,0,2023.csv
2023,Premier League,Chelsea FC,summer,in,Axel Disasi,386047,25,France,Centre-Back,CB,30000000.0,AS Monaco,France,45000000.0,0,2023.csv
2023,Premier League,Chelsea FC,summer,in,Nicolas Jackson,776890,22,Senegal,Centre-Forward,CF,30000000.0,Villarreal CF,Spain,37000000.0,0,2023.csv
2023,Premier League,Chelsea FC,summer,in,Lesley Ugochukwu,711999,19,France,Defensive Midfield,DM,9000000.0,Stade Rennais FC,France,27000000.0,0,2023.csv
2023,Premier League,Chelsea FC,summer,in,Robert Sánchez,403151,25,Spain,Goalkeeper,GK,22000000.0,Brighton & Hove Albion,England,23000000.0,0,2023.csv
2023,Premier League,Chelsea FC,summer,in,Djordje Petrovic,465555,23,Serbia,Goalkeeper,GK,6000000.0,New England Revolution,United States,16000000.0,0,2023.csv
2023,Premier League,Chelsea FC,summer,in,Deivid Washington,1082850,18,Brazil,Centre-Forward,CF,4000000.0,Santos FC,Brazil,16000000.0,0,2023.csv
2023,Premier League,Chelsea FC,summer,in,Ângelo,743598,18,Brazil,Right Winger,RW,13000000.0,Santos FC,Brazil,15000000.0,0,2023.csv
2023,Premier League,Chelsea FC,summer,in,Diego Moreira,655006,18,Belgium,Left Midfield,LM,2000000.0,SL Benfica B,Portugal,0.0,0,2023.csv
2023,Premier League,Chelsea FC,summer,out,Kai Havertz,309400,24,Germany,Centre-Forward,CF,55000000.0,Arsenal FC,England,75000000.0,0,2023.csv
2023,Premier League,Chelsea FC,summer,out,Mason Mount,346483,24,England,Attacking Midfield,AM,60000000.0,Manchester United,England,67700000.0,0,2023.csv
2023,Premier League,Chelsea FC,summer,out,Mateo Kovacic,51471,29,Croatia,Central Midfield,CM,38000000.0,Manchester City,England,29100000.0,0,2023.csv
2023,Premier League,Chelsea FC,summer,out,Kalidou Koulibaly,93128,32,Senegal,Centre-Back,CB,15000000.0,Al-Hilal SFC,Saudi Arabia,23000000.0,0,2023.csv
2023,Premier League,Chelsea FC,summer,out,Christian Pulisic,315779,24,United States,Right Winger,RW,25000000.0,AC Milan,Italy,20800000.0,0,2023.csv
2023,Premier League,Chelsea FC,summer,out,Ruben Loftus-Cheek,202886,27,England,Central Midfield,CM,25000000.0,AC Milan,Italy,18900000.0,0,2023.csv
2023,Premier League,Chelsea FC,summer,out,Edouard Mendy,442531,31,Senegal,Goalkeeper,GK,12000000.0,Al-Ahli SFC,Saudi Arabia,18500000.0,0,2023.csv
2023,Premier League,Chelsea FC,summer,out,Ethan Ampadu,392771,22,Wales,Defensive Midfield,DM,9000000.0,Leeds United,England,8100000.0,0,2023.csv
2023,Premier League,Chelsea FC,summer,out,Romelu Lukaku,96341,30,Belgium,Centre-Forward,CF,40000000.0,AS Roma,Italy,5800000.0,1,2023.csv
2023,Premier League,Chelsea FC,summer,out,Callum Hudson-Odoi,392768,22,England,Left Winger,LW,15000000.0,Nottingham Forest,England,3500000.0,0,2023.csv
2023,Premier League,Chelsea FC,summer,out,Diego Moreira,655006,19,Belgium,Left Midfield,LM,2000000.0,Olympique Lyon,France,2800000.0,1,2023.csv
2023,Premier League,Chelsea FC,summer,out,Omari Hutchinson,741238,19,England,Attacking Midfield,AM,1000000.0,Ipswich Town,England,1000000.0,1,2023.csv
2023,Premier League,Chelsea FC,summer,out,Kepa Arrizabalaga,192279,28,Spain,Goalkeeper,GK,18000000.0,Real Madrid,Spain,1000000.0,1,2023.csv
2023,Premier League,Chelsea FC,summer,out,Tiemoué Bakayoko,182618,29,France,Defensive Midfield,DM,2500000.0,FC Lorient,France,0.0,0,2023.csv
2023,Premier League,Chelsea FC,summer,out,Pierre-Emerick Aubameyang,58864,34,Gabon,Centre-Forward,CF,4000000.0,Olympique Marseille,France,0.0,0,2023.csv
2023,Premier League,Chelsea FC,summer,out,Abdul Rahman Baba,224884,29,Ghana,Left-Back,LB,1200000.0,PAOK Thessaloniki,Greece,0.0,0,2023.csv
2023,Premier League,Chelsea FC,summer,out,César Azpilicueta,57500,33,Spain,Centre-Back,CB,5000000.0,Atlético de Madrid,Spain,0.0,0,2023.csv
2023,Premier League,Chelsea FC,summer,out,N'Golo Kanté,225083,32,France,Defensive Midfield,DM,15000000.0,Al-Ittihad Club,Saudi Arabia,0.0,0,2023.csv
2023,Premier League,Chelsea FC,summer,out,Hakim Ziyech,217111,30,Morocco,Right Winger,RW,16000000.0,Galatasaray,Türkiye,0.0,1,2023.csv
2023,Premier League,Chelsea FC,summer,out,Gabriel Slonina,656316,19,United States,Goalkeeper,GK,9000000.0,KAS Eupen,Belgium,0.0,1,2023.csv
2023,Premier League,Chelsea FC,summer,out,Cesare Casadei,622380,20,Italy,Central Midfield,CM,12000000.0,Leicester City,England,0.0,1,2023.csv
2023,Premier League,Chelsea FC,summer,out,Lewis Hall,670858,18,England,Left-Back,LB,10000000.0,Newcastle United,England,0.0,1,2023.csv
2023,Premier League,Chelsea FC,summer,out,Andrey Santos,743600,19,Brazil,Central Midfield,CM,15000000.0,Nottingham Forest,England,0.0,1,2023.csv
2023,Premier League,Chelsea FC,summer,out,David Datro Fofana,787232,20,Cote d'Ivoire,Centre-Forward,CF,10000000.0,1.FC Union Berlin,Germany,0.0,1,2023.csv
2023,Premier League,Chelsea FC,summer,out,Ângelo,743598,18,Brazil,Right Winger,RW,13000000.0,RC Strasbourg Alsace,France,0.0,1,2023.csv
2023,Premier League,Chelsea FC,summer,out,Denis Zakaria,334526,26,Switzerland,Defensive Midfield,DM,18000000.0,Juventus FC,Italy,0.0,1,2023.csv
2023,Premier League,Chelsea FC,summer,out,João Félix,462250,23,Portugal,Second Striker,SS,50000000.0,Atlético de Madrid,Spain,0.0,1,2023.csv
2023,Premier League,Chelsea FC,winter,out,Armando Broja,571743,22,Albania,Centre-Forward,CF,28000000.0,Fulham FC,England,4700000.0,1,2023.csv
2023,Premier League,Chelsea FC,winter,out,Ian Maatsen,485585,21,Netherlands,Left-Back,LB,20000000.0,Borussia Dortmund,Germany,2300000.0,1,2023.csv
2023,Premier League,Chelsea FC,winter,out,David Datro Fofana,787232,21,Cote d'Ivoire,Centre-Forward,CF,8000000.0,Burnley FC,England,0.0,1,2023.csv
2023,Premier League,Chelsea FC,winter,out,Andrey Santos,743600,19,Brazil,Central Midfield,CM,14000000.0,RC Strasbourg Alsace,France,0.0,1,2023.csv
2023,Premier League,Chelsea FC,winter,out,Lucas Bergström,490606,21,Finland,Goalkeeper,GK,800000.0,IF Brommapojkarna,Sweden,0.0,1,2023.csv
2023,Premier League,Crystal Palace,summer,in,Matheus França,743597,19,Brazil,Attacking Midfield,AM,9000000.0,CR Flamengo,Brazil,20000000.0,0,2023.csv
2023,Premier League,Crystal Palace,summer,in,Dean Henderson,258919,26,England,Goalkeeper,GK,18000000.0,Manchester United,England,17500000.0,0,2023.csv
2023,Premier League,Crystal Palace,summer,in,Rob Holding,253341,27,England,Centre-Back,CB,8000000.0,Arsenal FC,England,1200000.0,0,2023.csv
2023,Premier League,Crystal Palace,summer,in,Jefferson Lerma,262980,28,Colombia,Defensive Midfield,DM,20000000.0,AFC Bournemouth,England,0.0,0,2023.csv
2023,Premier League,Crystal Palace,winter,in,Adam Wharton,744149,19,England,Defensive Midfield,DM,10000000.0,Blackburn Rovers,England,21100000.0,0,2023.csv
2023,Premier League,Crystal Palace,winter,in,Daniel Muñoz,493003,27,Colombia,Right-Back,RB,10000000.0,KRC Genk,Belgium,8000000.0,0,2023.csv
2023,Premier League,Crystal Palace,summer,out,Luka Milivojevic,74300,32,Serbia,Defensive Midfield,DM,2000000.0,Shabab Al-Ahli Club,United Arab Emirates,0.0,0,2023.csv
2023,Premier League,Crystal Palace,summer,out,Jack Butland,128899,30,England,Goalkeeper,GK,1500000.0,Rangers FC,Scotland,0.0,0,2023.csv
2023,Premier League,Crystal Palace,summer,out,Wilfried Zaha,145988,30,Cote d'Ivoire,Left Winger,LW,22000000.0,Galatasaray,Türkiye,0.0,0,2023.csv
2023,Premier League,Crystal Palace,summer,out,Vicente Guaita,64399,36,Spain,Goalkeeper,GK,1000000.0,Celta de Vigo,Spain,0.0,0,2023.csv
2023,Premier League,Crystal Palace,summer,out,Luke Plange,586986,20,England,Centre-Forward,CF,1000000.0,Carlisle United,England,0.0,1,2023.csv
2023,Premier League,Crystal Palace,summer,out,Scott Banks,596821,21,Scotland,Right Winger,RW,300000.0,FC St. Pauli,Germany,0.0,1,2023.csv
2023,Premier League,Crystal Palace,summer,out,James McArthur,41416,35,Scotland,Central Midfield,CM,400000.0,Retired,,,0,2023.csv
2023,Premier League,Crystal Palace,winter,out,Malcolm Ebiowei,512354,20,England,Right Winger,RW,3000000.0,RWD Molenbeek,Belgium,0.0,1,2023.csv
2023,Premier League,Crystal Palace,winter,out,Luke Plange,586986,21,England,Centre-Forward,CF,1200000.0,HJK Helsinki,Finland,0.0,1,2023.csv
2023,Premier League,Everton FC,summer,in,Beto,595809,25,Guinea-Bissau,Centre-Forward,CF,25000000.0,Udinese Calcio,Italy,25000000.0,0,2023.csv
2023,Premier League,Everton FC,summer,in,Youssef Chermiti,670688,19,Portugal,Centre-Forward,CF,3000000.0,Sporting CP,Portugal,12500000.0,0,2023.csv
2023,Premier League,Everton FC,summer,in,Arnaut Danjuma,355861,26,Netherlands,Left Winger,LW,25000000.0,Villarreal CF,Spain,3000000.0,1,2023.csv
2023,Premier League,Everton FC,summer,in,Ashley Young,14086,38,England,Right-Back,RB,600000.0,Aston Villa,England,0.0,0,2023.csv
2023,Premier League,Everton FC,summer,in,Jack Harrison,417346,26,England,Left Winger,LW,22000000.0,Leeds United,England,0.0,1,2023.csv
2023,Premier League,Everton FC,summer,out,Moise Kean,364135,23,Italy,Centre-Forward,CF,18000000.0,Juventus FC,Italy,30000000.0,0,2023.csv
2023,Premier League,Everton FC,summer,out,Alex Iwobi,242631,27,Nigeria,Left Winger,LW,28000000.0,Fulham FC,England,25700000.0,0,2023.csv
2023,Premier League,Everton FC,summer,out,Demarai Gray,292417,27,Jamaica,Left Winger,LW,20000000.0,Al-Ettifaq FC,Saudi Arabia,9300000.0,0,2023.csv
2023,Premier League,Everton FC,summer,out,Tom Cannon,669366,20,Ireland,Centre-Forward,CF,5000000.0,Leicester City,England,8800000.0,0,2023.csv
2023,Premier League,Everton FC,summer,out,Ellis Simms,511550,22,England,Centre-Forward,CF,4000000.0,Coventry City,England,7000000.0,0,2023.csv
2023,Premier League,Everton FC,summer,out,Niels Nkounkou,591193,22,France,Left-Back,LB,5000000.0,AS Saint-Étienne,France,2000000.0,0,2023.csv
2023,Premier League,Everton FC,summer,out,Asmir Begovic,33873,36,Bosnia-Herzegovina,Goalkeeper,GK,800000.0,Queens Park Rangers,England,0.0,0,2023.csv
2023,Premier League,Everton FC,summer,out,Yerry Mina,289446,28,Colombia,Centre-Back,CB,10000000.0,ACF Fiorentina,Italy,0.0,0,2023.csv
2023,Premier League,Everton FC,summer,out,Tom Davies,314210,25,England,Central Midfield,CM,9000000.0,Sheffield United,England,0.0,0,2023.csv
2023,Premier League,Everton FC,summer,out,Mason Holgate,348623,26,Jamaica,Centre-Back,CB,9000000.0,Southampton FC,England,0.0,1,2023.csv
2023,Premier League,Everton FC,summer,out,Neal Maupay,217115,27,France,Centre-Forward,CF,10000000.0,Brentford FC,England,0.0,1,2023.csv
2023,Premier League,Everton FC,summer,out,Andros Townsend,61842,31,England,Right Winger,RW,1500000.0,Without Club,,,0,2023.csv
2023,Premier League,Everton FC,summer,out,Jean-Philippe Gbamin,182894,27,Cote d'Ivoire,Defensive Midfield,DM,4800000.0,Without Club,,,0,2023.csv
2023,Premier League,Everton FC,summer,out,Conor Coady,128901,30,England,Centre-Back,CB,12000000.0,Wolverhampton Wanderers,England,0.0,1,2023.csv
2023,Premier League,Everton FC,summer,out,Rúben Vinagre,357158,24,Portugal,Left-Back,LB,4000000.0,Sporting CP,Portugal,0.0,1,2023.csv
2023,Premier League,Everton FC,winter,out,Mason Holgate,348623,27,Jamaica,Centre-Back,CB,5000000.0,Sheffield United,England,0.0,1,2023.csv
2023,Premier League,Fulham FC,summer,in,Alex Iwobi,242631,27,Nigeria,Left Winger,LW,28000000.0,Everton FC,England,25700000.0,0,2023.csv
2023,Premier League,Fulham FC,summer,in,Calvin Bassey,461883,23,Nigeria,Centre-Back,CB,15000000.0,Ajax Amsterdam,Netherlands,22500000.0,0,2023.csv
2023,Premier League,Fulham FC,summer,in,Timothy Castagne,262226,27,Belgium,Right-Back,RB,25000000.0,Leicester City,England,13000000.0,0,2023.csv
2023,Premier League,Fulham FC,summer,in,Raúl Jiménez,206040,32,Mexico,Centre-Forward,CF,6000000.0,Wolverhampton Wanderers,England,6400000.0,0,2023.csv
2023,Premier League,Fulham FC,summer,in,Steven Benda,381469,24,Germany,Goalkeeper,GK,400000.0,Swansea City,England,870000.0,0,2023.csv
2023,Premier League,Fulham FC,summer,in,Adama Traoré,204103,27,Spain,Right Winger,RW,10000000.0,Wolverhampton Wanderers,England,0.0,0,2023.csv
2023,Premier League,Fulham FC,summer,in,Fodé Ballo-Touré,296422,26,Senegal,Left-Back,LB,3500000.0,AC Milan,Italy,0.0,1,2023.csv
2023,Premier League,Fulham FC,winter,in,Armando Broja,571743,22,Albania,Centre-Forward,CF,28000000.0,Chelsea FC,England,4700000.0,1,2023.csv
2023,Premier League,Fulham FC,summer,out,Aleksandar Mitrović,51152,28,Serbia,Centre-Forward,CF,28000000.0,Al-Hilal SFC,Saudi Arabia,52600000.0,0,2023.csv
2023,Premier League,Fulham FC,summer,out,Anthony Knockaert,149237,31,France,Right Winger,RW,900000.0,Valenciennes FC,France,0.0,0,2023.csv
2023,Premier League,Fulham FC,summer,out,Steven Sessegnon,406558,23,England,Right-Back,RB,800000.0,Wigan Athletic,England,0.0,0,2023.csv
2023,Premier League,Fulham FC,summer,out,Ivan Cavaleiro,149716,29,Angola,Left Winger,LW,2200000.0,LOSC Lille,France,0.0,0,2023.csv
2023,Premier League,Fulham FC,summer,out,Neeskens Kebano,111422,31,DR Congo,Left Winger,LW,2000000.0,Al-Jazira Club,United Arab Emirates,0.0,0,2023.csv
2023,Premier League,Fulham FC,summer,out,Joe Bryan,194460,29,England,Left-Back,LB,2200000.0,Millwall FC,England,0.0,0,2023.csv
2023,Premier League,Fulham FC,summer,out,Shane Duffy,119269,31,Ireland,Centre-Back,CB,2000000.0,Norwich City,England,0.0,0,2023.csv
2023,Premier League,Fulham FC,summer,out,Paulo Gazzaniga,195488,31,Argentina,Goalkeeper,GK,3000000.0,Girona FC,Spain,0.0,0,2023.csv
2023,Premier League,Fulham FC,summer,out,Jay Stansfield,696346,20,England,Centre-Forward,CF,1200000.0,Birmingham City,England,0.0,1,2023.csv
2023,Premier League,Fulham FC,summer,out,Kevin Mbabu,183321,28,Switzerland,Right-Back,RB,3500000.0,FC Augsburg,Germany,0.0,1,2023.csv
2023,Premier League,Fulham FC,summer,out,Terence Kongolo,152651,29,Netherlands,Centre-Back,CB,900000.0,Rapid Vienna,Austria,0.0,1,2023.csv
2023,Premier League,Fulham FC,summer,out,Manor Solomon,396638,23,Israel,Left Winger,LW,18000000.0,Shakhtar Donetsk,Ukraine,0.0,1,2023.csv
2023,Premier League,Fulham FC,summer,out,Cédric Soares,112988,31,Portugal,Right-Back,RB,3000000.0,Arsenal FC,England,0.0,1,2023.csv
2023,Premier League,Fulham FC,summer,out,Layvin Kurzawa,126710,30,France,Left-Back,LB,3000000.0,Paris Saint-Germain,France,0.0,1,2023.csv
2023,Premier League,Fulham FC,winter,out,Carlos Vinícius,525287,28,Brazil,Centre-Forward,CF,6000000.0,Galatasaray,Türkiye,600000.0,1,2023.csv
2023,Premier League,Fulham FC,winter,out,Tyrese Francois,528888,23,Australia,Central Midfield,CM,500000.0,Vejle Boldklub,Denmark,0.0,1,2023.csv
2023,Premier League,Liverpool FC,summer,in,Dominik Szoboszlai,451276,22,Hungary,Attacking Midfield,AM,50000000.0,RB Leipzig,Germany,70000000.0,0,2023.csv
2023,Premier League,Liverpool FC,summer,in,Alexis Mac Allister,534033,24,Argentina,Central Midfield,CM,65000000.0,Brighton & Hove Albion,England,42000000.0,0,2023.csv
2023,Premier League,Liverpool FC,summer,in,Ryan Gravenberch,478573,21,Netherlands,Defensive Midfield,DM,30000000.0,Bayern Munich,Germany,40000000.0,0,2023.csv
2023,Premier League,Liverpool FC,summer,in,Wataru Endo,146310,30,Japan,Defensive Midfield,DM,6500000.0,VfB Stuttgart,Germany,20000000.0,0,2023.csv
2023,Premier League,Liverpool FC,summer,out,Fabinho,225693,29,Brazil,Defensive Midfield,DM,42000000.0,Al-Ittihad Club,Saudi Arabia,46700000.0,0,2023.csv
2023,Premier League,Liverpool FC,summer,out,Jordan Henderson,61651,33,England,Defensive Midfield,DM,10000000.0,Al-Ettifaq FC,Saudi Arabia,14000000.0,0,2023.csv
2023,Premier League,Liverpool FC,summer,out,Alex Oxlade-Chamberlain,143424,29,England,Central Midfield,CM,7000000.0,Besiktas JK,Türkiye,0.0,0,2023.csv
2023,Premier League,Liverpool FC,summer,out,Naby Keïta,302215,28,Guinea,Central Midfield,CM,12000000.0,SV Werder Bremen,Germany,0.0,0,2023.csv
2023,Premier League,Liverpool FC,summer,out,James Milner,3333,37,England,Central Midfield,CM,1500000.0,Brighton & Hove Albion,England,0.0,0,2023.csv
2023,Premier League,Liverpool FC,summer,out,Roberto Firmino,131789,31,Brazil,Centre-Forward,CF,18000000.0,Al-Ahli SFC,Saudi Arabia,0.0,0,2023.csv
2023,Premier League,Liverpool FC,summer,out,Rhys Williams,503679,22,England,Centre-Back,CB,2000000.0,Aberdeen FC,Scotland,0.0,1,2023.csv
2023,Premier League,Liverpool FC,summer,out,Fábio Carvalho,559263,20,Portugal,Attacking Midfield,AM,16000000.0,RB Leipzig,Germany,0.0,1,2023.csv
2023,Premier League,Liverpool FC,summer,out,Sepp van den Berg,541231,21,Netherlands,Centre-Back,CB,5000000.0,1.FSV Mainz 05,Germany,0.0,1,2023.csv
2023,Premier League,Liverpool FC,summer,out,Nat Phillips,371814,26,England,Centre-Back,CB,4000000.0,Celtic FC,Scotland,0.0,1,2023.csv
2023,Premier League,Liverpool FC,summer,out,Arthur Melo,362842,26,Brazil,Defensive Midfield,DM,15000000.0,Juventus FC,Italy,0.0,1,2023.csv
2023,Premier League,Liverpool FC,winter,out,Marcelo Pitaluga,662334,21,Brazil,Goalkeeper,GK,400000.0,St. Patrick's Athletic,Ireland,0.0,1,2023.csv
2023,Premier League,Liverpool FC,winter,out,Vitezslav Jaros,486604,22,Czech Republic,Goalkeeper,GK,250000.0,SK Sturm Graz,Austria,0.0,1,2023.csv
2023,Premier League,Liverpool FC,winter,out,Fábio Carvalho,559263,21,Portugal,Attacking Midfield,AM,14000000.0,Hull City,England,0.0,1,2023.csv
2023,Premier League,Liverpool FC,winter,out,Rhys Williams,503679,22,England,Centre-Back,CB,1800000.0,Port Vale FC,England,0.0,1,2023.csv
2023,Premier League,Liverpool FC,winter,out,Nat Phillips,371814,26,England,Centre-Back,CB,4000000.0,Cardiff City,England,0.0,1,2023.csv
2023,Premier League,Luton Town,summer,in,Ryan Giles,504581,23,England,Left-Back,LB,9000000.0,Wolverhampton Wanderers,England,5850000.0,0,2023.csv
2023,Premier League,Luton Town,summer,in,Tahith Chong,344830,23,Curacao,Attacking Midfield,AM,3200000.0,Birmingham City,England,4700000.0,0,2023.csv
2023,Premier League,Luton Town,summer,in,Mads Andersen,407021,25,Denmark,Centre-Back,CB,2000000.0,Barnsley FC,England,3500000.0,0,2023.csv
2023,Premier League,Luton Town,summer,in,Jacob Brown,469958,25,Scotland,Centre-Forward,CF,6000000.0,Stoke City,England,2900000.0,0,2023.csv
2023,Premier League,Luton Town,summer,in,Thomas Kaminski,77757,30,Belgium,Goalkeeper,GK,2200000.0,Blackburn Rovers,England,2900000.0,0,2023.csv
2023,Premier League,Luton Town,summer,in,Marvelous Nakamba,324882,29,Zimbabwe,Defensive Midfield,DM,4000000.0,Aston Villa,England,2900000.0,0,2023.csv
2023,Premier League,Luton Town,summer,in,Chiedozie Ogbene,392591,26,Ireland,Right Winger,RW,2000000.0,Rotherham United,England,0.0,0,2023.csv
2023,Premier League,Luton Town,summer,in,Ross Barkley,131978,29,England,Central Midfield,CM,6000000.0,OGC Nice,France,0.0,0,2023.csv
2023,Premier League,Luton Town,summer,in,Tim Krul,33027,35,Netherlands,Goalkeeper,GK,600000.0,Norwich City,England,,0,2023.csv
2023,Premier League,Luton Town,summer,in,Teden Mengi,548470,21,England,Centre-Back,CB,2000000.0,Manchester United,England,,0,2023.csv
2023,Premier League,Luton Town,summer,in,Albert Sambi Lokonga,381967,23,Belgium,Central Midfield,CM,15000000.0,Arsenal FC,England,0.0,1,2023.csv
2023,Premier League,Luton Town,summer,in,Andros Townsend,61842,32,England,Right Winger,RW,1500000.0,Without Club,,,0,2023.csv
2023,Premier League,Luton Town,summer,in,Issa Kaboré,649452,22,Burkina Faso,Right-Back,RB,7000000.0,Manchester City,England,0.0,1,2023.csv
2023,Premier League,Luton Town,winter,in,Daiki Hashioka,387191,24,Japan,Right-Back,RB,2000000.0,Sint-Truidense VV,Belgium,2000000.0,0,2023.csv
2023,Premier League,Luton Town,winter,in,Tom Holmes,424900,23,England,Centre-Back,CB,3500000.0,Reading FC,England,1150000.0,0,2023.csv
2023,Premier League,Luton Town,summer,out,Carlos Mendes,588412,24,Guinea-Bissau,Right Winger,RW,350000.0,Bolton Wanderers,England,300000.0,0,2023.csv
2023,Premier League,Luton Town,summer,out,Sonny Bradley,127794,31,England,Centre-Back,CB,600000.0,Derby County,England,0.0,0,2023.csv
2023,Premier League,Luton Town,summer,out,Harry Isted,284718,26,England,Goalkeeper,GK,350000.0,Charlton Athletic,England,0.0,0,2023.csv
2023,Premier League,Luton Town,summer,out,Admiral Muskwe,314378,25,Zimbabwe,Centre-Forward,CF,300000.0,Exeter City,England,0.0,1,2023.csv
2023,Premier League,Luton Town,summer,out,Dion Pereira,499604,24,Antigua and Barbuda,Left Winger,LW,200000.0,Sutton United,England,0.0,1,2023.csv
2023,Premier League,Luton Town,summer,out,Allan Campbell,347619,25,Scotland,Central Midfield,CM,3000000.0,Millwall FC,England,0.0,1,2023.csv
2023,Premier League,Luton Town,summer,out,John McAtee,504855,24,England,Second Striker,SS,200000.0,Barnsley FC,England,0.0,1,2023.csv
2023,Premier League,Luton Town,summer,out,Louie Watson,505548,22,Ireland,Central Midfield,CM,250000.0,Charlton Athletic,England,0.0,1,2023.csv
2023,Premier League,Luton Town,summer,out,Joe Taylor,944551,20,Wales,Centre-Forward,CF,250000.0,Colchester United,England,0.0,1,2023.csv
2023,Premier League,Luton Town,summer,out,Aribim Pepple,696502,20,Canada,Centre-Forward,CF,100000.0,Bromley FC,England,0.0,1,2023.csv
2023,Premier League,Luton Town,summer,out,Fred Onyedinma,305274,26,Nigeria,Right Midfield,RM,500000.0,Rotherham United,England,0.0,1,2023.csv
2023,Premier League,Luton Town,summer,out,Elliot Thorpe,496661,22,Wales,Attacking Midfield,AM,250000.0,Shrewsbury Town,England,0.0,1,2023.csv
2023,Premier League,Luton Town,summer,out,Jack Walton,368629,25,England,Goalkeeper,GK,400000.0,Dundee United FC,Scotland,0.0,1,2023.csv
2023,Premier League,Luton Town,summer,out,Luke Freeman,66923,31,England,Attacking Midfield,AM,600000.0,Without Club,,,0,2023.csv
2023,Premier League,Luton Town,summer,out,Henri Lansbury,44794,32,England,Central Midfield,CM,300000.0,Retired,,,0,2023.csv
2023,Premier League,Luton Town,summer,out,Matt Macey,220491,28,England,Goalkeeper,GK,350000.0,Without Club,,,0,2023.csv
2023,Premier League,Luton Town,summer,out,Glen Rea,337640,28,Ireland,Defensive Midfield,DM,250000.0,Without Club,,,0,2023.csv
2023,Premier League,Luton Town,summer,out,Ethan Horvath,242284,28,United States,Goalkeeper,GK,1500000.0,Nottingham Forest,England,0.0,1,2023.csv
2023,Premier League,Luton Town,summer,out,Issa Kaboré,649452,23,Burkina Faso,Right-Back,RB,10000000.0,Manchester City,England,0.0,1,2023.csv
2023,Premier League,Luton Town,summer,out,Albert Sambi Lokonga,381967,24,Belgium,Central Midfield,CM,15000000.0,Arsenal FC,England,0.0,1,2023.csv
2023,Premier League,Luton Town,winter,out,Tom Holmes,424900,23,England,Centre-Back,CB,3500000.0,Reading FC,England,0.0,1,2023.csv
2023,Premier League,Luton Town,winter,out,Joe Taylor,944551,21,Wales,Centre-Forward,CF,350000.0,Lincoln City,England,0.0,1,2023.csv
2023,Premier League,Luton Town,winter,out,Dion Pereira,499604,24,Antigua and Barbuda,Left Winger,LW,175000.0,Dagenham & Redbridge FC,England,0.0,1,2023.csv
2023,Premier League,Luton Town,winter,out,Ryan Giles,504581,24,England,Left-Back,LB,4500000.0,Hull City,England,0.0,1,2023.csv
2023,Premier League,Luton Town,winter,out,Aribim Pepple,696502,21,Canada,Centre-Forward,CF,100000.0,Inverness Caledonian Thistle FC,Scotland,0.0,1,2023.csv
2023,Premier League,Manchester City,summer,in,Josko Gvardiol,475959,21,Croatia,Centre-Back,CB,75000000.0,RB Leipzig,Germany,90000000.0,0,2023.csv
2023,Premier League,Manchester City,summer,in,Matheus Nunes,601883,25,Portugal,Right-Back,RB,45000000.0,Wolverhampton Wanderers,England,62000000.0,0,2023.csv
2023,Premier League,Manchester City,summer,in,Jérémy Doku,486049,21,Belgium,Left Winger,LW,28000000.0,Stade Rennais FC,France,60000000.0,0,2023.csv
2023,Premier League,Manchester City,summer,in,Mateo Kovacic,51471,29,Croatia,Central Midfield,CM,38000000.0,Chelsea FC,England,29100000.0,0,2023.csv
2023,Premier League,Manchester City,winter,in,Claudio Echeverri,994536,18,Argentina,Attacking Midfield,AM,12000000.0,CA River Plate,Argentina,18500000.0,0,2023.csv
2023,Premier League,Manchester City,summer,out,Cole Palmer,568177,21,England,Attacking Midfield,AM,18000000.0,Chelsea FC,England,47000000.0,0,2023.csv
2023,Premier League,Manchester City,summer,out,Riyad Mahrez,171424,32,Algeria,Right Winger,RW,20000000.0,Al-Ahli SFC,Saudi Arabia,35000000.0,0,2023.csv
2023,Premier League,Manchester City,summer,out,Aymeric Laporte,176553,29,Spain,Centre-Back,CB,25000000.0,Al-Nassr FC,Saudi Arabia,27500000.0,0,2023.csv
2023,Premier League,Manchester City,summer,out,James Trafford,566799,20,England,Goalkeeper,GK,15000000.0,Burnley FC,England,17300000.0,0,2023.csv
2023,Premier League,Manchester City,summer,out,Yangel Herrera,378293,25,Venezuela,Central Midfield,CM,5000000.0,Girona FC,Spain,5000000.0,0,2023.csv
2023,Premier League,Manchester City,summer,out,Nahuel Bustos,439629,24,Argentina,Centre-Forward,CF,3000000.0,CA Talleres,Argentina,0.0,0,2023.csv
2023,Premier League,Manchester City,summer,out,Benjamin Mendy,157495,29,France,Left-Back,LB,3000000.0,FC Lorient,France,0.0,0,2023.csv
2023,Premier League,Manchester City,summer,out,İlkay Gündoğan,53622,32,Germany,Central Midfield,CM,20000000.0,FC Barcelona,Spain,0.0,0,2023.csv
2023,Premier League,Manchester City,summer,out,Slobodan Tedic,505652,23,Serbia,Centre-Forward,CF,600000.0,Charlton Athletic,England,0.0,1,2023.csv
2023,Premier League,Manchester City,summer,out,João Cancelo,182712,29,Portugal,Right-Back,RB,50000000.0,FC Barcelona,Spain,0.0,1,2023.csv
2023,Premier League,Manchester City,summer,out,James McAtee,583199,20,England,Attacking Midfield,AM,12000000.0,Sheffield United,England,0.0,1,2023.csv
2023,Premier League,Manchester City,summer,out,Tommy Doyle,433183,21,England,Central Midfield,CM,7000000.0,Wolverhampton Wanderers,England,0.0,1,2023.csv
2023,Premier League,Manchester City,summer,out,Taylor Harwood-Bellis,503977,21,England,Centre-Back,CB,25000000.0,Southampton FC,England,0.0,1,2023.csv
2023,Premier League,Manchester City,summer,out,Máximo Perrone,668547,20,Argentina,Defensive Midfield,DM,10000000.0,UD Las Palmas,Spain,0.0,1,2023.csv
2023,Premier League,Manchester City,summer,out,Josh Wilson-Esbrand,576121,20,England,Left-Back,LB,1500000.0,Stade Reims,France,0.0,1,2023.csv
2023,Premier League,Manchester City,summer,out,Issa Kaboré,649452,22,Burkina Faso,Right-Back,RB,7000000.0,Luton Town,England,0.0,1,2023.csv
2023,Premier League,Manchester City,winter,out,Kalvin Phillips,351749,28,England,Defensive Midfield,DM,28000000.0,West Ham United,England,7000000.0,1,2023.csv
2023,Premier League,Manchester City,winter,out,Zack Steffen,221624,28,United States,Goalkeeper,GK,2500000.0,Colorado Rapids,United States,0.0,0,2023.csv
2023,Premier League,Manchester City,winter,out,Slobodan Tedic,505652,23,Serbia,Centre-Forward,CF,500000.0,FK Cukaricki,Serbia,0.0,0,2023.csv
2023,Premier League,Manchester City,winter,out,Claudio Echeverri,994536,18,Argentina,Attacking Midfield,AM,12000000.0,CA River Plate,Argentina,0.0,1,2023.csv
2023,Premier League,Manchester City,winter,out,Josh Wilson-Esbrand,576121,21,England,Left-Back,LB,2000000.0,Cardiff City,England,0.0,1,2023.csv
2023,Premier League,Manchester United,summer,in,Rasmus Højlund,610442,20,Denmark,Centre-Forward,CF,45000000.0,Atalanta BC,Italy,77800000.0,0,2023.csv
2023,Premier League,Manchester United,summer,in,Mason Mount,346483,24,England,Attacking Midfield,AM,60000000.0,Chelsea FC,England,67700000.0,0,2023.csv
2023,Premier League,Manchester United,summer,in,André Onana,234509,27,Cameroon,Goalkeeper,GK,35000000.0,Inter Milan,Italy,50200000.0,0,2023.csv
2023,Premier League,Manchester United,summer,in,Sofyan Amrabat,287579,27,Morocco,Defensive Midfield,DM,30000000.0,ACF Fiorentina,Italy,10000000.0,1,2023.csv
2023,Premier League,Manchester United,summer,in,Altay Bayındır,336077,25,Türkiye,Goalkeeper,GK,11000000.0,Fenerbahce,Türkiye,5000000.0,0,2023.csv
2023,Premier League,Manchester United,summer,in,Jonny Evans,42412,35,Northern Ireland,Centre-Back,CB,2000000.0,Leicester City,England,0.0,0,2023.csv
2023,Premier League,Manchester United,summer,in,Sergio Reguilón,282429,26,Spain,Left-Back,LB,10000000.0,Tottenham Hotspur,England,0.0,1,2023.csv
2023,Premier League,Manchester United,summer,out,Anthony Elanga,583189,21,Sweden,Right Winger,RW,18000000.0,Nottingham Forest,England,22930000.0,0,2023.csv
2023,Premier League,Manchester United,summer,out,Dean Henderson,258919,26,England,Goalkeeper,GK,18000000.0,Crystal Palace,England,17500000.0,0,2023.csv
2023,Premier League,Manchester United,summer,out,Fred,191614,30,Brazil,Central Midfield,CM,20000000.0,Fenerbahce,Türkiye,9740000.0,0,2023.csv
2023,Premier League,Manchester United,summer,out,Matej Kovar,550829,23,Czech Republic,Goalkeeper,GK,1800000.0,Bayer 04 Leverkusen,Germany,5000000.0,0,2023.csv
2023,Premier League,Manchester United,summer,out,Alex Telles,255755,30,Brazil,Left-Back,LB,7500000.0,Al-Nassr FC,Saudi Arabia,4600000.0,0,2023.csv
2023,Premier League,Manchester United,summer,out,Zidane Iqbal,686845,20,Iraq,Central Midfield,CM,1000000.0,FC Utrecht,Netherlands,1000000.0,0,2023.csv
2023,Premier League,Manchester United,summer,out,Eric Bailly,286384,29,Cote d'Ivoire,Centre-Back,CB,5000000.0,Besiktas JK,Türkiye,0.0,0,2023.csv
2023,Premier League,Manchester United,summer,out,Teden Mengi,548470,21,England,Centre-Back,CB,2000000.0,Luton Town,England,,0,2023.csv
2023,Premier League,Manchester United,summer,out,Brandon Williams,507700,22,England,Left-Back,LB,7000000.0,Ipswich Town,England,0.0,1,2023.csv
2023,Premier League,Manchester United,summer,out,Mason Greenwood,532826,21,England,Right Winger,RW,5000000.0,Getafe CF,Spain,0.0,1,2023.csv
2023,Premier League,Manchester United,summer,out,Álvaro Carreras,811778,20,Spain,Left-Back,LB,7000000.0,Granada CF,Spain,0.0,1,2023.csv
2023,Premier League,Manchester United,summer,out,David de Gea,59377,32,Spain,Goalkeeper,GK,13000000.0,Without Club,,,0,2023.csv
2023,Premier League,Manchester United,summer,out,Axel Tuanzebe,342046,25,DR Congo,Centre-Back,CB,4500000.0,Without Club,,,0,2023.csv
2023,Premier League,Manchester United,summer,out,Phil Jones,117996,31,England,Centre-Back,CB,1500000.0,Without Club,,,0,2023.csv
2023,Premier League,Manchester United,summer,out,Marcel Sabitzer,106987,29,Austria,Central Midfield,CM,20000000.0,Bayern Munich,Germany,0.0,1,2023.csv
2023,Premier League,Manchester United,summer,out,Wout Weghorst,228645,30,Netherlands,Centre-Forward,CF,12000000.0,Burnley FC,England,0.0,1,2023.csv
2023,Premier League,Manchester United,summer,out,Jack Butland,128899,30,England,Goalkeeper,GK,1500000.0,Crystal Palace,England,0.0,1,2023.csv
2023,Premier League,Manchester United,winter,out,Donny van de Beek,288255,26,Netherlands,Central Midfield,CM,9000000.0,Eintracht Frankfurt,Germany,3000000.0,1,2023.csv
2023,Premier League,Manchester United,winter,out,Jadon Sancho,401173,23,England,Left Winger,LW,25000000.0,Borussia Dortmund,Germany,0.0,1,2023.csv
2023,Premier League,Manchester United,winter,out,Hannibal,607224,20,Tunisia,Attacking Midfield,AM,12000000.0,Sevilla FC,Spain,0.0,1,2023.csv
2023,Premier League,Manchester United,winter,out,Álvaro Carreras,811778,20,Spain,Left-Back,LB,7000000.0,SL Benfica,Portugal,0.0,1,2023.csv
2023,Premier League,Manchester United,winter,out,Facundo Pellistri,676318,22,Uruguay,Right Winger,RW,10000000.0,Granada CF,Spain,0.0,1,2023.csv
2023,Premier League,Manchester United,winter,out,Sergio Reguilón,282429,27,Spain,Left-Back,LB,10000000.0,Tottenham Hotspur,England,0.0,1,2023.csv
2023,Premier League,Newcastle United,summer,in,Sandro Tonali,397033,23,Italy,Defensive Midfield,DM,50000000.0,AC Milan,Italy,58900000.0,0,2023.csv
2023,Premier League,Newcastle United,summer,in,Harvey Barnes,398065,25,England,Left Winger,LW,35000000.0,Leicester City,England,44000000.0,0,2023.csv
2023,Premier League,Newcastle United,summer,in,Tino Livramento,503981,20,England,Right-Back,RB,25000000.0,Southampton FC,England,37200000.0,0,2023.csv
2023,Premier League,Newcastle United,summer,in,Yankuba Minteh,1012534,18,The Gambia,Right Winger,RW,2000000.0,Odense Boldklub,Denmark,8000000.0,0,2023.csv
2023,Premier League,Newcastle United,summer,in,Lewis Hall,670858,18,England,Left-Back,LB,10000000.0,Chelsea FC,England,0.0,1,2023.csv
2023,Premier League,Newcastle United,summer,out,Allan Saint-Maximin,272642,26,France,Left Winger,LW,32000000.0,Al-Ahli SFC,Saudi Arabia,27200000.0,0,2023.csv
2023,Premier League,Newcastle United,summer,out,Chris Wood,108725,31,New Zealand,Centre-Forward,CF,8000000.0,Nottingham Forest,England,17000000.0,0,2023.csv
2023,Premier League,Newcastle United,summer,out,Karl Darlow,99397,32,Wales,Goalkeeper,GK,1000000.0,Leeds United,England,400000.0,0,2023.csv
2023,Premier League,Newcastle United,summer,out,Isaac Hayden,206225,28,Jamaica,Defensive Midfield,DM,3500000.0,Standard Liège,Belgium,0.0,1,2023.csv
2023,Premier League,Newcastle United,summer,out,Jeff Hendrick,148262,31,Ireland,Central Midfield,CM,1500000.0,Sheffield Wednesday,England,0.0,1,2023.csv
2023,Premier League,Newcastle United,summer,out,Joe White,614811,20,England,Attacking Midfield,AM,250000.0,Crewe Alexandra,England,0.0,1,2023.csv
2023,Premier League,Newcastle United,summer,out,Ryan Fraser,146795,29,Scotland,Left Winger,LW,6000000.0,Southampton FC,England,0.0,1,2023.csv
2023,Premier League,Newcastle United,summer,out,Kell Watts,484389,23,England,Centre-Back,CB,300000.0,Wigan Athletic,England,0.0,1,2023.csv
2023,Premier League,Newcastle United,summer,out,Jamal Lewis,346018,25,Northern Ireland,Left-Back,LB,6000000.0,Watford FC,England,0.0,1,2023.csv
2023,Premier League,Newcastle United,summer,out,Matty Longstaff,484387,23,England,Central Midfield,CM,1000000.0,Without Club,,,0,2023.csv
2023,Premier League,Newcastle United,summer,out,Ciaran Clark,98240,33,Ireland,Centre-Back,CB,600000.0,Without Club,,,0,2023.csv
2023,Premier League,Newcastle United,summer,out,Yankuba Minteh,1012534,18,The Gambia,Right Winger,RW,2000000.0,Feyenoord Rotterdam,Netherlands,0.0,1,2023.csv
2023,Premier League,Newcastle United,winter,out,Javier Manquillo,162029,29,Spain,Right-Back,RB,2000000.0,Celta de Vigo,Spain,0.0,0,2023.csv
2023,Premier League,Newcastle United,winter,out,Isaac Hayden,206225,28,Jamaica,Defensive Midfield,DM,3000000.0,Queens Park Rangers,England,0.0,1,2023.csv
2023,Premier League,Nottingham Forest,summer,in,Ibrahim Sangaré,375885,25,Cote d'Ivoire,Defensive Midfield,DM,35000000.0,PSV Eindhoven,Netherlands,35000000.0,0,2023.csv
2023,Premier League,Nottingham Forest,summer,in,Anthony Elanga,583189,21,Sweden,Right Winger,RW,18000000.0,Manchester United,England,22930000.0,0,2023.csv
2023,Premier League,Nottingham Forest,summer,in,Chris Wood,108725,31,New Zealand,Centre-Forward,CF,8000000.0,Newcastle United,England,17000000.0,0,2023.csv
2023,Premier League,Nottingham Forest,summer,in,Andrew Omobamidele,621993,21,Ireland,Centre-Back,CB,6000000.0,Norwich City,England,12850000.0,0,2023.csv
2023,Premier League,Nottingham Forest,summer,in,Murillo,1005649,21,Brazil,Centre-Back,CB,3500000.0,Sport Club Corinthians Paulista,Brazil,12000000.0,0,2023.csv
2023,Premier League,Nottingham Forest,summer,in,Matt Turner,425306,29,United States,Goalkeeper,GK,8000000.0,Arsenal FC,England,8150000.0,0,2023.csv
2023,Premier League,Nottingham Forest,summer,in,Nicolás Domínguez,497291,25,Argentina,Central Midfield,CM,17000000.0,Bologna FC 1909,Italy,6650000.0,0,2023.csv
2023,Premier League,Nottingham Forest,summer,in,Odysseas Vlachodimos,124419,29,Greece,Goalkeeper,GK,16000000.0,SL Benfica,Portugal,4900000.0,0,2023.csv
2023,Premier League,Nottingham Forest,summer,in,Callum Hudson-Odoi,392768,22,England,Left Winger,LW,15000000.0,Chelsea FC,England,3500000.0,0,2023.csv
2023,Premier League,Nottingham Forest,summer,in,Nuno Tavares,535955,23,Portugal,Left-Back,LB,18000000.0,Arsenal FC,England,1150000.0,1,2023.csv
2023,Premier League,Nottingham Forest,summer,in,Ola Aina,236490,26,Nigeria,Right-Back,RB,3500000.0,Torino FC,Italy,0.0,0,2023.csv
2023,Premier League,Nottingham Forest,summer,in,Divock Origi,148368,28,Belgium,Centre-Forward,CF,6000000.0,AC Milan,Italy,0.0,1,2023.csv
2023,Premier League,Nottingham Forest,summer,in,Andrey Santos,743600,19,Brazil,Central Midfield,CM,15000000.0,Chelsea FC,England,0.0,1,2023.csv
2023,Premier League,Nottingham Forest,summer,in,Gonzalo Montiel,402733,26,Argentina,Right-Back,RB,12000000.0,Sevilla FC,Spain,0.0,1,2023.csv
2023,Premier League,Nottingham Forest,winter,in,Matz Sels,127202,31,Belgium,Goalkeeper,GK,7000000.0,RC Strasbourg Alsace,France,6500000.0,0,2023.csv
2023,Premier League,Nottingham Forest,winter,in,Giovanni Reyna,504215,21,United States,Attacking Midfield,AM,20000000.0,Borussia Dortmund,Germany,1000000.0,1,2023.csv
2023,Premier League,Nottingham Forest,winter,in,Rodrigo Ribeiro,726701,18,Portugal,Centre-Forward,CF,3000000.0,Sporting CP,Portugal,0.0,1,2023.csv
2023,Premier League,Nottingham Forest,summer,out,Brennan Johnson,470607,22,Wales,Right Winger,RW,38000000.0,Tottenham Hotspur,England,55000000.0,0,2023.csv
2023,Premier League,Nottingham Forest,summer,out,Sam Surridge,398402,24,England,Centre-Forward,CF,5000000.0,Nashville SC,United States,5800000.0,0,2023.csv
2023,Premier League,Nottingham Forest,summer,out,Braian Ojeda,491596,23,Paraguay,Central Midfield,CM,1500000.0,Real Salt Lake City,United States,3600000.0,0,2023.csv
2023,Premier League,Nottingham Forest,summer,out,Mohamed Dräger,192167,27,Tunisia,Right-Back,RB,900000.0,FC Basel 1893,Switzerland,420000.0,0,2023.csv
2023,Premier League,Nottingham Forest,summer,out,Jordan Smith,452707,28,England,Goalkeeper,GK,250000.0,Stockport County,England,0.0,0,2023.csv
2023,Premier League,Nottingham Forest,summer,out,Jonjo Shelvey,71292,31,England,Central Midfield,CM,5000000.0,Caykur Rizespor,Türkiye,0.0,0,2023.csv
2023,Premier League,Nottingham Forest,summer,out,Cafú,203655,30,Portugal,Central Midfield,CM,600000.0,Rotherham United,England,0.0,0,2023.csv
2023,Premier League,Nottingham Forest,summer,out,Jack Colback,61644,33,England,Defensive Midfield,DM,600000.0,Queens Park Rangers,England,0.0,0,2023.csv
2023,Premier League,Nottingham Forest,summer,out,Giulian Biancone,536507,23,France,Centre-Back,CB,6000000.0,Olympiacos Piraeus,Greece,,0,2023.csv
2023,Premier League,Nottingham Forest,summer,out,Steve Cook,90836,32,England,Centre-Back,CB,1800000.0,Queens Park Rangers,England,,0,2023.csv
2023,Premier League,Nottingham Forest,summer,out,Ui-jo Hwang,260166,31,"Korea, South",Centre-Forward,CF,4800000.0,Norwich City,England,0.0,1,2023.csv
2023,Premier League,Nottingham Forest,summer,out,Alex Mighten,503988,21,England,Left Winger,LW,600000.0,KV Kortrijk,Belgium,0.0,1,2023.csv
2023,Premier League,Nottingham Forest,summer,out,Remo Freuler,148252,31,Switzerland,Central Midfield,CM,8000000.0,Bologna FC 1909,Italy,0.0,1,2023.csv
2023,Premier League,Nottingham Forest,summer,out,Emmanuel Dennis,448854,25,Nigeria,Centre-Forward,CF,8000000.0,Basaksehir FK,Türkiye,0.0,1,2023.csv
2023,Premier League,Nottingham Forest,summer,out,Jonathan Panzo,392777,22,England,Centre-Back,CB,3000000.0,Cardiff City,England,0.0,1,2023.csv
2023,Premier League,Nottingham Forest,summer,out,Loïc Mbe Soh,463610,22,France,Centre-Back,CB,2000000.0,Almere City FC,Netherlands,0.0,1,2023.csv
2023,Premier League,Nottingham Forest,summer,out,Lewis O'Brien,560694,24,England,Central Midfield,CM,8000000.0,Middlesbrough FC,England,0.0,1,2023.csv
2023,Premier League,Nottingham Forest,summer,out,Omar Richards,424881,25,England,Left-Back,LB,5000000.0,Olympiacos Piraeus,Greece,0.0,1,2023.csv
2023,Premier League,Nottingham Forest,summer,out,Gustavo Scarpa,330085,29,Brazil,Attacking Midfield,AM,10000000.0,Olympiacos Piraeus,Greece,0.0,1,2023.csv
2023,Premier League,Nottingham Forest,summer,out,Richie Laryea,417348,28,Canada,Right-Back,RB,2500000.0,Vancouver Whitecaps FC,United States,0.0,1,2023.csv
2023,Premier League,Nottingham Forest,summer,out,Josh Bowler,506470,24,England,Right Winger,RW,1800000.0,Cardiff City,England,0.0,1,2023.csv
2023,Premier League,Nottingham Forest,summer,out,Lyle Taylor,104495,33,Montserrat,Centre-Forward,CF,300000.0,Without Club,,,0,2023.csv
2023,Premier League,Nottingham Forest,summer,out,Jesse Lingard,141660,30,England,Attacking Midfield,AM,8000000.0,Without Club,,,0,2023.csv
2023,Premier League,Nottingham Forest,summer,out,André Ayew,45403,33,Ghana,Centre-Forward,CF,1800000.0,Without Club,,,0,2023.csv
2023,Premier League,Nottingham Forest,summer,out,Adnan Kanuric,354017,22,Bosnia-Herzegovina,Goalkeeper,GK,150000.0,Without Club,,,0,2023.csv
2023,Premier League,Nottingham Forest,summer,out,Renan Lodi,476352,25,Brazil,Left-Back,LB,20000000.0,Atlético de Madrid,Spain,0.0,1,2023.csv
2023,Premier League,Nottingham Forest,summer,out,Keylor Navas,79422,36,Costa Rica,Goalkeeper,GK,4000000.0,Paris Saint-Germain,France,0.0,1,2023.csv
2023,Premier League,Nottingham Forest,summer,out,Chris Wood,108725,31,New Zealand,Centre-Forward,CF,8000000.0,Newcastle United,England,0.0,1,2023.csv
2023,Premier League,Nottingham Forest,winter,out,Orel Mangala,289592,25,Belgium,Defensive Midfield,DM,22000000.0,Olympique Lyon,France,11700000.0,1,2023.csv
2023,Premier League,Nottingham Forest,winter,out,Gustavo Scarpa,330085,30,Brazil,Attacking Midfield,AM,6000000.0,Clube Atlético Mineiro,Brazil,5000000.0,0,2023.csv
2023,Premier League,Nottingham Forest,winter,out,Richie Laryea,417348,29,Canada,Right-Back,RB,2500000.0,Toronto FC,United States,700000.0,0,2023.csv
2023,Premier League,Nottingham Forest,winter,out,Joe Worrall,415970,27,England,Centre-Back,CB,12000000.0,Besiktas JK,Türkiye,500000.0,1,2023.csv
2023,Premier League,Nottingham Forest,winter,out,Serge Aurier,127032,31,Cote d'Ivoire,Right-Back,RB,7000000.0,Galatasaray,Türkiye,100000.0,0,2023.csv
2023,Premier League,Nottingham Forest,winter,out,Ethan Horvath,242284,28,United States,Goalkeeper,GK,1500000.0,Cardiff City,England,,0,2023.csv
2023,Premier League,Nottingham Forest,winter,out,Emmanuel Dennis,448854,26,Nigeria,Centre-Forward,CF,5500000.0,Watford FC,England,0.0,1,2023.csv
2023,Premier League,Nottingham Forest,winter,out,Jonathan Panzo,392777,23,England,Centre-Back,CB,1200000.0,Standard Liège,Belgium,0.0,1,2023.csv
2023,Premier League,Nottingham Forest,winter,out,Scott McKenna,255906,27,Scotland,Centre-Back,CB,10000000.0,FC Copenhagen,Denmark,0.0,1,2023.csv
2023,Premier League,Nottingham Forest,winter,out,Alex Mighten,503988,21,England,Left Winger,LW,600000.0,Port Vale FC,England,0.0,1,2023.csv
2023,Premier League,Nottingham Forest,winter,out,Brandon Aguilera,631996,20,Costa Rica,Central Midfield,CM,300000.0,Bristol Rovers,England,0.0,1,2023.csv
2023,Premier League,Nottingham Forest,winter,out,Ui-jo Hwang,260166,31,"Korea, South",Centre-Forward,CF,3000000.0,Alanyaspor,Türkiye,0.0,1,2023.csv
2023,Premier League,Nottingham Forest,winter,out,Andrey Santos,743600,19,Brazil,Central Midfield,CM,14000000.0,Chelsea FC,England,0.0,1,2023.csv
2023,Premier League,Sheffield United,summer,in,Cameron Archer,533662,21,England,Centre-Forward,CF,12000000.0,Aston Villa,England,21550000.0,0,2023.csv
2023,Premier League,Sheffield United,summer,in,Gustavo Hamer,322985,26,Netherlands,Central Midfield,CM,8000000.0,Coventry City,England,17300000.0,0,2023.csv
2023,Premier League,Sheffield United,summer,in,Vini Souza,663581,24,Brazil,Defensive Midfield,DM,6000000.0,Lommel SK,Belgium,12500000.0,0,2023.csv
2023,Premier League,Sheffield United,summer,in,Auston Trusty,389253,24,United States,Centre-Back,CB,10000000.0,Arsenal FC,England,5800000.0,0,2023.csv
2023,Premier League,Sheffield United,summer,in,Bénie Traoré,852024,20,Cote d'Ivoire,Left Winger,LW,3500000.0,BK Häcken,Sweden,4600000.0,0,2023.csv
2023,Premier League,Sheffield United,summer,in,Anis Slimane,546712,22,Tunisia,Central Midfield,CM,2500000.0,Bröndby IF,Denmark,2700000.0,0,2023.csv
2023,Premier League,Sheffield United,summer,in,Tom Davies,314210,25,England,Central Midfield,CM,9000000.0,Everton FC,England,0.0,0,2023.csv
2023,Premier League,Sheffield United,summer,in,Yasser Larouci,554251,22,Algeria,Left-Back,LB,3500000.0,ESTAC Troyes,France,0.0,1,2023.csv
2023,Premier League,Sheffield United,summer,in,James McAtee,583199,20,England,Attacking Midfield,AM,12000000.0,Manchester City,England,0.0,1,2023.csv
2023,Premier League,Sheffield United,summer,in,Luke Thomas,505194,22,England,Left-Back,LB,12000000.0,Leicester City,England,0.0,1,2023.csv
2023,Premier League,Sheffield United,winter,in,Ivo Grbic,226073,28,Croatia,Goalkeeper,GK,3500000.0,Atlético de Madrid,Spain,2500000.0,0,2023.csv
2023,Premier League,Sheffield United,winter,in,Ben Brereton Díaz,426192,24,Chile,Centre-Forward,CF,7000000.0,Villarreal CF,Spain,0.0,1,2023.csv
2023,Premier League,Sheffield United,winter,in,Mason Holgate,348623,27,Jamaica,Centre-Back,CB,5000000.0,Everton FC,England,0.0,1,2023.csv
2023,Premier League,Sheffield United,summer,out,Iliman Ndiaye,623570,23,Senegal,Right Winger,RW,18000000.0,Olympique Marseille,France,17000000.0,0,2023.csv
2023,Premier League,Sheffield United,summer,out,Sander Berge,333014,25,Norway,Defensive Midfield,DM,20000000.0,Burnley FC,England,13900000.0,0,2023.csv
2023,Premier League,Sheffield United,summer,out,Billy Sharp,49542,37,England,Centre-Forward,CF,300000.0,Los Angeles Galaxy,United States,0.0,0,2023.csv
2023,Premier League,Sheffield United,summer,out,Enda Stevens,85706,32,Ireland,Left-Back,LB,600000.0,Stoke City,England,0.0,0,2023.csv
2023,Premier League,Sheffield United,summer,out,Oliver Arblaster,874066,19,England,Central Midfield,CM,,Port Vale FC,England,0.0,1,2023.csv
2023,Premier League,Sheffield United,summer,out,Jake Eastwood,526873,26,England,Goalkeeper,GK,100000.0,Grimsby Town,England,,0,2023.csv
2023,Premier League,Sheffield United,summer,out,Jack O'Connell,212829,29,England,Centre-Back,CB,1200000.0,Retired,,,0,2023.csv
2023,Premier League,Sheffield United,summer,out,Kyron Gordon,746734,21,England,Centre-Back,CB,250000.0,Without Club,,,0,2023.csv
2023,Premier League,Sheffield United,summer,out,James McAtee,583199,21,England,Attacking Midfield,AM,12000000.0,Manchester City,England,0.0,1,2023.csv
2023,Premier League,Sheffield United,summer,out,Mason Holgate,348623,27,Jamaica,Centre-Back,CB,5000000.0,Everton FC,England,0.0,1,2023.csv
2023,Premier League,Sheffield United,winter,out,John Fleck,54383,32,Scotland,Central Midfield,CM,900000.0,Blackburn Rovers,England,0.0,0,2023.csv
2023,Premier League,Sheffield United,winter,out,Bénie Traoré,852024,21,Cote d'Ivoire,Left Winger,LW,4000000.0,FC Nantes,France,0.0,1,2023.csv
2023,Premier League,Sheffield United,winter,out,Femi Seriki,638649,21,England,Right-Back,RB,300000.0,Rotherham United,England,0.0,1,2023.csv
2023,Premier League,Sheffield United,winter,out,Ismaila Coulibaly,490224,23,Mali,Central Midfield,CM,900000.0,AIK,Sweden,0.0,1,2023.csv
2023,Premier League,Sheffield United,winter,out,Luke Thomas,505194,22,England,Left-Back,LB,10000000.0,Leicester City,England,0.0,1,2023.csv
2023,Premier League,Tottenham Hotspur,summer,in,Brennan Johnson,470607,22,Wales,Right Winger,RW,38000000.0,Nottingham Forest,England,55000000.0,0,2023.csv
2023,Premier League,Tottenham Hotspur,summer,in,James Maddison,294057,26,England,Attacking Midfield,AM,60000000.0,Leicester City,England,46300000.0,0,2023.csv
2023,Premier League,Tottenham Hotspur,summer,in,Pedro Porro,553875,23,Spain,Right-Back,RB,40000000.0,Sporting CP,Portugal,40000000.0,0,2023.csv
2023,Premier League,Tottenham Hotspur,summer,in,Micky van de Ven,557459,22,Netherlands,Centre-Back,CB,30000000.0,VfL Wolfsburg,Germany,40000000.0,0,2023.csv
2023,Premier League,Tottenham Hotspur,summer,in,Dejan Kulusevski,431755,23,Sweden,Attacking Midfield,AM,50000000.0,Juventus FC,Italy,30000000.0,0,2023.csv
2023,Premier League,Tottenham Hotspur,summer,in,Guglielmo Vicario,286047,26,Italy,Goalkeeper,GK,16000000.0,FC Empoli,Italy,18500000.0,0,2023.csv
2023,Premier League,Tottenham Hotspur,summer,in,Alejo Veliz,888493,19,Argentina,Centre-Forward,CF,7000000.0,CA Rosario Central,Argentina,15000000.0,0,2023.csv
2023,Premier League,Tottenham Hotspur,summer,in,Ashley Phillips,859951,18,England,Centre-Back,CB,2000000.0,Blackburn Rovers,England,2300000.0,0,2023.csv
2023,Premier League,Tottenham Hotspur,summer,in,Manor Solomon,396638,23,Israel,Left Winger,LW,18000000.0,Shakhtar Donetsk,Ukraine,0.0,0,2023.csv
2023,Premier League,Tottenham Hotspur,winter,in,Radu Drăgușin,568559,21,Romania,Centre-Back,CB,20000000.0,Genoa CFC,Italy,25000000.0,0,2023.csv
2023,Premier League,Tottenham Hotspur,winter,in,Timo Werner,170527,27,Germany,Left Winger,LW,17000000.0,RB Leipzig,Germany,0.0,1,2023.csv
2023,Premier League,Tottenham Hotspur,summer,out,Harry Kane,132098,30,England,Centre-Forward,CF,90000000.0,Bayern Munich,Germany,95000000.0,0,2023.csv
2023,Premier League,Tottenham Hotspur,summer,out,Harry Winks,249126,27,England,Central Midfield,CM,10000000.0,Leicester City,England,11600000.0,0,2023.csv
2023,Premier League,Tottenham Hotspur,summer,out,Davinson Sánchez,341429,27,Colombia,Centre-Back,CB,15000000.0,Galatasaray,Türkiye,9500000.0,0,2023.csv
2023,Premier League,Tottenham Hotspur,summer,out,Djed Spence,483348,23,England,Left-Back,LB,10000000.0,Leeds United,England,1100000.0,1,2023.csv
2023,Premier League,Tottenham Hotspur,summer,out,Lucas Moura,77100,30,Brazil,Right Winger,RW,6000000.0,São Paulo Futebol Clube,Brazil,0.0,0,2023.csv
2023,Premier League,Tottenham Hotspur,summer,out,Tanguy Ndombélé,450936,26,France,Central Midfield,CM,22000000.0,Galatasaray,Türkiye,0.0,1,2023.csv
2023,Premier League,Tottenham Hotspur,summer,out,Joe Rodon,297212,25,Wales,Centre-Back,CB,7000000.0,Leeds United,England,0.0,1,2023.csv
2023,Premier League,Tottenham Hotspur,summer,out,Dane Scarlett,670883,19,England,Centre-Forward,CF,1800000.0,Ipswich Town,England,0.0,1,2023.csv
2023,Premier League,Tottenham Hotspur,summer,out,Japhet Tanganga,346478,24,England,Centre-Back,CB,7000000.0,FC Augsburg,Germany,0.0,1,2023.csv
2023,Premier League,Tottenham Hotspur,summer,out,Sergio Reguilón,282429,26,Spain,Left-Back,LB,10000000.0,Manchester United,England,0.0,1,2023.csv
2023,Premier League,Tottenham Hotspur,summer,out,Dejan Kulusevski,431755,23,Sweden,Attacking Midfield,AM,50000000.0,Juventus FC,Italy,0.0,1,2023.csv
2023,Premier League,Tottenham Hotspur,summer,out,Pedro Porro,553875,23,Spain,Right-Back,RB,40000000.0,Sporting CP,Portugal,0.0,1,2023.csv
2023,Premier League,Tottenham Hotspur,summer,out,Arnaut Danjuma,355861,26,Netherlands,Left Winger,LW,25000000.0,Villarreal CF,Spain,0.0,1,2023.csv
2023,Premier League,Tottenham Hotspur,summer,out,Clément Lenglet,182904,28,France,Centre-Back,CB,10000000.0,FC Barcelona,Spain,0.0,1,2023.csv
2023,Premier League,Tottenham Hotspur,winter,out,Eric Dier,175722,29,England,Centre-Back,CB,12000000.0,Bayern Munich,Germany,3500000.0,1,2023.csv
2023,Premier League,Tottenham Hotspur,winter,out,Hugo Lloris,17965,37,France,Goalkeeper,GK,1500000.0,Los Angeles FC,United States,0.0,0,2023.csv
2023,Premier League,Tottenham Hotspur,winter,out,Djed Spence,483348,23,England,Left-Back,LB,8000000.0,Genoa CFC,Italy,0.0,1,2023.csv
2023,Premier League,Tottenham Hotspur,winter,out,Ashley Phillips,859951,18,England,Centre-Back,CB,2000000.0,Plymouth Argyle,England,0.0,1,2023.csv
2023,Premier League,Tottenham Hotspur,winter,out,Sergio Reguilón,282429,27,Spain,Left-Back,LB,10000000.0,Brentford FC,England,0.0,1,2023.csv
2023,Premier League,Tottenham Hotspur,winter,out,Japhet Tanganga,346478,24,England,Centre-Back,CB,3000000.0,Millwall FC,England,0.0,1,2023.csv
2023,Premier League,Tottenham Hotspur,winter,out,Ivan Perišić,42460,34,Croatia,Left Winger,LW,4000000.0,HNK Hajduk Split,Croatia,0.0,1,2023.csv
2023,Premier League,Tottenham Hotspur,winter,out,Alejo Veliz,888493,20,Argentina,Centre-Forward,CF,11000000.0,Sevilla FC,Spain,0.0,1,2023.csv
2023,Premier League,West Ham United,summer,in,Mohammed Kudus,543499,23,Ghana,Right Winger,RW,40000000.0,Ajax Amsterdam,Netherlands,43000000.0,0,2023.csv
2023,Premier League,West Ham United,summer,in,Edson Álvarez,401356,25,Mexico,Defensive Midfield,DM,35000000.0,Ajax Amsterdam,Netherlands,38000000.0,0,2023.csv
2023,Premier League,West Ham United,summer,in,James Ward-Prowse,181579,28,England,Central Midfield,CM,38000000.0,Southampton FC,England,34800000.0,0,2023.csv
2023,Premier League,West Ham United,summer,in,Konstantinos Mavropanos,415912,25,Greece,Centre-Back,CB,15000000.0,VfB Stuttgart,Germany,20000000.0,0,2023.csv
2023,Premier League,West Ham United,summer,in,Andrew Irving,430310,23,Scotland,Central Midfield,CM,800000.0,SK Austria Klagenfurt,Austria,1760000.0,0,2023.csv
2023,Premier League,West Ham United,winter,in,Kalvin Phillips,351749,28,England,Defensive Midfield,DM,28000000.0,Manchester City,England,7000000.0,1,2023.csv
2023,Premier League,West Ham United,summer,out,Declan Rice,357662,24,England,Central Midfield,CM,90000000.0,Arsenal FC,England,116600000.0,0,2023.csv
2023,Premier League,West Ham United,summer,out,Gianluca Scamacca,315867,24,Italy,Centre-Forward,CF,22000000.0,Atalanta BC,Italy,28000000.0,0,2023.csv
2023,Premier League,West Ham United,summer,out,Nikola Vlašić,293200,25,Croatia,Attacking Midfield,AM,17000000.0,Torino FC,Italy,10600000.0,0,2023.csv
2023,Premier League,West Ham United,summer,out,Arthur Masuaku,181380,29,DR Congo,Left-Back,LB,6000000.0,Besiktas JK,Türkiye,2000000.0,0,2023.csv
2023,Premier League,West Ham United,summer,out,Manuel Lanzini,135853,30,Argentina,Attacking Midfield,AM,6000000.0,CA River Plate,Argentina,0.0,0,2023.csv
2023,Premier League,West Ham United,summer,out,Flynn Downes,506189,24,England,Defensive Midfield,DM,9000000.0,Southampton FC,England,0.0,1,2023.csv
2023,Premier League,West Ham United,summer,out,Andrew Irving,430310,23,Scotland,Central Midfield,CM,800000.0,SK Austria Klagenfurt,Austria,0.0,1,2023.csv
2023,Premier League,West Ham United,winter,out,Pablo Fornals,357885,27,Spain,Central Midfield,CM,17000000.0,Real Betis Balompié,Spain,8000000.0,0,2023.csv
2023,Premier League,West Ham United,winter,out,Saïd Benrahma,290532,28,Algeria,Left Winger,LW,22000000.0,Olympique Lyon,France,6000000.0,1,2023.csv
2023,Premier League,West Ham United,winter,out,Conor Coventry,419025,23,Ireland,Defensive Midfield,DM,1500000.0,Charlton Athletic,England,1160000.0,0,2023.csv
2023,Premier League,West Ham United,winter,out,Thilo Kehrer,228948,27,Germany,Centre-Back,CB,9000000.0,AS Monaco,France,500000.0,1,2023.csv
2023,Premier League,Wolverhampton Wanderers,summer,in,Matheus Cunha,517894,24,Brazil,Second Striker,SS,25000000.0,Atlético de Madrid,Spain,50000000.0,0,2023.csv
2023,Premier League,Wolverhampton Wanderers,summer,in,Jean-Ricner Bellegarde,450050,25,Haiti,Central Midfield,CM,10000000.0,RC Strasbourg Alsace,France,15000000.0,0,2023.csv
2023,Premier League,Wolverhampton Wanderers,summer,in,Santiago Bueno,438001,24,Uruguay,Centre-Back,CB,8000000.0,Girona FC,Spain,12000000.0,0,2023.csv
2023,Premier League,Wolverhampton Wanderers,summer,in,Boubacar Traoré,649020,21,Mali,Defensive Midfield,DM,5000000.0,FC Metz,France,11000000.0,0,2023.csv
2023,Premier League,Wolverhampton Wanderers,summer,in,Enso González,1060740,18,Paraguay,Left Winger,LW,1900000.0,Club Libertad Asunción,Paraguay,6000000.0,0,2023.csv
2023,Premier League,Wolverhampton Wanderers,summer,in,Matt Doherty,171679,31,Ireland,Right-Back,RB,5000000.0,Atlético de Madrid,Spain,0.0,0,2023.csv
2023,Premier League,Wolverhampton Wanderers,summer,in,Tom King,215810,28,Wales,Goalkeeper,GK,175000.0,Northampton Town,England,0.0,0,2023.csv
2023,Premier League,Wolverhampton Wanderers,summer,in,Tommy Doyle,433183,21,England,Central Midfield,CM,7000000.0,Manchester City,England,0.0,1,2023.csv
2023,Premier League,Wolverhampton Wanderers,winter,in,Noha Lemina,816124,18,Gabon,Attacking Midfield,AM,500000.0,Paris Saint-Germain,France,0.0,1,2023.csv
2023,Premier League,Wolverhampton Wanderers,summer,out,Matheus Nunes,601883,25,Portugal,Right-Back,RB,45000000.0,Manchester City,England,62000000.0,0,2023.csv
2023,Premier League,Wolverhampton Wanderers,summer,out,Rúben Neves,225161,26,Portugal,Defensive Midfield,DM,40000000.0,Al-Hilal SFC,Saudi Arabia,55000000.0,0,2023.csv
2023,Premier League,Wolverhampton Wanderers,summer,out,Nathan Collins,469050,22,Ireland,Centre-Back,CB,22000000.0,Brentford FC,England,26850000.0,0,2023.csv
2023,Premier League,Wolverhampton Wanderers,summer,out,Conor Coady,128901,30,England,Centre-Back,CB,12000000.0,Leicester City,England,8700000.0,0,2023.csv
2023,Premier League,Wolverhampton Wanderers,summer,out,Raúl Jiménez,206040,32,Mexico,Centre-Forward,CF,6000000.0,Fulham FC,England,6400000.0,0,2023.csv
2023,Premier League,Wolverhampton Wanderers,summer,out,Ryan Giles,504581,23,England,Left-Back,LB,9000000.0,Luton Town,England,5850000.0,0,2023.csv
2023,Premier League,Wolverhampton Wanderers,summer,out,Hayao Kawabe,262489,27,Japan,Central Midfield,CM,2800000.0,Standard Liège,Belgium,1500000.0,0,2023.csv
2023,Premier League,Wolverhampton Wanderers,summer,out,Daniel Podence,256977,27,Portugal,Left Winger,LW,20000000.0,Olympiacos Piraeus,Greece,1500000.0,1,2023.csv
2023,Premier League,Wolverhampton Wanderers,summer,out,Matija Sarkic,293257,26,Montenegro,Goalkeeper,GK,2000000.0,Millwall FC,England,1400000.0,0,2023.csv
2023,Premier League,Wolverhampton Wanderers,summer,out,João Moutinho,29364,36,Portugal,Central Midfield,CM,1500000.0,SC Braga,Portugal,0.0,0,2023.csv
2023,Premier League,Wolverhampton Wanderers,summer,out,Adama Traoré,204103,27,Spain,Right Winger,RW,10000000.0,Fulham FC,England,0.0,0,2023.csv
2023,Premier League,Wolverhampton Wanderers,summer,out,Diego Costa,44779,34,Spain,Centre-Forward,CF,2000000.0,Botafogo de Futebol e Regatas,Brazil,0.0,0,2023.csv
2023,Premier League,Wolverhampton Wanderers,summer,out,Bendegúz Bolla,439351,23,Hungary,Right-Back,RB,2700000.0,Servette FC,Switzerland,0.0,1,2023.csv
2023,Premier League,Wolverhampton Wanderers,summer,out,Chiquinho,695454,23,Portugal,Left Winger,LW,2000000.0,FC Famalicão,Portugal,0.0,1,2023.csv
2023,Premier League,Wolverhampton Wanderers,summer,out,Gonçalo Guedes,225122,26,Portugal,Left Winger,LW,23000000.0,SL Benfica,Portugal,0.0,1,2023.csv
2023,Premier League,Wolverhampton Wanderers,summer,out,Chem Campbell,614603,20,Wales,Attacking Midfield,AM,1000000.0,Charlton Athletic,England,0.0,1,2023.csv
2023,Premier League,Wolverhampton Wanderers,summer,out,Luke Cundle,532541,21,England,Central Midfield,CM,3000000.0,Plymouth Argyle,England,0.0,1,2023.csv
2023,Premier League,Wolverhampton Wanderers,summer,out,Chiquinho,695454,23,Portugal,Left Winger,LW,2000000.0,Stoke City,England,0.0,1,2023.csv
2023,Premier League,Wolverhampton Wanderers,summer,out,Ki-Jana Hoever,485583,21,Netherlands,Right-Back,RB,3500000.0,Stoke City,England,0.0,1,2023.csv
2023,Premier League,Wolverhampton Wanderers,summer,out,Tommy Doyle,433183,22,England,Central Midfield,CM,10000000.0,Manchester City,England,0.0,1,2023.csv
2023,Premier League,Wolverhampton Wanderers,summer,out,Boubacar Traoré,649020,21,Mali,Defensive Midfield,DM,5000000.0,FC Metz,France,0.0,1,2023.csv
2023,Premier League,Wolverhampton Wanderers,summer,out,Matheus Cunha,517894,24,Brazil,Second Striker,SS,25000000.0,Atlético de Madrid,Spain,0.0,1,2023.csv
2023,Premier League,Wolverhampton Wanderers,winter,out,Jonny Otto,175446,29,Spain,Right-Back,RB,8000000.0,PAOK Thessaloniki,Greece,0.0,0,2023.csv
2023,Premier League,Wolverhampton Wanderers,winter,out,Bruno Jordão,415646,25,Portugal,Defensive Midfield,DM,1000000.0,Radomiak Radom,Poland,0.0,0,2023.csv
2023,Premier League,Wolverhampton Wanderers,winter,out,Fábio Silva,505653,21,Portugal,Centre-Forward,CF,13000000.0,Rangers FC,Scotland,0.0,1,2023.csv
2023,Premier League,Wolverhampton Wanderers,winter,out,Sasa Kalajdzic,369567,26,Austria,Centre-Forward,CF,11000000.0,Eintracht Frankfurt,Germany,0.0,1,2023.csv
2023,Premier League,Wolverhampton Wanderers,winter,out,Luke Cundle,532541,21,England,Central Midfield,CM,4000000.0,Stoke City,England,0.0,1,2023.csv
2023,Premier League,Wolverhampton Wanderers,winter,out,Gonçalo Guedes,225122,27,Portugal,Left Winger,LW,18000000.0,Villarreal CF,Spain,0.0,1,2023.csv
2023,Premier League,Wolverhampton Wanderers,winter,out,Yerson Mosquera,716276,22,Colombia,Centre-Back,CB,3500000.0,Villarreal CF,Spain,0.0,1,2023.csv
2023,Premier League,Wolverhampton Wanderers,winter,out,Joe Hodge,503975,21,Ireland,Defensive Midfield,DM,1800000.0,Queens Park Rangers,England,0.0,1,2023.csv
2023,Premier League,Wolverhampton Wanderers,winter,out,Chem Campbell,614603,21,Wales,Attacking Midfield,AM,900000.0,Wycombe Wanderers,England,0.0,1,2023.csv
2024,Premier League,AFC Bournemouth,summer,in,Evanilson,711337,24,Brazil,Centre-Forward,CF,35000000.0,FC Porto,Portugal,37000000.0,0,2024.csv
2024,Premier League,AFC Bournemouth,summer,in,Luis Sinisterra,512385,25,Colombia,Left Winger,LW,17000000.0,Leeds United,England,23400000.0,0,2024.csv
2024,Premier League,AFC Bournemouth,summer,in,Dean Huijsen,890290,19,Spain,Centre-Back,CB,10000000.0,Juventus FC,Italy,19630000.0,0,2024.csv
2024,Premier League,AFC Bournemouth,summer,in,Enes Ünal,251106,27,Türkiye,Centre-Forward,CF,18000000.0,Getafe CF,Spain,16500000.0,0,2024.csv
2024,Premier League,AFC Bournemouth,summer,in,Julián Araujo,513970,23,Mexico,Right-Back,RB,8000000.0,FC Barcelona,Spain,10000000.0,0,2024.csv
2024,Premier League,AFC Bournemouth,summer,in,Kepa Arrizabalaga,192279,29,Spain,Goalkeeper,GK,12000000.0,Chelsea FC,England,3600000.0,1,2024.csv
2024,Premier League,AFC Bournemouth,summer,in,Alex Paulsen,617009,21,New Zealand,Goalkeeper,GK,450000.0,Wellington Phoenix,Australia,2270000.0,0,2024.csv
2024,Premier League,AFC Bournemouth,summer,in,Daniel Jebbison,746740,20,Canada,Centre-Forward,CF,1000000.0,Sheffield United,England,0.0,0,2024.csv
2024,Premier League,AFC Bournemouth,winter,in,Eli Kroupi,955357,18,France,Centre-Forward,CF,10000000.0,FC Lorient,France,13000000.0,0,2024.csv
2024,Premier League,AFC Bournemouth,winter,in,Julio Soler,1009658,19,Argentina,Left-Back,LB,8000000.0,CA Lanús,Argentina,8000000.0,0,2024.csv
2024,Premier League,AFC Bournemouth,winter,in,Matai Akinmboni,994604,18,United States,Centre-Back,CB,1000000.0,D.C. United,United States,1500000.0,0,2024.csv
2024,Premier League,AFC Bournemouth,summer,out,Dominic Solanke,258889,26,England,Centre-Forward,CF,40000000.0,Tottenham Hotspur,England,64300000.0,0,2024.csv
2024,Premier League,AFC Bournemouth,summer,out,Kieffer Moore,275590,31,Wales,Centre-Forward,CF,2000000.0,Sheffield United,England,1790000.0,0,2024.csv
2024,Premier League,AFC Bournemouth,summer,out,Lloyd Kelly,480116,25,England,Centre-Back,CB,18000000.0,Newcastle United,England,0.0,0,2024.csv
2024,Premier League,AFC Bournemouth,summer,out,Jamal Lowe,239949,29,Jamaica,Centre-Forward,CF,1500000.0,Sheffield Wednesday,England,0.0,0,2024.csv
2024,Premier League,AFC Bournemouth,summer,out,Gavin Kilkenny,469064,24,Ireland,Central Midfield,CM,300000.0,Swindon Town,England,,0,2024.csv
2024,Premier League,AFC Bournemouth,summer,out,Hamed Traoré,391065,24,Cote d'Ivoire,Left Winger,LW,17000000.0,AJ Auxerre,France,0.0,1,2024.csv
2024,Premier League,AFC Bournemouth,summer,out,Chris Mepham,480987,26,Wales,Centre-Back,CB,6000000.0,Sunderland AFC,England,0.0,1,2024.csv
2024,Premier League,AFC Bournemouth,summer,out,Jaidon Anthony,684210,24,England,Left Winger,LW,6000000.0,Burnley FC,England,0.0,1,2024.csv
2024,Premier League,AFC Bournemouth,summer,out,Daniel Jebbison,746740,21,Canada,Centre-Forward,CF,1000000.0,Watford FC,England,0.0,1,2024.csv
2024,Premier League,AFC Bournemouth,summer,out,Neto,111819,35,Brazil,Goalkeeper,GK,2500000.0,Arsenal FC,England,0.0,1,2024.csv
2024,Premier League,AFC Bournemouth,summer,out,Romain Faivre,555076,26,France,Attacking Midfield,AM,15000000.0,Stade Brestois 29,France,0.0,1,2024.csv
2024,Premier League,AFC Bournemouth,summer,out,Alex Paulsen,617009,22,New Zealand,Goalkeeper,GK,450000.0,Auckland FC,Australia,0.0,1,2024.csv
2024,Premier League,AFC Bournemouth,summer,out,Joe Rothwell,183293,29,England,Central Midfield,CM,2500000.0,Leeds United,England,0.0,1,2024.csv
2024,Premier League,AFC Bournemouth,summer,out,Ryan Fredericks,140191,31,England,Right-Back,RB,1000000.0,Retired,,,0,2024.csv
2024,Premier League,AFC Bournemouth,summer,out,Darren Randolph,51321,37,Ireland,Goalkeeper,GK,300000.0,Retired,,,0,2024.csv
2024,Premier League,AFC Bournemouth,summer,out,Emiliano Marcondes,232964,29,Denmark,Attacking Midfield,AM,1500000.0,Without Club,,,0,2024.csv
2024,Premier League,AFC Bournemouth,summer,out,Enes Ünal,251106,27,Türkiye,Centre-Forward,CF,18000000.0,Getafe CF,Spain,0.0,1,2024.csv
2024,Premier League,AFC Bournemouth,summer,out,Luis Sinisterra,512385,25,Colombia,Left Winger,LW,17000000.0,Leeds United,England,0.0,1,2024.csv
2024,Premier League,AFC Bournemouth,summer,out,Ionuț Radu,303657,27,Romania,Goalkeeper,GK,3000000.0,Inter Milan,Italy,0.0,1,2024.csv
2024,Premier League,AFC Bournemouth,winter,out,Philip Billing,320411,28,Denmark,Central Midfield,CM,14000000.0,SSC Napoli,Italy,0.0,1,2024.csv
2024,Premier League,AFC Bournemouth,winter,out,Max Aarons,471690,25,England,Right-Back,RB,16000000.0,Valencia CF,Spain,0.0,1,2024.csv
2024,Premier League,AFC Bournemouth,winter,out,Eli Kroupi,955357,18,France,Centre-Forward,CF,10000000.0,FC Lorient,France,0.0,1,2024.csv
2024,Premier League,AFC Bournemouth,winter,out,Mark Travers,357658,25,Ireland,Goalkeeper,GK,4000000.0,Middlesbrough FC,England,0.0,1,2024.csv
2024,Premier League,Arsenal FC,summer,in,Riccardo Calafiori,502821,22,Italy,Left-Back,LB,45000000.0,Bologna FC 1909,Italy,45000000.0,0,2024.csv
2024,Premier League,Arsenal FC,summer,in,Mikel Merino,338424,28,Spain,Central Midfield,CM,50000000.0,Real Sociedad,Spain,32000000.0,0,2024.csv
2024,Premier League,Arsenal FC,summer,in,David Raya,262749,28,Spain,Goalkeeper,GK,35000000.0,Brentford FC,England,31900000.0,0,2024.csv
2024,Premier League,Arsenal FC,summer,in,Neto,111819,35,Brazil,Goalkeeper,GK,2500000.0,AFC Bournemouth,England,0.0,1,2024.csv
2024,Premier League,Arsenal FC,summer,in,Raheem Sterling,134425,29,England,Right Winger,RW,35000000.0,Chelsea FC,England,0.0,1,2024.csv
2024,Premier League,Arsenal FC,summer,out,Emile Smith Rowe,392765,24,England,Attacking Midfield,AM,22000000.0,Fulham FC,England,31800000.0,0,2024.csv
2024,Premier League,Arsenal FC,summer,out,Eddie Nketiah,340324,25,England,Centre-Forward,CF,30000000.0,Crystal Palace,England,29700000.0,0,2024.csv
2024,Premier League,Arsenal FC,summer,out,Aaron Ramsdale,427568,26,England,Goalkeeper,GK,25000000.0,Southampton FC,England,21400000.0,0,2024.csv
2024,Premier League,Arsenal FC,summer,out,Fábio Vieira,537598,24,Portugal,Attacking Midfield,AM,22000000.0,FC Porto,Portugal,890000.0,1,2024.csv
2024,Premier League,Arsenal FC,summer,out,Mohamed Elneny,160438,32,Egypt,Defensive Midfield,DM,3500000.0,Al-Jazira Club,United Arab Emirates,0.0,0,2024.csv
2024,Premier League,Arsenal FC,summer,out,Arthur Okonkwo,503769,22,England,Goalkeeper,GK,1800000.0,Wrexham AFC,England,0.0,0,2024.csv
2024,Premier League,Arsenal FC,summer,out,Nuno Tavares,535955,24,Portugal,Left-Back,LB,15000000.0,SS Lazio,Italy,0.0,1,2024.csv
2024,Premier League,Arsenal FC,summer,out,Karl Hein,493513,22,Estonia,Goalkeeper,GK,2000000.0,Real Valladolid CF,Spain,0.0,1,2024.csv
2024,Premier League,Arsenal FC,summer,out,Albert Sambi Lokonga,381967,24,Belgium,Central Midfield,CM,15000000.0,Sevilla FC,Spain,0.0,1,2024.csv
2024,Premier League,Arsenal FC,summer,out,Reiss Nelson,340325,24,England,Left Winger,LW,15000000.0,Fulham FC,England,0.0,1,2024.csv
2024,Premier League,Arsenal FC,summer,out,Cédric Soares,112988,32,Portugal,Right-Back,RB,2000000.0,Without Club,,,0,2024.csv
2024,Premier League,Arsenal FC,summer,out,David Raya,262749,28,Spain,Goalkeeper,GK,35000000.0,Brentford FC,England,0.0,1,2024.csv
2024,Premier League,Arsenal FC,winter,out,Marquinhos,668268,21,Brazil,Right Winger,RW,6000000.0,Cruzeiro Esporte Clube,Brazil,0.0,1,2024.csv
2024,Premier League,Aston Villa,summer,in,Amadou Onana,485706,22,Belgium,Defensive Midfield,DM,50000000.0,Everton FC,England,59350000.0,0,2024.csv
2024,Premier League,Aston Villa,summer,in,Ian Maatsen,485585,22,Netherlands,Left-Back,LB,40000000.0,Chelsea FC,England,44500000.0,0,2024.csv
2024,Premier League,Aston Villa,summer,in,Cameron Archer,533662,22,England,Centre-Forward,CF,13000000.0,Sheffield United,England,16649999.999999998,0,2024.csv
2024,Premier League,Aston Villa,summer,in,Jaden Philogene,665390,22,England,Left Winger,LW,15000000.0,Hull City,England,16000000.0,0,2024.csv
2024,Premier League,Aston Villa,summer,in,Samuel Iling-Junior,581672,20,England,Left-Back,LB,13000000.0,Juventus FC,Italy,14000000.0,0,2024.csv
2024,Premier League,Aston Villa,summer,in,Lewis Dobbin,627248,21,England,Left Winger,LW,2500000.0,Everton FC,England,11800000.0,0,2024.csv
2024,Premier League,Aston Villa,summer,in,Enzo Barrenechea,671915,23,Argentina,Defensive Midfield,DM,7500000.0,Juventus FC,Italy,8000000.0,0,2024.csv
2024,Premier League,Aston Villa,summer,in,Ross Barkley,131978,30,England,Central Midfield,CM,8000000.0,Luton Town,England,5900000.0,0,2024.csv
2024,Premier League,Aston Villa,winter,in,Donyell Malen,326029,25,Netherlands,Right Winger,RW,28000000.0,Borussia Dortmund,Germany,25000000.0,0,2024.csv
2024,Premier League,Aston Villa,winter,in,Andrés García,1063329,21,Spain,Right-Back,RB,1200000.0,Levante UD,Spain,7000000.0,0,2024.csv
2024,Premier League,Aston Villa,winter,in,Axel Disasi,386047,26,France,Centre-Back,CB,30000000.0,Chelsea FC,England,6000000.0,1,2024.csv
2024,Premier League,Aston Villa,winter,in,Marcus Rashford,258923,27,England,Left Winger,LW,55000000.0,Manchester United,England,0.0,1,2024.csv
2024,Premier League,Aston Villa,winter,in,Marco Asensio,296622,29,Spain,Attacking Midfield,AM,20000000.0,Paris Saint-Germain,France,0.0,1,2024.csv
2024,Premier League,Aston Villa,summer,out,Moussa Diaby,395516,25,France,Right Winger,RW,55000000.0,Al-Ittihad Club,Saudi Arabia,60000000.0,0,2024.csv
2024,Premier League,Aston Villa,summer,out,Douglas Luiz,447661,26,Brazil,Central Midfield,CM,70000000.0,Juventus FC,Italy,51500000.0,0,2024.csv
2024,Premier League,Aston Villa,summer,out,Cameron Archer,533662,22,England,Centre-Forward,CF,13000000.0,Southampton FC,England,17600000.0,0,2024.csv
2024,Premier League,Aston Villa,summer,out,Tim Iroegbunam,696589,21,England,Central Midfield,CM,4000000.0,Everton FC,England,10700000.0,0,2024.csv
2024,Premier League,Aston Villa,summer,out,Morgan Sanson,174094,29,France,Central Midfield,CM,8000000.0,OGC Nice,France,4000000.0,0,2024.csv
2024,Premier League,Aston Villa,summer,out,Viljami Sinisalo,484838,22,Finland,Goalkeeper,GK,600000.0,Celtic FC,Scotland,1200000.0,0,2024.csv
2024,Premier League,Aston Villa,summer,out,Calum Chambers,215118,29,England,Centre-Back,CB,4000000.0,Cardiff City,England,0.0,0,2024.csv
2024,Premier League,Aston Villa,summer,out,Samuel Iling-Junior,581672,20,England,Left-Back,LB,13000000.0,Bologna FC 1909,Italy,0.0,1,2024.csv
2024,Premier League,Aston Villa,summer,out,Álex Moreno,193098,31,Spain,Left-Back,LB,13000000.0,Nottingham Forest,England,0.0,1,2024.csv
2024,Premier League,Aston Villa,summer,out,Leander Dendoncker,168157,29,Belgium,Defensive Midfield,DM,7000000.0,RSC Anderlecht,Belgium,0.0,1,2024.csv
2024,Premier League,Aston Villa,summer,out,Enzo Barrenechea,671915,23,Argentina,Defensive Midfield,DM,7500000.0,Valencia CF,Spain,0.0,1,2024.csv
2024,Premier League,Aston Villa,summer,out,Kaine Kesler-Hayden,626888,21,England,Right-Back,RB,2200000.0,Preston North End,England,0.0,1,2024.csv
2024,Premier League,Aston Villa,summer,out,Lewis Dobbin,627248,21,England,Left Winger,LW,2500000.0,West Bromwich Albion,England,0.0,1,2024.csv
2024,Premier League,Aston Villa,summer,out,Filip Marschall,610863,21,England,Goalkeeper,GK,800000.0,Crewe Alexandra,England,0.0,1,2024.csv
2024,Premier League,Aston Villa,summer,out,Philippe Coutinho,80444,32,Brazil,Attacking Midfield,AM,7500000.0,Clube de Regatas Vasco da Gama,Brazil,0.0,1,2024.csv
2024,Premier League,Aston Villa,summer,out,Clément Lenglet,182904,29,France,Centre-Back,CB,10000000.0,FC Barcelona,Spain,0.0,1,2024.csv
2024,Premier League,Aston Villa,summer,out,Nicolò Zaniolo,392085,24,Italy,Attacking Midfield,AM,20000000.0,Galatasaray,Türkiye,0.0,1,2024.csv
2024,Premier League,Aston Villa,winter,out,Jhon Durán,649317,21,Colombia,Centre-Forward,CF,40000000.0,Al-Nassr FC,Saudi Arabia,77000000.0,0,2024.csv
2024,Premier League,Aston Villa,winter,out,Jaden Philogene,665390,22,England,Left Winger,LW,15000000.0,Ipswich Town,England,23700000.0,0,2024.csv
2024,Premier League,Aston Villa,winter,out,Diego Carlos,329145,31,Brazil,Centre-Back,CB,11000000.0,Fenerbahce,Türkiye,11470000.0,0,2024.csv
2024,Premier League,Aston Villa,winter,out,Lewis Dobbin,627248,22,England,Left Winger,LW,2500000.0,Norwich City,England,0.0,1,2024.csv
2024,Premier League,Aston Villa,winter,out,Emiliano Buendía,321247,28,Argentina,Attacking Midfield,AM,18000000.0,Bayer 04 Leverkusen,Germany,0.0,1,2024.csv
2024,Premier League,Aston Villa,winter,out,Joe Gauci,591844,24,Australia,Goalkeeper,GK,1500000.0,Barnsley FC,England,0.0,1,2024.csv
2024,Premier League,Aston Villa,winter,out,Kosta Nedeljkovic,848682,19,Serbia,Right-Back,RB,8500000.0,RB Leipzig,Germany,0.0,1,2024.csv
2024,Premier League,Aston Villa,winter,out,Samuel Iling-Junior,581672,21,England,Left-Back,LB,11000000.0,Middlesbrough FC,England,0.0,1,2024.csv
2024,Premier League,Brentford FC,summer,in,Igor Thiago,739443,23,Brazil,Centre-Forward,CF,25000000.0,Club Brugge KV,Belgium,33000000.0,0,2024.csv
2024,Premier League,Brentford FC,summer,in,Sepp van den Berg,541231,22,Netherlands,Centre-Back,CB,12000000.0,Liverpool FC,England,23600000.0,0,2024.csv
2024,Premier League,Brentford FC,summer,in,Fábio Carvalho,559263,21,Portugal,Attacking Midfield,AM,14000000.0,Liverpool FC,England,23400000.0,0,2024.csv
2024,Premier League,Brentford FC,summer,in,Gustavo Nunes,1086375,18,Brazil,Left Winger,LW,10000000.0,Grêmio Foot-Ball Porto Alegrense,Brazil,12000000.0,0,2024.csv
2024,Premier League,Brentford FC,summer,in,Jayden Meghoma,954104,18,England,Left-Back,LB,,Southampton FC U21,England,5900000.0,0,2024.csv
2024,Premier League,Brentford FC,winter,in,Michael Kayode,823486,20,Italy,Right-Back,RB,18000000.0,ACF Fiorentina,Italy,500000.0,1,2024.csv
2024,Premier League,Brentford FC,summer,out,Ivan Toney,251664,28,England,Centre-Forward,CF,50000000.0,Al-Ahli SFC,Saudi Arabia,42000000.0,0,2024.csv
2024,Premier League,Brentford FC,summer,out,David Raya,262749,28,Spain,Goalkeeper,GK,35000000.0,Arsenal FC,England,31900000.0,0,2024.csv
2024,Premier League,Brentford FC,summer,out,Fin Stevens,587019,21,Wales,Right-Back,RB,450000.0,FC St. Pauli,Germany,600000.0,0,2024.csv
2024,Premier League,Brentford FC,summer,out,Thomas Strakosha,222209,29,Albania,Goalkeeper,GK,3000000.0,AEK Athens,Greece,0.0,0,2024.csv
2024,Premier League,Brentford FC,summer,out,Charlie Goode,376856,29,England,Centre-Back,CB,500000.0,Stevenage FC,England,0.0,0,2024.csv
2024,Premier League,Brentford FC,summer,out,Zanka,52059,34,Denmark,Centre-Back,CB,1000000.0,RSC Anderlecht,Belgium,0.0,0,2024.csv
2024,Premier League,Brentford FC,summer,out,Shandon Baptiste,533916,26,Grenada,Central Midfield,CM,2500000.0,Luton Town,England,0.0,0,2024.csv
2024,Premier League,Brentford FC,summer,out,Saman Ghoddos,204294,31,Iran,Attacking Midfield,AM,2000000.0,Kalba FC,United Arab Emirates,0.0,0,2024.csv
2024,Premier League,Brentford FC,summer,out,Ben Winterbottom,505046,23,England,Goalkeeper,GK,,AFC Fylde,England,0.0,1,2024.csv
2024,Premier League,Brentford FC,summer,out,Myles Peart-Harris,587002,21,Jamaica,Attacking Midfield,AM,700000.0,Swansea City,England,0.0,1,2024.csv
2024,Premier League,Brentford FC,summer,out,Frank Onyeka,421637,26,Nigeria,Central Midfield,CM,9000000.0,FC Augsburg,Germany,0.0,1,2024.csv
2024,Premier League,Brentford FC,summer,out,Ellery Balcombe,456292,24,England,Goalkeeper,GK,300000.0,St. Mirren FC,Scotland,0.0,1,2024.csv
2024,Premier League,Brentford FC,summer,out,Neal Maupay,217115,27,France,Centre-Forward,CF,12000000.0,Everton FC,England,0.0,1,2024.csv
2024,Premier League,Brentford FC,winter,out,Jayden Meghoma,954104,18,England,Left-Back,LB,,Preston North End,England,0.0,1,2024.csv
2024,Premier League,Brentford FC,winter,out,Mads Roerslev,391005,25,Denmark,Right-Back,RB,12000000.0,VfL Wolfsburg,Germany,0.0,1,2024.csv
2024,Premier League,Brentford FC,winter,out,Ellery Balcombe,456292,25,England,Goalkeeper,GK,400000.0,Motherwell FC,Scotland,0.0,1,2024.csv
2024,Premier League,Brentford FC,winter,out,Matthew Cox,741236,21,England,Goalkeeper,GK,800000.0,Crawley Town,England,0.0,1,2024.csv
2024,Premier League,Brentford FC,winter,out,Ryan Trevitt,874538,21,England,Central Midfield,CM,275000.0,Exeter City,England,0.0,1,2024.csv
2024,Premier League,Brighton & Hove Albion,summer,in,Georginio Rutter,538977,22,France,Centre-Forward,CF,18000000.0,Leeds United,England,46700000.0,0,2024.csv
2024,Premier League,Brighton & Hove Albion,summer,in,Yankuba Minteh,1012534,19,The Gambia,Right Winger,RW,16000000.0,Newcastle United,England,35000000.0,0,2024.csv
2024,Premier League,Brighton & Hove Albion,summer,in,Mats Wieffer,415381,24,Netherlands,Defensive Midfield,DM,30000000.0,Feyenoord Rotterdam,Netherlands,32000000.0,0,2024.csv
2024,Premier League,Brighton & Hove Albion,summer,in,Brajan Gruda,700106,20,Germany,Right Winger,RW,20000000.0,1.FSV Mainz 05,Germany,31500000.0,0,2024.csv
2024,Premier League,Brighton & Hove Albion,summer,in,Ferdi Kadıoğlu,369316,24,Türkiye,Left-Back,LB,30000000.0,Fenerbahce,Türkiye,30000000.0,0,2024.csv
2024,Premier League,Brighton & Hove Albion,summer,in,Matt O'Riley,406634,23,Denmark,Central Midfield,CM,20000000.0,Celtic FC,Scotland,29500000.0,0,2024.csv
2024,Premier League,Brighton & Hove Albion,summer,in,Ibrahim Osman,1110406,19,Ghana,Left Winger,LW,12000000.0,FC Nordsjaelland,Denmark,19500000.0,0,2024.csv
2024,Premier League,Brighton & Hove Albion,summer,in,Malick Yalcouyé,1178758,18,Cote d'Ivoire,Central Midfield,CM,5000000.0,IFK Göteborg,Sweden,7000000.0,0,2024.csv
2024,Premier League,Brighton & Hove Albion,summer,in,Amario Cozier-Duberry,878150,19,England,Right Winger,RW,2000000.0,Arsenal FC U21,England,0.0,0,2024.csv
2024,Premier League,Brighton & Hove Albion,winter,in,Stefanos Tzimas,950091,19,Greece,Centre-Forward,CF,10000000.0,1.FC Nuremberg,Germany,26500000.0,0,2024.csv
2024,Premier League,Brighton & Hove Albion,winter,in,Diego Gómez,996897,21,Paraguay,Central Midfield,CM,12000000.0,Inter Miami CF,United States,13000000.0,0,2024.csv
2024,Premier League,Brighton & Hove Albion,winter,in,Eiran Cashin,581330,23,Ireland,Centre-Back,CB,1800000.0,Derby County,England,10750000.0,0,2024.csv
2024,Premier League,Brighton & Hove Albion,summer,out,Deniz Undav,339314,28,Germany,Centre-Forward,CF,25000000.0,VfB Stuttgart,Germany,26700000.0,0,2024.csv
2024,Premier League,Brighton & Hove Albion,summer,out,Billy Gilmour,423744,23,Scotland,Defensive Midfield,DM,18000000.0,SSC Napoli,Italy,14000000.0,0,2024.csv
2024,Premier League,Brighton & Hove Albion,summer,out,Pascal Groß,82873,33,Germany,Central Midfield,CM,8000000.0,Borussia Dortmund,Germany,7000000.0,0,2024.csv
2024,Premier League,Brighton & Hove Albion,summer,out,Marc Leonard,463751,22,Scotland,Central Midfield,CM,450000.0,Birmingham City,England,590000.0,0,2024.csv
2024,Premier League,Brighton & Hove Albion,summer,out,Kacper Kozlowski,554284,20,Poland,Attacking Midfield,AM,5000000.0,Gaziantep FK,Türkiye,200000.0,0,2024.csv
2024,Premier League,Brighton & Hove Albion,summer,out,Mahmoud Dahoud,191422,28,Syria,Central Midfield,CM,6000000.0,Eintracht Frankfurt,Germany,0.0,0,2024.csv
2024,Premier League,Brighton & Hove Albion,summer,out,Adam Lallana,43530,36,England,Attacking Midfield,AM,1000000.0,Southampton FC,England,0.0,0,2024.csv
2024,Premier League,Brighton & Hove Albion,summer,out,Ibrahim Osman,1110406,19,Ghana,Left Winger,LW,12000000.0,Feyenoord Rotterdam,Netherlands,0.0,1,2024.csv
2024,Premier League,Brighton & Hove Albion,summer,out,Jensen Weir,520651,22,England,Central Midfield,CM,300000.0,Wigan Athletic,England,,0,2024.csv
2024,Premier League,Brighton & Hove Albion,summer,out,Valentín Barco,849410,20,Argentina,Central Midfield,CM,13000000.0,Sevilla FC,Spain,0.0,1,2024.csv
2024,Premier League,Brighton & Hove Albion,summer,out,Odeluga Offiah,567597,21,England,Right-Back,RB,300000.0,Blackpool FC,England,0.0,1,2024.csv
2024,Premier League,Brighton & Hove Albion,summer,out,Jeremy Sarmiento,568005,22,Ecuador,Left Winger,LW,7000000.0,Burnley FC,England,0.0,1,2024.csv
2024,Premier League,Brighton & Hove Albion,summer,out,Amario Cozier-Duberry,878150,19,England,Right Winger,RW,2000000.0,Blackburn Rovers,England,0.0,1,2024.csv
2024,Premier League,Brighton & Hove Albion,summer,out,Carl Rushworth,646353,23,England,Goalkeeper,GK,3000000.0,Hull City,England,0.0,1,2024.csv
2024,Premier League,Brighton & Hove Albion,summer,out,Malick Yalcouyé,1178758,18,Cote d'Ivoire,Central Midfield,CM,5000000.0,SK Sturm Graz,Austria,0.0,1,2024.csv
2024,Premier League,Brighton & Hove Albion,summer,out,Abdallah Sima,776798,23,Senegal,Left Winger,LW,7500000.0,Stade Brestois 29,France,0.0,1,2024.csv
2024,Premier League,Brighton & Hove Albion,summer,out,Facundo Buonanotte,983989,19,Argentina,Attacking Midfield,AM,18000000.0,Leicester City,England,0.0,1,2024.csv
2024,Premier League,Brighton & Hove Albion,summer,out,Steven Alzate,476237,25,Colombia,Central Midfield,CM,4000000.0,Without Club,,,0,2024.csv
2024,Premier League,Brighton & Hove Albion,summer,out,Tom McGill,406556,24,Canada,Goalkeeper,GK,600000.0,Milton Keynes Dons,England,0.0,1,2024.csv
2024,Premier League,Brighton & Hove Albion,summer,out,Ansu Fati,466810,21,Spain,Left Winger,LW,25000000.0,FC Barcelona,Spain,0.0,1,2024.csv
2024,Premier League,Brighton & Hove Albion,winter,out,Jakub Moder,384461,25,Poland,Central Midfield,CM,10000000.0,Feyenoord Rotterdam,Netherlands,1500000.0,0,2024.csv
2024,Premier League,Brighton & Hove Albion,winter,out,Julio Enciso,660867,21,Paraguay,Attacking Midfield,AM,22000000.0,Ipswich Town,England,0.0,1,2024.csv
2024,Premier League,Brighton & Hove Albion,winter,out,Valentín Barco,849410,20,Argentina,Central Midfield,CM,6000000.0,RC Strasbourg Alsace,France,0.0,1,2024.csv
2024,Premier League,Brighton & Hove Albion,winter,out,Evan Ferguson,648046,20,Ireland,Centre-Forward,CF,40000000.0,West Ham United,England,0.0,1,2024.csv
2024,Premier League,Brighton & Hove Albion,winter,out,Stefanos Tzimas,950091,19,Greece,Centre-Forward,CF,10000000.0,1.FC Nuremberg,Germany,0.0,1,2024.csv
2024,Premier League,Chelsea FC,summer,in,Pedro Neto,487465,24,Portugal,Right Winger,RW,55000000.0,Wolverhampton Wanderers,England,60000000.0,0,2024.csv
2024,Premier League,Chelsea FC,summer,in,João Félix,462250,24,Portugal,Second Striker,SS,30000000.0,Atlético de Madrid,Spain,52000000.0,0,2024.csv
2024,Premier League,Chelsea FC,summer,in,Kiernan Dewsbury-Hall,475188,25,England,Central Midfield,CM,30000000.0,Leicester City,England,35400000.0,0,2024.csv
2024,Premier League,Chelsea FC,summer,in,Filip Jørgensen,585323,22,Denmark,Goalkeeper,GK,20000000.0,Villarreal CF,Spain,24500000.0,0,2024.csv
2024,Premier League,Chelsea FC,summer,in,Omari Kellyman,926135,18,England,Attacking Midfield,AM,1000000.0,Aston Villa U21,England,22500000.0,0,2024.csv
2024,Premier League,Chelsea FC,summer,in,Mike Penders,834397,19,Belgium,Goalkeeper,GK,1000000.0,KRC Genk,Belgium,20000000.0,0,2024.csv
2024,Premier League,Chelsea FC,summer,in,Aarón Anselmino,1145504,19,Argentina,Centre-Back,CB,3000000.0,CA Boca Juniors,Argentina,16500000.0,0,2024.csv
2024,Premier League,Chelsea FC,summer,in,Renato Veiga,805714,20,Portugal,Centre-Back,CB,3000000.0,FC Basel 1893,Switzerland,14000000.0,0,2024.csv
2024,Premier League,Chelsea FC,summer,in,Caleb Wiley,746833,19,United States,Left-Back,LB,5000000.0,Atlanta United FC,United States,10100000.0,0,2024.csv
2024,Premier League,Chelsea FC,summer,in,Marc Guiu,938158,18,Spain,Centre-Forward,CF,7500000.0,FC Barcelona,Spain,6000000.0,0,2024.csv
2024,Premier League,Chelsea FC,summer,in,Jadon Sancho,401173,24,England,Left Winger,LW,30000000.0,Manchester United,England,5900000.0,1,2024.csv
2024,Premier League,Chelsea FC,summer,in,Tosin Adarabioyo,258878,26,England,Centre-Back,CB,20000000.0,Fulham FC,England,0.0,0,2024.csv
2024,Premier League,Chelsea FC,winter,in,Mathis Amougou,1010854,19,France,Central Midfield,CM,5000000.0,AS Saint-Étienne,France,15000000.0,0,2024.csv
2024,Premier League,Chelsea FC,summer,out,Ian Maatsen,485585,22,Netherlands,Left-Back,LB,40000000.0,Aston Villa,England,44500000.0,0,2024.csv
2024,Premier League,Chelsea FC,summer,out,Conor Gallagher,488362,24,England,Central Midfield,CM,50000000.0,Atlético de Madrid,Spain,42000000.0,0,2024.csv
2024,Premier League,Chelsea FC,summer,out,Lewis Hall,670858,19,England,Left-Back,LB,18000000.0,Newcastle United,England,33000000.0,0,2024.csv
2024,Premier League,Chelsea FC,summer,out,Romelu Lukaku,96341,31,Belgium,Centre-Forward,CF,30000000.0,SSC Napoli,Italy,30000000.0,0,2024.csv
2024,Premier League,Chelsea FC,summer,out,Omari Hutchinson,741238,20,England,Attacking Midfield,AM,7000000.0,Ipswich Town,England,23500000.0,0,2024.csv
2024,Premier League,Chelsea FC,summer,out,Ângelo,743598,19,Brazil,Right Winger,RW,15000000.0,Al-Nassr FC,Saudi Arabia,23000000.0,0,2024.csv
2024,Premier League,Chelsea FC,summer,out,Diego Moreira,655006,20,Belgium,Left Midfield,LM,3000000.0,RC Strasbourg Alsace,France,8500000.0,0,2024.csv
2024,Premier League,Chelsea FC,summer,out,Kepa Arrizabalaga,192279,29,Spain,Goalkeeper,GK,12000000.0,AFC Bournemouth,England,3600000.0,1,2024.csv
2024,Premier League,Chelsea FC,summer,out,Malang Sarr,344596,25,France,Centre-Back,CB,4000000.0,RC Lens,France,0.0,0,2024.csv
2024,Premier League,Chelsea FC,summer,out,Hakim Ziyech,217111,31,Morocco,Right Winger,RW,9000000.0,Galatasaray,Türkiye,0.0,0,2024.csv
2024,Premier League,Chelsea FC,summer,out,Tino Anjorin,433181,22,England,Attacking Midfield,AM,700000.0,FC Empoli,Italy,0.0,0,2024.csv
2024,Premier League,Chelsea FC,summer,out,Thiago Silva,29241,39,Brazil,Centre-Back,CB,1000000.0,Fluminense Football Club,Brazil,0.0,0,2024.csv
2024,Premier League,Chelsea FC,summer,out,Trevoh Chalobah,346314,25,England,Centre-Back,CB,13000000.0,Crystal Palace,England,0.0,1,2024.csv
2024,Premier League,Chelsea FC,summer,out,Mike Penders,834397,19,Belgium,Goalkeeper,GK,1000000.0,KRC Genk,Belgium,0.0,1,2024.csv
2024,Premier League,Chelsea FC,summer,out,David Datro Fofana,787232,21,Cote d'Ivoire,Centre-Forward,CF,12000000.0,Göztepe,Türkiye,0.0,1,2024.csv
2024,Premier League,Chelsea FC,summer,out,Armando Broja,571743,22,Albania,Centre-Forward,CF,22000000.0,Everton FC,England,0.0,1,2024.csv
2024,Premier League,Chelsea FC,summer,out,Raheem Sterling,134425,29,England,Right Winger,RW,35000000.0,Arsenal FC,England,0.0,1,2024.csv
2024,Premier League,Chelsea FC,summer,out,Djordje Petrovic,465555,24,Serbia,Goalkeeper,GK,20000000.0,RC Strasbourg Alsace,France,0.0,1,2024.csv
2024,Premier League,Chelsea FC,summer,out,Bashir Humphreys,612517,21,England,Centre-Back,CB,4800000.0,Burnley FC,England,0.0,1,2024.csv
2024,Premier League,Chelsea FC,summer,out,Lesley Ugochukwu,711999,20,France,Defensive Midfield,DM,25000000.0,Southampton FC,England,0.0,1,2024.csv
2024,Premier League,Chelsea FC,summer,out,Caleb Wiley,746833,19,United States,Left-Back,LB,5000000.0,RC Strasbourg Alsace,France,0.0,1,2024.csv
2024,Premier League,Chelsea FC,summer,out,Gabriel Slonina,656316,20,United States,Goalkeeper,GK,4000000.0,Barnsley FC,England,0.0,1,2024.csv
2024,Premier League,Chelsea FC,summer,out,Alfie Gilchrist,790992,20,England,Right-Back,RB,5000000.0,Sheffield United,England,0.0,1,2024.csv
2024,Premier League,Chelsea FC,summer,out,Aarón Anselmino,1145504,19,Argentina,Centre-Back,CB,3000000.0,CA Boca Juniors,Argentina,0.0,1,2024.csv
2024,Premier League,Chelsea FC,winter,out,Cesare Casadei,622380,22,Italy,Central Midfield,CM,10000000.0,Torino FC,Italy,13000000.0,0,2024.csv
2024,Premier League,Chelsea FC,winter,out,Axel Disasi,386047,26,France,Centre-Back,CB,30000000.0,Aston Villa,England,6000000.0,1,2024.csv
2024,Premier League,Chelsea FC,winter,out,João Félix,462250,25,Portugal,Second Striker,SS,30000000.0,AC Milan,Italy,5500000.0,1,2024.csv
2024,Premier League,Chelsea FC,winter,out,Renato Veiga,805714,21,Portugal,Centre-Back,CB,10000000.0,Juventus FC,Italy,4000000.0,1,2024.csv
2024,Premier League,Chelsea FC,winter,out,Carney Chukwuemeka,659459,21,England,Central Midfield,CM,15000000.0,Borussia Dortmund,Germany,2400000.0,1,2024.csv
2024,Premier League,Chelsea FC,winter,out,Caleb Wiley,746833,20,United States,Left-Back,LB,8000000.0,Watford FC,England,0.0,1,2024.csv
2024,Premier League,Chelsea FC,winter,out,Ben Chilwell,316125,28,England,Left-Back,LB,20000000.0,Crystal Palace,England,0.0,1,2024.csv
2024,Premier League,Chelsea FC,winter,out,Deivid Washington,1082850,19,Brazil,Centre-Forward,CF,9000000.0,Santos FC,Brazil,0.0,1,2024.csv
2024,Premier League,Crystal Palace,summer,in,Eddie Nketiah,340324,25,England,Centre-Forward,CF,30000000.0,Arsenal FC,England,29700000.0,0,2024.csv
2024,Premier League,Crystal Palace,summer,in,Maxence Lacroix,434224,24,France,Centre-Back,CB,20000000.0,VfL Wolfsburg,Germany,18000000.0,0,2024.csv
2024,Premier League,Crystal Palace,summer,in,Chadi Riad,689637,21,Morocco,Centre-Back,CB,15000000.0,Real Betis Balompié,Spain,15000000.0,0,2024.csv
2024,Premier League,Crystal Palace,summer,in,Ismaïla Sarr,410225,26,Senegal,Right Winger,RW,18000000.0,Olympique Marseille,France,15000000.0,0,2024.csv
2024,Premier League,Crystal Palace,summer,in,Daichi Kamada,356141,27,Japan,Attacking Midfield,AM,18000000.0,SS Lazio,Italy,0.0,0,2024.csv
2024,Premier League,Crystal Palace,summer,in,Trevoh Chalobah,346314,25,England,Centre-Back,CB,13000000.0,Chelsea FC,England,0.0,1,2024.csv
2024,Premier League,Crystal Palace,summer,in,Matt Turner,425306,30,United States,Goalkeeper,GK,7000000.0,Nottingham Forest,England,0.0,1,2024.csv
2024,Premier League,Crystal Palace,winter,in,Romain Esse,967319,19,England,Right Winger,RW,5000000.0,Millwall FC,England,14200000.0,0,2024.csv
2024,Premier League,Crystal Palace,winter,in,Ben Chilwell,316125,28,England,Left-Back,LB,20000000.0,Chelsea FC,England,0.0,1,2024.csv
2024,Premier League,Crystal Palace,summer,out,Michael Olise,566723,22,France,Right Winger,RW,55000000.0,Bayern Munich,Germany,53000000.0,0,2024.csv
2024,Premier League,Crystal Palace,summer,out,Joachim Andersen,260827,28,Denmark,Centre-Back,CB,35000000.0,Fulham FC,England,29500000.0,0,2024.csv
2024,Premier League,Crystal Palace,summer,out,Sam Johnstone,110864,31,England,Goalkeeper,GK,10000000.0,Wolverhampton Wanderers,England,11900000.0,0,2024.csv
2024,Premier League,Crystal Palace,summer,out,Jordan Ayew,108354,32,Ghana,Centre-Forward,CF,4000000.0,Leicester City,England,5900000.0,0,2024.csv
2024,Premier League,Crystal Palace,summer,out,Scott Banks,596821,22,Scotland,Right Winger,RW,300000.0,FC St. Pauli,Germany,400000.0,0,2024.csv
2024,Premier League,Crystal Palace,summer,out,Jaïro Riedewald,241481,27,Netherlands,Defensive Midfield,DM,3000000.0,Royal Antwerp FC,Belgium,0.0,0,2024.csv
2024,Premier League,Crystal Palace,summer,out,Jesurun Rak-Sakyi,586834,21,England,Right Winger,RW,2000000.0,Sheffield United,England,0.0,1,2024.csv
2024,Premier League,Crystal Palace,summer,out,Malcolm Ebiowei,512354,20,England,Right Winger,RW,1500000.0,Oxford United,England,0.0,1,2024.csv
2024,Premier League,Crystal Palace,summer,out,David Ozoh,865993,19,England,Defensive Midfield,DM,700000.0,Derby County,England,0.0,1,2024.csv
2024,Premier League,Crystal Palace,summer,out,Joe Whitworth,670840,20,England,Goalkeeper,GK,1000000.0,Exeter City,England,0.0,1,2024.csv
2024,Premier League,Crystal Palace,summer,out,Naouirou Ahamada,538971,22,France,Central Midfield,CM,8000000.0,Stade Rennais FC,France,0.0,1,2024.csv
2024,Premier League,Crystal Palace,summer,out,Nathan Ferguson,507254,23,England,Centre-Back,CB,1000000.0,Without Club,,,0,2024.csv
2024,Premier League,Crystal Palace,summer,out,James Tomkins,61592,35,England,Centre-Back,CB,700000.0,Without Club,,,0,2024.csv
2024,Premier League,Crystal Palace,summer,out,Odsonne Édouard,344152,26,France,Centre-Forward,CF,18000000.0,Leicester City,England,0.0,1,2024.csv
2024,Premier League,Crystal Palace,winter,out,Luke Plange,586986,22,England,Centre-Forward,CF,500000.0,Motherwell FC,Scotland,0.0,1,2024.csv
2024,Premier League,Crystal Palace,winter,out,Rob Holding,253341,29,England,Centre-Back,CB,4000000.0,Sheffield United,England,0.0,1,2024.csv
2024,Premier League,Crystal Palace,winter,out,Jeffrey Schlupp,157506,32,Ghana,Left Midfield,LM,6000000.0,Celtic FC,Scotland,0.0,1,2024.csv
2024,Premier League,Crystal Palace,winter,out,Trevoh Chalobah,346314,25,England,Centre-Back,CB,13000000.0,Chelsea FC,England,0.0,1,2024.csv
2024,Premier League,Everton FC,summer,in,Jake O'Brien,711544,23,Ireland,Right-Back,RB,12000000.0,Olympique Lyon,France,19500000.0,0,2024.csv
2024,Premier League,Everton FC,summer,in,Iliman Ndiaye,623570,24,Senegal,Right Winger,RW,15000000.0,Olympique Marseille,France,18000000.0,0,2024.csv
2024,Premier League,Everton FC,summer,in,Tim Iroegbunam,696589,21,England,Central Midfield,CM,4000000.0,Aston Villa,England,10700000.0,0,2024.csv
2024,Premier League,Everton FC,summer,in,Jesper Lindstrøm,513245,24,Denmark,Right Winger,RW,22000000.0,SSC Napoli,Italy,2000000.0,1,2024.csv
2024,Premier League,Everton FC,summer,in,Asmir Begovic,33873,37,Bosnia-Herzegovina,Goalkeeper,GK,300000.0,Queens Park Rangers,England,0.0,0,2024.csv
2024,Premier League,Everton FC,summer,in,Armando Broja,571743,22,Albania,Centre-Forward,CF,22000000.0,Chelsea FC,England,0.0,1,2024.csv
2024,Premier League,Everton FC,summer,in,Orel Mangala,289592,26,Belgium,Defensive Midfield,DM,20000000.0,Olympique Lyon,France,0.0,1,2024.csv
2024,Premier League,Everton FC,winter,in,Carlos Alcaraz,748319,22,Argentina,Central Midfield,CM,14000000.0,CR Flamengo,Brazil,0.0,1,2024.csv
2024,Premier League,Everton FC,summer,out,Amadou Onana,485706,22,Belgium,Defensive Midfield,DM,50000000.0,Aston Villa,England,59350000.0,0,2024.csv
2024,Premier League,Everton FC,summer,out,Ben Godfrey,343475,26,England,Centre-Back,CB,10000000.0,Atalanta BC,Italy,12500000.0,0,2024.csv
2024,Premier League,Everton FC,summer,out,Lewis Dobbin,627248,21,England,Left Winger,LW,2500000.0,Aston Villa,England,11800000.0,0,2024.csv
2024,Premier League,Everton FC,summer,out,Neal Maupay,217115,28,France,Centre-Forward,CF,12000000.0,Olympique Marseille,France,500000.0,1,2024.csv
2024,Premier League,Everton FC,summer,out,Andy Lonergan,14044,40,England,Goalkeeper,GK,100000.0,Wigan Athletic,England,0.0,0,2024.csv
2024,Premier League,Everton FC,summer,out,Mason Holgate,348623,27,Jamaica,Centre-Back,CB,5000000.0,West Bromwich Albion,England,0.0,1,2024.csv
2024,Premier League,Everton FC,summer,out,Harry Tyrer,574448,22,England,Goalkeeper,GK,,Blackpool FC,England,0.0,1,2024.csv
2024,Premier League,Everton FC,summer,out,Dele Alli,207929,28,England,Attacking Midfield,AM,5000000.0,Without Club,,,0,2024.csv
2024,Premier League,Everton FC,summer,out,André Gomes,221025,30,Portugal,Central Midfield,CM,10000000.0,Without Club,,,0,2024.csv
2024,Premier League,Everton FC,summer,out,Billy Crellin,536794,24,England,Goalkeeper,GK,,Accrington Stanley,England,0.0,1,2024.csv
2024,Premier League,Everton FC,summer,out,Arnaut Danjuma,355861,27,Netherlands,Left Winger,LW,13000000.0,Villarreal CF,Spain,0.0,1,2024.csv
2024,Premier League,Everton FC,winter,out,Harrison Armstrong,1107733,18,England,Central Midfield,CM,500000.0,Derby County,England,0.0,1,2024.csv
2024,Premier League,Fulham FC,summer,in,Emile Smith Rowe,392765,24,England,Attacking Midfield,AM,22000000.0,Arsenal FC,England,31800000.0,0,2024.csv
2024,Premier League,Fulham FC,summer,in,Joachim Andersen,260827,28,Denmark,Centre-Back,CB,35000000.0,Crystal Palace,England,29500000.0,0,2024.csv
2024,Premier League,Fulham FC,summer,in,Sander Berge,333014,26,Norway,Defensive Midfield,DM,20000000.0,Burnley FC,England,23550000.0,0,2024.csv
2024,Premier League,Fulham FC,summer,in,Jorge Cuenca,494880,24,Spain,Centre-Back,CB,6000000.0,Villarreal CF,Spain,6700000.0,0,2024.csv
2024,Premier League,Fulham FC,summer,in,Ryan Sessegnon,392775,24,England,Left-Back,LB,10000000.0,Tottenham Hotspur,England,0.0,0,2024.csv
2024,Premier League,Fulham FC,summer,in,Reiss Nelson,340325,24,England,Left Winger,LW,15000000.0,Arsenal FC,England,0.0,1,2024.csv
2024,Premier League,Fulham FC,winter,in,Willian,52769,36,Brazil,Left Winger,LW,1000000.0,Without Club,,,0,2024.csv
2024,Premier League,Fulham FC,summer,out,João Palhinha,257455,29,Portugal,Defensive Midfield,DM,55000000.0,Bayern Munich,Germany,51000000.0,0,2024.csv
2024,Premier League,Fulham FC,summer,out,Jay Stansfield,696346,21,England,Centre-Forward,CF,3500000.0,Birmingham City,England,17800000.0,0,2024.csv
2024,Premier League,Fulham FC,summer,out,Terence Kongolo,152651,30,Netherlands,Centre-Back,CB,600000.0,NAC Breda,Netherlands,0.0,0,2024.csv
2024,Premier League,Fulham FC,summer,out,Kevin Mbabu,183321,29,Switzerland,Right-Back,RB,4000000.0,FC Midtjylland,Denmark,0.0,0,2024.csv
2024,Premier League,Fulham FC,summer,out,Willian,52769,36,Brazil,Left Winger,LW,3000000.0,Olympiacos Piraeus,Greece,0.0,0,2024.csv
2024,Premier League,Fulham FC,summer,out,Tim Ream,145466,36,United States,Centre-Back,CB,800000.0,Charlotte FC,United States,0.0,0,2024.csv
2024,Premier League,Fulham FC,summer,out,Tyrese Francois,528888,24,Australia,Central Midfield,CM,600000.0,Wigan Athletic,England,0.0,0,2024.csv
2024,Premier League,Fulham FC,summer,out,Bobby De Cordova-Reid,186186,31,Jamaica,Right Winger,RW,5000000.0,Leicester City,England,0.0,0,2024.csv
2024,Premier League,Fulham FC,summer,out,Marek Rodák,186901,27,Slovakia,Goalkeeper,GK,3000000.0,Al-Ettifaq FC,Saudi Arabia,0.0,0,2024.csv
2024,Premier League,Fulham FC,summer,out,Tosin Adarabioyo,258878,26,England,Centre-Back,CB,20000000.0,Chelsea FC,England,0.0,0,2024.csv
2024,Premier League,Fulham FC,summer,out,Luke Harris,817612,19,Wales,Attacking Midfield,AM,1000000.0,Birmingham City,England,0.0,1,2024.csv
2024,Premier League,Fulham FC,summer,out,Armando Broja,571743,22,Albania,Centre-Forward,CF,22000000.0,Chelsea FC,England,0.0,1,2024.csv
2024,Premier League,Fulham FC,summer,out,Fodé Ballo-Touré,296422,27,Senegal,Left-Back,LB,3000000.0,AC Milan,Italy,0.0,1,2024.csv
2024,Premier League,Ipswich Town,summer,in,Omari Hutchinson,741238,20,England,Attacking Midfield,AM,7000000.0,Chelsea FC,England,23500000.0,0,2024.csv
2024,Premier League,Ipswich Town,summer,in,Jacob Greaves,693095,23,England,Centre-Back,CB,15000000.0,Hull City,England,21500000.0,0,2024.csv
2024,Premier League,Ipswich Town,summer,in,Liam Delap,610849,21,England,Centre-Forward,CF,8000000.0,Manchester City U21,England,17850000.0,0,2024.csv
2024,Premier League,Ipswich Town,summer,in,Jack Clarke,559794,23,England,Left Winger,LW,15000000.0,Sunderland AFC,England,17700000.0,0,2024.csv
2024,Premier League,Ipswich Town,summer,in,Dara O'Shea,401320,25,Ireland,Centre-Back,CB,7000000.0,Burnley FC,England,14200000.0,0,2024.csv
2024,Premier League,Ipswich Town,summer,in,Sammie Szmodics,292139,28,Ireland,Attacking Midfield,AM,7000000.0,Blackburn Rovers,England,10600000.0,0,2024.csv
2024,Premier League,Ipswich Town,summer,in,Arijanet Murić,371021,25,Kosovo,Goalkeeper,GK,7000000.0,Burnley FC,England,9550000.0,0,2024.csv
2024,Premier League,Ipswich Town,summer,in,Chiedozie Ogbene,392591,27,Ireland,Right Winger,RW,8000000.0,Luton Town,England,9500000.0,0,2024.csv
2024,Premier League,Ipswich Town,summer,in,Jens Cajuste,468066,25,Sweden,Defensive Midfield,DM,10000000.0,SSC Napoli,Italy,1500000.0,1,2024.csv
2024,Premier League,Ipswich Town,summer,in,Conor Townsend,146509,31,England,Left-Back,LB,1500000.0,West Bromwich Albion,England,590000.0,0,2024.csv
2024,Premier League,Ipswich Town,summer,in,Ben Johnson,468002,24,England,Right-Back,RB,8000000.0,West Ham United,England,0.0,0,2024.csv
2024,Premier League,Ipswich Town,summer,in,Kalvin Phillips,351749,28,England,Defensive Midfield,DM,25000000.0,Manchester City,England,0.0,1,2024.csv
2024,Premier League,Ipswich Town,winter,in,Jaden Philogene,665390,22,England,Left Winger,LW,15000000.0,Aston Villa,England,23700000.0,0,2024.csv
2024,Premier League,Ipswich Town,winter,in,Alex Palmer,245625,28,England,Goalkeeper,GK,1200000.0,West Bromwich Albion,England,2400000.0,0,2024.csv
2024,Premier League,Ipswich Town,winter,in,Ben Godfrey,343475,26,England,Centre-Back,CB,8000000.0,Atalanta BC,Italy,0.0,1,2024.csv
2024,Premier League,Ipswich Town,winter,in,Julio Enciso,660867,21,Paraguay,Attacking Midfield,AM,22000000.0,Brighton & Hove Albion,England,0.0,1,2024.csv
2024,Premier League,Ipswich Town,summer,out,Gassan Ahadme,633168,23,Morocco,Centre-Forward,CF,325000.0,Charlton Athletic,England,1180000.0,0,2024.csv
2024,Premier League,Ipswich Town,summer,out,Idris El Mizouni,633399,23,Tunisia,Central Midfield,CM,400000.0,Oxford United,England,470000.0,0,2024.csv
2024,Premier League,Ipswich Town,summer,out,Kayden Jackson,378872,30,England,Centre-Forward,CF,300000.0,Derby County,England,0.0,0,2024.csv
2024,Premier League,Ipswich Town,summer,out,Panutche Camara,512916,27,Guinea-Bissau,Central Midfield,CM,300000.0,Crawley Town,England,0.0,0,2024.csv
2024,Premier League,Ipswich Town,summer,out,Václav Hladký,95795,33,Czech Republic,Goalkeeper,GK,400000.0,Burnley FC,England,0.0,0,2024.csv
2024,Premier League,Ipswich Town,summer,out,Nick Hayes,391110,25,England,Goalkeeper,GK,,Barnet FC,England,0.0,0,2024.csv
2024,Premier League,Ipswich Town,summer,out,Corrie Ndaba,433329,24,Ireland,Left-Back,LB,350000.0,Kilmarnock FC,Scotland,,0,2024.csv
2024,Premier League,Ipswich Town,summer,out,Elkan Baggott,758030,21,Indonesia,Centre-Back,CB,250000.0,Blackpool FC,England,0.0,1,2024.csv
2024,Premier League,Ipswich Town,summer,out,Marcus Harness,288323,28,Ireland,Attacking Midfield,AM,800000.0,Derby County,England,0.0,1,2024.csv
2024,Premier League,Ipswich Town,summer,out,George Edmundson,385848,27,England,Centre-Back,CB,350000.0,Middlesbrough FC,England,0.0,1,2024.csv
2024,Premier League,Ipswich Town,summer,out,Cameron Humphreys,871335,20,England,Central Midfield,CM,400000.0,Wycombe Wanderers,England,0.0,1,2024.csv
2024,Premier League,Ipswich Town,summer,out,Freddie Ladapo,233998,31,England,Centre-Forward,CF,500000.0,Without Club,,,0,2024.csv
2024,Premier League,Ipswich Town,summer,out,Janoi Donacien,197791,30,St. Lucia,Right-Back,RB,300000.0,Without Club,,,0,2024.csv
2024,Premier League,Ipswich Town,summer,out,Sone Aluko,42198,35,Nigeria,Right Winger,RW,150000.0,Retired,,,0,2024.csv
2024,Premier League,Ipswich Town,summer,out,Dominic Ball,167254,28,England,Defensive Midfield,DM,400000.0,Without Club,,,0,2024.csv
2024,Premier League,Ipswich Town,winter,out,George Edmundson,385848,27,England,Centre-Back,CB,350000.0,Middlesbrough FC,England,710000.0,0,2024.csv
2024,Premier League,Ipswich Town,winter,out,Ali Al-Hamadi,610581,22,Iraq,Centre-Forward,CF,2500000.0,Stoke City,England,0.0,1,2024.csv
2024,Premier League,Ipswich Town,winter,out,Harry Clarke,528892,23,England,Right-Back,RB,5000000.0,Sheffield United,England,0.0,1,2024.csv
2024,Premier League,Leicester City,summer,in,Oliver Skipp,406638,23,England,Defensive Midfield,DM,15000000.0,Tottenham Hotspur,England,23500000.0,0,2024.csv
2024,Premier League,Leicester City,summer,in,Bilal El Khannouss,654982,20,Morocco,Attacking Midfield,AM,30000000.0,KRC Genk,Belgium,22500000.0,0,2024.csv
2024,Premier League,Leicester City,summer,in,Issahaku Fatawu,864121,20,Ghana,Right Winger,RW,10000000.0,Sporting CP,Portugal,16250000.0,0,2024.csv
2024,Premier League,Leicester City,summer,in,Caleb Okoli,461833,22,Italy,Centre-Back,CB,8000000.0,Atalanta BC,Italy,14000000.0,0,2024.csv
2024,Premier League,Leicester City,summer,in,Michael Golding,936842,18,England,Central Midfield,CM,300000.0,Chelsea FC U21,England,5900000.0,0,2024.csv
2024,Premier League,Leicester City,summer,in,Jordan Ayew,108354,32,Ghana,Centre-Forward,CF,4000000.0,Crystal Palace,England,5900000.0,0,2024.csv
2024,Premier League,Leicester City,summer,in,Bobby De Cordova-Reid,186186,31,Jamaica,Right Winger,RW,5000000.0,Fulham FC,England,0.0,0,2024.csv
2024,Premier League,Leicester City,summer,in,Facundo Buonanotte,983989,19,Argentina,Attacking Midfield,AM,18000000.0,Brighton & Hove Albion,England,0.0,1,2024.csv
2024,Premier League,Leicester City,summer,in,Odsonne Édouard,344152,26,France,Centre-Forward,CF,18000000.0,Crystal Palace,England,0.0,1,2024.csv
2024,Premier League,Leicester City,winter,in,Woyo Coulibaly,592975,25,Mali,Right-Back,RB,2000000.0,Parma Calcio 1913,Italy,3000000.0,0,2024.csv
2024,Premier League,Leicester City,summer,out,Kiernan Dewsbury-Hall,475188,25,England,Central Midfield,CM,30000000.0,Chelsea FC,England,35400000.0,0,2024.csv
2024,Premier League,Leicester City,summer,out,Dennis Praet,129588,30,Belgium,Central Midfield,CM,4000000.0,Royal Antwerp FC,Belgium,0.0,0,2024.csv
2024,Premier League,Leicester City,summer,out,Kelechi Iheanacho,295330,27,Nigeria,Centre-Forward,CF,12000000.0,Sevilla FC,Spain,0.0,0,2024.csv
2024,Premier League,Leicester City,summer,out,Harry Souttar,298091,25,Australia,Centre-Back,CB,8000000.0,Sheffield United,England,0.0,1,2024.csv
2024,Premier League,Leicester City,summer,out,Ben Nelson,714458,20,England,Centre-Back,CB,400000.0,Oxford United,England,0.0,1,2024.csv
2024,Premier League,Leicester City,summer,out,Tom Cannon,669366,21,Ireland,Centre-Forward,CF,4000000.0,Stoke City,England,0.0,1,2024.csv
2024,Premier League,Leicester City,summer,out,Wanya Marçal,670988,21,Portugal,Right Winger,RW,300000.0,De Graafschap Doetinchem,Netherlands,0.0,1,2024.csv
2024,Premier League,Leicester City,summer,out,Marc Albrighton,61560,34,England,Right Midfield,RM,400000.0,Retired,,,0,2024.csv
2024,Premier League,Leicester City,summer,out,Callum Doyle,817688,20,England,Centre-Back,CB,15000000.0,Manchester City U21,England,0.0,1,2024.csv
2024,Premier League,Leicester City,summer,out,Issahaku Fatawu,864121,20,Ghana,Right Winger,RW,10000000.0,Sporting CP,Portugal,0.0,1,2024.csv
2024,Premier League,Leicester City,summer,out,Yunus Akgün,396908,23,Türkiye,Right Winger,RW,5000000.0,Galatasaray,Türkiye,0.0,1,2024.csv
2024,Premier League,Leicester City,winter,out,Tom Cannon,669366,22,Ireland,Centre-Forward,CF,6000000.0,Sheffield United,England,11850000.0,0,2024.csv
2024,Premier League,Leicester City,winter,out,Hamza Choudhury,341501,27,Bangladesh,Defensive Midfield,DM,4500000.0,Sheffield United,England,0.0,1,2024.csv
2024,Premier League,Liverpool FC,summer,in,Giorgi Mamardashvili,502676,23,Georgia,Goalkeeper,GK,45000000.0,Valencia CF,Spain,30000000.0,0,2024.csv
2024,Premier League,Liverpool FC,summer,in,Federico Chiesa,341092,26,Italy,Right Winger,RW,35000000.0,Juventus FC,Italy,12000000.0,0,2024.csv
2024,Premier League,Liverpool FC,summer,out,Sepp van den Berg,541231,22,Netherlands,Centre-Back,CB,12000000.0,Brentford FC,England,23600000.0,0,2024.csv
2024,Premier League,Liverpool FC,summer,out,Fábio Carvalho,559263,21,Portugal,Attacking Midfield,AM,14000000.0,Brentford FC,England,23400000.0,0,2024.csv
2024,Premier League,Liverpool FC,summer,out,Adrián,71271,37,Spain,Goalkeeper,GK,600000.0,Real Betis Balompié,Spain,0.0,0,2024.csv
2024,Premier League,Liverpool FC,summer,out,Giorgi Mamardashvili,502676,23,Georgia,Goalkeeper,GK,45000000.0,Valencia CF,Spain,0.0,1,2024.csv
2024,Premier League,Liverpool FC,summer,out,Rhys Williams,503679,23,England,Centre-Back,CB,1800000.0,Morecambe FC,England,0.0,1,2024.csv
2024,Premier League,Liverpool FC,summer,out,Stefan Bajcetic,864799,19,Spain,Defensive Midfield,DM,11000000.0,Red Bull Salzburg,Austria,0.0,1,2024.csv
2024,Premier League,Liverpool FC,summer,out,Marcelo Pitaluga,662334,21,Brazil,Goalkeeper,GK,300000.0,Livingston FC,Scotland,0.0,1,2024.csv
2024,Premier League,Liverpool FC,summer,out,Nat Phillips,371814,27,England,Centre-Back,CB,3500000.0,Derby County,England,0.0,1,2024.csv
2024,Premier League,Liverpool FC,summer,out,Ben Gannon-Doak,719673,18,Scotland,Right Winger,RW,10000000.0,Middlesbrough FC,England,0.0,1,2024.csv
2024,Premier League,Liverpool FC,summer,out,Joël Matip,82105,32,Cameroon,Centre-Back,CB,8000000.0,Retired,,,0,2024.csv
2024,Premier League,Liverpool FC,summer,out,Thiago Alcántara,60444,33,Spain,Central Midfield,CM,10000000.0,Retired,,,0,2024.csv
2024,Premier League,Liverpool FC,winter,out,Marcelo Pitaluga,662334,22,Brazil,Goalkeeper,GK,200000.0,Fluminense Football Club,Brazil,0.0,0,2024.csv
2024,Premier League,Liverpool FC,winter,out,Stefan Bajcetic,864799,20,Spain,Defensive Midfield,DM,9000000.0,UD Las Palmas,Spain,0.0,1,2024.csv
2024,Premier League,Manchester City,summer,in,Savinho,743591,20,Brazil,Left Winger,LW,50000000.0,ESTAC Troyes,France,25000000.0,0,2024.csv
2024,Premier League,Manchester City,summer,in,İlkay Gündoğan,53622,33,Germany,Central Midfield,CM,15000000.0,FC Barcelona,Spain,0.0,0,2024.csv
2024,Premier League,Manchester City,winter,in,Omar Marmoush,445939,25,Egypt,Centre-Forward,CF,60000000.0,Eintracht Frankfurt,Germany,75000000.0,0,2024.csv
2024,Premier League,Manchester City,winter,in,Nico González,466805,23,Spain,Defensive Midfield,DM,18000000.0,FC Porto,Portugal,60000000.0,0,2024.csv
2024,Premier League,Manchester City,winter,in,Abdukodir Khusanov,763079,20,Uzbekistan,Centre-Back,CB,12000000.0,RC Lens,France,40000000.0,0,2024.csv
2024,Premier League,Manchester City,winter,in,Vitor Reis,1005575,19,Brazil,Centre-Back,CB,14000000.0,Sociedade Esportiva Palmeiras,Brazil,37000000.0,0,2024.csv
2024,Premier League,Manchester City,winter,in,Juma Bah,1121298,18,Sierra Leone,Centre-Back,CB,1000000.0,Real Valladolid CF,Spain,6000000.0,0,2024.csv
2024,Premier League,Manchester City,summer,out,Julián Alvarez,576024,24,Argentina,Centre-Forward,CF,90000000.0,Atlético de Madrid,Spain,75000000.0,0,2024.csv
2024,Premier League,Manchester City,summer,out,João Cancelo,182712,30,Portugal,Right-Back,RB,25000000.0,Al-Hilal SFC,Saudi Arabia,25000000.0,0,2024.csv
2024,Premier League,Manchester City,summer,out,Taylor Harwood-Bellis,503977,22,England,Centre-Back,CB,22000000.0,Southampton FC,England,23000000.0,0,2024.csv
2024,Premier League,Manchester City,summer,out,Sergio Gómez,366930,23,Spain,Left-Back,LB,10000000.0,Real Sociedad,Spain,8700000.0,0,2024.csv
2024,Premier League,Manchester City,summer,out,Tommy Doyle,433183,22,England,Central Midfield,CM,10000000.0,Wolverhampton Wanderers,England,5000000.0,0,2024.csv
2024,Premier League,Manchester City,summer,out,Yan Couto,627228,22,Brazil,Right-Back,RB,25000000.0,Borussia Dortmund,Germany,5000000.0,1,2024.csv
2024,Premier League,Manchester City,summer,out,Kalvin Phillips,351749,28,England,Defensive Midfield,DM,25000000.0,Ipswich Town,England,0.0,1,2024.csv
2024,Premier League,Manchester City,summer,out,Máximo Perrone,668547,21,Argentina,Defensive Midfield,DM,9000000.0,Como 1907,Italy,0.0,1,2024.csv
2024,Premier League,Manchester City,summer,out,Issa Kaboré,649452,23,Burkina Faso,Right-Back,RB,10000000.0,SL Benfica,Portugal,0.0,1,2024.csv
2024,Premier League,Manchester City,winter,out,Issa Kaboré,649452,23,Burkina Faso,Right-Back,RB,6000000.0,SV Werder Bremen,Germany,0.0,1,2024.csv
2024,Premier League,Manchester City,winter,out,Josh Wilson-Esbrand,576121,22,England,Left-Back,LB,4000000.0,Stoke City,England,0.0,1,2024.csv
2024,Premier League,Manchester City,winter,out,Kyle Walker,95424,34,England,Right-Back,RB,10000000.0,AC Milan,Italy,0.0,1,2024.csv
2024,Premier League,Manchester City,winter,out,Juma Bah,1121298,18,Sierra Leone,Centre-Back,CB,1000000.0,RC Lens,France,0.0,1,2024.csv
2024,Premier League,Manchester United,summer,in,Leny Yoro,923831,18,France,Centre-Back,CB,50000000.0,LOSC Lille,France,62000000.0,0,2024.csv
2024,Premier League,Manchester United,summer,in,Manuel Ugarte,476701,23,Uruguay,Defensive Midfield,DM,45000000.0,Paris Saint-Germain,France,50000000.0,0,2024.csv
2024,Premier League,Manchester United,summer,in,Matthijs de Ligt,326031,25,Netherlands,Centre-Back,CB,65000000.0,Bayern Munich,Germany,45000000.0,0,2024.csv
2024,Premier League,Manchester United,summer,in,Joshua Zirkzee,435648,23,Netherlands,Centre-Forward,CF,50000000.0,Bologna FC 1909,Italy,42500000.0,0,2024.csv
2024,Premier League,Manchester United,summer,in,Noussair Mazraoui,340456,26,Morocco,Right-Back,RB,30000000.0,Bayern Munich,Germany,15000000.0,0,2024.csv
2024,Premier League,Manchester United,winter,in,Patrick Dorgu,926952,20,Denmark,Left-Back,LB,20000000.0,US Lecce,Italy,30000000.0,0,2024.csv
2024,Premier League,Manchester United,winter,in,Ayden Heaven,1078163,18,England,Centre-Back,CB,300000.0,Arsenal FC U21,England,1800000.0,0,2024.csv
2024,Premier League,Manchester United,summer,out,Scott McTominay,315969,27,Scotland,Central Midfield,CM,32000000.0,SSC Napoli,Italy,30500000.0,0,2024.csv
2024,Premier League,Manchester United,summer,out,Mason Greenwood,532826,22,England,Right Winger,RW,25000000.0,Olympique Marseille,France,26000000.0,0,2024.csv
2024,Premier League,Manchester United,summer,out,Aaron Wan-Bissaka,477758,26,DR Congo,Right-Back,RB,20000000.0,West Ham United,England,17600000.0,0,2024.csv
2024,Premier League,Manchester United,summer,out,Álvaro Carreras,811778,21,Spain,Left-Back,LB,7000000.0,SL Benfica,Portugal,14300000.0,0,2024.csv
2024,Premier League,Manchester United,summer,out,Willy Kambwala,780630,19,France,Centre-Back,CB,5000000.0,Villarreal CF,Spain,10000000.0,0,2024.csv
2024,Premier League,Manchester United,summer,out,Hannibal,607224,21,Tunisia,Attacking Midfield,AM,9000000.0,Burnley FC,England,6400000.0,0,2024.csv
2024,Premier League,Manchester United,summer,out,Facundo Pellistri,676318,22,Uruguay,Right Winger,RW,10000000.0,Panathinaikos FC,Greece,6000000.0,0,2024.csv
2024,Premier League,Manchester United,summer,out,Jadon Sancho,401173,24,England,Left Winger,LW,30000000.0,Chelsea FC,England,5900000.0,1,2024.csv
2024,Premier League,Manchester United,summer,out,Donny van de Beek,288255,27,Netherlands,Central Midfield,CM,5000000.0,Girona FC,Spain,500000.0,0,2024.csv
2024,Premier League,Manchester United,summer,out,Raphaël Varane,164770,31,France,Centre-Back,CB,20000000.0,Como 1907,Italy,0.0,0,2024.csv
2024,Premier League,Manchester United,summer,out,Omari Forson,670845,19,England,Right Winger,RW,2000000.0,AC Monza,Italy,0.0,0,2024.csv
2024,Premier League,Manchester United,summer,out,Brandon Williams,507700,23,England,Left-Back,LB,2500000.0,Without Club,,,0,2024.csv
2024,Premier League,Manchester United,summer,out,Anthony Martial,182877,28,France,Centre-Forward,CF,10000000.0,Without Club,,,0,2024.csv
2024,Premier League,Manchester United,summer,out,Sofyan Amrabat,287579,27,Morocco,Defensive Midfield,DM,22000000.0,ACF Fiorentina,Italy,0.0,1,2024.csv
2024,Premier League,Manchester United,winter,out,Antony,602105,24,Brazil,Right Winger,RW,20000000.0,Real Betis Balompié,Spain,0.0,1,2024.csv
2024,Premier League,Manchester United,winter,out,Marcus Rashford,258923,27,England,Left Winger,LW,55000000.0,Aston Villa,England,0.0,1,2024.csv
2024,Premier League,Manchester United,winter,out,Tyrell Malacia,339340,25,Netherlands,Left-Back,LB,15000000.0,PSV Eindhoven,Netherlands,0.0,1,2024.csv
2024,Premier League,Newcastle United,summer,in,Lewis Hall,670858,19,England,Left-Back,LB,18000000.0,Chelsea FC,England,33000000.0,0,2024.csv
2024,Premier League,Newcastle United,summer,in,Odysseas Vlachodimos,124419,30,Greece,Goalkeeper,GK,7000000.0,Nottingham Forest,England,23600000.0,0,2024.csv
2024,Premier League,Newcastle United,summer,in,William Osula,609556,21,Denmark,Centre-Forward,CF,3000000.0,Sheffield United,England,11600000.0,0,2024.csv
2024,Premier League,Newcastle United,summer,in,Lloyd Kelly,480116,25,England,Centre-Back,CB,18000000.0,AFC Bournemouth,England,0.0,0,2024.csv
2024,Premier League,Newcastle United,summer,in,John Ruddy,29712,37,England,Goalkeeper,GK,200000.0,Birmingham City,England,0.0,0,2024.csv
2024,Premier League,Newcastle United,summer,out,Elliot Anderson,567576,21,England,Central Midfield,CM,15000000.0,Nottingham Forest,England,41200000.0,0,2024.csv
2024,Premier League,Newcastle United,summer,out,Yankuba Minteh,1012534,19,The Gambia,Right Winger,RW,16000000.0,Brighton & Hove Albion,England,35000000.0,0,2024.csv
2024,Premier League,Newcastle United,summer,out,Kell Watts,484389,24,England,Centre-Back,CB,250000.0,Cambridge United,England,0.0,0,2024.csv
2024,Premier League,Newcastle United,summer,out,Matt Ritchie,92469,34,Scotland,Right Midfield,RM,1000000.0,Portsmouth FC,England,0.0,0,2024.csv
2024,Premier League,Newcastle United,summer,out,Ryan Fraser,146795,30,Scotland,Left Winger,LW,3000000.0,Southampton FC,England,0.0,0,2024.csv
2024,Premier League,Newcastle United,summer,out,Joe White,614811,21,England,Attacking Midfield,AM,300000.0,Milton Keynes Dons,England,0.0,1,2024.csv
2024,Premier League,Newcastle United,summer,out,Loris Karius,85864,31,Germany,Goalkeeper,GK,1000000.0,Without Club,,,0,2024.csv
2024,Premier League,Newcastle United,summer,out,Jeff Hendrick,148262,32,Ireland,Central Midfield,CM,500000.0,Without Club,,,0,2024.csv
2024,Premier League,Newcastle United,summer,out,Paul Dummett,170321,32,Wales,Left-Back,LB,900000.0,Without Club,,,0,2024.csv
2024,Premier League,Newcastle United,summer,out,Jamal Lewis,346018,26,Northern Ireland,Left-Back,LB,3500000.0,São Paulo Futebol Clube,Brazil,0.0,1,2024.csv
2024,Premier League,Newcastle United,summer,out,Lewis Hall,670858,19,England,Left-Back,LB,18000000.0,Chelsea FC,England,0.0,1,2024.csv
2024,Premier League,Newcastle United,winter,out,Miguel Almirón,272999,30,Paraguay,Right Winger,RW,16000000.0,Atlanta United FC,United States,9550000.0,0,2024.csv
2024,Premier League,Newcastle United,winter,out,Lloyd Kelly,480116,26,England,Centre-Back,CB,18000000.0,Juventus FC,Italy,3800000.0,1,2024.csv
2024,Premier League,Newcastle United,winter,out,Isaac Hayden,206225,29,Jamaica,Defensive Midfield,DM,1500000.0,Portsmouth FC,England,0.0,1,2024.csv
2024,Premier League,Nottingham Forest,summer,in,Elliot Anderson,567576,21,England,Central Midfield,CM,15000000.0,Newcastle United,England,41200000.0,0,2024.csv
2024,Premier League,Nottingham Forest,summer,in,Nikola Milenković,413507,26,Serbia,Centre-Back,CB,15000000.0,ACF Fiorentina,Italy,12300000.0,0,2024.csv
2024,Premier League,Nottingham Forest,summer,in,Ramón Sosa,745191,24,Paraguay,Left Winger,LW,13000000.0,CA Talleres,Argentina,12000000.0,0,2024.csv
2024,Premier League,Nottingham Forest,summer,in,Morato,673492,23,Brazil,Centre-Back,CB,15000000.0,SL Benfica,Portugal,11000000.0,0,2024.csv
2024,Premier League,Nottingham Forest,summer,in,David Carmo,498237,25,Angola,Centre-Back,CB,12000000.0,FC Porto,Portugal,11000000.0,0,2024.csv
2024,Premier League,Nottingham Forest,summer,in,Jota Silva,663244,25,Portugal,Right Winger,RW,12000000.0,Vitória Guimarães SC,Portugal,7000000.0,0,2024.csv
2024,Premier League,Nottingham Forest,summer,in,Marko Stamenic,617018,22,New Zealand,Central Midfield,CM,5000000.0,Red Star Belgrade,Serbia,5500000.0,0,2024.csv
2024,Premier League,Nottingham Forest,summer,in,Carlos Miguel,641458,25,Brazil,Goalkeeper,GK,4000000.0,Sport Club Corinthians Paulista,Brazil,4000000.0,0,2024.csv
2024,Premier League,Nottingham Forest,summer,in,Eric da Silva Moreira,897481,18,Germany,Right-Back,RB,1000000.0,FC St. Pauli,Germany,1500000.0,0,2024.csv
2024,Premier League,Nottingham Forest,summer,in,Álex Moreno,193098,31,Spain,Left-Back,LB,13000000.0,Aston Villa,England,0.0,1,2024.csv
2024,Premier League,Nottingham Forest,summer,in,James Ward-Prowse,181579,29,England,Central Midfield,CM,30000000.0,West Ham United,England,0.0,1,2024.csv
2024,Premier League,Nottingham Forest,winter,in,Tyler Bindon,1007720,20,New Zealand,Centre-Back,CB,1000000.0,Reading FC,England,,0,2024.csv
2024,Premier League,Nottingham Forest,winter,in,Wayne Hennessey,45494,37,Wales,Goalkeeper,GK,175000.0,Without Club,,,0,2024.csv
2024,Premier League,Nottingham Forest,summer,out,Moussa Niakhaté,291200,28,Senegal,Centre-Back,CB,16000000.0,Olympique Lyon,France,31900000.0,0,2024.csv
2024,Premier League,Nottingham Forest,summer,out,Odysseas Vlachodimos,124419,30,Greece,Goalkeeper,GK,7000000.0,Newcastle United,England,23600000.0,0,2024.csv
2024,Premier League,Nottingham Forest,summer,out,Orel Mangala,289592,26,Belgium,Defensive Midfield,DM,20000000.0,Olympique Lyon,France,23400000.0,0,2024.csv
2024,Premier League,Nottingham Forest,summer,out,Joe Worrall,415970,27,England,Centre-Back,CB,7500000.0,Burnley FC,England,5900000.0,0,2024.csv
2024,Premier League,Nottingham Forest,summer,out,Remo Freuler,148252,32,Switzerland,Central Midfield,CM,6500000.0,Bologna FC 1909,Italy,1900000.0,0,2024.csv
2024,Premier League,Nottingham Forest,summer,out,Scott McKenna,255906,27,Scotland,Centre-Back,CB,9000000.0,UD Las Palmas,Spain,0.0,0,2024.csv
2024,Premier League,Nottingham Forest,summer,out,Harry Arter,55742,34,Ireland,Central Midfield,CM,400000.0,Precision FC,United Arab Emirates,0.0,0,2024.csv
2024,Premier League,Nottingham Forest,summer,out,Loïc Mbe Soh,463610,23,France,Centre-Back,CB,1500000.0,Beerschot VA,Belgium,0.0,0,2024.csv
2024,Premier League,Nottingham Forest,summer,out,David Carmo,498237,25,Angola,Centre-Back,CB,12000000.0,Olympiacos Piraeus,Greece,0.0,1,2024.csv
2024,Premier League,Nottingham Forest,summer,out,Lewis O'Brien,560694,25,England,Central Midfield,CM,5000000.0,Los Angeles FC,United States,0.0,1,2024.csv
2024,Premier League,Nottingham Forest,summer,out,Ui-jo Hwang,260166,32,"Korea, South",Centre-Forward,CF,1800000.0,Alanyaspor,Türkiye,,0,2024.csv
2024,Premier League,Nottingham Forest,summer,out,Alex Mighten,503988,22,England,Left Winger,LW,600000.0,San Diego FC,United States,,0,2024.csv
2024,Premier League,Nottingham Forest,summer,out,Brandon Aguilera,631996,21,Costa Rica,Central Midfield,CM,300000.0,Rio Ave FC,Portugal,,0,2024.csv
2024,Premier League,Nottingham Forest,summer,out,Jonathan Panzo,392777,23,England,Centre-Back,CB,1200000.0,Rio Ave FC,Portugal,0.0,1,2024.csv
2024,Premier League,Nottingham Forest,summer,out,Marko Stamenic,617018,22,New Zealand,Central Midfield,CM,5000000.0,Olympiacos Piraeus,Greece,0.0,1,2024.csv
2024,Premier League,Nottingham Forest,summer,out,Omar Richards,424881,26,England,Left-Back,LB,2500000.0,Rio Ave FC,Portugal,0.0,1,2024.csv
2024,Premier League,Nottingham Forest,summer,out,Josh Bowler,506470,25,England,Right Winger,RW,1500000.0,Preston North End,England,0.0,1,2024.csv
2024,Premier League,Nottingham Forest,summer,out,Matt Turner,425306,30,United States,Goalkeeper,GK,7000000.0,Crystal Palace,England,0.0,1,2024.csv
2024,Premier League,Nottingham Forest,summer,out,Wayne Hennessey,45494,37,Wales,Goalkeeper,GK,250000.0,Without Club,,,0,2024.csv
2024,Premier League,Nottingham Forest,summer,out,Cheikhou Kouyaté,66934,34,Senegal,Defensive Midfield,DM,,Career break,,,0,2024.csv
2024,Premier League,Nottingham Forest,summer,out,Felipe,156501,35,Brazil,Centre-Back,CB,1500000.0,Retired,,,0,2024.csv
2024,Premier League,Nottingham Forest,summer,out,Rodrigo Ribeiro,726701,19,Portugal,Centre-Forward,CF,3000000.0,Sporting CP,Portugal,0.0,1,2024.csv
2024,Premier League,Nottingham Forest,summer,out,Giovanni Reyna,504215,21,United States,Attacking Midfield,AM,18000000.0,Borussia Dortmund,Germany,0.0,1,2024.csv
2024,Premier League,Nottingham Forest,summer,out,Divock Origi,148368,29,Belgium,Centre-Forward,CF,5000000.0,AC Milan,Italy,0.0,1,2024.csv
2024,Premier League,Nottingham Forest,summer,out,Nuno Tavares,535955,24,Portugal,Left-Back,LB,15000000.0,Arsenal FC,England,0.0,1,2024.csv
2024,Premier League,Nottingham Forest,summer,out,Gonzalo Montiel,402733,27,Argentina,Right-Back,RB,10000000.0,Sevilla FC,Spain,0.0,1,2024.csv
2024,Premier League,Nottingham Forest,winter,out,Tyler Bindon,1007720,20,New Zealand,Centre-Back,CB,1000000.0,Reading FC,England,0.0,1,2024.csv
2024,Premier League,Nottingham Forest,winter,out,Andrew Omobamidele,621993,22,Ireland,Centre-Back,CB,11000000.0,RC Strasbourg Alsace,France,0.0,1,2024.csv
2024,Premier League,Nottingham Forest,winter,out,Josh Bowler,506470,25,England,Right Winger,RW,1200000.0,Luton Town,England,0.0,1,2024.csv
2024,Premier League,Nottingham Forest,winter,out,Lewis O'Brien,560694,26,England,Central Midfield,CM,5000000.0,Swansea City,England,0.0,1,2024.csv
2024,Premier League,Nottingham Forest,winter,out,Emmanuel Dennis,448854,27,Nigeria,Centre-Forward,CF,4000000.0,Blackburn Rovers,England,0.0,1,2024.csv
2024,Premier League,Nottingham Forest,winter,out,James Ward-Prowse,181579,30,England,Central Midfield,CM,16000000.0,West Ham United,England,0.0,1,2024.csv
2024,Premier League,Southampton FC,summer,in,Taylor Harwood-Bellis,503977,22,England,Centre-Back,CB,22000000.0,Manchester City,England,23000000.0,0,2024.csv
2024,Premier League,Southampton FC,summer,in,Aaron Ramsdale,427568,26,England,Goalkeeper,GK,25000000.0,Arsenal FC,England,21400000.0,0,2024.csv
2024,Premier League,Southampton FC,summer,in,Flynn Downes,506189,25,England,Defensive Midfield,DM,9000000.0,West Ham United,England,17850000.0,0,2024.csv
2024,Premier League,Southampton FC,summer,in,Cameron Archer,533662,22,England,Centre-Forward,CF,13000000.0,Aston Villa,England,17600000.0,0,2024.csv
2024,Premier League,Southampton FC,summer,in,Mateus Fernandes,880245,20,Portugal,Central Midfield,CM,8000000.0,Sporting CP,Portugal,15000000.0,0,2024.csv
2024,Premier League,Southampton FC,summer,in,Ben Brereton Díaz,426192,25,Chile,Centre-Forward,CF,8000000.0,Villarreal CF,Spain,8300000.000000001,0,2024.csv
2024,Premier League,Southampton FC,summer,in,Yukinari Sugawara,405385,24,Japan,Right-Back,RB,12000000.0,AZ Alkmaar,Netherlands,7000000.0,0,2024.csv
2024,Premier League,Southampton FC,summer,in,Nathan Wood,503990,22,England,Centre-Back,CB,3800000.0,Swansea City,England,3500000.0,0,2024.csv
2024,Premier League,Southampton FC,summer,in,Ronnie Edwards,732165,21,England,Centre-Back,CB,3800000.0,Peterborough United,England,3500000.0,0,2024.csv
2024,Premier League,Southampton FC,summer,in,Juan,662332,22,Brazil,Centre-Forward,CF,800000.0,São Paulo Futebol Clube,Brazil,900000.0,0,2024.csv
2024,Premier League,Southampton FC,summer,in,Adam Lallana,43530,36,England,Attacking Midfield,AM,1000000.0,Brighton & Hove Albion,England,0.0,0,2024.csv
2024,Premier League,Southampton FC,summer,in,Ryan Fraser,146795,30,Scotland,Left Winger,LW,3000000.0,Newcastle United,England,0.0,0,2024.csv
2024,Premier League,Southampton FC,summer,in,Charlie Taylor,195633,30,England,Left-Back,LB,3000000.0,Burnley FC,England,0.0,0,2024.csv
2024,Premier League,Southampton FC,summer,in,Kuryu Matsuki,902021,21,Japan,Attacking Midfield,AM,1500000.0,FC Tokyo,Japan,,0,2024.csv
2024,Premier League,Southampton FC,summer,in,Lesley Ugochukwu,711999,20,France,Defensive Midfield,DM,25000000.0,Chelsea FC,England,0.0,1,2024.csv
2024,Premier League,Southampton FC,summer,in,Maxwel Cornet,234781,27,Cote d'Ivoire,Left Winger,LW,9000000.0,West Ham United,England,0.0,1,2024.csv
2024,Premier League,Southampton FC,winter,in,Joachim Kayi Sanda,986298,18,France,Centre-Back,CB,800000.0,Valenciennes FC,France,5000000.0,0,2024.csv
2024,Premier League,Southampton FC,winter,in,Welington,729264,23,Brazil,Left-Back,LB,3500000.0,São Paulo Futebol Clube,Brazil,0.0,0,2024.csv
2024,Premier League,Southampton FC,winter,in,Albert Grønbæk,503866,23,Denmark,Attacking Midfield,AM,15000000.0,Stade Rennais FC,France,0.0,1,2024.csv
2024,Premier League,Southampton FC,summer,out,Carlos Alcaraz,748319,21,Argentina,Central Midfield,CM,15000000.0,CR Flamengo,Brazil,18000000.0,0,2024.csv
2024,Premier League,Southampton FC,summer,out,Sékou Mara,557612,22,France,Centre-Forward,CF,6000000.0,RC Strasbourg Alsace,France,12000000.0,0,2024.csv
2024,Premier League,Southampton FC,summer,out,Lyanco,379807,27,Brazil,Centre-Back,CB,3000000.0,Clube Atlético Mineiro,Brazil,4500000.0,0,2024.csv
2024,Premier League,Southampton FC,summer,out,Duje Caleta-Car,238266,27,Croatia,Centre-Back,CB,7000000.0,Olympique Lyon,France,3590000.0,0,2024.csv
2024,Premier League,Southampton FC,summer,out,Romain Perraud,318523,26,France,Left-Back,LB,5000000.0,Real Betis Balompié,Spain,3500000.0,0,2024.csv
2024,Premier League,Southampton FC,summer,out,Stuart Armstrong,130765,32,Scotland,Central Midfield,CM,2000000.0,Vancouver Whitecaps FC,United States,0.0,0,2024.csv
2024,Premier League,Southampton FC,summer,out,Ché Adams,346779,28,Scotland,Centre-Forward,CF,15000000.0,Torino FC,Italy,0.0,0,2024.csv
2024,Premier League,Southampton FC,summer,out,Mateusz Lis,345437,27,Poland,Goalkeeper,GK,1600000.0,Göztepe,Türkiye,,0,2024.csv
2024,Premier League,Southampton FC,summer,out,Juan,662332,22,Brazil,Centre-Forward,CF,800000.0,Göztepe,Türkiye,0.0,1,2024.csv
2024,Premier League,Southampton FC,summer,out,Shea Charles,747951,20,Northern Ireland,Defensive Midfield,DM,10000000.0,Sheffield Wednesday,England,0.0,1,2024.csv
2024,Premier League,Southampton FC,summer,out,Samuel Edozie,680806,21,England,Left Winger,LW,8000000.0,RSC Anderlecht,Belgium,0.0,1,2024.csv
2024,Premier League,Southampton FC,summer,out,Kuryu Matsuki,902021,21,Japan,Attacking Midfield,AM,1500000.0,Göztepe,Türkiye,0.0,1,2024.csv
2024,Premier League,Southampton FC,summer,out,Joe Rothwell,183293,29,England,Central Midfield,CM,2500000.0,AFC Bournemouth,England,0.0,1,2024.csv
2024,Premier League,Southampton FC,winter,out,Ronnie Edwards,732165,21,England,Centre-Back,CB,3800000.0,Queens Park Rangers,England,0.0,1,2024.csv
2024,Premier League,Southampton FC,winter,out,Ben Brereton Díaz,426192,25,Chile,Centre-Forward,CF,8000000.0,Sheffield United,England,0.0,1,2024.csv
2024,Premier League,Southampton FC,winter,out,Samuel Amo-Ameyaw,933900,18,England,Right Winger,RW,300000.0,RC Strasbourg Alsace,France,0.0,1,2024.csv
2024,Premier League,Southampton FC,winter,out,Gavin Bazunu,585550,22,Ireland,Goalkeeper,GK,14000000.0,Standard Liège,Belgium,0.0,1,2024.csv
2024,Premier League,Southampton FC,winter,out,Adam Armstrong,250426,27,England,Centre-Forward,CF,16000000.0,West Bromwich Albion,England,0.0,1,2024.csv
2024,Premier League,Southampton FC,winter,out,Maxwel Cornet,234781,28,Cote d'Ivoire,Left Winger,LW,8000000.0,West Ham United,England,0.0,1,2024.csv
2024,Premier League,Tottenham Hotspur,summer,in,Dominic Solanke,258889,26,England,Centre-Forward,CF,40000000.0,AFC Bournemouth,England,64300000.0,0,2024.csv
2024,Premier League,Tottenham Hotspur,summer,in,Archie Gray,922693,18,England,Right-Back,RB,18000000.0,Leeds United,England,41250000.0,0,2024.csv
2024,Premier League,Tottenham Hotspur,summer,in,Wilson Odobert,743498,19,France,Left Winger,LW,10000000.0,Burnley FC,England,29300000.0,0,2024.csv
2024,Premier League,Tottenham Hotspur,summer,in,Lucas Bergvall,866246,18,Sweden,Central Midfield,CM,10000000.0,Djurgårdens IF,Sweden,20000000.0,0,2024.csv
2024,Premier League,Tottenham Hotspur,winter,in,Antonín Kinský,725912,21,Czech Republic,Goalkeeper,GK,12000000.0,SK Slavia Prague,Czech Republic,16500000.0,0,2024.csv
2024,Premier League,Tottenham Hotspur,winter,in,Mathys Tel,801734,19,France,Centre-Forward,CF,30000000.0,Bayern Munich,Germany,10000000.0,1,2024.csv
2024,Premier League,Tottenham Hotspur,winter,in,Min-hyeok Yang,1004327,18,"Korea, South",Right Winger,RW,3500000.0,Gangwon FC,"Korea, South",4000000.0,0,2024.csv
2024,Premier League,Tottenham Hotspur,winter,in,Kevin Danso,263236,26,Austria,Centre-Back,CB,25000000.0,RC Lens,France,0.0,1,2024.csv
2024,Premier League,Tottenham Hotspur,summer,out,Oliver Skipp,406638,23,England,Defensive Midfield,DM,15000000.0,Leicester City,England,23500000.0,0,2024.csv
2024,Premier League,Tottenham Hotspur,summer,out,Emerson Royal,476344,25,Brazil,Right-Back,RB,18000000.0,AC Milan,Italy,15000000.0,0,2024.csv
2024,Premier League,Tottenham Hotspur,summer,out,Joe Rodon,297212,26,Wales,Centre-Back,CB,8000000.0,Leeds United,England,11800000.0,0,2024.csv
2024,Premier League,Tottenham Hotspur,summer,out,Giovani Lo Celso,348795,28,Argentina,Attacking Midfield,AM,16000000.0,Real Betis Balompié,Spain,5000000.0,0,2024.csv
2024,Premier League,Tottenham Hotspur,summer,out,Eric Dier,175722,30,England,Centre-Back,CB,12000000.0,Bayern Munich,Germany,0.0,0,2024.csv
2024,Premier League,Tottenham Hotspur,summer,out,Tanguy Ndombélé,450936,27,France,Central Midfield,CM,8000000.0,OGC Nice,France,0.0,0,2024.csv
2024,Premier League,Tottenham Hotspur,summer,out,Japhet Tanganga,346478,25,England,Centre-Back,CB,1800000.0,Millwall FC,England,0.0,0,2024.csv
2024,Premier League,Tottenham Hotspur,summer,out,Ivan Perišić,42460,35,Croatia,Left Winger,LW,2000000.0,HNK Hajduk Split,Croatia,0.0,0,2024.csv
2024,Premier League,Tottenham Hotspur,summer,out,Ryan Sessegnon,392775,24,England,Left-Back,LB,10000000.0,Fulham FC,England,0.0,0,2024.csv
2024,Premier League,Tottenham Hotspur,summer,out,Alfie Devine,728734,20,England,Attacking Midfield,AM,2200000.0,KVC Westerlo,Belgium,0.0,1,2024.csv
2024,Premier League,Tottenham Hotspur,summer,out,Manor Solomon,396638,25,Israel,Left Winger,LW,13000000.0,Leeds United,England,0.0,1,2024.csv
2024,Premier League,Tottenham Hotspur,summer,out,Ashley Phillips,859951,19,England,Centre-Back,CB,2200000.0,Stoke City,England,0.0,1,2024.csv
2024,Premier League,Tottenham Hotspur,summer,out,Dane Scarlett,670883,20,England,Centre-Forward,CF,1800000.0,Oxford United,England,0.0,1,2024.csv
2024,Premier League,Tottenham Hotspur,summer,out,Alejo Veliz,888493,20,Argentina,Centre-Forward,CF,9000000.0,RCD Espanyol Barcelona,Spain,0.0,1,2024.csv
2024,Premier League,Tottenham Hotspur,summer,out,Bryan Gil,537382,23,Spain,Left Winger,LW,14000000.0,Girona FC,Spain,0.0,1,2024.csv
2024,Premier League,Tottenham Hotspur,summer,out,Pierre-Emile Højbjerg,167799,28,Denmark,Defensive Midfield,DM,18000000.0,Olympique Marseille,France,0.0,1,2024.csv
2024,Premier League,Tottenham Hotspur,winter,out,Min-hyeok Yang,1004327,18,"Korea, South",Right Winger,RW,3500000.0,Queens Park Rangers,England,0.0,1,2024.csv
2024,Premier League,West Ham United,summer,in,Maximilian Kilman,525247,27,England,Centre-Back,CB,32000000.0,Wolverhampton Wanderers,England,47500000.0,0,2024.csv
2024,Premier League,West Ham United,summer,in,Crysencio Summerville,474701,22,Netherlands,Left Winger,LW,20000000.0,Leeds United,England,29300000.0,0,2024.csv
2024,Premier League,West Ham United,summer,in,Niclas Füllkrug,75489,31,Germany,Centre-Forward,CF,15000000.0,Borussia Dortmund,Germany,27000000.0,0,2024.csv
2024,Premier League,West Ham United,summer,in,Luis Guilherme,991800,18,Brazil,Right Winger,RW,24000000.0,Sociedade Esportiva Palmeiras,Brazil,23000000.0,0,2024.csv
2024,Premier League,West Ham United,summer,in,Aaron Wan-Bissaka,477758,26,DR Congo,Right-Back,RB,20000000.0,Manchester United,England,17600000.0,0,2024.csv
2024,Premier League,West Ham United,summer,in,Wes Foderingham,61697,33,England,Goalkeeper,GK,900000.0,Sheffield United,England,0.0,0,2024.csv
2024,Premier League,West Ham United,summer,in,Guido Rodríguez,342385,30,Argentina,Defensive Midfield,DM,20000000.0,Real Betis Balompié,Spain,0.0,0,2024.csv
2024,Premier League,West Ham United,summer,in,Mohamadou Kanté,1081995,18,France,Defensive Midfield,DM,,Paris FC,France,,0,2024.csv
2024,Premier League,West Ham United,summer,in,Jean-Clair Todibo,605184,24,France,Centre-Back,CB,35000000.0,OGC Nice,France,0.0,1,2024.csv
2024,Premier League,West Ham United,summer,in,Carlos Soler,372246,27,Spain,Central Midfield,CM,20000000.0,Paris Saint-Germain,France,0.0,1,2024.csv
2024,Premier League,West Ham United,winter,in,Evan Ferguson,648046,20,Ireland,Centre-Forward,CF,40000000.0,Brighton & Hove Albion,England,0.0,1,2024.csv
2024,Premier League,West Ham United,summer,out,Flynn Downes,506189,25,England,Defensive Midfield,DM,9000000.0,Southampton FC,England,17850000.0,0,2024.csv
2024,Premier League,West Ham United,summer,out,Saïd Benrahma,290532,28,Algeria,Left Winger,LW,20000000.0,Olympique Lyon,France,14400000.0,0,2024.csv
2024,Premier League,West Ham United,summer,out,Thilo Kehrer,228948,27,Germany,Centre-Back,CB,10000000.0,AS Monaco,France,11000000.0,0,2024.csv
2024,Premier League,West Ham United,summer,out,Nathan Trott,431422,25,England,Goalkeeper,GK,1000000.0,FC Copenhagen,Denmark,1500000.0,0,2024.csv
2024,Premier League,West Ham United,summer,out,Divin Mubama,670848,19,England,Centre-Forward,CF,1000000.0,Manchester City U21,England,1400000.0,0,2024.csv
2024,Premier League,West Ham United,summer,out,Ben Johnson,468002,24,England,Right-Back,RB,8000000.0,Ipswich Town,England,0.0,0,2024.csv
2024,Premier League,West Ham United,summer,out,Joseph Anang,576099,24,Ghana,Goalkeeper,GK,300000.0,St. Patrick's Athletic,Ireland,0.0,0,2024.csv
2024,Premier League,West Ham United,summer,out,Angelo Ogbonna,48002,36,Italy,Centre-Back,CB,700000.0,Watford FC,England,0.0,0,2024.csv
2024,Premier League,West Ham United,summer,out,Mohamadou Kanté,1081995,18,France,Defensive Midfield,DM,,Paris FC,France,0.0,1,2024.csv
2024,Premier League,West Ham United,summer,out,Nayef Aguerd,361914,28,Morocco,Centre-Back,CB,35000000.0,Real Sociedad,Spain,0.0,1,2024.csv
2024,Premier League,West Ham United,summer,out,Maxwel Cornet,234781,27,Cote d'Ivoire,Left Winger,LW,9000000.0,Southampton FC,England,0.0,1,2024.csv
2024,Premier League,West Ham United,summer,out,Kurt Zouma,157509,29,France,Centre-Back,CB,25000000.0,Al-Orobah FC,Saudi Arabia,0.0,1,2024.csv
2024,Premier League,West Ham United,summer,out,Kalvin Phillips,351749,28,England,Defensive Midfield,DM,25000000.0,Manchester City,England,0.0,1,2024.csv
2024,Premier League,West Ham United,summer,out,James Ward-Prowse,181579,29,England,Central Midfield,CM,30000000.0,Nottingham Forest,England,0.0,1,2024.csv
2024,Premier League,West Ham United,winter,out,Maxwel Cornet,234781,28,Cote d'Ivoire,Left Winger,LW,8000000.0,Genoa CFC,Italy,0.0,1,2024.csv
2024,Premier League,Wolverhampton Wanderers,summer,in,André,800176,23,Brazil,Defensive Midfield,DM,25000000.0,Fluminense Football Club,Brazil,22000000.0,0,2024.csv
2024,Premier League,Wolverhampton Wanderers,summer,in,Rodrigo Gomes,667121,20,Portugal,Left Midfield,LM,12000000.0,SC Braga,Portugal,15000000.0,0,2024.csv
2024,Premier League,Wolverhampton Wanderers,summer,in,Sam Johnstone,110864,31,England,Goalkeeper,GK,10000000.0,Crystal Palace,England,11900000.0,0,2024.csv
2024,Premier League,Wolverhampton Wanderers,summer,in,Pedro Lima,1193867,18,Brazil,Right-Back,RB,2500000.0,Sport Club do Recife,Brazil,10000000.0,0,2024.csv
2024,Premier League,Wolverhampton Wanderers,summer,in,Tommy Doyle,433183,22,England,Central Midfield,CM,10000000.0,Manchester City,England,5000000.0,0,2024.csv
2024,Premier League,Wolverhampton Wanderers,summer,in,Bastien Meupiyou,955253,18,France,Centre-Back,CB,800000.0,FC Nantes,France,5000000.0,0,2024.csv
2024,Premier League,Wolverhampton Wanderers,summer,in,Jørgen Strand Larsen,429983,24,Norway,Centre-Forward,CF,25000000.0,Celta de Vigo,Spain,3000000.0,1,2024.csv
2024,Premier League,Wolverhampton Wanderers,summer,in,Carlos Forbs,742451,20,Portugal,Left Winger,LW,8000000.0,Ajax Amsterdam,Netherlands,2500000.0,1,2024.csv
2024,Premier League,Wolverhampton Wanderers,winter,in,Emmanuel Agbadou,683895,27,Cote d'Ivoire,Centre-Back,CB,10000000.0,Stade Reims,France,20000000.0,0,2024.csv
2024,Premier League,Wolverhampton Wanderers,winter,in,Marshall Munetsi,414908,28,Zimbabwe,Central Midfield,CM,10000000.0,Stade Reims,France,18000000.0,0,2024.csv
2024,Premier League,Wolverhampton Wanderers,winter,in,Nasser Djiga,862297,22,Burkina Faso,Centre-Back,CB,7000000.0,Red Star Belgrade,Serbia,12000000.0,0,2024.csv
2024,Premier League,Wolverhampton Wanderers,summer,out,Pedro Neto,487465,24,Portugal,Right Winger,RW,55000000.0,Chelsea FC,England,60000000.0,0,2024.csv
2024,Premier League,Wolverhampton Wanderers,summer,out,Maximilian Kilman,525247,27,England,Centre-Back,CB,32000000.0,West Ham United,England,47500000.0,0,2024.csv
2024,Premier League,Wolverhampton Wanderers,summer,out,Daniel Podence,256977,28,Portugal,Left Winger,LW,13000000.0,Al-Shabab FC,Saudi Arabia,5000000.0,0,2024.csv
2024,Premier League,Wolverhampton Wanderers,summer,out,Bendegúz Bolla,439351,24,Hungary,Right-Back,RB,2000000.0,Rapid Vienna,Austria,0.0,0,2024.csv
2024,Premier League,Wolverhampton Wanderers,summer,out,Nathan Fraser,863741,19,Ireland,Centre-Forward,CF,1000000.0,Zulte Waregem,Belgium,0.0,1,2024.csv
2024,Premier League,Wolverhampton Wanderers,summer,out,Ki-Jana Hoever,485583,22,Netherlands,Right-Back,RB,4500000.0,AJ Auxerre,France,0.0,1,2024.csv
2024,Premier League,Wolverhampton Wanderers,summer,out,Tawanda Chirewa,724783,20,Zimbabwe,Attacking Midfield,AM,500000.0,Derby County,England,0.0,1,2024.csv
2024,Premier League,Wolverhampton Wanderers,summer,out,Joe Hodge,503975,21,Ireland,Defensive Midfield,DM,1500000.0,Huddersfield Town,England,0.0,1,2024.csv
2024,Premier League,Wolverhampton Wanderers,summer,out,Hugo Bueno,698678,21,Spain,Left-Back,LB,6000000.0,Feyenoord Rotterdam,Netherlands,0.0,1,2024.csv
2024,Premier League,Wolverhampton Wanderers,summer,out,Fábio Silva,505653,22,Portugal,Centre-Forward,CF,11000000.0,UD Las Palmas,Spain,0.0,1,2024.csv
2024,Premier League,Wolverhampton Wanderers,summer,out,Chiquinho,695454,24,Portugal,Left Winger,LW,3000000.0,RCD Mallorca,Spain,0.0,1,2024.csv
2024,Premier League,Wolverhampton Wanderers,summer,out,Chem Campbell,614603,21,Wales,Attacking Midfield,AM,900000.0,Reading FC,England,0.0,1,2024.csv
2024,Premier League,Wolverhampton Wanderers,summer,out,Noha Lemina,816124,19,Gabon,Attacking Midfield,AM,500000.0,Paris Saint-Germain,France,0.0,1,2024.csv
2024,Premier League,Wolverhampton Wanderers,winter,out,Mario Lemina,170934,31,Gabon,Defensive Midfield,DM,9000000.0,Galatasaray,Türkiye,2500000.0,0,2024.csv
2024,Premier League,Wolverhampton Wanderers,winter,out,Luke Cundle,532541,22,England,Central Midfield,CM,5000000.0,Millwall FC,England,1200000.0,0,2024.csv
2024,Premier League,Wolverhampton Wanderers,winter,out,Tawanda Chirewa,724783,21,Zimbabwe,Attacking Midfield,AM,500000.0,Huddersfield Town,England,0.0,1,2024.csv
2025,Premier League,AFC Bournemouth,summer,in,Bafodé Diakité,463605,24,France,Centre-Back,CB,28000000.0,LOSC Lille,France,35000000.0,0,2025.csv
2025,Premier League,AFC Bournemouth,summer,in,Djordje Petrovic,465555,25,Serbia,Goalkeeper,GK,20000000.0,Chelsea FC,England,28900000.0,0,2025.csv
2025,Premier League,AFC Bournemouth,summer,in,Ben Gannon-Doak,719673,19,Scotland,Right Winger,RW,14000000.0,Liverpool FC,England,23200000.0,0,2025.csv
2025,Premier League,AFC Bournemouth,summer,in,Amine Adli,532776,25,Morocco,Left Winger,LW,18000000.0,Bayer 04 Leverkusen,Germany,21000000.0,0,2025.csv
2025,Premier League,AFC Bournemouth,summer,in,Veljko Milosavljevic,989112,18,Serbia,Centre-Back,CB,1000000.0,Red Star Belgrade,Serbia,15000000.0,0,2025.csv
2025,Premier League,AFC Bournemouth,summer,in,Adrien Truffert,654539,23,France,Left-Back,LB,15000000.0,Stade Rennais FC,France,13500000.0,0,2025.csv
2025,Premier League,AFC Bournemouth,summer,in,Álex Jiménez,741257,20,Spain,Right-Back,RB,15000000.0,AC Milan,Italy,1500000.0,1,2025.csv
2025,Premier League,AFC Bournemouth,summer,out,Ilya Zabarnyi,659089,22,Ukraine,Centre-Back,CB,42000000.0,Paris Saint-Germain,France,63000000.0,0,2025.csv
2025,Premier League,AFC Bournemouth,summer,out,Dean Huijsen,890290,20,Spain,Centre-Back,CB,60000000.0,Real Madrid,Spain,62500000.0,0,2025.csv
2025,Premier League,AFC Bournemouth,summer,out,Milos Kerkez,730861,21,Hungary,Left-Back,LB,45000000.0,Liverpool FC,England,46900000.0,0,2025.csv
2025,Premier League,AFC Bournemouth,summer,out,Dango Ouattara,823231,23,Burkina Faso,Left Winger,LW,28000000.0,Brentford FC,England,42800000.0,0,2025.csv
2025,Premier League,AFC Bournemouth,summer,out,Jaidon Anthony,684210,25,England,Left Winger,LW,9000000.0,Burnley FC,England,9500000.0,0,2025.csv
2025,Premier League,AFC Bournemouth,summer,out,Philip Billing,320411,29,Denmark,Central Midfield,CM,10000000.0,FC Midtjylland,Denmark,5000000.0,0,2025.csv
2025,Premier League,AFC Bournemouth,summer,out,Mark Travers,357658,26,Ireland,Goalkeeper,GK,4000000.0,Everton FC,England,4600000.0,0,2025.csv
2025,Premier League,AFC Bournemouth,summer,out,Luis Sinisterra,512385,26,Colombia,Left Winger,LW,15000000.0,Cruzeiro Esporte Clube,Brazil,2500000.0,1,2025.csv
2025,Premier League,AFC Bournemouth,summer,out,Chris Mepham,480987,27,Wales,Centre-Back,CB,6000000.0,West Bromwich Albion,England,1150000.0,0,2025.csv
2025,Premier League,AFC Bournemouth,summer,out,Joe Rothwell,183293,30,England,Central Midfield,CM,1800000.0,Rangers FC,Scotland,460000.0,0,2025.csv
2025,Premier League,AFC Bournemouth,summer,out,Neto,111819,36,Brazil,Goalkeeper,GK,1500000.0,Botafogo de Futebol e Regatas,Brazil,0.0,0,2025.csv
2025,Premier League,AFC Bournemouth,summer,out,Romain Faivre,555076,27,France,Attacking Midfield,AM,6000000.0,Al-Taawoun FC,Saudi Arabia,0.0,1,2025.csv
2025,Premier League,AFC Bournemouth,summer,out,Daniel Jebbison,746740,21,Canada,Centre-Forward,CF,4000000.0,Preston North End,England,0.0,1,2025.csv
2025,Premier League,AFC Bournemouth,summer,out,Hamed Traoré,391065,25,Cote d'Ivoire,Left Winger,LW,20000000.0,Olympique Marseille,France,0.0,1,2025.csv
2025,Premier League,AFC Bournemouth,summer,out,Alex Paulsen,617009,23,New Zealand,Goalkeeper,GK,750000.0,Lechia Gdansk,Poland,0.0,1,2025.csv
2025,Premier League,AFC Bournemouth,summer,out,Max Aarons,471690,25,England,Right-Back,RB,6000000.0,Rangers FC,Scotland,0.0,1,2025.csv
2025,Premier League,AFC Bournemouth,summer,out,Ben Winterburn,854721,20,England,Defensive Midfield,DM,500000.0,Barnet FC,England,0.0,1,2025.csv
2025,Premier League,AFC Bournemouth,summer,out,Kepa Arrizabalaga,192279,30,Spain,Goalkeeper,GK,10000000.0,Chelsea FC,England,0.0,1,2025.csv
2025,Premier League,Arsenal FC,summer,in,Martín Zubimendi,423440,26,Spain,Defensive Midfield,DM,60000000.0,Real Sociedad,Spain,70000000.0,0,2025.csv
2025,Premier League,Arsenal FC,summer,in,Eberechi Eze,479999,27,England,Attacking Midfield,AM,55000000.0,Crystal Palace,England,69300000.0,0,2025.csv
2025,Premier League,Arsenal FC,summer,in,Viktor Gyökeres,325443,27,Sweden,Centre-Forward,CF,75000000.0,Sporting CP,Portugal,65800000.0,0,2025.csv
2025,Premier League,Arsenal FC,summer,in,Noni Madueke,503987,23,England,Right Winger,RW,40000000.0,Chelsea FC,England,56000000.0,0,2025.csv
2025,Premier League,Arsenal FC,summer,in,Cristhian Mosquera,646750,21,Spain,Centre-Back,CB,30000000.0,Valencia CF,Spain,15000000.0,0,2025.csv
2025,Premier League,Arsenal FC,summer,in,Christian Nørgaard,148367,31,Denmark,Defensive Midfield,DM,11000000.0,Brentford FC,England,11600000.0,0,2025.csv
2025,Premier League,Arsenal FC,summer,in,Kepa Arrizabalaga,192279,30,Spain,Goalkeeper,GK,10000000.0,Chelsea FC,England,5800000.0,0,2025.csv
2025,Premier League,Arsenal FC,summer,in,Piero Hincapié,659813,23,Ecuador,Centre-Back,CB,50000000.0,Bayer 04 Leverkusen,Germany,0.0,1,2025.csv
2025,Premier League,Arsenal FC,summer,out,Nuno Tavares,535955,25,Portugal,Left-Back,LB,25000000.0,SS Lazio,Italy,5000000.0,0,2025.csv
2025,Premier League,Arsenal FC,summer,out,Marquinhos,668268,22,Brazil,Right Winger,RW,5500000.0,Cruzeiro Esporte Clube,Brazil,3000000.0,0,2025.csv
2025,Premier League,Arsenal FC,summer,out,Jakub Kiwior,425918,25,Poland,Centre-Back,CB,28000000.0,FC Porto,Portugal,2000000.0,1,2025.csv
2025,Premier League,Arsenal FC,summer,out,Albert Sambi Lokonga,381967,25,Belgium,Central Midfield,CM,8000000.0,Hamburger SV,Germany,300000.0,0,2025.csv
2025,Premier League,Arsenal FC,summer,out,Jorginho,102017,33,Italy,Defensive Midfield,DM,6000000.0,CR Flamengo,Brazil,0.0,0,2025.csv
2025,Premier League,Arsenal FC,summer,out,Kieran Tierney,300716,28,Scotland,Left-Back,LB,9000000.0,Celtic FC,Scotland,0.0,0,2025.csv
2025,Premier League,Arsenal FC,summer,out,Thomas Partey,230784,32,Ghana,Defensive Midfield,DM,14000000.0,Villarreal CF,Spain,0.0,0,2025.csv
2025,Premier League,Arsenal FC,summer,out,Oleksandr Zinchenko,203853,28,Ukraine,Left-Back,LB,20000000.0,Nottingham Forest,England,0.0,1,2025.csv
2025,Premier League,Arsenal FC,summer,out,Reiss Nelson,340325,25,England,Left Winger,LW,16000000.0,Brentford FC,England,0.0,1,2025.csv
2025,Premier League,Arsenal FC,summer,out,Fábio Vieira,537598,25,Portugal,Attacking Midfield,AM,22000000.0,Hamburger SV,Germany,0.0,1,2025.csv
2025,Premier League,Arsenal FC,summer,out,Karl Hein,493513,23,Estonia,Goalkeeper,GK,3000000.0,SV Werder Bremen,Germany,0.0,1,2025.csv
2025,Premier League,Arsenal FC,summer,out,Takehiro Tomiyasu,331560,26,Japan,Centre-Back,CB,18000000.0,Without Club,,,0,2025.csv
2025,Premier League,Arsenal FC,summer,out,Raheem Sterling,134425,30,England,Right Winger,RW,10000000.0,Chelsea FC,England,0.0,1,2025.csv
2025,Premier League,Arsenal FC,summer,out,Neto,111819,35,Brazil,Goalkeeper,GK,1500000.0,AFC Bournemouth,England,0.0,1,2025.csv
2025,Premier League,Aston Villa,summer,in,Evann Guessand,500689,24,Cote d'Ivoire,Centre-Forward,CF,25000000.0,OGC Nice,France,30000000.0,0,2025.csv
2025,Premier League,Aston Villa,summer,in,Marco Bizot,124884,34,Netherlands,Goalkeeper,GK,3000000.0,Stade Brestois 29,France,500000.0,0,2025.csv
2025,Premier League,Aston Villa,summer,in,Victor Lindelöf,184573,31,Sweden,Centre-Back,CB,8000000.0,Manchester United,England,0.0,0,2025.csv
2025,Premier League,Aston Villa,summer,in,Harvey Elliott,565822,22,England,Attacking Midfield,AM,30000000.0,Liverpool FC,England,0.0,1,2025.csv
2025,Premier League,Aston Villa,summer,in,Jadon Sancho,401173,25,England,Left Winger,LW,28000000.0,Manchester United,England,0.0,1,2025.csv
2025,Premier League,Aston Villa,summer,out,Jacob Ramsey,503749,24,England,Central Midfield,CM,32000000.0,Newcastle United,England,45150000.0,0,2025.csv
2025,Premier League,Aston Villa,summer,out,Kaine Kesler-Hayden,626888,22,England,Right-Back,RB,2500000.0,Coventry City,England,4000000.0,0,2025.csv
2025,Premier League,Aston Villa,summer,out,Enzo Barrenechea,671915,24,Argentina,Defensive Midfield,DM,10000000.0,SL Benfica,Portugal,3000000.0,1,2025.csv
2025,Premier League,Aston Villa,summer,out,Leon Bailey,387626,28,Jamaica,Right Winger,RW,28000000.0,AS Roma,Italy,3000000.0,1,2025.csv
2025,Premier League,Aston Villa,summer,out,Robin Olsen,75458,35,Sweden,Goalkeeper,GK,1000000.0,Malmö FF,Sweden,0.0,0,2025.csv
2025,Premier League,Aston Villa,summer,out,Philippe Coutinho,80444,33,Brazil,Attacking Midfield,AM,4500000.0,Clube de Regatas Vasco da Gama,Brazil,0.0,0,2025.csv
2025,Premier League,Aston Villa,summer,out,Álex Moreno,193098,32,Spain,Left-Back,LB,7000000.0,Girona FC,Spain,0.0,0,2025.csv
2025,Premier League,Aston Villa,summer,out,Leander Dendoncker,168157,30,Belgium,Defensive Midfield,DM,4500000.0,Real Oviedo,Spain,0.0,0,2025.csv
2025,Premier League,Aston Villa,summer,out,Lewis Dobbin,627248,22,England,Left Winger,LW,2500000.0,Preston North End,England,0.0,1,2025.csv
2025,Premier League,Aston Villa,summer,out,Filip Marschall,610863,22,England,Goalkeeper,GK,800000.0,Stevenage FC,England,,0,2025.csv
2025,Premier League,Aston Villa,summer,out,Samuel Iling-Junior,581672,21,England,Left-Back,LB,10000000.0,West Bromwich Albion,England,0.0,1,2025.csv
2025,Premier League,Aston Villa,summer,out,Joe Gauci,591844,25,Australia,Goalkeeper,GK,1500000.0,Port Vale FC,England,0.0,1,2025.csv
2025,Premier League,Aston Villa,summer,out,Oliwier Zych,555074,21,Poland,Goalkeeper,GK,800000.0,Raków Częstochowa,Poland,0.0,1,2025.csv
2025,Premier League,Aston Villa,summer,out,Kortney Hause,233124,29,England,Centre-Back,CB,1000000.0,Without Club,,,0,2025.csv
2025,Premier League,Aston Villa,summer,out,Axel Disasi,386047,27,France,Centre-Back,CB,22000000.0,Chelsea FC,England,0.0,1,2025.csv
2025,Premier League,Aston Villa,summer,out,Marco Asensio,296622,29,Spain,Attacking Midfield,AM,20000000.0,Paris Saint-Germain,France,0.0,1,2025.csv
2025,Premier League,Aston Villa,summer,out,Marcus Rashford,258923,27,England,Left Winger,LW,50000000.0,Manchester United,England,0.0,1,2025.csv
2025,Premier League,Brentford FC,summer,in,Dango Ouattara,823231,23,Burkina Faso,Left Winger,LW,28000000.0,AFC Bournemouth,England,42800000.0,0,2025.csv
2025,Premier League,Brentford FC,summer,in,Antoni Milambo,683620,20,Netherlands,Attacking Midfield,AM,18000000.0,Feyenoord Rotterdam,Netherlands,20000000.0,0,2025.csv
2025,Premier League,Brentford FC,summer,in,Michael Kayode,823486,20,Italy,Right-Back,RB,18000000.0,ACF Fiorentina,Italy,17500000.0,0,2025.csv
2025,Premier League,Brentford FC,summer,in,Caoimhín Kelleher,340918,26,Ireland,Goalkeeper,GK,20000000.0,Liverpool FC,England,14800000.0,0,2025.csv
2025,Premier League,Brentford FC,summer,in,Romelle Donovan,1091562,18,England,Right Winger,RW,800000.0,Birmingham City,England,3600000.0,0,2025.csv
2025,Premier League,Brentford FC,summer,in,Jordan Henderson,61651,35,England,Defensive Midfield,DM,2500000.0,Ajax Amsterdam,Netherlands,0.0,0,2025.csv
2025,Premier League,Brentford FC,summer,in,Reiss Nelson,340325,25,England,Left Winger,LW,16000000.0,Arsenal FC,England,0.0,1,2025.csv
2025,Premier League,Brentford FC,summer,out,Bryan Mbeumo,413039,25,Cameroon,Right Winger,RW,55000000.0,Manchester United,England,75000000.0,0,2025.csv
2025,Premier League,Brentford FC,summer,out,Yoane Wissa,388165,28,DR Congo,Centre-Forward,CF,32000000.0,Newcastle United,England,57700000.0,0,2025.csv
2025,Premier League,Brentford FC,summer,out,Christian Nørgaard,148367,31,Denmark,Defensive Midfield,DM,11000000.0,Arsenal FC,England,11600000.0,0,2025.csv
2025,Premier League,Brentford FC,summer,out,Mark Flekken,125714,32,Netherlands,Goalkeeper,GK,10000000.0,Bayer 04 Leverkusen,Germany,11000000.0,0,2025.csv
2025,Premier League,Brentford FC,summer,out,Ben Mee,74810,35,England,Centre-Back,CB,700000.0,Sheffield United,England,0.0,0,2025.csv
2025,Premier League,Brentford FC,summer,out,Ben Winterbottom,505046,23,England,Goalkeeper,GK,,Barrow AFC,England,0.0,0,2025.csv
2025,Premier League,Brentford FC,summer,out,Mads Roerslev,391005,26,Denmark,Right-Back,RB,6000000.0,Southampton FC,England,,0,2025.csv
2025,Premier League,Brentford FC,summer,out,Ji-soo Kim,709767,20,"Korea, South",Centre-Back,CB,600000.0,1.FC Kaiserslautern,Germany,0.0,1,2025.csv
2025,Premier League,Brentford FC,summer,out,Josh Dasilva,340321,26,England,Central Midfield,CM,5000000.0,Without Club,,,0,2025.csv
2025,Premier League,Brentford FC,summer,out,Ryan Trevitt,874538,22,England,Central Midfield,CM,275000.0,Wigan Athletic,England,0.0,1,2025.csv
2025,Premier League,Brentford FC,summer,out,Jayden Meghoma,954104,19,England,Left-Back,LB,500000.0,Rangers FC,Scotland,0.0,1,2025.csv
2025,Premier League,Brentford FC,summer,out,Michael Kayode,823486,20,Italy,Right-Back,RB,18000000.0,ACF Fiorentina,Italy,0.0,1,2025.csv
2025,Premier League,Brighton & Hove Albion,summer,in,Charalampos Kostoulas,1060087,18,Greece,Centre-Forward,CF,12000000.0,Olympiacos Piraeus,Greece,35000000.0,0,2025.csv
2025,Premier League,Brighton & Hove Albion,summer,in,Maxim De Cuyper,429915,24,Belgium,Left-Back,LB,16000000.0,Club Brugge KV,Belgium,20000000.0,0,2025.csv
2025,Premier League,Brighton & Hove Albion,summer,in,Tom Watson,933018,19,England,Left Winger,LW,8000000.0,Sunderland AFC,England,12000000.0,0,2025.csv
2025,Premier League,Brighton & Hove Albion,summer,in,Diego Coppola,660860,21,Italy,Centre-Back,CB,10000000.0,Hellas Verona,Italy,11000000.0,0,2025.csv
2025,Premier League,Brighton & Hove Albion,summer,in,Do-young Yoon,1015959,18,"Korea, South",Right Winger,RW,800000.0,Daejeon Hana Citizen,"Korea, South",2000000.0,0,2025.csv
2025,Premier League,Brighton & Hove Albion,summer,in,Olivier Boscagli,318508,27,France,Centre-Back,CB,20000000.0,PSV Eindhoven,Netherlands,0.0,0,2025.csv
2025,Premier League,Brighton & Hove Albion,summer,out,João Pedro,626724,23,Brazil,Centre-Forward,CF,50000000.0,Chelsea FC,England,63700000.0,0,2025.csv
2025,Premier League,Brighton & Hove Albion,summer,out,Simon Adingra,658536,23,Cote d'Ivoire,Left Winger,LW,28000000.0,Sunderland AFC,England,24400000.0,0,2025.csv
2025,Premier League,Brighton & Hove Albion,summer,out,Pervis Estupiñán,349599,27,Ecuador,Left-Back,LB,30000000.0,AC Milan,Italy,17000000.0,0,2025.csv
2025,Premier League,Brighton & Hove Albion,summer,out,Valentín Barco,849410,20,Argentina,Central Midfield,CM,12000000.0,RC Strasbourg Alsace,France,10000000.0,0,2025.csv
2025,Premier League,Brighton & Hove Albion,summer,out,Julio Enciso,660867,21,Paraguay,Attacking Midfield,AM,22000000.0,RC Strasbourg Alsace,France,9500000.0,0,2025.csv
2025,Premier League,Brighton & Hove Albion,summer,out,Tariq Lamptey,504148,24,Ghana,Right-Back,RB,11000000.0,ACF Fiorentina,Italy,6000000.0,0,2025.csv
2025,Premier League,Brighton & Hove Albion,summer,out,Abdallah Sima,776798,24,Senegal,Left Winger,LW,9000000.0,RC Lens,France,4500000.0,0,2025.csv
2025,Premier League,Brighton & Hove Albion,summer,out,Evan Ferguson,648046,20,Ireland,Centre-Forward,CF,25000000.0,AS Roma,Italy,3000000.0,1,2025.csv
2025,Premier League,Brighton & Hove Albion,summer,out,Facundo Buonanotte,983989,20,Argentina,Attacking Midfield,AM,20000000.0,Chelsea FC,England,2300000.0,1,2025.csv
2025,Premier League,Brighton & Hove Albion,summer,out,Kjell Scherpen,463527,25,Netherlands,Goalkeeper,GK,5000000.0,Union Saint-Gilloise,Belgium,2000000.0,0,2025.csv
2025,Premier League,Brighton & Hove Albion,summer,out,Matt O'Riley,406634,24,Denmark,Central Midfield,CM,22000000.0,Olympique Marseille,France,2000000.0,1,2025.csv
2025,Premier League,Brighton & Hove Albion,summer,out,Odeluga Offiah,567597,22,England,Right-Back,RB,600000.0,Preston North End,England,1600000.0,0,2025.csv
2025,Premier League,Brighton & Hove Albion,summer,out,Ibrahim Osman,1110406,20,Ghana,Left Winger,LW,10000000.0,AJ Auxerre,France,0.0,1,2025.csv
2025,Premier League,Brighton & Hove Albion,summer,out,Do-young Yoon,1015959,18,"Korea, South",Right Winger,RW,800000.0,Excelsior Rotterdam,Netherlands,0.0,1,2025.csv
2025,Premier League,Brighton & Hove Albion,summer,out,Carl Rushworth,646353,24,England,Goalkeeper,GK,3000000.0,Coventry City,England,0.0,1,2025.csv
2025,Premier League,Brighton & Hove Albion,summer,out,Eiran Cashin,581330,23,Ireland,Centre-Back,CB,8000000.0,Birmingham City,England,0.0,1,2025.csv
2025,Premier League,Brighton & Hove Albion,summer,out,Andrew Moran,724537,21,Ireland,Attacking Midfield,AM,3500000.0,Los Angeles FC,United States,0.0,1,2025.csv
2025,Premier League,Brighton & Hove Albion,summer,out,Amario Cozier-Duberry,878150,20,England,Right Winger,RW,2000000.0,Bolton Wanderers,England,0.0,1,2025.csv
2025,Premier League,Brighton & Hove Albion,summer,out,James Beadle,670860,20,England,Goalkeeper,GK,5000000.0,Birmingham City,England,0.0,1,2025.csv
2025,Premier League,Brighton & Hove Albion,summer,out,Jeremy Sarmiento,568005,23,Ecuador,Left Winger,LW,7000000.0,US Cremonese,Italy,0.0,1,2025.csv
2025,Premier League,Brighton & Hove Albion,summer,out,Igor Julio,380350,27,Brazil,Centre-Back,CB,20000000.0,West Ham United,England,0.0,1,2025.csv
2025,Premier League,Brighton & Hove Albion,summer,out,Malick Yalcouyé,1178758,19,Cote d'Ivoire,Central Midfield,CM,17000000.0,Swansea City,England,0.0,1,2025.csv
2025,Premier League,Burnley FC,summer,in,Lesley Ugochukwu,711999,21,France,Defensive Midfield,DM,18000000.0,Chelsea FC,England,28700000.0,0,2025.csv
2025,Premier League,Burnley FC,summer,in,Armando Broja,571743,23,Albania,Centre-Forward,CF,12000000.0,Chelsea FC,England,23000000.0,0,2025.csv
2025,Premier League,Burnley FC,summer,in,Loum Tchaouna,607226,21,France,Right Winger,RW,10000000.0,SS Lazio,Italy,15150000.0,0,2025.csv
2025,Premier League,Burnley FC,summer,in,Bashir Humphreys,612517,22,England,Centre-Back,CB,7000000.0,Chelsea FC,England,14000000.0,0,2025.csv
2025,Premier League,Burnley FC,summer,in,Marcus Edwards,314367,26,England,Right Winger,RW,12000000.0,Sporting CP,Portugal,10000000.0,0,2025.csv
2025,Premier League,Burnley FC,summer,in,Quilindschy Hartman,514285,23,Netherlands,Left-Back,LB,14000000.0,Feyenoord Rotterdam,Netherlands,10000000.0,0,2025.csv
2025,Premier League,Burnley FC,summer,in,Jaidon Anthony,684210,25,England,Left Winger,LW,9000000.0,AFC Bournemouth,England,9500000.0,0,2025.csv
2025,Premier League,Burnley FC,summer,in,Zian Flemming,411537,26,Netherlands,Centre-Forward,CF,6500000.0,Millwall FC,England,8300000.000000001,0,2025.csv
2025,Premier League,Burnley FC,summer,in,Jacob Bruun Larsen,293281,26,Denmark,Left Winger,LW,5000000.0,VfB Stuttgart,Germany,4000000.0,0,2025.csv
2025,Premier League,Burnley FC,summer,in,Max Weiß,829299,21,Germany,Goalkeeper,GK,4000000.0,Karlsruher SC,Germany,4000000.0,0,2025.csv
2025,Premier League,Burnley FC,summer,in,Florentino,357162,26,Portugal,Defensive Midfield,DM,22000000.0,SL Benfica,Portugal,2000000.0,1,2025.csv
2025,Premier League,Burnley FC,summer,in,Axel Tuanzebe,342046,27,DR Congo,Centre-Back,CB,5000000.0,Ipswich Town,England,0.0,0,2025.csv
2025,Premier League,Burnley FC,summer,in,Martin Dúbravka,74960,36,Slovakia,Goalkeeper,GK,1000000.0,Newcastle United,England,,0,2025.csv
2025,Premier League,Burnley FC,summer,in,Kyle Walker,95424,35,England,Right-Back,RB,4000000.0,Manchester City,England,,0,2025.csv
2025,Premier League,Burnley FC,summer,out,James Trafford,566799,22,England,Goalkeeper,GK,22000000.0,Manchester City,England,31200000.0,0,2025.csv
2025,Premier League,Burnley FC,summer,out,Han-Noah Massengo,536508,24,France,Central Midfield,CM,5000000.0,FC Augsburg,Germany,3000000.0,0,2025.csv
2025,Premier League,Burnley FC,summer,out,Dara Costelloe,614700,22,Ireland,Left Winger,LW,450000.0,Wigan Athletic,England,400000.0,0,2025.csv
2025,Premier League,Burnley FC,summer,out,Andréas Hountondji,704155,22,Benin,Centre-Forward,CF,2500000.0,FC St. Pauli,Germany,400000.0,1,2025.csv
2025,Premier League,Burnley FC,summer,out,Etienne Green,696849,25,England,Goalkeeper,GK,700000.0,FC Fredericia,Denmark,0.0,0,2025.csv
2025,Premier League,Burnley FC,summer,out,Josh Brownhill,293569,29,England,Central Midfield,CM,14000000.0,Al-Shabab FC,Saudi Arabia,0.0,0,2025.csv
2025,Premier League,Burnley FC,summer,out,CJ Egan-Riley,581669,22,England,Centre-Back,CB,16000000.0,Olympique Marseille,France,0.0,0,2025.csv
2025,Premier League,Burnley FC,summer,out,Jonjo Shelvey,71292,33,England,Central Midfield,CM,800000.0,Arabian Falcons FC,United Arab Emirates,0.0,0,2025.csv
2025,Premier League,Burnley FC,summer,out,Darko Churlinov,386786,25,North Macedonia,Left Winger,LW,1500000.0,Kocaelispor,Türkiye,,0,2025.csv
2025,Premier League,Burnley FC,summer,out,Shurandy Sambo,412937,23,Curacao,Right-Back,RB,2000000.0,Sparta Rotterdam,Netherlands,0.0,1,2025.csv
2025,Premier League,Burnley FC,summer,out,Aaron Ramsey,646658,22,England,Attacking Midfield,AM,10000000.0,Leicester City,England,0.0,1,2025.csv
2025,Premier League,Burnley FC,summer,out,Michael Obafemi,444208,25,Ireland,Centre-Forward,CF,1700000.0,VfL Bochum,Germany,0.0,1,2025.csv
2025,Premier League,Burnley FC,summer,out,Luca Koleosho,745461,20,Italy,Right Winger,RW,12000000.0,RCD Espanyol Barcelona,Spain,0.0,1,2025.csv
2025,Premier League,Burnley FC,summer,out,Oluwaseun Adewumi,982081,20,Austria,Attacking Midfield,AM,350000.0,Cercle Brugge ,Belgium,0.0,1,2025.csv
2025,Premier League,Burnley FC,summer,out,Owen Dodgson,686839,22,England,Left-Back,LB,300000.0,Stockport County,England,0.0,1,2025.csv
2025,Premier League,Burnley FC,summer,out,Nathan Redmond,129078,31,England,Right Winger,RW,1500000.0,Without Club,,,0,2025.csv
2025,Premier League,Burnley FC,summer,out,Benson Manuel,322702,28,Angola,Right Winger,RW,3500000.0,Swansea City,England,0.0,1,2025.csv
2025,Premier League,Burnley FC,summer,out,Zian Flemming,411537,26,Netherlands,Centre-Forward,CF,6500000.0,Millwall FC,England,0.0,1,2025.csv
2025,Premier League,Burnley FC,summer,out,Marcus Edwards,314367,26,England,Right Winger,RW,12000000.0,Sporting CP,Portugal,0.0,1,2025.csv
2025,Premier League,Burnley FC,summer,out,Jaidon Anthony,684210,25,England,Left Winger,LW,9000000.0,AFC Bournemouth,England,0.0,1,2025.csv
2025,Premier League,Burnley FC,summer,out,Bashir Humphreys,612517,22,England,Centre-Back,CB,7000000.0,Chelsea FC,England,0.0,1,2025.csv
2025,Premier League,Chelsea FC,summer,in,João Pedro,626724,23,Brazil,Centre-Forward,CF,50000000.0,Brighton & Hove Albion,England,63700000.0,0,2025.csv
2025,Premier League,Chelsea FC,summer,in,Jamie Gittens,670882,20,England,Left Winger,LW,50000000.0,Borussia Dortmund,Germany,56000000.0,0,2025.csv
2025,Premier League,Chelsea FC,summer,in,Alejandro Garnacho,811779,21,Argentina,Left Winger,LW,45000000.0,Manchester United,England,46200000.0,0,2025.csv
2025,Premier League,Chelsea FC,summer,in,Estêvão,1056993,18,Brazil,Right Winger,RW,60000000.0,Sociedade Esportiva Palmeiras,Brazil,45000000.0,0,2025.csv
2025,Premier League,Chelsea FC,summer,in,Jorrel Hato,904802,19,Netherlands,Left-Back,LB,35000000.0,Ajax Amsterdam,Netherlands,44180000.0,0,2025.csv
2025,Premier League,Chelsea FC,summer,in,Liam Delap,610849,22,England,Centre-Forward,CF,40000000.0,Ipswich Town,England,35500000.0,0,2025.csv
2025,Premier League,Chelsea FC,summer,in,Dário Essugo,670717,20,Portugal,Defensive Midfield,DM,20000000.0,Sporting CP,Portugal,22270000.0,0,2025.csv
2025,Premier League,Chelsea FC,summer,in,Mamadou Sarr,910905,19,France,Centre-Back,CB,20000000.0,RC Strasbourg Alsace,France,14000000.0,0,2025.csv
2025,Premier League,Chelsea FC,summer,in,Kendry Páez,1052439,18,Ecuador,Attacking Midfield,AM,10000000.0,Independiente del Valle,Ecuador,10000000.0,0,2025.csv
2025,Premier League,Chelsea FC,summer,in,Facundo Buonanotte,983989,20,Argentina,Attacking Midfield,AM,20000000.0,Brighton & Hove Albion,England,2300000.0,1,2025.csv
2025,Premier League,Chelsea FC,summer,out,Noni Madueke,503987,23,England,Right Winger,RW,40000000.0,Arsenal FC,England,56000000.0,0,2025.csv
2025,Premier League,Chelsea FC,summer,out,Christopher Nkunku,344381,27,France,Centre-Forward,CF,35000000.0,AC Milan,Italy,37000000.0,0,2025.csv
2025,Premier League,Chelsea FC,summer,out,João Félix,462250,25,Portugal,Second Striker,SS,20000000.0,Al-Nassr FC,Saudi Arabia,30000000.0,0,2025.csv
2025,Premier League,Chelsea FC,summer,out,Djordje Petrovic,465555,25,Serbia,Goalkeeper,GK,20000000.0,AFC Bournemouth,England,28900000.0,0,2025.csv
2025,Premier League,Chelsea FC,summer,out,Lesley Ugochukwu,711999,21,France,Defensive Midfield,DM,18000000.0,Burnley FC,England,28700000.0,0,2025.csv
2025,Premier League,Chelsea FC,summer,out,Kiernan Dewsbury-Hall,475188,26,England,Central Midfield,CM,20000000.0,Everton FC,England,28650000.0,0,2025.csv
2025,Premier League,Chelsea FC,summer,out,Renato Veiga,805714,22,Portugal,Centre-Back,CB,25000000.0,Villarreal CF,Spain,24500000.0,0,2025.csv
2025,Premier League,Chelsea FC,summer,out,Armando Broja,571743,23,Albania,Centre-Forward,CF,12000000.0,Burnley FC,England,23000000.0,0,2025.csv
2025,Premier League,Chelsea FC,summer,out,Carney Chukwuemeka,659459,21,England,Central Midfield,CM,18000000.0,Borussia Dortmund,Germany,20000000.0,0,2025.csv
2025,Premier League,Chelsea FC,summer,out,Nicolas Jackson,776890,24,Senegal,Centre-Forward,CF,50000000.0,Bayern Munich,Germany,16500000.0,1,2025.csv
2025,Premier League,Chelsea FC,summer,out,Mathis Amougou,1010854,19,France,Central Midfield,CM,10000000.0,RC Strasbourg Alsace,France,14500000.0,0,2025.csv
2025,Premier League,Chelsea FC,summer,out,Bashir Humphreys,612517,22,England,Centre-Back,CB,7000000.0,Burnley FC,England,14000000.0,0,2025.csv
2025,Premier League,Chelsea FC,summer,out,Kepa Arrizabalaga,192279,30,Spain,Goalkeeper,GK,10000000.0,Arsenal FC,England,5800000.0,0,2025.csv
2025,Premier League,Chelsea FC,summer,out,Marcus Bettinelli,116648,33,England,Goalkeeper,GK,600000.0,Manchester City,England,2400000.0,0,2025.csv
2025,Premier League,Chelsea FC,summer,out,Alfie Gilchrist,790992,21,England,Right-Back,RB,8000000.0,West Bromwich Albion,England,2300000.0,0,2025.csv
2025,Premier League,Chelsea FC,summer,out,Ben Chilwell,316125,28,England,Left-Back,LB,15000000.0,RC Strasbourg Alsace,France,0.0,0,2025.csv
2025,Premier League,Chelsea FC,summer,out,Lucas Bergström,490606,22,Finland,Goalkeeper,GK,700000.0,RCD Mallorca,Spain,0.0,0,2025.csv
2025,Premier League,Chelsea FC,summer,out,David Datro Fofana,787232,22,Cote d'Ivoire,Centre-Forward,CF,6000000.0,Fatih Karagümrük,Türkiye,0.0,1,2025.csv
2025,Premier League,Chelsea FC,summer,out,Marc Guiu,938158,19,Spain,Centre-Forward,CF,8000000.0,Sunderland AFC,England,0.0,1,2025.csv
2025,Premier League,Chelsea FC,summer,out,Mamadou Sarr,910905,19,France,Centre-Back,CB,20000000.0,RC Strasbourg Alsace,France,0.0,1,2025.csv
2025,Premier League,Chelsea FC,summer,out,Kendry Páez,1052439,18,Ecuador,Attacking Midfield,AM,10000000.0,RC Strasbourg Alsace,France,0.0,1,2025.csv
2025,Premier League,Chelsea FC,summer,out,Mike Penders,834397,19,Belgium,Goalkeeper,GK,12000000.0,RC Strasbourg Alsace,France,0.0,1,2025.csv
2025,Premier League,Chelsea FC,summer,out,Aarón Anselmino,1145504,20,Argentina,Centre-Back,CB,8000000.0,Borussia Dortmund,Germany,0.0,1,2025.csv
2025,Premier League,Chelsea FC,summer,out,Jadon Sancho,401173,25,England,Left Winger,LW,28000000.0,Manchester United,England,0.0,1,2025.csv
2025,Premier League,Crystal Palace,summer,in,Yéremy Pino,568157,22,Spain,Right Winger,RW,30000000.0,Villarreal CF,Spain,30000000.0,0,2025.csv
2025,Premier League,Crystal Palace,summer,in,Jaydee Canvot,1006411,19,France,Centre-Back,CB,4000000.0,FC Toulouse,France,23000000.0,0,2025.csv
2025,Premier League,Crystal Palace,summer,in,Borna Sosa,293194,27,Croatia,Left-Back,LB,4500000.0,Ajax Amsterdam,Netherlands,2300000.0,0,2025.csv
2025,Premier League,Crystal Palace,summer,in,Walter Benítez,296802,32,Argentina,Goalkeeper,GK,7500000.0,PSV Eindhoven,Netherlands,0.0,0,2025.csv
2025,Premier League,Crystal Palace,summer,in,Christantus Uche,1124005,22,Nigeria,Centre-Forward,CF,15000000.0,Getafe CF,Spain,0.0,1,2025.csv
2025,Premier League,Crystal Palace,summer,out,Eberechi Eze,479999,27,England,Attacking Midfield,AM,55000000.0,Arsenal FC,England,69300000.0,0,2025.csv
2025,Premier League,Crystal Palace,summer,out,Odsonne Édouard,344152,27,France,Centre-Forward,CF,8000000.0,RC Lens,France,3700000.0,0,2025.csv
2025,Premier League,Crystal Palace,summer,out,Malcolm Ebiowei,512354,21,England,Right Winger,RW,1200000.0,Blackpool FC,England,1150000.0,0,2025.csv
2025,Premier League,Crystal Palace,summer,out,Luke Plange,586986,22,England,Centre-Forward,CF,500000.0,Grasshopper Club Zurich,Switzerland,0.0,0,2025.csv
2025,Premier League,Crystal Palace,summer,out,Jeffrey Schlupp,157506,32,Ghana,Left Midfield,LM,3000000.0,Norwich City,England,0.0,0,2025.csv
2025,Premier League,Crystal Palace,summer,out,Rob Holding,253341,29,England,Centre-Back,CB,3500000.0,Colorado Rapids,United States,0.0,0,2025.csv
2025,Premier League,Crystal Palace,summer,out,Jesurun Rak-Sakyi,586834,22,England,Right Winger,RW,6000000.0,Caykur Rizespor,Türkiye,0.0,1,2025.csv
2025,Premier League,Crystal Palace,summer,out,Matheus França,743597,21,Brazil,Attacking Midfield,AM,10000000.0,Clube de Regatas Vasco da Gama,Brazil,0.0,1,2025.csv
2025,Premier League,Crystal Palace,summer,out,Hindolo Mustapha,1047258,19,Sierra Leone,Attacking Midfield,AM,,1.FC Nuremberg,Germany,0.0,1,2025.csv
2025,Premier League,Crystal Palace,summer,out,David Ozoh,865993,20,England,Defensive Midfield,DM,700000.0,Derby County,England,0.0,1,2025.csv
2025,Premier League,Crystal Palace,summer,out,Joe Whitworth,670840,21,England,Goalkeeper,GK,1700000.0,Exeter City,England,0.0,1,2025.csv
2025,Premier League,Crystal Palace,summer,out,Joel Ward,92572,35,England,Right-Back,RB,500000.0,Without Club,,,0,2025.csv
2025,Premier League,Crystal Palace,summer,out,Ben Chilwell,316125,28,England,Left-Back,LB,15000000.0,Chelsea FC,England,0.0,1,2025.csv
2025,Premier League,Crystal Palace,summer,out,Matt Turner,425306,31,United States,Goalkeeper,GK,2500000.0,Nottingham Forest,England,0.0,1,2025.csv
2025,Premier League,Everton FC,summer,in,Tyler Dibling,866655,19,England,Right Winger,RW,25000000.0,Southampton FC,England,40500000.0,0,2025.csv
2025,Premier League,Everton FC,summer,in,Thierno Barry,937941,22,France,Centre-Forward,CF,20000000.0,Villarreal CF,Spain,30000000.0,0,2025.csv
2025,Premier League,Everton FC,summer,in,Kiernan Dewsbury-Hall,475188,26,England,Central Midfield,CM,20000000.0,Chelsea FC,England,28650000.0,0,2025.csv
2025,Premier League,Everton FC,summer,in,Carlos Alcaraz,748319,22,Argentina,Central Midfield,CM,14000000.0,CR Flamengo,Brazil,15000000.0,0,2025.csv
2025,Premier League,Everton FC,summer,in,Adam Aznou,938146,19,Morocco,Left-Back,LB,4000000.0,Bayern Munich,Germany,9000000.0,0,2025.csv
2025,Premier League,Everton FC,summer,in,Mark Travers,357658,26,Ireland,Goalkeeper,GK,4000000.0,AFC Bournemouth,England,4600000.0,0,2025.csv
2025,Premier League,Everton FC,summer,in,Merlin Röhl,608832,23,Germany,Attacking Midfield,AM,12000000.0,SC Freiburg,Germany,2000000.0,1,2025.csv
2025,Premier League,Everton FC,summer,in,Tom King,215810,30,Wales,Goalkeeper,GK,200000.0,Wolverhampton Wanderers,England,,0,2025.csv
2025,Premier League,Everton FC,summer,in,Jack Grealish,203460,29,England,Left Winger,LW,28000000.0,Manchester City,England,0.0,1,2025.csv
2025,Premier League,Everton FC,summer,out,Youssef Chermiti,670688,21,Portugal,Centre-Forward,CF,8000000.0,Rangers FC,Scotland,8600000.0,0,2025.csv
2025,Premier League,Everton FC,summer,out,Neal Maupay,217115,28,France,Centre-Forward,CF,8000000.0,Olympique Marseille,France,4000000.0,0,2025.csv
2025,Premier League,Everton FC,summer,out,João Virgínia,329813,25,Portugal,Goalkeeper,GK,800000.0,Sporting CP,Portugal,0.0,0,2025.csv
2025,Premier League,Everton FC,summer,out,Dominic Calvert-Lewin,306024,28,England,Centre-Forward,CF,16000000.0,Leeds United,England,0.0,0,2025.csv
2025,Premier League,Everton FC,summer,out,Asmir Begovic,33873,38,Bosnia-Herzegovina,Goalkeeper,GK,250000.0,Leicester City,England,0.0,0,2025.csv
2025,Premier League,Everton FC,summer,out,Mason Holgate,348623,28,Jamaica,Centre-Back,CB,4000000.0,Al-Gharafa SC,Qatar,0.0,0,2025.csv
2025,Premier League,Everton FC,summer,out,Abdoulaye Doucouré,127187,32,Mali,Attacking Midfield,AM,7000000.0,NEOM SC,Saudi Arabia,0.0,0,2025.csv
2025,Premier League,Everton FC,summer,out,Ashley Young,14086,40,England,Right-Back,RB,500000.0,Ipswich Town,England,0.0,0,2025.csv
2025,Premier League,Everton FC,summer,out,Tyler Onyango,663225,22,England,Central Midfield,CM,300000.0,Stockport County,England,0.0,1,2025.csv
2025,Premier League,Everton FC,summer,out,Harrison Armstrong,1107733,18,England,Central Midfield,CM,800000.0,Preston North End,England,0.0,1,2025.csv
2025,Premier League,Everton FC,summer,out,Billy Crellin,536794,25,England,Goalkeeper,GK,125000.0,Without Club,,,0,2025.csv
2025,Premier League,Everton FC,summer,out,Isaac Heath,847579,20,England,Left Winger,LW,,Accrington Stanley,England,0.0,1,2025.csv
2025,Premier League,Everton FC,summer,out,Jack Harrison,417346,28,England,Left Winger,LW,14000000.0,Leeds United,England,0.0,1,2025.csv
2025,Premier League,Everton FC,summer,out,Jack Grealish,203460,30,England,Left Winger,LW,28000000.0,Manchester City,England,0.0,1,2025.csv
2025,Premier League,Everton FC,summer,out,Carlos Alcaraz,748319,22,Argentina,Central Midfield,CM,14000000.0,CR Flamengo,Brazil,0.0,1,2025.csv
2025,Premier League,Everton FC,summer,out,Armando Broja,571743,23,Albania,Centre-Forward,CF,12000000.0,Chelsea FC,England,0.0,1,2025.csv
2025,Premier League,Everton FC,summer,out,Orel Mangala,289592,27,Belgium,Defensive Midfield,DM,18000000.0,Olympique Lyon,France,0.0,1,2025.csv
2025,Premier League,Everton FC,summer,out,Jesper Lindstrøm,513245,25,Denmark,Right Winger,RW,18000000.0,SSC Napoli,Italy,0.0,1,2025.csv
2025,Premier League,Fulham FC,summer,in,Kevin,900195,22,Brazil,Left Winger,LW,12000000.0,Shakhtar Donetsk,Ukraine,40000000.0,0,2025.csv
2025,Premier League,Fulham FC,summer,in,Jonah Kusi-Asare,1069512,18,Sweden,Centre-Forward,CF,2500000.0,Bayern Munich,Germany,4000000.0,1,2025.csv
2025,Premier League,Fulham FC,summer,in,Benjamin Lecomte,127181,34,France,Goalkeeper,GK,1500000.0,Montpellier HSC,France,500000.0,0,2025.csv
2025,Premier League,Fulham FC,summer,in,Samuel Chukwueze,401922,26,Nigeria,Right Winger,RW,10000000.0,AC Milan,Italy,0.0,1,2025.csv
2025,Premier League,Fulham FC,summer,out,Andreas Pereira,203394,29,Brazil,Attacking Midfield,AM,18000000.0,Sociedade Esportiva Palmeiras,Brazil,10000000.0,0,2025.csv
2025,Premier League,Fulham FC,summer,out,Martial Godo,992686,22,Cote d'Ivoire,Left Winger,LW,600000.0,RC Strasbourg Alsace,France,7000000.0,0,2025.csv
2025,Premier League,Fulham FC,summer,out,Carlos Vinícius,525287,30,Brazil,Centre-Forward,CF,3500000.0,Grêmio Foot-Ball Porto Alegrense,Brazil,0.0,0,2025.csv
2025,Premier League,Fulham FC,summer,out,Steven Benda,381469,26,Germany,Goalkeeper,GK,1000000.0,Millwall FC,England,0.0,1,2025.csv
2025,Premier League,Fulham FC,summer,out,Luke Harris,817612,20,Wales,Attacking Midfield,AM,1000000.0,Oxford United,England,0.0,1,2025.csv
2025,Premier League,Fulham FC,summer,out,Willian,52769,36,Brazil,Left Winger,LW,750000.0,Without Club,,,0,2025.csv
2025,Premier League,Fulham FC,summer,out,Reiss Nelson,340325,25,England,Left Winger,LW,16000000.0,Arsenal FC,England,0.0,1,2025.csv
2025,Premier League,Leeds United,summer,in,Anton Stach,344069,26,Germany,Defensive Midfield,DM,14000000.0,TSG 1899 Hoffenheim,Germany,20000000.0,0,2025.csv
2025,Premier League,Leeds United,summer,in,Noah Okafor,346890,25,Switzerland,Left Winger,LW,13000000.0,AC Milan,Italy,19000000.0,0,2025.csv
2025,Premier League,Leeds United,summer,in,Jaka Bijol,371851,26,Slovenia,Centre-Back,CB,18000000.0,Udinese Calcio,Italy,18000000.0,0,2025.csv
2025,Premier League,Leeds United,summer,in,Lucas Perri,352041,27,Brazil,Goalkeeper,GK,10000000.0,Olympique Lyon,France,16000000.0,0,2025.csv
2025,Premier League,Leeds United,summer,in,Sean Longstaff,346707,27,England,Central Midfield,CM,20000000.0,Newcastle United,England,13800000.0,0,2025.csv
2025,Premier League,Leeds United,summer,in,Gabriel Gudmundsson,362108,26,Sweden,Left-Back,LB,7000000.0,LOSC Lille,France,11600000.0,0,2025.csv
2025,Premier League,Leeds United,summer,in,James Justin,413220,27,England,Right-Back,RB,13000000.0,Leicester City,England,9300000.0,0,2025.csv
2025,Premier League,Leeds United,summer,in,Sebastiaan Bornauw,338629,26,Belgium,Centre-Back,CB,6000000.0,VfL Wolfsburg,Germany,6000000.0,0,2025.csv
2025,Premier League,Leeds United,summer,in,Dominic Calvert-Lewin,306024,28,England,Centre-Forward,CF,16000000.0,Everton FC,England,0.0,0,2025.csv
2025,Premier League,Leeds United,summer,in,Lukas Nmecha,314288,26,Germany,Centre-Forward,CF,3000000.0,VfL Wolfsburg,Germany,0.0,0,2025.csv
2025,Premier League,Leeds United,summer,out,Rasmus Kristensen,369684,27,Denmark,Right-Back,RB,14000000.0,Eintracht Frankfurt,Germany,6000000.0,0,2025.csv
2025,Premier League,Leeds United,summer,out,Sam Greenwood,532178,23,England,Attacking Midfield,AM,4500000.0,Pogon Szczecin,Poland,2000000.0,0,2025.csv
2025,Premier League,Leeds United,summer,out,Darko Gyabi,663264,21,England,Central Midfield,CM,1800000.0,Hull City,England,0.0,0,2025.csv
2025,Premier League,Leeds United,summer,out,Junior Firpo,374139,28,Dominican Republic,Left-Back,LB,8000000.0,Real Betis Balompié,Spain,0.0,0,2025.csv
2025,Premier League,Leeds United,summer,out,Joe Gelhardt,503980,23,England,Centre-Forward,CF,3000000.0,Hull City,England,0.0,1,2025.csv
2025,Premier League,Leeds United,summer,out,Mateo Joseph,834742,21,Spain,Centre-Forward,CF,3500000.0,RCD Mallorca,Spain,0.0,1,2025.csv
2025,Premier League,Leeds United,summer,out,Maximilian Wöber,263361,27,Austria,Centre-Back,CB,8000000.0,SV Werder Bremen,Germany,0.0,1,2025.csv
2025,Premier League,Leeds United,summer,out,Isaac Schmidt,449597,25,Switzerland,Left-Back,LB,2200000.0,SV Werder Bremen,Germany,0.0,1,2025.csv
2025,Premier League,Leeds United,summer,out,Largie Ramazani,518644,24,Belgium,Left Winger,LW,7500000.0,Valencia CF,Spain,0.0,1,2025.csv
2025,Premier League,Leeds United,summer,out,Josuha Guilavogui,93704,34,France,Defensive Midfield,DM,300000.0,Without Club,,,0,2025.csv
2025,Premier League,Leeds United,summer,out,Patrick Bamford,183334,31,England,Centre-Forward,CF,2000000.0,Without Club,,,0,2025.csv
2025,Premier League,Leeds United,summer,out,Charlie Crew,883539,19,Wales,Defensive Midfield,DM,150000.0,Doncaster Rovers,England,0.0,1,2025.csv
2025,Premier League,Leeds United,summer,out,Manor Solomon,396638,25,Israel,Left Winger,LW,14000000.0,Tottenham Hotspur,England,0.0,1,2025.csv
2025,Premier League,Leeds United,summer,out,Joe Rothwell,183293,30,England,Central Midfield,CM,1800000.0,AFC Bournemouth,England,0.0,1,2025.csv
2025,Premier League,Liverpool FC,summer,in,Alexander Isak,349066,25,Sweden,Centre-Forward,CF,120000000.0,Newcastle United,England,145000000.0,0,2025.csv
2025,Premier League,Liverpool FC,summer,in,Florian Wirtz,598577,22,Germany,Attacking Midfield,AM,140000000.0,Bayer 04 Leverkusen,Germany,125000000.0,0,2025.csv
2025,Premier League,Liverpool FC,summer,in,Hugo Ekitiké,709726,23,France,Centre-Forward,CF,75000000.0,Eintracht Frankfurt,Germany,95000000.0,0,2025.csv
2025,Premier League,Liverpool FC,summer,in,Milos Kerkez,730861,21,Hungary,Left-Back,LB,45000000.0,AFC Bournemouth,England,46900000.0,0,2025.csv
2025,Premier League,Liverpool FC,summer,in,Jeremie Frimpong,484547,24,Netherlands,Right-Back,RB,50000000.0,Bayer 04 Leverkusen,Germany,40000000.0,0,2025.csv
2025,Premier League,Liverpool FC,summer,in,Giovanni Leoni,1086619,18,Italy,Centre-Back,CB,18000000.0,Parma Calcio 1913,Italy,31000000.0,0,2025.csv
2025,Premier League,Liverpool FC,summer,in,Freddie Woodman,226049,28,England,Goalkeeper,GK,3500000.0,Preston North End,England,0.0,0,2025.csv
2025,Premier League,Liverpool FC,summer,out,Luis Díaz,480692,28,Colombia,Left Winger,LW,70000000.0,Bayern Munich,Germany,70000000.0,0,2025.csv
2025,Premier League,Liverpool FC,summer,out,Darwin Núñez,546543,26,Uruguay,Centre-Forward,CF,45000000.0,Al-Hilal SFC,Saudi Arabia,53000000.0,0,2025.csv
2025,Premier League,Liverpool FC,summer,out,Jarell Quansah,632349,22,England,Centre-Back,CB,20000000.0,Bayer 04 Leverkusen,Germany,35000000.0,0,2025.csv
2025,Premier League,Liverpool FC,summer,out,Ben Gannon-Doak,719673,19,Scotland,Right Winger,RW,14000000.0,AFC Bournemouth,England,23200000.0,0,2025.csv
2025,Premier League,Liverpool FC,summer,out,Caoimhín Kelleher,340918,26,Ireland,Goalkeeper,GK,20000000.0,Brentford FC,England,14800000.0,0,2025.csv
2025,Premier League,Liverpool FC,summer,out,Trent Alexander-Arnold,314353,26,England,Right-Back,RB,75000000.0,Real Madrid,Spain,10000000.0,0,2025.csv
2025,Premier League,Liverpool FC,summer,out,Tyler Morton,618494,22,England,Defensive Midfield,DM,7000000.0,Olympique Lyon,France,10000000.0,0,2025.csv
2025,Premier League,Liverpool FC,summer,out,Nat Phillips,371814,28,England,Centre-Back,CB,3000000.0,West Bromwich Albion,England,3500000.0,0,2025.csv
2025,Premier League,Liverpool FC,summer,out,Harvey Davies,706815,21,England,Goalkeeper,GK,500000.0,Crawley Town,England,0.0,1,2025.csv
2025,Premier League,Liverpool FC,summer,out,Vitezslav Jaros,486604,23,Czech Republic,Goalkeeper,GK,4000000.0,Ajax Amsterdam,Netherlands,0.0,1,2025.csv
2025,Premier League,Liverpool FC,summer,out,Konstantinos Tsimikas,338070,29,Greece,Left-Back,LB,18000000.0,AS Roma,Italy,0.0,1,2025.csv
2025,Premier League,Liverpool FC,summer,out,Harvey Elliott,565822,22,England,Attacking Midfield,AM,30000000.0,Aston Villa,England,0.0,1,2025.csv
2025,Premier League,Manchester City,summer,in,Tijjani Reijnders,460939,26,Netherlands,Central Midfield,CM,50000000.0,AC Milan,Italy,55000000.0,0,2025.csv
2025,Premier League,Manchester City,summer,in,Rayan Aït-Nouri,578391,24,Algeria,Left-Back,LB,35000000.0,Wolverhampton Wanderers,England,36800000.0,0,2025.csv
2025,Premier League,Manchester City,summer,in,Rayan Cherki,607223,21,France,Right Winger,RW,45000000.0,Olympique Lyon,France,36500000.0,0,2025.csv
2025,Premier League,Manchester City,summer,in,James Trafford,566799,22,England,Goalkeeper,GK,22000000.0,Burnley FC,England,31200000.0,0,2025.csv
2025,Premier League,Manchester City,summer,in,Gianluigi Donnarumma,315858,26,Italy,Goalkeeper,GK,40000000.0,Paris Saint-Germain,France,30000000.0,0,2025.csv
2025,Premier League,Manchester City,summer,in,Sverre Nypan,911736,18,Norway,Central Midfield,CM,15000000.0,Rosenborg BK,Norway,15000000.0,0,2025.csv
2025,Premier League,Manchester City,summer,in,Marcus Bettinelli,116648,33,England,Goalkeeper,GK,600000.0,Chelsea FC,England,2400000.0,0,2025.csv
2025,Premier League,Manchester City,summer,out,James McAtee,583199,22,England,Attacking Midfield,AM,20000000.0,Nottingham Forest,England,25500000.0,0,2025.csv
2025,Premier League,Manchester City,summer,out,Yan Couto,627228,23,Brazil,Right Midfield,RM,20000000.0,Borussia Dortmund,Germany,20000000.0,0,2025.csv
2025,Premier League,Manchester City,summer,out,Máximo Perrone,668547,22,Argentina,Defensive Midfield,DM,12000000.0,Como 1907,Italy,13000000.0,0,2025.csv
2025,Premier League,Manchester City,summer,out,Ederson,238223,32,Brazil,Goalkeeper,GK,20000000.0,Fenerbahce,Türkiye,11000000.0,0,2025.csv
2025,Premier League,Manchester City,summer,out,Manuel Akanji,284730,30,Switzerland,Centre-Back,CB,28000000.0,Inter Milan,Italy,1000000.0,1,2025.csv
2025,Premier League,Manchester City,summer,out,İlkay Gündoğan,53622,34,Germany,Central Midfield,CM,5000000.0,Galatasaray,Türkiye,0.0,0,2025.csv
2025,Premier League,Manchester City,summer,out,Kevin De Bruyne,88755,34,Belgium,Attacking Midfield,AM,20000000.0,SSC Napoli,Italy,0.0,0,2025.csv
2025,Premier League,Manchester City,summer,out,Kyle Walker,95424,35,England,Right-Back,RB,4000000.0,Burnley FC,England,,0,2025.csv
2025,Premier League,Manchester City,summer,out,Issa Kaboré,649452,24,Burkina Faso,Right-Back,RB,4000000.0,Wrexham AFC,England,0.0,1,2025.csv
2025,Premier League,Manchester City,summer,out,Josh Wilson-Esbrand,576121,22,England,Left-Back,LB,4000000.0,Radomiak Radom,Poland,0.0,1,2025.csv
2025,Premier League,Manchester City,summer,out,Claudio Echeverri,994536,19,Argentina,Attacking Midfield,AM,18000000.0,Bayer 04 Leverkusen,Germany,0.0,1,2025.csv
2025,Premier League,Manchester City,summer,out,Sverre Nypan,911736,18,Norway,Central Midfield,CM,15000000.0,Middlesbrough FC,England,0.0,1,2025.csv
2025,Premier League,Manchester City,summer,out,Jack Grealish,203460,29,England,Left Winger,LW,28000000.0,Everton FC,England,0.0,1,2025.csv
2025,Premier League,Manchester City,summer,out,Vitor Reis,1005575,19,Brazil,Centre-Back,CB,30000000.0,Girona FC,Spain,0.0,1,2025.csv
2025,Premier League,Manchester City,summer,out,Juma Bah,1121298,19,Sierra Leone,Centre-Back,CB,6000000.0,OGC Nice,France,0.0,1,2025.csv
2025,Premier League,Manchester City,summer,out,Scott Carson,14555,39,England,Goalkeeper,GK,100000.0,Without Club,,,0,2025.csv
2025,Premier League,Manchester United,summer,in,Benjamin Šeško,627442,22,Slovenia,Centre-Forward,CF,70000000.0,RB Leipzig,Germany,76500000.0,0,2025.csv
2025,Premier League,Manchester United,summer,in,Bryan Mbeumo,413039,25,Cameroon,Right Winger,RW,55000000.0,Brentford FC,England,75000000.0,0,2025.csv
2025,Premier League,Manchester United,summer,in,Matheus Cunha,517894,26,Brazil,Second Striker,SS,60000000.0,Wolverhampton Wanderers,England,74200000.0,0,2025.csv
2025,Premier League,Manchester United,summer,in,Senne Lammens,503883,23,Belgium,Goalkeeper,GK,9000000.0,Royal Antwerp FC,Belgium,21000000.0,0,2025.csv
2025,Premier League,Manchester United,summer,in,Diego León,1283997,18,Paraguay,Left-Back,LB,4000000.0,Club Cerro Porteño,Paraguay,4000000.0,0,2025.csv
2025,Premier League,Manchester United,summer,out,Alejandro Garnacho,811779,21,Argentina,Left Winger,LW,45000000.0,Chelsea FC,England,46200000.0,0,2025.csv
2025,Premier League,Manchester United,summer,out,Antony,602105,25,Brazil,Right Winger,RW,35000000.0,Real Betis Balompié,Spain,22000000.0,0,2025.csv
2025,Premier League,Manchester United,summer,out,Rasmus Højlund,610442,22,Denmark,Centre-Forward,CF,35000000.0,SSC Napoli,Italy,6000000.0,1,2025.csv
2025,Premier League,Manchester United,summer,out,Victor Lindelöf,184573,31,Sweden,Centre-Back,CB,8000000.0,Aston Villa,England,0.0,0,2025.csv
2025,Premier League,Manchester United,summer,out,André Onana,234509,29,Cameroon,Goalkeeper,GK,25000000.0,Trabzonspor,Türkiye,0.0,1,2025.csv
2025,Premier League,Manchester United,summer,out,Marcus Rashford,258923,27,England,Left Winger,LW,50000000.0,FC Barcelona,Spain,0.0,1,2025.csv
2025,Premier League,Manchester United,summer,out,Toby Collyer,654253,21,England,Defensive Midfield,DM,5000000.0,West Bromwich Albion,England,0.0,1,2025.csv
2025,Premier League,Manchester United,summer,out,Harry Amass,1011738,18,England,Left-Back,LB,5000000.0,Sheffield Wednesday,England,0.0,1,2025.csv
2025,Premier League,Manchester United,summer,out,Jadon Sancho,401173,25,England,Left Winger,LW,28000000.0,Aston Villa,England,0.0,1,2025.csv
2025,Premier League,Manchester United,summer,out,Jonny Evans,42412,37,Northern Ireland,Centre-Back,CB,1000000.0,Retired,,,0,2025.csv
2025,Premier League,Manchester United,summer,out,Christian Eriksen,69633,33,Denmark,Attacking Midfield,AM,4000000.0,Without Club,,,0,2025.csv
2025,Premier League,Newcastle United,summer,in,Nick Woltemade,455661,23,Germany,Centre-Forward,CF,30000000.0,VfB Stuttgart,Germany,75000000.0,0,2025.csv
2025,Premier League,Newcastle United,summer,in,Anthony Elanga,583189,23,Sweden,Right Winger,RW,42000000.0,Nottingham Forest,England,61400000.0,0,2025.csv
2025,Premier League,Newcastle United,summer,in,Yoane Wissa,388165,28,DR Congo,Centre-Forward,CF,32000000.0,Brentford FC,England,57700000.0,0,2025.csv
2025,Premier League,Newcastle United,summer,in,Jacob Ramsey,503749,24,England,Central Midfield,CM,32000000.0,Aston Villa,England,45150000.0,0,2025.csv
2025,Premier League,Newcastle United,summer,in,Malick Thiaw,521964,24,Germany,Centre-Back,CB,18000000.0,AC Milan,Italy,35000000.0,0,2025.csv
2025,Premier League,Newcastle United,summer,in,Aaron Ramsdale,427568,27,England,Goalkeeper,GK,16000000.0,Southampton FC,England,4600000.0,1,2025.csv
2025,Premier League,Newcastle United,summer,in,Antoñito Cordero,1178393,18,Spain,Left Winger,LW,2000000.0,Málaga CF,Spain,0.0,0,2025.csv
2025,Premier League,Newcastle United,summer,out,Alexander Isak,349066,25,Sweden,Centre-Forward,CF,120000000.0,Liverpool FC,England,145000000.0,0,2025.csv
2025,Premier League,Newcastle United,summer,out,Lloyd Kelly,480116,26,England,Centre-Back,CB,16000000.0,Juventus FC,Italy,17200000.0,0,2025.csv
2025,Premier League,Newcastle United,summer,out,Sean Longstaff,346707,27,England,Central Midfield,CM,20000000.0,Leeds United,England,13800000.0,0,2025.csv
2025,Premier League,Newcastle United,summer,out,Isaac Hayden,206225,30,Jamaica,Defensive Midfield,DM,700000.0,Queens Park Rangers,England,0.0,0,2025.csv
2025,Premier League,Newcastle United,summer,out,Callum Wilson,123682,33,England,Centre-Forward,CF,8000000.0,West Ham United,England,0.0,0,2025.csv
2025,Premier League,Newcastle United,summer,out,Martin Dúbravka,74960,36,Slovakia,Goalkeeper,GK,1000000.0,Burnley FC,England,,0,2025.csv
2025,Premier League,Newcastle United,summer,out,Odysseas Vlachodimos,124419,31,Greece,Goalkeeper,GK,5000000.0,Sevilla FC,Spain,0.0,1,2025.csv
2025,Premier League,Newcastle United,summer,out,Antoñito Cordero,1178393,18,Spain,Left Winger,LW,2000000.0,KVC Westerlo,Belgium,0.0,1,2025.csv
2025,Premier League,Newcastle United,summer,out,Joe White,614811,22,England,Attacking Midfield,AM,275000.0,Leyton Orient,England,0.0,1,2025.csv
2025,Premier League,Newcastle United,summer,out,Jamal Lewis,346018,27,Northern Ireland,Left-Back,LB,2500000.0,Without Club,,,0,2025.csv
2025,Premier League,Newcastle United,summer,out,Matt Targett,250478,29,England,Left-Back,LB,5000000.0,Middlesbrough FC,England,0.0,1,2025.csv
2025,Premier League,Nottingham Forest,summer,in,Omari Hutchinson,741238,21,England,Attacking Midfield,AM,22000000.0,Ipswich Town,England,43400000.0,0,2025.csv
2025,Premier League,Nottingham Forest,summer,in,Dan Ndoye,365108,24,Switzerland,Right Winger,RW,35000000.0,Bologna FC 1909,Italy,42000000.0,0,2025.csv
2025,Premier League,Nottingham Forest,summer,in,Dilane Bakwa,540664,23,France,Right Winger,RW,25000000.0,RC Strasbourg Alsace,France,35000000.0,0,2025.csv
2025,Premier League,Nottingham Forest,summer,in,Arnaud Kalimuendo,585959,23,France,Centre-Forward,CF,22000000.0,Stade Rennais FC,France,30000000.0,0,2025.csv
2025,Premier League,Nottingham Forest,summer,in,James McAtee,583199,22,England,Attacking Midfield,AM,20000000.0,Manchester City,England,25500000.0,0,2025.csv
2025,Premier League,Nottingham Forest,summer,in,Igor Jesus,432164,24,Brazil,Centre-Forward,CF,15000000.0,Botafogo de Futebol e Regatas,Brazil,19000000.0,0,2025.csv
2025,Premier League,Nottingham Forest,summer,in,Nicolò Savona,708072,22,Italy,Right-Back,RB,12000000.0,Juventus FC,Italy,13000000.0,0,2025.csv
2025,Premier League,Nottingham Forest,summer,in,Jair Cunha,984096,20,Brazil,Centre-Back,CB,13000000.0,Botafogo de Futebol e Regatas,Brazil,12000000.0,0,2025.csv
2025,Premier League,Nottingham Forest,summer,in,John Victor,432914,29,Brazil,Goalkeeper,GK,8000000.0,Botafogo de Futebol e Regatas,Brazil,8000000.0,0,2025.csv
2025,Premier League,Nottingham Forest,summer,in,Cuiabano,891353,22,Brazil,Left-Back,LB,8000000.0,Botafogo de Futebol e Regatas,Brazil,6000000.0,0,2025.csv
2025,Premier League,Nottingham Forest,summer,in,Douglas Luiz,447661,27,Brazil,Central Midfield,CM,30000000.0,Juventus FC,Italy,3000000.0,1,2025.csv
2025,Premier League,Nottingham Forest,summer,in,Angus Gunn,201574,29,Scotland,Goalkeeper,GK,2200000.0,Norwich City,England,0.0,0,2025.csv
2025,Premier League,Nottingham Forest,summer,in,Oleksandr Zinchenko,203853,28,Ukraine,Left-Back,LB,20000000.0,Arsenal FC,England,0.0,1,2025.csv
2025,Premier League,Nottingham Forest,summer,out,Anthony Elanga,583189,23,Sweden,Right Winger,RW,42000000.0,Newcastle United,England,61400000.0,0,2025.csv
2025,Premier League,Nottingham Forest,summer,out,Danilo,808509,24,Brazil,Defensive Midfield,DM,28000000.0,Botafogo de Futebol e Regatas,Brazil,23000000.0,0,2025.csv
2025,Premier League,Nottingham Forest,summer,out,Ramón Sosa,745191,25,Paraguay,Left Winger,LW,12000000.0,Sociedade Esportiva Palmeiras,Brazil,12500000.0,0,2025.csv
2025,Premier League,Nottingham Forest,summer,out,Andrew Omobamidele,621993,23,Ireland,Centre-Back,CB,8000000.0,RC Strasbourg Alsace,France,10500000.0,0,2025.csv
2025,Premier League,Nottingham Forest,summer,out,Matt Turner,425306,31,United States,Goalkeeper,GK,2500000.0,Olympique Lyon,France,8000000.0,0,2025.csv
2025,Premier League,Nottingham Forest,summer,out,Carlos Miguel,641458,26,Brazil,Goalkeeper,GK,4000000.0,Sociedade Esportiva Palmeiras,Brazil,5500000.0,0,2025.csv
2025,Premier League,Nottingham Forest,summer,out,Lewis O'Brien,560694,26,England,Central Midfield,CM,4000000.0,Wrexham AFC,England,3500000.0,0,2025.csv
2025,Premier League,Nottingham Forest,summer,out,Jota Silva,663244,26,Portugal,Right Winger,RW,15000000.0,Besiktas JK,Türkiye,2500000.0,1,2025.csv
2025,Premier League,Nottingham Forest,summer,out,Harry Toffolo,198516,29,England,Left-Back,LB,3000000.0,Charlotte FC,United States,0.0,0,2025.csv
2025,Premier League,Nottingham Forest,summer,out,Josh Bowler,506470,26,England,Right Winger,RW,1000000.0,Blackpool FC,England,0.0,0,2025.csv
2025,Premier League,Nottingham Forest,summer,out,Jonathan Panzo,392777,24,England,Centre-Back,CB,1200000.0,Rio Ave FC,Portugal,0.0,0,2025.csv
2025,Premier League,Nottingham Forest,summer,out,Cuiabano,891353,22,Brazil,Left-Back,LB,8000000.0,Botafogo de Futebol e Regatas,Brazil,0.0,1,2025.csv
2025,Premier League,Nottingham Forest,summer,out,Marko Stamenic,617018,23,New Zealand,Central Midfield,CM,3000000.0,Swansea City,England,,0,2025.csv
2025,Premier League,Nottingham Forest,summer,out,David Carmo,498237,26,Angola,Centre-Back,CB,10000000.0,Real Oviedo,Spain,0.0,1,2025.csv
2025,Premier League,Nottingham Forest,summer,out,Tyler Bindon,1007720,20,New Zealand,Centre-Back,CB,1200000.0,Sheffield United,England,0.0,1,2025.csv
2025,Premier League,Nottingham Forest,summer,out,Eric da Silva Moreira,897481,19,Germany,Right-Back,RB,1000000.0,Rio Ave FC,Portugal,0.0,1,2025.csv
2025,Premier League,Nottingham Forest,summer,out,Emmanuel Dennis,448854,27,Nigeria,Centre-Forward,CF,2500000.0,Without Club,,,0,2025.csv
2025,Premier League,Nottingham Forest,summer,out,Wayne Hennessey,45494,38,Wales,Goalkeeper,GK,150000.0,Retired,,,0,2025.csv
2025,Premier League,Nottingham Forest,summer,out,Omar Richards,424881,27,England,Left-Back,LB,2500000.0,Rio Ave FC,Portugal,0.0,1,2025.csv
2025,Premier League,Nottingham Forest,summer,out,Álex Moreno,193098,32,Spain,Left-Back,LB,7000000.0,Aston Villa,England,0.0,1,2025.csv
2025,Premier League,Sunderland AFC,summer,in,Habib Diarra,876631,21,Senegal,Central Midfield,CM,20000000.0,RC Strasbourg Alsace,France,31500000.0,0,2025.csv
2025,Premier League,Sunderland AFC,summer,in,Simon Adingra,658536,23,Cote d'Ivoire,Left Winger,LW,28000000.0,Brighton & Hove Albion,England,24400000.0,0,2025.csv
2025,Premier League,Sunderland AFC,summer,in,Enzo Le Fée,633992,25,France,Central Midfield,CM,18000000.0,AS Roma,Italy,23000000.0,0,2025.csv
2025,Premier League,Sunderland AFC,summer,in,Brian Brobbey,473169,23,Netherlands,Centre-Forward,CF,22000000.0,Ajax Amsterdam,Netherlands,20000000.0,0,2025.csv
2025,Premier League,Sunderland AFC,summer,in,Chemsdine Talbi,743384,20,Morocco,Right Winger,RW,8000000.0,Club Brugge KV,Belgium,20000000.0,0,2025.csv
2025,Premier League,Sunderland AFC,summer,in,Noah Sadiki,727089,20,DR Congo,Central Midfield,CM,12000000.0,Union Saint-Gilloise,Belgium,17000000.0,0,2025.csv
2025,Premier League,Sunderland AFC,summer,in,Granit Xhaka,111455,32,Switzerland,Defensive Midfield,DM,12000000.0,Bayer 04 Leverkusen,Germany,15000000.0,0,2025.csv
2025,Premier League,Sunderland AFC,summer,in,Nordi Mukiele,348026,27,France,Right-Back,RB,10000000.0,Paris Saint-Germain,France,12000000.0,0,2025.csv
2025,Premier League,Sunderland AFC,summer,in,Omar Alderete,353032,28,Paraguay,Centre-Back,CB,8000000.0,Getafe CF,Spain,11600000.0,0,2025.csv
2025,Premier League,Sunderland AFC,summer,in,Robin Roefs,646991,22,Netherlands,Goalkeeper,GK,4000000.0,NEC Nijmegen,Netherlands,10500000.0,0,2025.csv
2025,Premier League,Sunderland AFC,summer,in,Bertrand Traoré,131996,29,Burkina Faso,Right Winger,RW,8000000.0,Ajax Amsterdam,Netherlands,2900000.0,0,2025.csv
2025,Premier League,Sunderland AFC,summer,in,Reinildo Mandava,240692,31,Mozambique,Left-Back,LB,5000000.0,Atlético de Madrid,Spain,0.0,0,2025.csv
2025,Premier League,Sunderland AFC,summer,in,Arthur Masuaku,181380,31,DR Congo,Left-Back,LB,3000000.0,Besiktas JK,Türkiye,0.0,0,2025.csv
2025,Premier League,Sunderland AFC,summer,in,Lutsharel Geertruida,420210,25,Netherlands,Right-Back,RB,20000000.0,RB Leipzig,Germany,0.0,1,2025.csv
2025,Premier League,Sunderland AFC,summer,in,Marc Guiu,938158,19,Spain,Centre-Forward,CF,8000000.0,Chelsea FC,England,0.0,1,2025.csv
2025,Premier League,Sunderland AFC,summer,out,Jobe Bellingham,796297,19,England,Central Midfield,CM,22000000.0,Borussia Dortmund,Germany,30500000.0,0,2025.csv
2025,Premier League,Sunderland AFC,summer,out,Tom Watson,933018,19,England,Left Winger,LW,8000000.0,Brighton & Hove Albion,England,12000000.0,0,2025.csv
2025,Premier League,Sunderland AFC,summer,out,Pierre Ekwah,538994,23,France,Defensive Midfield,DM,7000000.0,AS Saint-Étienne,France,6000000.0,0,2025.csv
2025,Premier League,Sunderland AFC,summer,out,Nectarios Triantis,957224,22,Greece,Central Midfield,CM,1000000.0,Minnesota United FC,United States,2500000.0,0,2025.csv
2025,Premier League,Sunderland AFC,summer,out,Nathan Bishop,495033,25,England,Goalkeeper,GK,275000.0,AFC Wimbledon,England,,0,2025.csv
2025,Premier League,Sunderland AFC,summer,out,Niall Huggins,559801,24,Wales,Right-Back,RB,800000.0,Wycombe Wanderers,England,0.0,1,2025.csv
2025,Premier League,Sunderland AFC,summer,out,Jenson Seelt,617755,22,Netherlands,Centre-Back,CB,2000000.0,VfL Wolfsburg,Germany,0.0,1,2025.csv
2025,Premier League,Sunderland AFC,summer,out,Patrick Roberts,225452,28,England,Right Winger,RW,5000000.0,Birmingham City,England,0.0,1,2025.csv
2025,Premier League,Sunderland AFC,summer,out,Adil Aouchiche,569385,22,France,Attacking Midfield,AM,1500000.0,Aberdeen FC,Scotland,0.0,1,2025.csv
2025,Premier League,Sunderland AFC,summer,out,Nazariy Rusyn,366729,26,Ukraine,Centre-Forward,CF,1000000.0,Arka Gdynia,Poland,0.0,1,2025.csv
2025,Premier League,Sunderland AFC,summer,out,Milan Aleksic,942738,20,Serbia,Attacking Midfield,AM,700000.0,Cracovia,Poland,0.0,1,2025.csv
2025,Premier League,Sunderland AFC,summer,out,Alan Browne,277697,30,Ireland,Central Midfield,CM,2200000.0,Middlesbrough FC,England,0.0,1,2025.csv
2025,Premier League,Sunderland AFC,summer,out,Luís Semedo,840687,22,Portugal,Centre-Forward,CF,500000.0,Moreirense FC,Portugal,0.0,1,2025.csv
2025,Premier League,Sunderland AFC,summer,out,Marc Guiu,938158,19,Spain,Centre-Forward,CF,8000000.0,Chelsea FC,England,0.0,1,2025.csv
2025,Premier League,Sunderland AFC,summer,out,Enzo Le Fée,633992,25,France,Central Midfield,CM,18000000.0,AS Roma,Italy,0.0,1,2025.csv
2025,Premier League,Sunderland AFC,summer,out,Salis Abdul Samed,688707,25,Ghana,Defensive Midfield,DM,5500000.0,RC Lens,France,0.0,1,2025.csv
2025,Premier League,Tottenham Hotspur,summer,in,Xavi Simons,566931,22,Netherlands,Attacking Midfield,AM,70000000.0,RB Leipzig,Germany,65000000.0,0,2025.csv
2025,Premier League,Tottenham Hotspur,summer,in,Mohammed Kudus,543499,24,Ghana,Right Winger,RW,45000000.0,West Ham United,England,63800000.0,0,2025.csv
2025,Premier League,Tottenham Hotspur,summer,in,Mathys Tel,801734,20,France,Centre-Forward,CF,35000000.0,Bayern Munich,Germany,35000000.0,0,2025.csv
2025,Premier League,Tottenham Hotspur,summer,in,Kevin Danso,263236,26,Austria,Centre-Back,CB,25000000.0,RC Lens,France,25000000.0,0,2025.csv
2025,Premier League,Tottenham Hotspur,summer,in,Luka Vuskovic,892160,18,Croatia,Centre-Back,CB,12000000.0,HNK Hajduk Split,Croatia,11000000.0,0,2025.csv
2025,Premier League,Tottenham Hotspur,summer,in,Kota Takai,671108,20,Japan,Centre-Back,CB,2500000.0,Kawasaki Frontale,Japan,5800000.0,0,2025.csv
2025,Premier League,Tottenham Hotspur,summer,in,João Palhinha,257455,30,Portugal,Defensive Midfield,DM,30000000.0,Bayern Munich,Germany,5000000.0,1,2025.csv
2025,Premier League,Tottenham Hotspur,summer,in,Randal Kolo Muani,487969,26,France,Centre-Forward,CF,30000000.0,Paris Saint-Germain,France,0.0,1,2025.csv
2025,Premier League,Tottenham Hotspur,summer,out,Heung-min Son,91845,33,"Korea, South",Left Winger,LW,20000000.0,Los Angeles FC,United States,22000000.0,0,2025.csv
2025,Premier League,Tottenham Hotspur,summer,out,Pierre-Emile Højbjerg,167799,29,Denmark,Defensive Midfield,DM,20000000.0,Olympique Marseille,France,13500000.0,0,2025.csv
2025,Premier League,Tottenham Hotspur,summer,out,Bryan Gil,537382,24,Spain,Left Winger,LW,15000000.0,Girona FC,Spain,6000000.0,0,2025.csv
2025,Premier League,Tottenham Hotspur,summer,out,Luka Vuskovic,892160,18,Croatia,Centre-Back,CB,12000000.0,Hamburger SV,Germany,1000000.0,1,2025.csv
2025,Premier League,Tottenham Hotspur,summer,out,Alejo Veliz,888493,21,Argentina,Centre-Forward,CF,2500000.0,CA Rosario Central,Argentina,0.0,1,2025.csv
2025,Premier League,Tottenham Hotspur,summer,out,Manor Solomon,396638,26,Israel,Left Winger,LW,14000000.0,Villarreal CF,Spain,0.0,1,2025.csv
2025,Premier League,Tottenham Hotspur,summer,out,Alfie Devine,728734,21,England,Attacking Midfield,AM,3500000.0,Preston North End,England,0.0,1,2025.csv
2025,Premier League,Tottenham Hotspur,summer,out,Min-hyeok Yang,1004327,19,"Korea, South",Right Winger,RW,3500000.0,Portsmouth FC,England,0.0,1,2025.csv
2025,Premier League,Tottenham Hotspur,summer,out,Mikey Moore,1011147,17,England,Left Winger,LW,18000000.0,Rangers FC,Scotland,0.0,1,2025.csv
2025,Premier League,Tottenham Hotspur,summer,out,Alfie Whiteman,282823,26,England,Goalkeeper,GK,500000.0,Without Club,,,0,2025.csv
2025,Premier League,Tottenham Hotspur,summer,out,Sergio Reguilón,282429,28,Spain,Left-Back,LB,6000000.0,Without Club,,,0,2025.csv
2025,Premier League,Tottenham Hotspur,summer,out,Fraser Forster,52570,37,England,Goalkeeper,GK,1000000.0,Without Club,,,0,2025.csv
2025,Premier League,Tottenham Hotspur,summer,out,Mathys Tel,801734,20,France,Centre-Forward,CF,35000000.0,Bayern Munich,Germany,0.0,1,2025.csv
2025,Premier League,Tottenham Hotspur,summer,out,Kevin Danso,263236,26,Austria,Centre-Back,CB,25000000.0,RC Lens,France,0.0,1,2025.csv
2025,Premier League,Tottenham Hotspur,summer,out,Timo Werner,170527,29,Germany,Left Winger,LW,7000000.0,RB Leipzig,Germany,0.0,1,2025.csv
2025,Premier League,West Ham United,summer,in,Mateus Fernandes,880245,21,Portugal,Central Midfield,CM,15000000.0,Southampton FC,England,44000000.0,0,2025.csv
2025,Premier League,West Ham United,summer,in,Jean-Clair Todibo,605184,25,France,Centre-Back,CB,25000000.0,OGC Nice,France,40000000.0,0,2025.csv
2025,Premier League,West Ham United,summer,in,El Hadji Malick Diouf,1111589,20,Senegal,Left-Back,LB,18000000.0,SK Slavia Prague,Czech Republic,22000000.0,0,2025.csv
2025,Premier League,West Ham United,summer,in,Mads Hermansen,400536,25,Denmark,Goalkeeper,GK,15000000.0,Leicester City,England,20800000.0,0,2025.csv
2025,Premier League,West Ham United,summer,in,Soungoutou Magassa,745181,21,France,Defensive Midfield,DM,12000000.0,AS Monaco,France,17000000.0,0,2025.csv
2025,Premier League,West Ham United,summer,in,Callum Wilson,123682,33,England,Centre-Forward,CF,8000000.0,Newcastle United,England,0.0,0,2025.csv
2025,Premier League,West Ham United,summer,in,Kyle Walker-Peters,341051,28,England,Right-Back,RB,15000000.0,Southampton FC,England,0.0,0,2025.csv
2025,Premier League,West Ham United,summer,in,Igor Julio,380350,27,Brazil,Centre-Back,CB,20000000.0,Brighton & Hove Albion,England,0.0,1,2025.csv
2025,Premier League,West Ham United,summer,in,Lukasz Fabianski,29692,40,Poland,Goalkeeper,GK,500000.0,Without Club,,,0,2025.csv
2025,Premier League,West Ham United,summer,out,Mohammed Kudus,543499,24,Ghana,Right Winger,RW,45000000.0,Tottenham Hotspur,England,63800000.0,0,2025.csv
2025,Premier League,West Ham United,summer,out,Nayef Aguerd,361914,29,Morocco,Centre-Back,CB,18000000.0,Olympique Marseille,France,23000000.0,0,2025.csv
2025,Premier League,West Ham United,summer,out,Edson Álvarez,401356,27,Mexico,Defensive Midfield,DM,25000000.0,Fenerbahce,Türkiye,2000000.0,1,2025.csv
2025,Premier League,West Ham United,summer,out,Emerson,181778,31,Italy,Left-Back,LB,10000000.0,Olympique Marseille,France,700000.0,0,2025.csv
2025,Premier League,West Ham United,summer,out,Wes Foderingham,61697,34,England,Goalkeeper,GK,600000.0,Aris Limassol,Cyprus,0.0,0,2025.csv
2025,Premier League,West Ham United,summer,out,Danny Ings,134294,33,England,Centre-Forward,CF,6000000.0,Sheffield United,England,0.0,0,2025.csv
2025,Premier League,West Ham United,summer,out,Vladimír Coufal,157672,32,Czech Republic,Right-Back,RB,5000000.0,TSG 1899 Hoffenheim,Germany,0.0,0,2025.csv
2025,Premier League,West Ham United,summer,out,Aaron Cresswell,92571,35,England,Left-Back,LB,500000.0,Stoke City,England,0.0,0,2025.csv
2025,Premier League,West Ham United,summer,out,Kurt Zouma,157509,30,France,Centre-Back,CB,10000000.0,CFR Cluj,Romania,0.0,0,2025.csv
2025,Premier League,West Ham United,summer,out,Kaelan Casey,845321,20,England,Centre-Back,CB,1000000.0,Swansea City,England,0.0,1,2025.csv
2025,Premier League,West Ham United,summer,out,Maxwel Cornet,234781,28,Cote d'Ivoire,Left Winger,LW,8000000.0,Genoa CFC,Italy,0.0,1,2025.csv
2025,Premier League,West Ham United,summer,out,Lukasz Fabianski,29692,40,Poland,Goalkeeper,GK,500000.0,Without Club,,,0,2025.csv
2025,Premier League,West Ham United,summer,out,Junior Robinson,670841,21,England,Right-Back,RB,,Livingston FC,Scotland,0.0,1,2025.csv
2025,Premier League,West Ham United,summer,out,Evan Ferguson,648046,20,Ireland,Centre-Forward,CF,25000000.0,Brighton & Hove Albion,England,0.0,1,2025.csv
2025,Premier League,West Ham United,summer,out,Carlos Soler,372246,28,Spain,Central Midfield,CM,18000000.0,Paris Saint-Germain,France,0.0,1,2025.csv
2025,Premier League,West Ham United,summer,out,Jean-Clair Todibo,605184,25,France,Centre-Back,CB,25000000.0,OGC Nice,France,0.0,1,2025.csv
2025,Premier League,Wolverhampton Wanderers,summer,in,Jørgen Strand Larsen,429983,25,Norway,Centre-Forward,CF,30000000.0,Celta de Vigo,Spain,27000000.0,0,2025.csv
2025,Premier League,Wolverhampton Wanderers,summer,in,Tolu Arokodare,683571,24,Nigeria,Centre-Forward,CF,18000000.0,KRC Genk,Belgium,26000000.0,0,2025.csv
2025,Premier League,Wolverhampton Wanderers,summer,in,Fer López,1064471,21,Spain,Attacking Midfield,AM,5000000.0,Celta de Vigo,Spain,23000000.0,0,2025.csv
2025,Premier League,Wolverhampton Wanderers,summer,in,Ladislav Krejci,345911,26,Czech Republic,Centre-Back,CB,12000000.0,Girona FC,Spain,22500000.0,1,2025.csv
2025,Premier League,Wolverhampton Wanderers,summer,in,Jhon Arias,588989,27,Colombia,Right Winger,RW,17000000.0,Fluminense Football Club,Brazil,17000000.0,0,2025.csv
2025,Premier League,Wolverhampton Wanderers,summer,in,Jackson Tchatchoua,848509,23,Cameroon,Right-Back,RB,8000000.0,Hellas Verona,Italy,12500000.0,0,2025.csv
2025,Premier League,Wolverhampton Wanderers,summer,in,David Møller Wolfe,661427,23,Norway,Left-Back,LB,9000000.0,AZ Alkmaar,Netherlands,12000000.0,0,2025.csv
2025,Premier League,Wolverhampton Wanderers,summer,out,Matheus Cunha,517894,26,Brazil,Second Striker,SS,60000000.0,Manchester United,England,74200000.0,0,2025.csv
2025,Premier League,Wolverhampton Wanderers,summer,out,Rayan Aït-Nouri,578391,24,Algeria,Left-Back,LB,35000000.0,Manchester City,England,36800000.0,0,2025.csv
2025,Premier League,Wolverhampton Wanderers,summer,out,Fábio Silva,505653,23,Portugal,Centre-Forward,CF,20000000.0,Borussia Dortmund,Germany,22500000.0,0,2025.csv
2025,Premier League,Wolverhampton Wanderers,summer,out,Gonçalo Guedes,225122,28,Portugal,Left Winger,LW,11000000.0,Real Sociedad,Spain,4000000.0,0,2025.csv
2025,Premier League,Wolverhampton Wanderers,summer,out,Nélson Semedo,231572,31,Portugal,Right-Back,RB,9000000.0,Fenerbahce,Türkiye,0.0,0,2025.csv
2025,Premier League,Wolverhampton Wanderers,summer,out,Chiquinho,695454,25,Portugal,Left Winger,LW,2000000.0,FC Alverca,Portugal,0.0,0,2025.csv
2025,Premier League,Wolverhampton Wanderers,summer,out,Pablo Sarabia,74230,33,Spain,Right Winger,RW,5000000.0,Al-Arabi SC,Qatar,0.0,0,2025.csv
2025,Premier League,Wolverhampton Wanderers,summer,out,Joe Hodge,503975,22,Ireland,Defensive Midfield,DM,1000000.0,CD Tondela,Portugal,,0,2025.csv
2025,Premier League,Wolverhampton Wanderers,summer,out,Chem Campbell,614603,22,Wales,Attacking Midfield,AM,900000.0,Stevenage FC,England,,0,2025.csv
2025,Premier League,Wolverhampton Wanderers,summer,out,Bastien Meupiyou,955253,19,France,Centre-Back,CB,2500000.0,FC Alverca,Portugal,,0,2025.csv
2025,Premier League,Wolverhampton Wanderers,summer,out,Tom King,215810,30,Wales,Goalkeeper,GK,200000.0,Everton FC,England,,0,2025.csv
2025,Premier League,Wolverhampton Wanderers,summer,out,Sasa Kalajdzic,369567,28,Austria,Centre-Forward,CF,4000000.0,LASK,Austria,0.0,1,2025.csv
2025,Premier League,Wolverhampton Wanderers,summer,out,Boubacar Traoré,649020,23,Mali,Defensive Midfield,DM,5000000.0,FC Metz,France,0.0,1,2025.csv
2025,Premier League,Wolverhampton Wanderers,summer,out,Tommy Doyle,433183,23,England,Central Midfield,CM,10000000.0,Birmingham City,England,0.0,1,2025.csv
2025,Premier League,Wolverhampton Wanderers,summer,out,Craig Dawson,121477,35,England,Centre-Back,CB,1500000.0,Without Club,,,0,2025.csv
2025,Premier League,Wolverhampton Wanderers,summer,out,Nasser Djiga,862297,22,Burkina Faso,Centre-Back,CB,10000000.0,Rangers FC,Scotland,0.0,1,2025.csv
2025,Premier League,Wolverhampton Wanderers,summer,out,Pedro Lima,1193867,19,Brazil,Right-Back,RB,5000000.0,FC Porto,Portugal,0.0,1,2025.csv
2025,Premier League,Wolverhampton Wanderers,summer,out,Carlos Forbs,742451,21,Portugal,Left Winger,LW,8000000.0,Ajax Amsterdam,Netherlands,0.0,1,2025.csv
2025,Premier League,Wolverhampton Wanderers,summer,out,Jørgen Strand Larsen,429983,25,Norway,Centre-Forward,CF,30000000.0,Celta de Vigo,Spain,0.0,1,2025.csv
