player_id,season_name,competition_id,competition_name,team_id,team_name,nb_in_group,nb_on_pitch,goals,assists,own_goals,subed_in,subed_out,yellow_cards,second_yellow_cards,direct_red_cards,penalty_goals,minutes_played,goals_conceded,clean_sheets
10003,20/21,GB1,Premier League,1003,Leicester City,13,3,0.0,0,0,3,0,0,0,0,0,,0,0
10003,19/20,GB1,Premier League,1003,Leicester City,35,11,0.0,0,0,7,0,0,0,0,0,,0,0
10003,18/19,GB1,Premier League,1003,Leicester City,32,22,3.0,0,0,1,0,1,2,0,0,642.0,0,0
10003,17/18,GB1,Premier League,1003,Leicester City,33,32,0.0,0,0,0,1,4,0,0,0,,0,0
10003,16/17,GB1,Premier League,1003,Leicester City,27,27,1.0,0,0,0,0,3,0,0,0,2430.0,0,0
1004327,24/25,GB1,Premier League,148,Tottenham Hotspur,2,0,0.0,0,0,0,0,0,0,0,0,,0,0
1004708,25/26,GB1,Premier League,631,Chelsea FC,3,1,0.0,0,0,0,0,0,0,0,0,,0,0
1004708,24/25,GB1,Premier League,631,Chelsea FC,23,4,0.0,0,0,2,1,1,0,0,0,,0,0
1004708,23/24,GB1,Premier League,631,Chelsea FC,4,1,0.0,0,0,1,0,0,0,0,0,,0,0
1004679,24/25,GB1,Premier League,873,Crystal Palace,1,0,0.0,0,0,0,0,0,0,0,0,,0,0
1004709,25/26,GB1,Premier League,405,Aston Villa,2,0,0.0,0,0,0,0,0,0,0,0,,0,0
1004709,23/24,GB1,Premier League,405,Aston Villa,3,0,0.0,0,0,0,0,0,0,0,0,,0,0
1005575,24/25,GB1,Premier League,281,Manchester City,9,1,0.0,0,0,1,0,0,0,0,0,,0,0
1005649,25/26,GB1,Premier League,703,Nottingham Forest,4,4,0.0,0,0,0,1,1,0,0,0,,0,0
1005649,24/25,GB1,Premier League,703,Nottingham Forest,36,36,2.0,0,0,0,3,6,0,0,0,1596.0,0,0
1005649,23/24,GB1,Premier League,703,Nottingham Forest,32,32,0.0,2,1,0,4,5,0,0,0,,0,0
1005844,24/25,GB1,Premier League,11,Arsenal FC,1,0,0.0,0,0,0,0,0,0,0,0,,0,0
1008553,24/25,GB1,Premier League,1148,Brentford FC,1,0,0.0,0,0,0,0,0,0,0,0,,0,0
1009658,25/26,GB1,Premier League,989,AFC Bournemouth,3,0,0.0,0,0,0,0,0,0,0,0,,0,0
1009658,24/25,GB1,Premier League,989,AFC Bournemouth,13,3,0.0,0,0,3,0,0,0,0,0,,0,0
1010854,24/25,GB1,Premier League,631,Chelsea FC,4,1,0.0,0,0,1,0,0,0,0,0,,0,0
1011131,25/26,GB1,Premier League,931,Fulham FC,3,3,0.0,0,0,0,3,0,0,0,0,,0,0
1011131,24/25,GB1,Premier League,931,Fulham FC,23,8,0.0,0,0,7,1,0,0,0,0,,0,0
1011131,23/24,GB1,Premier League,931,Fulham FC,2,0,0.0,0,0,0,0,0,0,0,0,,0,0
1011147,24/25,GB1,Premier League,148,Tottenham Hotspur,18,10,0.0,1,0,7,3,0,0,0,0,,0,0
1011147,23/24,GB1,Premier League,148,Tottenham Hotspur,5,2,0.0,0,0,2,0,0,0,0,0,,0,0
1011140,24/25,GB1,Premier League,985,Manchester United,5,0,0.0,0,0,0,0,0,0,0,0,,0,0
101118,22/23,GB1,Premier League,399,Leeds United,27,4,,0,0,0,0,1,0,0,0,360.0,11,0
101118,17/18,GB1,Premier League,29,Everton FC,30,0,0.0,0,0,0,0,0,0,0,0,,0,0
101118,16/17,GB1,Premier League,29,Everton FC,38,20,,0,0,1,0,1,0,0,0,1736.0,20,10
1011738,24/25,GB1,Premier League,985,Manchester United,13,5,0.0,0,0,1,1,0,0,0,0,,0,0
1011738,23/24,GB1,Premier League,985,Manchester United,6,0,0.0,0,0,0,0,0,0,0,0,,0,0
101213,18/19,GB1,Premier League,379,West Ham United,34,24,0.0,1,0,12,5,0,0,0,0,,0,0
101213,17/18,GB1,Premier League,379,West Ham United,25,21,2.0,0,0,3,4,3,0,0,0,782.0,0,0
101213,16/17,GB1,Premier League,379,West Ham United,28,22,1.0,1,0,1,5,7,0,0,0,1766.0,0,0
1012534,25/26,GB1,Premier League,1237,Brighton & Hove Albion,3,3,0.0,0,0,0,2,0,0,0,0,,0,0
1012534,24/25,GB1,Premier League,1237,Brighton & Hove Albion,33,32,6.0,4,0,12,17,5,0,0,0,307.0,0,0
1013690,24/25,GB1,Premier League,985,Manchester United,6,0,0.0,0,0,0,0,0,0,0,0,,0,0
101500,21/22,GB1,Premier League,1132,Burnley FC,22,22,2.0,3,0,17,4,1,0,0,0,334.0,0,0
101500,20/21,GB1,Premier League,1132,Burnley FC,33,28,3.0,2,0,13,10,0,0,0,0,456.0,0,0
101500,19/20,GB1,Premier League,1132,Burnley FC,28,19,2.0,1,0,12,5,0,0,0,0,406.0,0,0
101500,18/19,GB1,Premier League,1132,Burnley FC,34,13,1.0,1,0,10,3,1,0,0,0,313.0,0,0
101500,16/17,GB1,Premier League,1010,Watford FC,2,1,0.0,0,0,1,0,0,0,0,0,,0,0
101682,17/18,GB1,Premier League,1110,Huddersfield Town,34,22,0.0,1,0,10,6,3,0,0,0,,0,0
1018714,24/25,GB1,Premier League,29,Everton FC,1,0,0.0,0,0,0,0,0,0,0,0,,0,0
1018716,24/25,GB1,Premier League,29,Everton FC,2,0,0.0,0,0,0,0,0,0,0,0,,0,0
102017,24/25,GB1,Premier League,11,Arsenal FC,34,15,0.0,0,0,6,6,5,0,0,0,,0,0
102017,23/24,GB1,Premier League,11,Arsenal FC,37,24,0.0,2,0,14,7,1,0,0,0,,0,0
102017,22/23,GB1,Premier League,11,Arsenal FC,19,14,0.0,1,0,5,3,0,0,0,0,,0,0
102017,22/23,GB1,Premier League,631,Chelsea FC,20,18,2.0,0,0,3,7,4,0,0,2,641.0,0,0
102017,21/22,GB1,Premier League,631,Chelsea FC,36,29,6.0,2,0,3,8,5,0,0,6,380.0,0,0
102017,20/21,GB1,Premier League,631,Chelsea FC,38,28,7.0,1,0,5,8,2,0,0,7,288.0,0,0
102017,19/20,GB1,Premier League,631,Chelsea FC,35,31,4.0,2,0,4,8,10,0,0,3,596.0,0,0
102017,18/19,GB1,Premier League,631,Chelsea FC,38,37,2.0,0,0,0,9,8,0,0,1,1583.0,0,0
102258,21/22,GB1,Premier League,1132,Burnley FC,37,25,1.0,2,0,5,3,3,0,1,0,1773.0,0,0
102258,20/21,GB1,Premier League,1132,Burnley FC,36,34,1.0,1,0,0,0,5,0,0,0,3060.0,0,0
102258,19/20,GB1,Premier League,1132,Burnley FC,26,17,0.0,1,0,0,0,2,0,0,0,,0,0
102258,18/19,GB1,Premier League,1132,Burnley FC,35,21,0.0,0,0,2,0,7,0,0,0,,0,0
102258,17/18,GB1,Premier League,1132,Burnley FC,34,26,0.0,3,0,1,0,1,0,0,0,,0,0
102258,16/17,GB1,Premier League,1132,Burnley FC,37,36,0.0,2,0,0,0,9,0,0,0,,0,0
102382,17/18,GB1,Premier League,1110,Huddersfield Town,11,2,0.0,0,0,2,0,1,0,0,0,,0,0
1026524,24/25,GB1,Premier League,931,Fulham FC,1,0,0.0,0,0,0,0,0,0,0,0,,0,0
1031293,23/24,GB1,Premier League,350,Sheffield United,4,1,0.0,0,0,1,0,0,0,0,0,,0,0
103427,18/19,GB1,Premier League,985,Manchester United,28,24,1.0,0,1,0,1,1,0,0,0,2128.0,0,0
103427,17/18,GB1,Premier League,985,Manchester United,35,29,4.0,0,0,1,0,4,0,0,0,634.0,0,0
103427,16/17,GB1,Premier League,985,Manchester United,22,18,1.0,1,0,5,1,0,0,0,0,1215.0,0,0
103565,16/17,GB1,Premier League,289,Sunderland AFC,33,21,1.0,0,0,14,3,6,0,0,0,839.0,0,0
104124,24/25,GB1,Premier League,379,West Ham United,14,14,1.0,1,0,3,11,1,0,0,0,844.0,0,0
104124,23/24,GB1,Premier League,379,West Ham United,26,26,6.0,2,0,5,19,6,0,0,0,285.0,0,0
104124,22/23,GB1,Premier League,379,West Ham United,34,33,5.0,3,0,12,19,2,0,0,0,368.0,0,0
104124,21/22,GB1,Premier League,379,West Ham United,37,36,10.0,8,0,2,10,6,1,0,0,298.0,0,0
104124,20/21,GB1,Premier League,379,West Ham United,26,26,10.0,5,0,2,12,3,0,0,0,198.0,0,0
104124,19/20,GB1,Premier League,379,West Ham United,24,24,10.0,3,0,5,7,3,0,0,1,177.0,0,0
104124,18/19,GB1,Premier League,379,West Ham United,35,33,6.0,6,0,11,7,3,0,0,0,350.0,0,0
104124,17/18,GB1,Premier League,379,West Ham United,21,21,3.0,1,0,5,8,1,0,0,0,453.0,0,0
104124,16/17,GB1,Premier League,379,West Ham United,29,29,9.0,4,0,0,6,4,1,0,0,271.0,0,0
104223,16/17,GB1,Premier League,180,Southampton FC,31,16,1.0,1,0,4,9,3,0,0,0,1026.0,0,0
1042886,24/25,GB1,Premier League,985,Manchester United,11,7,0.0,0,0,6,0,1,0,0,0,,0,0
1043634,23/24,GB1,Premier League,543,Wolverhampton Wanderers,4,3,0.0,0,0,1,2,0,0,0,0,,0,0
104495,22/23,GB1,Premier League,703,Nottingham Forest,2,0,0.0,0,0,0,0,0,0,0,0,,0,0
1045121,24/25,GB1,Premier League,631,Chelsea FC,1,0,0.0,0,0,0,0,0,0,0,0,,0,0
1045123,25/26,GB1,Premier League,31,Liverpool FC,1,0,0.0,0,0,0,0,0,0,0,0,,0,0
1045123,24/25,GB1,Premier League,31,Liverpool FC,4,0,0.0,0,0,0,0,0,0,0,0,,0,0
1045123,23/24,GB1,Premier League,31,Liverpool FC,2,0,0.0,0,0,0,0,0,0,0,0,,0,0
1045124,24/25,GB1,Premier League,180,Southampton FC,5,4,0.0,0,0,3,1,0,0,0,0,,0,0
1047256,24/25,GB1,Premier League,873,Crystal Palace,12,2,0.0,0,0,2,0,0,0,0,0,,0,0
1047261,24/25,GB1,Premier League,873,Crystal Palace,27,2,0.0,0,0,2,0,0,0,0,0,,0,0
1047257,25/26,GB1,Premier League,873,Crystal Palace,3,0,0.0,0,0,0,0,0,0,0,0,,0,0
1047342,24/25,GB1,Premier League,148,Tottenham Hotspur,1,0,0.0,0,0,0,0,0,0,0,0,,0,0
10503,17/18,GB1,Premier League,1237,Brighton & Hove Albion,10,1,0.0,0,0,1,0,0,0,0,0,,0,0
1053908,23/24,GB1,Premier League,762,Newcastle United,1,0,0.0,0,0,0,0,0,0,0,0,,0,0
105470,25/26,GB1,Premier League,31,Liverpool FC,3,3,,0,0,0,0,0,0,0,0,270.0,4,1
105470,24/25,GB1,Premier League,31,Liverpool FC,28,28,,0,0,0,1,0,0,0,0,2509.0,29,10
105470,23/24,GB1,Premier League,31,Liverpool FC,28,28,,0,0,0,0,1,0,0,0,2520.0,30,8
105470,22/23,GB1,Premier League,31,Liverpool FC,37,37,,0,0,0,0,1,0,0,0,3330.0,43,14
105470,21/22,GB1,Premier League,31,Liverpool FC,36,36,,1,0,0,0,0,0,0,0,3240.0,24,20
105470,20/21,GB1,Premier League,31,Liverpool FC,33,33,,0,1,0,0,1,0,0,0,2970.0,32,10
105470,19/20,GB1,Premier League,31,Liverpool FC,29,29,,0,0,0,1,0,0,0,0,2545.0,23,15
105470,18/19,GB1,Premier League,31,Liverpool FC,38,38,,0,0,0,0,1,0,0,0,3420.0,22,21
1056993,25/26,GB1,Premier League,631,Chelsea FC,3,3,0.0,1,0,1,2,1,0,0,0,,0,0
1060740,23/24,GB1,Premier League,543,Wolverhampton Wanderers,5,1,0.0,0,0,1,0,0,0,0,0,,0,0
1063329,24/25,GB1,Premier League,405,Aston Villa,16,7,0.0,0,0,2,4,0,0,0,0,,0,0
1064471,25/26,GB1,Premier League,543,Wolverhampton Wanderers,3,2,0.0,0,0,2,0,0,0,0,0,,0,0
1065227,24/25,GB1,Premier League,543,Wolverhampton Wanderers,1,0,0.0,0,0,0,0,0,0,0,0,,0,0
1067168,24/25,GB1,Premier League,1237,Brighton & Hove Albion,5,1,0.0,0,0,1,0,0,0,0,0,,0,0
106987,22/23,GB1,Premier League,985,Manchester United,12,11,0.0,1,0,4,5,1,0,0,0,,0,0
1071818,24/25,GB1,Premier League,762,Newcastle United,7,0,0.0,0,0,0,0,0,0,0,0,,0,0
1071819,23/24,GB1,Premier League,631,Chelsea FC,1,0,0.0,0,0,0,0,0,0,0,0,,0,0
1072898,23/24,GB1,Premier League,350,Sheffield United,2,0,0.0,0,0,0,0,0,0,0,0,,0,0
107427,16/17,GB1,Premier League,1010,Watford FC,2,1,0.0,0,0,1,0,0,0,0,0,,0,0
1078163,25/26,GB1,Premier League,985,Manchester United,3,1,0.0,0,0,1,0,0,0,0,0,,0,0
1078163,24/25,GB1,Premier League,985,Manchester United,8,4,0.0,0,0,2,2,1,0,0,0,,0,0
1078163,24/25,GB1,Premier League,11,Arsenal FC,3,0,0.0,0,0,0,0,0,0,0,0,,0,0
1080392,23/24,GB1,Premier League,543,Wolverhampton Wanderers,3,0,0.0,0,0,0,0,0,0,0,0,,0,0
1080903,24/25,GB1,Premier League,281,Manchester City,1,0,0.0,0,0,0,0,0,0,0,0,,0,0
1082850,23/24,GB1,Premier League,631,Chelsea FC,19,2,0.0,0,0,2,0,0,0,0,0,,0,0
108354,24/25,GB1,Premier League,1003,Leicester City,36,30,5.0,0,0,11,15,5,0,0,1,329.0,0,0
108354,24/25,GB1,Premier League,873,Crystal Palace,1,1,0.0,0,0,1,0,1,0,0,0,,0,0
108354,23/24,GB1,Premier League,873,Crystal Palace,36,35,4.0,7,0,5,12,7,1,0,0,638.0,0,0
108354,22/23,GB1,Premier League,873,Crystal Palace,38,38,4.0,3,0,7,14,5,0,0,0,681.0,0,0
108354,21/22,GB1,Premier League,873,Crystal Palace,37,31,3.0,3,0,8,13,2,0,0,0,675.0,0,0
108354,20/21,GB1,Premier League,873,Crystal Palace,36,33,1.0,3,0,10,11,4,0,0,0,2097.0,0,0
108354,19/20,GB1,Premier League,873,Crystal Palace,38,37,9.0,2,0,0,14,6,0,0,0,351.0,0,0
108354,18/19,GB1,Premier League,873,Crystal Palace,36,20,1.0,2,0,6,11,3,0,0,0,1187.0,0,0
108354,17/18,GB1,Premier League,2288,Swansea City,36,36,7.0,2,0,3,10,2,0,1,1,408.0,0,0
108354,16/17,GB1,Premier League,2288,Swansea City,14,14,1.0,3,0,5,3,1,0,0,0,864.0,0,0
108390,17/18,GB1,Premier League,631,Chelsea FC,35,35,,0,0,0,0,2,0,0,0,3150.0,34,15
108390,16/17,GB1,Premier League,631,Chelsea FC,36,36,,0,0,0,0,1,0,0,0,3240.0,28,16
1086375,24/25,GB1,Premier League,1148,Brentford FC,7,3,0.0,0,0,3,0,0,0,0,0,,0,0
1086619,25/26,GB1,Premier League,31,Liverpool FC,1,0,0.0,0,0,0,0,0,0,0,0,,0,0
108725,25/26,GB1,Premier League,703,Nottingham Forest,3,3,2.0,0,0,0,3,0,0,0,0,120.0,0,0
108725,24/25,GB1,Premier League,703,Nottingham Forest,36,36,20.0,3,0,1,21,1,0,0,3,149.0,0,0
108725,23/24,GB1,Premier League,703,Nottingham Forest,31,31,14.0,1,0,11,7,0,0,0,0,129.0,0,0
108725,22/23,GB1,Premier League,703,Nottingham Forest,7,7,1.0,0,0,2,6,0,0,0,0,376.0,0,0
108725,22/23,GB1,Premier League,762,Newcastle United,19,18,2.0,0,0,14,4,0,0,0,1,220.0,0,0
108725,21/22,GB1,Premier League,762,Newcastle United,18,17,2.0,0,0,2,3,0,0,0,1,664.0,0,0
108725,21/22,GB1,Premier League,1132,Burnley FC,17,17,3.0,0,0,0,11,1,0,0,0,460.0,0,0
108725,20/21,GB1,Premier League,1132,Burnley FC,33,33,12.0,3,0,1,10,0,0,0,2,229.0,0,0
108725,19/20,GB1,Premier League,1132,Burnley FC,32,32,14.0,1,1,3,12,1,0,0,1,175.0,0,0
108725,18/19,GB1,Premier League,1132,Burnley FC,38,38,10.0,2,0,9,16,2,0,0,0,260.0,0,0
108725,17/18,GB1,Premier League,1132,Burnley FC,25,24,10.0,1,0,4,13,1,0,0,0,164.0,0,0
1088818,23/24,GB1,Premier League,1031,Luton Town,19,2,0.0,0,0,2,0,1,0,0,0,,0,0
1088817,23/24,GB1,Premier League,1031,Luton Town,4,0,0.0,0,0,0,0,0,0,0,0,,0,0
1089802,25/26,GB1,Premier League,989,AFC Bournemouth,1,0,0.0,0,0,0,0,0,0,0,0,,0,0
1089802,24/25,GB1,Premier League,989,AFC Bournemouth,7,1,0.0,0,0,1,0,0,0,0,0,,0,0
109751,19/20,GB1,Premier League,1123,Norwich City,28,26,1.0,2,0,12,8,0,0,0,0,1383.0,0,0
1099929,24/25,GB1,Premier League,677,Ipswich Town,1,0,0.0,0,0,0,0,0,0,0,0,,0,0
1107733,25/26,GB1,Premier League,29,Everton FC,3,1,0.0,0,0,1,0,0,0,0,0,,0,0
1107733,24/25,GB1,Premier League,29,Everton FC,23,3,0.0,0,0,3,0,1,0,0,0,,0,0
1107726,24/25,GB1,Premier League,379,West Ham United,1,0,0.0,0,0,0,0,0,0,0,0,,0,0
1108049,24/25,GB1,Premier League,31,Liverpool FC,1,0,0.0,0,0,0,0,0,0,0,0,,0,0
1108049,23/24,GB1,Premier League,31,Liverpool FC,1,0,0.0,0,0,0,0,0,0,0,0,,0,0
1108465,24/25,GB1,Premier League,148,Tottenham Hotspur,6,0,0.0,0,0,0,0,0,0,0,0,,0,0
1108466,25/26,GB1,Premier League,31,Liverpool FC,3,1,1.0,0,0,1,0,0,0,0,0,1.0,0,0
1108475,24/25,GB1,Premier League,148,Tottenham Hotspur,1,0,0.0,0,0,0,0,0,0,0,0,,0,0
110858,17/18,GB1,Premier League,989,AFC Bournemouth,21,17,0.0,0,0,12,5,0,0,0,0,,0,0
110858,16/17,GB1,Premier League,989,AFC Bournemouth,35,31,6.0,3,0,17,7,1,0,0,0,242.0,0,0
110860,17/18,GB1,Premier League,29,Everton FC,1,0,0.0,0,0,0,0,0,0,0,0,,0,0
110864,25/26,GB1,Premier League,543,Wolverhampton Wanderers,3,0,0.0,0,0,0,0,0,0,0,0,,0,0
110864,24/25,GB1,Premier League,543,Wolverhampton Wanderers,23,7,,0,0,0,0,0,0,0,0,630.0,17,0
110864,24/25,GB1,Premier League,873,Crystal Palace,2,0,0.0,0,0,0,0,0,0,0,0,,0,0
110864,23/24,GB1,Premier League,873,Crystal Palace,24,20,,0,0,0,1,1,0,0,0,1797.0,27,6
110864,22/23,GB1,Premier League,873,Crystal Palace,30,9,,0,0,0,0,1,0,0,0,810.0,10,3
110864,20/21,GB1,Premier League,984,West Bromwich Albion,37,37,,0,0,0,0,1,0,0,0,3330.0,74,6
110867,21/22,GB1,Premier League,405,Aston Villa,19,1,,0,0,0,0,0,0,0,0,90.0,3,0
110867,20/21,GB1,Premier League,405,Aston Villa,15,0,0.0,0,0,0,0,0,0,0,0,,0,0
110867,19/20,GB1,Premier League,405,Aston Villa,13,1,,0,0,0,1,0,0,0,0,8.0,0,1
111051,22/23,GB1,Premier League,1003,Leicester City,33,19,1.0,0,0,12,5,1,0,0,0,751.0,0,0
111051,21/22,GB1,Premier League,1003,Leicester City,17,14,0.0,0,0,2,5,3,0,0,0,,0,0
111051,20/21,GB1,Premier League,1003,Leicester City,37,23,0.0,1,0,8,6,5,0,0,0,,0,0
111051,19/20,GB1,Premier League,1003,Leicester City,14,7,0.0,0,0,3,3,0,0,0,0,,0,0
111051,18/19,GB1,Premier League,1003,Leicester City,35,31,0.0,0,0,8,4,5,0,0,0,,0,0
111051,16/17,GB1,Premier League,1003,Leicester City,11,4,0.0,0,0,0,3,1,0,0,0,,0,0
111073,16/17,GB1,Premier League,989,AFC Bournemouth,18,1,,0,0,0,0,0,0,0,0,90.0,1,0
11111,17/18,GB1,Premier League,29,Everton FC,7,4,0.0,0,0,3,1,1,0,0,0,,0,0
11111,16/17,GB1,Premier League,29,Everton FC,29,23,0.0,1,0,7,0,0,0,0,0,,0,0
111114,21/22,GB1,Premier League,1132,Burnley FC,30,6,0.0,0,0,2,0,1,0,0,0,,0,0
111114,20/21,GB1,Premier League,1132,Burnley FC,29,8,0.0,0,0,1,0,2,0,0,0,,0,0
111114,19/20,GB1,Premier League,1132,Burnley FC,29,8,0.0,0,0,2,0,0,0,0,0,,0,0
111114,18/19,GB1,Premier League,1132,Burnley FC,29,6,0.0,1,0,1,0,0,0,0,0,,0,0
111114,17/18,GB1,Premier League,1132,Burnley FC,38,16,1.0,2,1,0,0,1,0,0,0,1440.0,0,0
111114,16/17,GB1,Premier League,1132,Burnley FC,5,3,0.0,0,0,0,0,0,0,0,0,,0,0
1111589,25/26,GB1,Premier League,379,West Ham United,3,3,0.0,2,0,0,0,0,0,0,0,,0,0
111195,25/26,GB1,Premier League,1237,Brighton & Hove Albion,3,1,0.0,0,0,0,0,1,0,0,0,,0,0
111195,24/25,GB1,Premier League,1237,Brighton & Hove Albion,24,21,0.0,0,0,2,5,5,0,0,0,,0,0
111195,23/24,GB1,Premier League,1237,Brighton & Hove Albion,29,27,1.0,1,0,10,4,4,0,0,0,1582.0,0,0
111195,22/23,GB1,Premier League,1237,Brighton & Hove Albion,33,31,1.0,1,0,6,11,6,0,0,0,2193.0,0,0
111195,21/22,GB1,Premier League,1237,Brighton & Hove Albion,35,34,1.0,1,0,1,7,6,0,0,0,2881.0,0,0
111195,20/21,GB1,Premier League,1237,Brighton & Hove Albion,33,28,1.0,1,0,3,3,3,0,0,0,2282.0,0,0
111422,22/23,GB1,Premier League,931,Fulham FC,20,17,0.0,4,0,8,8,0,0,0,0,,0,0
111422,20/21,GB1,Premier League,931,Fulham FC,13,5,0.0,0,0,4,1,0,0,0,0,,0,0
111422,18/19,GB1,Premier League,931,Fulham FC,21,7,0.0,0,0,7,0,0,0,0,0,,0,0
111428,16/17,GB1,Premier League,379,West Ham United,2,0,0.0,0,0,0,0,0,0,0,0,,0,0
111455,25/26,GB1,Premier League,289,Sunderland AFC,3,3,0.0,1,0,0,0,1,0,0,0,,0,0
111455,22/23,GB1,Premier League,11,Arsenal FC,37,37,7.0,7,0,1,12,4,0,0,0,429.0,0,0
111455,21/22,GB1,Premier League,11,Arsenal FC,27,27,1.0,2,0,0,3,10,0,1,0,2331.0,0,0
111455,20/21,GB1,Premier League,11,Arsenal FC,33,31,1.0,2,0,2,5,6,0,1,0,2526.0,0,0
111455,19/20,GB1,Premier League,11,Arsenal FC,31,31,1.0,2,0,1,5,10,0,0,0,2591.0,0,0
111455,18/19,GB1,Premier League,11,Arsenal FC,31,29,4.0,2,0,0,4,10,0,0,0,625.0,0,0
111455,17/18,GB1,Premier League,11,Arsenal FC,38,38,1.0,7,0,1,7,10,0,0,0,3266.0,0,0
111455,16/17,GB1,Premier League,11,Arsenal FC,33,32,2.0,2,0,4,5,5,0,2,0,1243.0,0,0
111508,17/18,GB1,Premier League,984,West Bromwich Albion,37,29,0.0,1,0,4,2,7,0,0,0,,0,0
111508,16/17,GB1,Premier League,984,West Bromwich Albion,34,32,0.0,2,0,3,3,8,0,0,0,,0,0
111508,16/17,GB1,Premier League,1010,Watford FC,2,0,0.0,0,0,0,0,0,0,0,0,,0,0
111524,20/21,GB1,Premier League,984,West Bromwich Albion,2,1,0.0,0,0,0,0,0,0,0,0,,0,0
111524,17/18,GB1,Premier League,984,West Bromwich Albion,38,38,2.0,0,0,0,1,4,0,0,0,1694.0,0,0
1115502,24/25,GB1,Premier League,543,Wolverhampton Wanderers,1,0,0.0,0,0,0,0,0,0,0,0,,0,0
1115502,23/24,GB1,Premier League,543,Wolverhampton Wanderers,5,0,0.0,0,0,0,0,0,0,0,0,,0,0
111630,20/21,GB1,Premier League,148,Tottenham Hotspur,28,23,1.0,0,0,18,5,4,1,0,0,704.0,0,0
111630,19/20,GB1,Premier League,148,Tottenham Hotspur,27,25,2.0,2,0,13,8,3,0,0,0,606.0,0,0
111630,18/19,GB1,Premier League,148,Tottenham Hotspur,23,19,4.0,2,0,10,7,2,0,0,0,243.0,0,0
111630,17/18,GB1,Premier League,148,Tottenham Hotspur,25,25,2.0,3,0,18,7,4,0,0,0,416.0,0,0
111630,16/17,GB1,Premier League,148,Tottenham Hotspur,9,9,1.0,1,0,3,2,1,0,0,0,593.0,0,0
111819,24/25,GB1,Premier League,11,Arsenal FC,33,0,0.0,0,0,0,0,0,0,0,0,,0,0
111819,24/25,GB1,Premier League,989,AFC Bournemouth,2,2,,0,0,0,0,0,0,0,0,180.0,2,0
111819,23/24,GB1,Premier League,989,AFC Bournemouth,36,32,,0,0,0,0,5,0,0,0,2880.0,55,7
111819,22/23,GB1,Premier League,989,AFC Bournemouth,30,27,,0,0,0,1,4,0,0,0,2385.0,39,6
111873,25/26,GB1,Premier League,405,Aston Villa,1,1,,0,0,0,0,0,0,0,0,90.0,1,0
111873,24/25,GB1,Premier League,405,Aston Villa,37,37,,0,0,0,2,5,0,0,0,3195.0,45,9
111873,23/24,GB1,Premier League,405,Aston Villa,34,34,,2,0,0,1,4,0,0,0,3015.0,48,9
111873,22/23,GB1,Premier League,405,Aston Villa,37,36,,1,0,0,2,7,0,0,0,3140.0,38,13
111873,21/22,GB1,Premier League,405,Aston Villa,36,36,,0,0,0,0,4,0,0,0,3240.0,48,11
111873,20/21,GB1,Premier League,405,Aston Villa,38,38,,0,0,0,0,1,0,0,0,3420.0,46,15
111873,19/20,GB1,Premier League,11,Arsenal FC,38,9,,0,0,1,0,2,0,0,0,770.0,9,3
111873,18/19,GB1,Premier League,11,Arsenal FC,2,0,0.0,0,0,0,0,0,0,0,0,,0,0
111873,16/17,GB1,Premier League,11,Arsenal FC,5,2,,0,0,0,0,0,0,0,0,180.0,3,1
1120418,24/25,GB1,Premier League,1237,Brighton & Hove Albion,1,0,0.0,0,0,0,0,0,0,0,0,,0,0
112052,17/18,GB1,Premier League,512,Stoke City,22,17,0.0,0,0,3,4,3,0,0,0,,0,0
112052,16/17,GB1,Premier League,512,Stoke City,35,35,1.0,0,0,0,1,5,0,0,0,3147.0,0,0
1122027,24/25,GB1,Premier League,180,Southampton FC,1,0,0.0,0,0,0,0,0,0,0,0,,0,0
112302,19/20,GB1,Premier League,1010,Watford FC,33,28,3.0,0,0,11,12,4,0,0,1,551.0,0,0
112302,18/19,GB1,Premier League,1010,Watford FC,33,33,6.0,1,0,0,10,3,0,0,0,471.0,0,0
112302,17/18,GB1,Premier League,1010,Watford FC,32,32,5.0,3,0,14,12,3,0,0,0,324.0,0,0
112302,16/17,GB1,Premier League,1010,Watford FC,13,13,2.0,2,0,1,3,2,0,1,0,520.0,0,0
112343,18/19,GB1,Premier League,180,Southampton FC,12,12,1.0,0,0,8,2,0,0,0,0,470.0,0,0
112343,17/18,GB1,Premier League,180,Southampton FC,38,28,5.0,0,0,17,8,2,0,0,1,215.0,0,0
112343,16/17,GB1,Premier League,180,Southampton FC,11,11,4.0,0,0,1,8,1,0,0,0,183.0,0,0
112515,21/22,GB1,Premier League,631,Chelsea FC,34,28,4.0,5,0,3,9,8,0,0,0,543.0,0,0
112515,20/21,GB1,Premier League,631,Chelsea FC,22,13,2.0,0,0,2,2,2,0,0,0,480.0,0,0
112515,19/20,GB1,Premier League,631,Chelsea FC,27,18,4.0,3,0,3,3,4,0,0,0,358.0,0,0
112515,18/19,GB1,Premier League,631,Chelsea FC,32,31,2.0,4,0,0,2,6,0,0,0,1381.0,0,0
112515,17/18,GB1,Premier League,631,Chelsea FC,34,33,7.0,2,0,0,5,6,0,0,0,409.0,0,0
112515,16/17,GB1,Premier League,631,Chelsea FC,34,31,6.0,3,0,1,2,2,0,0,0,449.0,0,0
112617,19/20,GB1,Premier League,1123,Norwich City,2,0,0.0,0,0,0,0,0,0,0,0,,0,0
112988,23/24,GB1,Premier League,11,Arsenal FC,18,3,0.0,0,0,3,0,0,0,0,0,,0,0
112988,22/23,GB1,Premier League,931,Fulham FC,15,6,0.0,0,0,4,1,0,0,0,0,,0,0
112988,22/23,GB1,Premier League,11,Arsenal FC,12,2,0.0,0,0,2,0,0,0,0,0,,0,0
112988,21/22,GB1,Premier League,11,Arsenal FC,33,21,1.0,1,0,5,4,3,0,0,0,1484.0,0,0
112988,20/21,GB1,Premier League,11,Arsenal FC,25,10,0.0,1,0,2,1,1,0,0,0,,0,0
112988,19/20,GB1,Premier League,11,Arsenal FC,6,5,1.0,0,0,2,3,0,0,0,0,250.0,0,0
112988,19/20,GB1,Premier League,180,Southampton FC,19,16,0.0,1,0,0,4,1,0,0,0,,0,0
112988,18/19,GB1,Premier League,180,Southampton FC,18,18,1.0,2,0,2,1,4,0,0,0,1494.0,0,0
112988,17/18,GB1,Premier League,180,Southampton FC,32,32,0.0,3,0,0,3,3,0,0,0,,0,0
112988,16/17,GB1,Premier League,180,Southampton FC,30,30,0.0,3,0,0,5,7,0,0,0,,0,0
113036,20/21,GB1,Premier League,984,West Bromwich Albion,30,19,0.0,0,1,2,5,3,0,0,0,,0,0
1131973,24/25,GB1,Premier League,11,Arsenal FC,1,0,0.0,0,0,0,0,0,0,0,0,,0,0
1133978,24/25,GB1,Premier League,985,Manchester United,3,0,0.0,0,0,0,0,0,0,0,0,,0,0
1134717,25/26,GB1,Premier League,762,Newcastle United,1,0,0.0,0,0,0,0,0,0,0,0,,0,0
1135364,24/25,GB1,Premier League,1003,Leicester City,2,1,0.0,0,0,1,0,0,0,0,0,,0,0
114093,18/19,GB1,Premier League,603,Cardiff City,27,7,0.0,0,0,0,0,3,0,0,0,,0,0
1141628,24/25,GB1,Premier League,1148,Brentford FC,36,10,0.0,0,0,10,1,0,0,0,0,,0,0
1141628,23/24,GB1,Premier League,1148,Brentford FC,1,0,0.0,0,0,0,0,0,0,0,0,,0,0
1144158,25/26,GB1,Premier League,1148,Brentford FC,1,0,0.0,0,0,0,0,0,0,0,0,,0,0
1144158,24/25,GB1,Premier League,1148,Brentford FC,4,0,0.0,0,0,0,0,0,0,0,0,,0,0
1144158,23/24,GB1,Premier League,1148,Brentford FC,1,0,0.0,0,0,0,0,0,0,0,0,,0,0
1145504,24/25,GB1,Premier League,631,Chelsea FC,2,0,0.0,0,0,0,0,0,0,0,0,,0,0
116648,24/25,GB1,Premier League,631,Chelsea FC,5,0,0.0,0,0,0,0,0,0,0,0,,0,0
116648,23/24,GB1,Premier League,631,Chelsea FC,18,0,0.0,0,0,0,0,1,0,0,0,,0,0
116648,22/23,GB1,Premier League,631,Chelsea FC,17,0,0.0,0,0,0,0,0,0,0,0,,0,0
116648,21/22,GB1,Premier League,631,Chelsea FC,7,0,0.0,0,0,0,0,0,0,0,0,,0,0
116648,18/19,GB1,Premier League,931,Fulham FC,22,7,,0,0,0,0,1,0,0,0,630.0,20,0
11680,17/18,GB1,Premier League,1110,Huddersfield Town,8,0,0.0,0,0,0,0,0,0,0,0,,0,0
117996,21/22,GB1,Premier League,985,Manchester United,24,4,0.0,0,0,2,1,0,0,0,0,,0,0
117996,19/20,GB1,Premier League,985,Manchester United,12,2,0.0,0,0,0,1,0,0,0,0,,0,0
117996,18/19,GB1,Premier League,985,Manchester United,22,18,0.0,1,0,3,3,1,0,0,0,,0,0
117996,17/18,GB1,Premier League,985,Manchester United,26,23,0.0,0,1,0,2,2,0,0,0,,0,0
117996,16/17,GB1,Premier League,985,Manchester United,19,18,0.0,0,0,0,1,2,0,0,0,,0,0
118287,18/19,GB1,Premier League,1003,Leicester City,26,19,1.0,0,0,11,6,3,0,0,0,734.0,0,0
1184841,24/25,GB1,Premier League,985,Manchester United,4,0,0.0,0,0,0,0,0,0,0,0,,0,0
118534,25/26,GB1,Premier League,29,Everton FC,3,3,0.0,0,0,0,0,0,0,0,0,,0,0
118534,24/25,GB1,Premier League,29,Everton FC,36,14,3.0,0,0,3,0,5,0,0,0,349.0,0,0
118534,23/24,GB1,Premier League,29,Everton FC,35,9,1.0,0,0,5,1,2,0,0,0,438.0,0,0
118534,22/23,GB1,Premier League,29,Everton FC,32,12,1.0,2,0,2,0,0,0,0,0,983.0,0,0
118534,21/22,GB1,Premier League,29,Everton FC,36,32,3.0,2,2,1,1,2,1,0,0,931.0,0,0
118534,20/21,GB1,Premier League,29,Everton FC,37,35,3.0,1,0,2,1,4,0,0,0,997.0,0,0
118534,19/20,GB1,Premier League,29,Everton FC,37,31,2.0,0,1,3,0,3,0,0,0,1278.0,0,0
118534,18/19,GB1,Premier League,29,Everton FC,35,33,1.0,2,0,0,1,2,0,0,0,2970.0,0,0
118534,17/18,GB1,Premier League,29,Everton FC,34,30,0.0,1,0,1,2,3,0,0,0,,0,0
118534,16/17,GB1,Premier League,1132,Burnley FC,35,35,2.0,1,0,0,0,4,0,0,0,1575.0,0,0
118535,16/17,GB1,Premier League,3008,Hull City,8,5,0.0,0,0,1,3,0,0,0,0,,0,0
1187629,25/26,GB1,Premier League,11,Arsenal FC,2,2,0.0,1,0,2,0,0,0,0,0,,0,0
119164,19/20,GB1,Premier League,1237,Brighton & Hove Albion,17,8,0.0,0,0,4,4,2,0,0,0,,0,0
119164,17/18,GB1,Premier League,1237,Brighton & Hove Albion,34,20,0.0,0,0,5,3,3,0,0,0,,0,0
119150,22/23,GB1,Premier League,180,Southampton FC,4,1,0.0,0,0,1,0,0,0,0,0,,0,0
119269,22/23,GB1,Premier League,931,Fulham FC,30,5,0.0,0,0,5,0,0,0,0,0,,0,0
119269,21/22,GB1,Premier League,1237,Brighton & Hove Albion,30,18,1.0,0,0,3,0,7,0,0,0,1434.0,0,0
119269,19/20,GB1,Premier League,1237,Brighton & Hove Albion,32,19,1.0,0,0,7,0,2,0,0,0,1232.0,0,0
119269,18/19,GB1,Premier League,1237,Brighton & Hove Albion,35,35,5.0,1,0,0,0,4,0,1,0,618.0,0,0
119269,17/18,GB1,Premier League,1237,Brighton & Hove Albion,37,37,0.0,2,0,0,2,8,0,0,0,,0,0
119296,17/18,GB1,Premier League,31,Liverpool FC,29,26,3.0,4,0,2,5,8,0,0,0,698.0,0,0
119296,16/17,GB1,Premier League,31,Liverpool FC,33,32,5.0,2,0,6,3,6,0,0,0,474.0,0,0
1193867,24/25,GB1,Premier League,543,Wolverhampton Wanderers,21,3,0.0,0,0,2,1,0,0,0,0,,0,0
120186,21/22,GB1,Premier League,1010,Watford FC,37,12,,0,0,0,0,0,0,0,0,1080.0,28,0
120186,17/18,GB1,Premier League,1010,Watford FC,8,0,0.0,0,0,0,0,0,0,0,0,,0,0
1202361,25/26,GB1,Premier League,405,Aston Villa,2,1,0.0,0,0,1,0,0,0,0,0,,0,0
120241,18/19,GB1,Premier League,603,Cardiff City,10,4,0.0,0,0,4,0,0,0,0,0,,0,0
1203143,23/24,GB1,Premier League,1031,Luton Town,2,0,0.0,0,0,0,0,0,0,0,0,,0,0
120565,19/20,GB1,Premier League,1010,Watford FC,37,23,2.0,0,0,16,5,1,0,0,0,373.0,0,0
120565,18/19,GB1,Premier League,1010,Watford FC,30,29,7.0,2,0,16,8,2,0,0,0,194.0,0,0
120565,17/18,GB1,Premier League,1010,Watford FC,38,31,5.0,3,0,15,12,1,0,0,0,299.0,0,0
120565,16/17,GB1,Premier League,1132,Burnley FC,34,32,9.0,3,0,6,14,2,0,0,2,252.0,0,0
120629,25/26,GB1,Premier League,379,West Ham United,3,0,0.0,0,0,0,0,0,0,0,0,,0,0
120629,24/25,GB1,Premier League,379,West Ham United,34,26,,1,0,1,1,0,0,0,0,2259.0,41,5
120629,23/24,GB1,Premier League,379,West Ham United,33,31,,1,0,0,3,1,0,0,0,2700.0,53,4
120629,22/23,GB1,Premier League,379,West Ham United,35,5,,0,0,3,0,0,0,0,0,307.0,7,2
120629,21/22,GB1,Premier League,379,West Ham United,38,1,,0,0,0,0,0,0,0,0,90.0,1,0
120629,20/21,GB1,Premier League,931,Fulham FC,38,36,,0,0,0,0,2,0,0,0,3240.0,48,9
12124,16/17,GB1,Premier League,512,Stoke City,35,30,0.0,1,1,4,7,5,0,0,0,,0,0
121254,23/24,GB1,Premier League,350,Sheffield United,18,0,0.0,0,0,0,0,0,0,0,0,,0,0
121257,22/23,GB1,Premier League,399,Leeds United,16,12,0.0,0,0,7,4,0,0,0,0,,0,0
121257,21/22,GB1,Premier League,399,Leeds United,26,22,0.0,1,0,5,4,5,0,0,0,,0,0
121257,16/17,GB1,Premier League,641,Middlesbrough FC,38,34,0.0,1,0,4,9,4,0,0,0,,0,0
121279,17/18,GB1,Premier League,2288,Swansea City,38,37,0.0,4,0,9,8,3,0,0,0,,0,0
121279,16/17,GB1,Premier League,2288,Swansea City,17,17,1.0,2,0,1,4,1,0,0,0,1389.0,0,0
121279,16/17,GB1,Premier League,148,Tottenham Hotspur,1,1,0.0,0,0,1,0,0,0,0,0,,0,0
121324,23/24,GB1,Premier League,350,Sheffield United,6,6,0.0,0,0,0,2,2,0,0,0,,0,0
121324,20/21,GB1,Premier League,350,Sheffield United,31,31,0.0,1,0,1,1,7,0,1,0,,0,0
121324,19/20,GB1,Premier League,350,Sheffield United,36,36,2.0,0,0,0,1,3,1,0,0,1595.0,0,0
121385,21/22,GB1,Premier League,1123,Norwich City,33,33,1.0,0,0,0,2,2,0,0,0,2899.0,0,0
121385,19/20,GB1,Premier League,1123,Norwich City,18,15,0.0,0,1,1,1,4,0,0,0,,0,0
121398,18/19,GB1,Premier League,1110,Huddersfield Town,25,15,0.0,0,0,2,1,2,0,1,0,,0,0
121398,17/18,GB1,Premier League,1110,Huddersfield Town,36,24,0.0,1,0,3,6,7,0,0,0,,0,0
121404,16/17,GB1,Premier League,3008,Hull City,10,8,0.0,0,0,1,2,0,0,0,0,,0,0
121477,24/25,GB1,Premier League,543,Wolverhampton Wanderers,21,15,0.0,0,2,5,1,2,0,0,0,,0,0
121477,23/24,GB1,Premier League,543,Wolverhampton Wanderers,27,25,1.0,1,0,0,2,7,0,0,0,2211.0,0,0
121477,22/23,GB1,Premier League,543,Wolverhampton Wanderers,18,17,1.0,0,0,0,3,4,0,0,0,1415.0,0,0
121477,22/23,GB1,Premier League,379,West Ham United,9,8,0.0,0,0,0,0,2,0,0,0,,0,0
121477,21/22,GB1,Premier League,379,West Ham United,37,34,2.0,2,0,4,1,5,0,1,0,1377.0,0,0
121477,20/21,GB1,Premier League,379,West Ham United,26,22,3.0,0,2,0,0,3,1,0,0,642.0,0,0
121477,19/20,GB1,Premier League,1010,Watford FC,34,29,2.0,0,0,3,1,6,0,0,0,1180.0,0,0
121477,17/18,GB1,Premier League,984,West Bromwich Albion,29,28,2.0,0,0,0,2,6,0,0,0,1255.0,0,0
121477,16/17,GB1,Premier League,984,West Bromwich Albion,37,37,4.0,1,0,0,2,10,0,0,0,820.0,0,0
122011,16/17,GB1,Premier League,3008,Hull City,23,15,0.0,0,0,9,4,1,0,0,0,,0,0
122153,21/22,GB1,Premier League,985,Manchester United,20,20,1.0,9,0,4,7,7,0,1,0,1354.0,0,0
122153,20/21,GB1,Premier League,985,Manchester United,29,26,3.0,5,0,5,4,3,0,0,0,632.0,0,0
122153,19/20,GB1,Premier League,985,Manchester United,16,16,1.0,4,0,3,3,1,0,0,0,1205.0,0,0
122153,18/19,GB1,Premier League,985,Manchester United,37,35,13.0,9,0,1,6,6,0,0,7,232.0,0,0
122153,17/18,GB1,Premier League,985,Manchester United,27,27,6.0,10,0,2,5,5,0,1,0,359.0,0,0
122153,16/17,GB1,Premier League,985,Manchester United,31,30,5.0,4,0,1,3,7,0,0,0,522.0,0,0
122155,20/21,GB1,Premier League,543,Wolverhampton Wanderers,19,17,1.0,1,0,5,10,0,0,0,0,1115.0,0,0
122223,17/18,GB1,Premier League,2288,Swansea City,35,29,3.0,1,0,6,7,2,0,0,0,681.0,0,0
122223,16/17,GB1,Premier League,3008,Hull City,37,37,3.0,1,0,1,6,9,0,1,0,1063.0,0,0
1225825,23/24,GB1,Premier League,1031,Luton Town,2,0,0.0,0,0,0,0,0,0,0,0,,0,0
122675,17/18,GB1,Premier League,512,Stoke City,19,17,0.0,0,0,3,1,5,0,0,0,,0,0
122675,17/18,GB1,Premier League,148,Tottenham Hotspur,2,0,0.0,0,0,0,0,0,0,0,0,,0,0
122675,16/17,GB1,Premier League,148,Tottenham Hotspur,27,5,0.0,0,1,1,1,3,0,0,0,,0,0
12282,17/18,GB1,Premier League,985,Manchester United,18,7,0.0,0,0,3,1,0,0,0,0,,0,0
12282,16/17,GB1,Premier League,985,Manchester United,35,23,1.0,2,0,3,2,2,0,0,0,1829.0,0,0
1230661,24/25,GB1,Premier League,543,Wolverhampton Wanderers,5,1,0.0,0,0,1,0,0,0,0,0,,0,0
123275,25/26,GB1,Premier League,931,Fulham FC,3,1,0.0,0,0,1,0,1,0,0,0,,0,0
123275,24/25,GB1,Premier League,931,Fulham FC,35,25,2.0,0,0,22,4,3,0,1,0,307.0,0,0
123275,23/24,GB1,Premier League,931,Fulham FC,38,34,1.0,6,1,20,8,3,0,0,0,1478.0,0,0
123275,22/23,GB1,Premier League,931,Fulham FC,33,33,2.0,0,0,27,6,2,0,0,0,486.0,0,0
123275,20/21,GB1,Premier League,931,Fulham FC,15,10,1.0,1,0,1,2,2,0,0,0,760.0,0,0
123275,18/19,GB1,Premier League,931,Fulham FC,32,31,1.0,1,0,7,11,0,0,0,0,2198.0,0,0
123397,18/19,GB1,Premier League,1110,Huddersfield Town,4,2,0.0,0,0,2,0,0,0,0,0,,0,0
123397,17/18,GB1,Premier League,1110,Huddersfield Town,31,26,0.0,4,0,13,5,4,0,0,0,,0,0
123536,19/20,GB1,Premier League,350,Sheffield United,27,2,,0,0,0,0,0,0,0,0,180.0,6,0
123551,24/25,GB1,Premier League,677,Ipswich Town,35,33,1.0,1,1,2,8,9,0,0,0,2757.0,0,0
12359,17/18,GB1,Premier League,1237,Brighton & Hove Albion,5,0,0.0,0,0,0,0,0,0,0,0,,0,0
123682,25/26,GB1,Premier League,379,West Ham United,3,3,1.0,0,0,3,0,0,0,0,0,90.0,0,0
123682,24/25,GB1,Premier League,762,Newcastle United,18,18,0.0,0,0,16,2,1,0,0,0,,0,0
123682,23/24,GB1,Premier League,762,Newcastle United,20,20,9.0,1,0,11,4,3,0,0,2,109.0,0,0
123682,22/23,GB1,Premier League,762,Newcastle United,32,31,18.0,5,0,10,19,4,0,0,3,105.0,0,0
123682,21/22,GB1,Premier League,762,Newcastle United,18,18,8.0,0,0,2,5,4,0,0,2,174.0,0,0
123682,20/21,GB1,Premier League,762,Newcastle United,27,26,12.0,5,0,3,4,2,0,0,4,174.0,0,0
123682,19/20,GB1,Premier League,989,AFC Bournemouth,35,35,8.0,3,0,3,6,9,0,0,0,362.0,0,0
123682,18/19,GB1,Premier League,989,AFC Bournemouth,30,30,14.0,9,0,1,8,3,0,0,1,181.0,0,0
123682,17/18,GB1,Premier League,989,AFC Bournemouth,29,28,8.0,2,0,5,14,0,0,0,0,249.0,0,0
123682,16/17,GB1,Premier League,989,AFC Bournemouth,22,20,6.0,0,0,4,14,0,0,0,3,228.0,0,0
1237073,23/24,GB1,Premier League,405,Aston Villa,1,0,0.0,0,0,0,0,0,0,0,0,,0,0
123742,16/17,GB1,Premier League,641,Middlesbrough FC,24,24,2.0,3,0,4,14,8,1,0,0,775.0,0,0
1237740,25/26,GB1,Premier League,11,Arsenal FC,1,0,0.0,0,0,0,0,0,0,0,0,,0,0
12384,19/20,GB1,Premier League,1123,Norwich City,33,30,1.0,1,0,2,15,5,0,0,0,2352.0,0,0
123951,19/20,GB1,Premier League,1237,Brighton & Hove Albion,36,31,2.0,2,0,6,10,1,1,0,0,1045.0,0,0
123951,18/19,GB1,Premier League,1110,Huddersfield Town,29,29,3.0,1,0,4,1,4,0,0,1,776.0,0,0
123951,17/18,GB1,Premier League,1110,Huddersfield Town,36,36,4.0,3,0,2,5,4,0,0,1,767.0,0,0
124172,18/19,GB1,Premier League,603,Cardiff City,16,14,1.0,0,0,10,5,0,0,0,0,439.0,0,0
124419,24/25,GB1,Premier League,762,Newcastle United,10,0,0.0,0,0,0,0,0,0,0,0,,0,0
124419,23/24,GB1,Premier League,703,Nottingham Forest,19,5,,0,0,0,0,0,0,0,0,450.0,12,1
1245948,24/25,GB1,Premier League,1003,Leicester City,7,7,0.0,0,0,7,0,0,0,0,0,,0,0
124884,25/26,GB1,Premier League,405,Aston Villa,3,2,,0,0,0,0,1,0,0,0,180.0,3,1
124983,16/17,GB1,Premier League,289,Sunderland AFC,11,10,0.0,0,0,0,1,1,0,0,0,,0,0
124983,16/17,GB1,Premier League,29,Everton FC,10,6,0.0,0,0,0,2,3,0,0,0,,0,0
125314,22/23,GB1,Premier League,1148,Brentford FC,15,12,1.0,0,0,3,2,0,0,0,0,724.0,0,0
125314,21/22,GB1,Premier League,1148,Brentford FC,37,37,3.0,2,0,0,1,7,0,0,0,1107.0,0,0
125409,18/19,GB1,Premier League,603,Cardiff City,26,20,4.0,1,0,9,8,0,0,0,1,247.0,0,0
125685,23/24,GB1,Premier League,1031,Luton Town,33,17,2.0,1,0,15,2,1,0,0,0,156.0,0,0
125714,24/25,GB1,Premier League,1148,Brentford FC,37,37,,0,0,0,1,1,0,0,0,3276.0,55,8
125714,23/24,GB1,Premier League,1148,Brentford FC,37,37,,0,0,0,1,3,0,0,0,3285.0,63,7
125868,18/19,GB1,Premier League,873,Crystal Palace,1,1,0.0,0,0,1,0,0,0,0,0,,0,0
125868,17/18,GB1,Premier League,873,Crystal Palace,17,1,0.0,0,0,1,0,0,0,0,0,,0,0
125868,16/17,GB1,Premier League,873,Crystal Palace,3,3,0.0,0,0,0,1,0,0,0,0,,0,0
126014,18/19,GB1,Premier League,603,Cardiff City,14,11,0.0,0,0,7,0,2,0,0,0,,0,0
126321,18/19,GB1,Premier League,11,Arsenal FC,5,3,0.0,0,0,1,1,0,0,0,0,,0,0
126321,16/17,GB1,Premier League,11,Arsenal FC,2,1,0.0,0,0,0,1,0,0,0,0,,0,0
126422,22/23,GB1,Premier League,29,Everton FC,5,0,0.0,0,0,0,0,0,0,0,0,,0,0
126422,21/22,GB1,Premier League,29,Everton FC,33,28,0.0,2,0,3,7,7,0,1,0,,0,0
126422,20/21,GB1,Premier League,29,Everton FC,26,24,0.0,0,0,1,2,6,0,0,0,,0,0
126600,21/22,GB1,Premier League,1123,Norwich City,32,31,1.0,0,0,2,2,3,0,0,0,2707.0,0,0
126600,19/20,GB1,Premier League,1123,Norwich City,38,37,1.0,1,0,5,3,5,0,0,0,2966.0,0,0
126664,25/26,GB1,Premier League,405,Aston Villa,3,3,0.0,0,0,1,1,0,0,0,0,,0,0
126664,24/25,GB1,Premier League,405,Aston Villa,38,32,0.0,5,0,4,15,4,0,0,0,,0,0
126664,23/24,GB1,Premier League,405,Aston Villa,33,33,1.0,3,0,6,9,7,0,0,0,2413.0,0,0
126664,22/23,GB1,Premier League,405,Aston Villa,32,28,1.0,0,1,10,8,5,0,0,0,1500.0,0,0
126664,21/22,GB1,Premier League,405,Aston Villa,16,16,0.0,4,0,0,3,2,0,0,0,,0,0
126664,21/22,GB1,Premier League,29,Everton FC,14,13,0.0,0,1,0,0,4,0,0,0,,0,0
126664,20/21,GB1,Premier League,29,Everton FC,30,30,0.0,7,0,0,0,2,0,1,0,,0,0
126664,19/20,GB1,Premier League,29,Everton FC,36,35,0.0,7,1,0,5,6,0,0,0,,0,0
126664,18/19,GB1,Premier League,29,Everton FC,36,35,4.0,4,1,2,2,5,0,1,0,742.0,0,0
126665,25/26,GB1,Premier League,29,Everton FC,3,3,0.0,0,0,0,1,0,0,0,0,,0,0
126665,24/25,GB1,Premier League,29,Everton FC,37,37,0.0,3,0,2,10,8,0,0,0,,0,0
126665,23/24,GB1,Premier League,29,Everton FC,28,25,4.0,0,0,1,12,8,0,0,0,473.0,0,0
126665,22/23,GB1,Premier League,29,Everton FC,33,33,0.0,1,0,1,18,7,0,0,0,,0,0
126665,18/19,GB1,Premier League,29,Everton FC,33,33,0.0,2,0,1,4,6,0,0,0,,0,0
126665,17/18,GB1,Premier League,29,Everton FC,34,33,2.0,1,0,1,7,6,1,0,0,1379.0,0,0
126665,16/17,GB1,Premier League,29,Everton FC,34,33,1.0,1,0,1,8,11,0,0,0,2686.0,0,0
126710,22/23,GB1,Premier League,931,Fulham FC,9,3,0.0,0,0,1,1,1,0,0,0,,0,0
12691,17/18,GB1,Premier League,379,West Ham United,16,13,1.0,0,0,1,1,3,0,0,0,1050.0,0,0
12691,16/17,GB1,Premier League,379,West Ham United,31,22,2.0,0,0,3,1,3,0,0,0,827.0,0,0
127032,23/24,GB1,Premier League,703,Nottingham Forest,13,12,0.0,2,0,2,4,2,0,0,0,,0,0
127032,22/23,GB1,Premier League,703,Nottingham Forest,24,24,1.0,0,0,2,6,2,0,0,0,1949.0,0,0
127032,20/21,GB1,Premier League,148,Tottenham Hotspur,25,19,2.0,3,0,0,4,0,0,0,0,804.0,0,0
127032,19/20,GB1,Premier League,148,Tottenham Hotspur,35,33,1.0,5,1,2,7,2,1,0,0,2706.0,0,0
127032,18/19,GB1,Premier League,148,Tottenham Hotspur,19,8,0.0,2,0,2,2,1,0,0,0,,0,0
127032,17/18,GB1,Premier League,148,Tottenham Hotspur,30,17,2.0,2,0,1,1,1,1,0,0,714.0,0,0
127108,19/20,GB1,Premier League,762,Newcastle United,12,6,2.0,0,0,2,1,0,0,0,0,221.0,0,0
127108,18/19,GB1,Premier League,762,Newcastle United,13,12,0.0,0,0,0,1,0,0,0,0,,0,0
127108,17/18,GB1,Premier League,762,Newcastle United,28,24,0.0,2,0,0,1,4,0,0,0,,0,0
127181,25/26,GB1,Premier League,931,Fulham FC,3,0,0.0,0,0,0,0,0,0,0,0,,0,0
127187,24/25,GB1,Premier League,29,Everton FC,34,33,3.0,2,0,2,14,3,1,0,0,859.0,0,0
127187,23/24,GB1,Premier League,29,Everton FC,32,32,7.0,2,0,0,15,7,0,0,0,377.0,0,0
127187,22/23,GB1,Premier League,29,Everton FC,29,25,5.0,2,0,8,2,6,0,1,0,306.0,0,0
127187,21/22,GB1,Premier League,29,Everton FC,31,30,2.0,4,0,1,2,6,0,0,0,1269.0,0,0
127187,20/21,GB1,Premier League,29,Everton FC,30,29,2.0,3,0,0,9,6,0,0,0,1226.0,0,0
127187,19/20,GB1,Premier League,1010,Watford FC,37,37,4.0,2,1,1,11,9,0,0,0,792.0,0,0
127187,18/19,GB1,Premier League,1010,Watford FC,35,35,5.0,6,1,1,1,7,0,0,0,612.0,0,0
127187,17/18,GB1,Premier League,1010,Watford FC,37,37,7.0,4,0,0,1,10,0,0,0,475.0,0,0
127187,16/17,GB1,Premier League,1010,Watford FC,24,20,1.0,0,0,6,3,4,0,0,0,1359.0,0,0
127202,25/26,GB1,Premier League,703,Nottingham Forest,3,3,,0,0,0,0,1,0,0,0,270.0,5,0
127202,24/25,GB1,Premier League,703,Nottingham Forest,38,38,,0,0,0,0,4,0,0,0,3420.0,46,13
127202,23/24,GB1,Premier League,703,Nottingham Forest,16,16,,0,0,0,0,1,0,0,0,1440.0,27,1
12814,18/19,GB1,Premier League,873,Crystal Palace,5,1,,0,0,0,0,0,0,0,0,90.0,4,0
12814,17/18,GB1,Premier League,873,Crystal Palace,29,11,,0,0,0,0,0,0,0,0,990.0,14,2
12814,16/17,GB1,Premier League,873,Crystal Palace,30,0,0.0,0,0,0,0,0,0,0,0,,0,0
128223,18/19,GB1,Premier League,631,Chelsea FC,17,16,5.0,0,0,5,7,3,0,0,0,189.0,0,0
128223,17/18,GB1,Premier League,631,Chelsea FC,31,31,11.0,6,0,7,12,7,0,0,0,188.0,0,0
128229,20/21,GB1,Premier League,1132,Burnley FC,21,19,1.0,1,0,7,10,3,0,0,0,1055.0,0,0
128229,19/20,GB1,Premier League,1132,Burnley FC,30,17,1.0,2,0,12,5,1,0,0,0,449.0,0,0
128229,18/19,GB1,Premier League,1132,Burnley FC,21,16,0.0,1,0,10,4,3,0,1,0,,0,0
128229,17/18,GB1,Premier League,1132,Burnley FC,15,15,1.0,2,0,0,2,3,0,0,0,1279.0,0,0
128229,16/17,GB1,Premier League,1132,Burnley FC,15,14,1.0,2,0,7,4,1,0,0,0,716.0,0,0
128897,17/18,GB1,Premier League,512,Stoke City,26,15,0.0,1,0,12,2,0,0,0,0,,0,0
128897,16/17,GB1,Premier League,512,Stoke City,16,13,0.0,0,0,5,6,0,0,0,0,,0,0
128897,16/17,GB1,Premier League,984,West Bromwich Albion,6,4,0.0,0,0,1,3,1,0,0,0,,0,0
128899,22/23,GB1,Premier League,985,Manchester United,12,0,0.0,0,0,0,0,0,0,0,0,,0,0
128899,22/23,GB1,Premier League,873,Crystal Palace,2,0,0.0,0,0,0,0,0,0,0,0,,0,0
128899,21/22,GB1,Premier League,873,Crystal Palace,38,9,,0,0,1,0,0,0,0,0,765.0,13,1
128899,20/21,GB1,Premier League,873,Crystal Palace,31,1,,0,0,0,0,0,0,0,0,90.0,2,0
128899,17/18,GB1,Premier League,512,Stoke City,35,35,,1,0,0,0,0,0,0,0,3150.0,61,6
128899,16/17,GB1,Premier League,512,Stoke City,6,5,,0,0,0,0,0,0,0,0,450.0,8,2
128900,22/23,GB1,Premier League,931,Fulham FC,14,4,0.0,0,0,3,0,0,0,1,0,,0,0
128900,19/20,GB1,Premier League,1010,Watford FC,35,22,0.0,1,0,12,7,1,0,0,0,,0,0
128900,18/19,GB1,Premier League,1010,Watford FC,20,9,0.0,0,0,6,2,2,0,0,0,,0,0
128900,17/18,GB1,Premier League,1010,Watford FC,6,6,0.0,0,0,1,2,1,0,0,0,,0,0
128900,16/17,GB1,Premier League,631,Chelsea FC,29,10,0.0,1,0,9,1,2,0,0,0,,0,0
128901,24/25,GB1,Premier League,1003,Leicester City,35,22,1.0,0,0,3,3,3,0,0,0,1714.0,0,0
128901,22/23,GB1,Premier League,29,Everton FC,35,24,1.0,1,0,1,1,2,0,0,0,2095.0,0,0
128901,22/23,GB1,Premier League,543,Wolverhampton Wanderers,1,0,0.0,0,0,0,0,0,0,0,0,,0,0
128901,21/22,GB1,Premier League,543,Wolverhampton Wanderers,38,38,4.0,0,0,0,3,4,0,0,0,841.0,0,0
128901,20/21,GB1,Premier League,543,Wolverhampton Wanderers,37,37,1.0,0,0,0,1,5,0,0,0,3304.0,0,0
128901,19/20,GB1,Premier League,543,Wolverhampton Wanderers,38,38,0.0,0,0,0,0,5,0,0,0,,0,0
128901,18/19,GB1,Premier League,543,Wolverhampton Wanderers,38,38,0.0,0,3,0,0,5,0,0,0,,0,0
128904,21/22,GB1,Premier League,1123,Norwich City,35,28,0.0,0,0,0,0,3,1,0,0,,0,0
128904,19/20,GB1,Premier League,1132,Burnley FC,11,0,0.0,0,0,0,0,0,0,0,0,,0,0
128904,18/19,GB1,Premier League,1132,Burnley FC,24,1,1.0,0,0,0,1,1,0,0,0,63.0,0,0
128904,16/17,GB1,Premier League,641,Middlesbrough FC,38,38,1.0,1,0,0,0,4,0,0,0,3420.0,0,0
128907,19/20,GB1,Premier League,350,Sheffield United,2,1,0.0,0,0,1,0,0,0,0,0,,0,0
128909,23/24,GB1,Premier League,350,Sheffield United,34,34,1.0,1,2,3,4,10,0,0,0,2886.0,0,0
128909,20/21,GB1,Premier League,350,Sheffield United,18,11,0.0,2,0,2,1,3,0,0,0,,0,0
128909,19/20,GB1,Premier League,350,Sheffield United,11,6,0.0,0,0,0,1,0,0,0,0,,0,0
128969,20/21,GB1,Premier League,11,Arsenal FC,15,3,,0,0,0,0,0,0,0,0,270.0,2,1
128969,20/21,GB1,Premier League,1237,Brighton & Hove Albion,12,11,,0,0,0,0,1,0,0,0,990.0,19,2
128969,19/20,GB1,Premier League,1237,Brighton & Hove Albion,38,38,,0,0,0,0,0,0,0,0,3420.0,54,9
128969,18/19,GB1,Premier League,1237,Brighton & Hove Albion,34,34,,0,0,0,0,2,0,0,0,3060.0,55,6
128969,17/18,GB1,Premier League,1237,Brighton & Hove Albion,38,38,,0,0,0,0,0,0,0,0,3420.0,54,10
129078,23/24,GB1,Premier League,1132,Burnley FC,15,12,0.0,0,0,12,0,1,0,0,0,,0,0
129078,22/23,GB1,Premier League,180,Southampton FC,1,1,0.0,0,0,1,0,0,0,0,0,,0,0
129078,21/22,GB1,Premier League,180,Southampton FC,30,27,1.0,5,0,7,6,0,0,0,0,1832.0,0,0
129078,20/21,GB1,Premier League,180,Southampton FC,30,29,2.0,3,0,12,4,1,0,0,0,865.0,0,0
129078,19/20,GB1,Premier League,180,Southampton FC,32,32,4.0,4,0,0,8,2,0,0,0,692.0,0,0
129078,18/19,GB1,Premier League,180,Southampton FC,38,38,6.0,4,0,2,8,3,0,0,0,546.0,0,0
129078,17/18,GB1,Premier League,180,Southampton FC,35,31,1.0,3,0,9,9,3,0,0,0,1947.0,0,0
129078,16/17,GB1,Premier League,180,Southampton FC,37,37,7.0,1,0,5,11,2,0,1,0,415.0,0,0
129476,19/20,GB1,Premier League,1010,Watford FC,28,28,4.0,5,0,3,14,3,0,0,1,527.0,0,0
129476,18/19,GB1,Premier League,1010,Watford FC,30,30,10.0,5,0,4,20,3,0,0,0,208.0,0,0
129476,17/18,GB1,Premier League,1010,Watford FC,7,7,1.0,0,0,2,5,0,0,0,0,438.0,0,0
129476,16/17,GB1,Premier League,29,Everton FC,16,11,0.0,0,0,7,3,1,0,0,0,,0,0
129588,22/23,GB1,Premier League,1003,Leicester City,34,22,1.0,0,0,16,6,1,0,0,0,640.0,0,0
129588,21/22,GB1,Premier League,1003,Leicester City,3,0,0.0,0,0,0,0,0,0,0,0,,0,0
129588,20/21,GB1,Premier League,1003,Leicester City,25,15,1.0,1,0,5,10,0,0,0,0,723.0,0,0
129588,19/20,GB1,Premier League,1003,Leicester City,34,27,1.0,2,0,15,12,2,0,0,0,1133.0,0,0
129592,16/17,GB1,Premier League,641,Middlesbrough FC,3,0,0.0,0,0,0,0,0,0,0,0,,0,0
129604,20/21,GB1,Premier League,399,Leeds United,38,36,2.0,3,0,7,10,7,0,0,0,1231.0,0,0
129627,20/21,GB1,Premier League,984,West Bromwich Albion,8,5,0.0,0,0,5,0,0,0,0,0,,0,0
129627,18/19,GB1,Premier League,180,Southampton FC,35,25,2.0,2,0,14,11,1,0,0,0,490.0,0,0
129627,17/18,GB1,Premier League,180,Southampton FC,25,24,7.0,0,0,14,7,2,0,0,1,147.0,0,0
129627,16/17,GB1,Premier League,180,Southampton FC,17,15,6.0,1,0,4,9,1,0,0,2,157.0,0,0
129893,17/18,GB1,Premier League,1010,Watford FC,13,6,1.0,0,0,1,2,0,0,0,0,440.0,0,0
130164,25/26,GB1,Premier League,29,Everton FC,3,3,,0,0,0,0,0,0,0,0,270.0,3,1
130164,24/25,GB1,Premier League,29,Everton FC,38,38,,0,0,0,0,7,0,0,0,3420.0,44,12
130164,23/24,GB1,Premier League,29,Everton FC,38,38,,1,0,0,0,5,0,0,0,3420.0,51,13
130164,22/23,GB1,Premier League,29,Everton FC,37,37,,0,0,0,0,5,0,0,0,3330.0,57,8
130164,21/22,GB1,Premier League,29,Everton FC,35,35,,0,0,0,0,2,0,0,0,3150.0,58,7
130164,20/21,GB1,Premier League,29,Everton FC,33,31,,0,0,0,1,1,0,0,0,2743.0,39,10
130164,19/20,GB1,Premier League,29,Everton FC,38,38,,0,0,0,0,2,0,0,0,3420.0,56,9
130164,18/19,GB1,Premier League,29,Everton FC,38,38,,0,0,0,0,1,0,0,0,3420.0,46,14
130164,17/18,GB1,Premier League,29,Everton FC,38,38,,0,0,0,0,0,0,0,0,3420.0,58,10
130164,16/17,GB1,Premier League,289,Sunderland AFC,31,29,,0,0,0,0,0,0,0,0,2610.0,50,4
130756,16/17,GB1,Premier League,512,Stoke City,27,12,0.0,0,1,3,3,1,0,0,0,,0,0
130765,22/23,GB1,Premier League,180,Southampton FC,35,32,2.0,1,0,18,14,6,0,0,0,703.0,0,0
130765,21/22,GB1,Premier League,180,Southampton FC,27,25,2.0,1,0,10,7,1,0,0,0,735.0,0,0
130765,20/21,GB1,Premier League,180,Southampton FC,34,33,4.0,5,0,1,11,3,0,0,0,694.0,0,0
130765,19/20,GB1,Premier League,180,Southampton FC,32,30,5.0,3,0,11,12,4,0,0,0,343.0,0,0
130765,18/19,GB1,Premier League,180,Southampton FC,34,29,3.0,2,0,13,13,2,0,0,0,477.0,0,0
13091,17/18,GB1,Premier League,281,Manchester City,28,10,0.0,2,0,9,1,1,0,0,0,,0,0
13091,16/17,GB1,Premier League,281,Manchester City,26,25,5.0,0,0,3,8,4,0,0,2,390.0,0,0
131505,22/23,GB1,Premier League,399,Leeds United,31,31,13.0,1,0,8,16,6,0,0,1,149.0,0,0
131505,21/22,GB1,Premier League,399,Leeds United,33,31,6.0,1,0,4,11,9,0,0,1,378.0,0,0
131505,20/21,GB1,Premier League,399,Leeds United,26,26,7.0,2,0,12,12,3,0,0,0,184.0,0,0
131789,22/23,GB1,Premier League,31,Liverpool FC,25,25,11.0,4,0,12,10,0,0,0,0,110.0,0,0
131789,21/22,GB1,Premier League,31,Liverpool FC,22,20,5.0,4,0,10,7,3,0,0,0,197.0,0,0
131789,20/21,GB1,Premier League,31,Liverpool FC,36,36,9.0,7,0,3,17,2,0,0,0,317.0,0,0
131789,19/20,GB1,Premier League,31,Liverpool FC,38,38,9.0,8,0,4,20,0,0,0,0,334.0,0,0
131789,18/19,GB1,Premier League,31,Liverpool FC,34,34,12.0,7,0,3,16,0,0,0,1,218.0,0,0
131789,17/18,GB1,Premier League,31,Liverpool FC,38,37,15.0,7,0,5,20,1,0,0,1,185.0,0,0
131789,16/17,GB1,Premier League,31,Liverpool FC,35,35,11.0,7,0,1,7,5,0,0,0,279.0,0,0
131978,24/25,GB1,Premier League,405,Aston Villa,24,20,3.0,1,0,17,1,3,0,0,0,189.0,0,0
131978,23/24,GB1,Premier League,1031,Luton Town,32,32,5.0,5,0,2,6,6,0,0,0,524.0,0,0
131978,21/22,GB1,Premier League,631,Chelsea FC,27,6,1.0,0,0,5,1,0,0,0,0,175.0,0,0
131978,20/21,GB1,Premier League,405,Aston Villa,28,24,3.0,1,0,6,12,0,0,0,0,512.0,0,0
131978,20/21,GB1,Premier League,631,Chelsea FC,3,2,0.0,0,0,2,0,0,0,0,0,,0,0
131978,19/20,GB1,Premier League,631,Chelsea FC,28,21,1.0,4,0,8,9,0,0,0,0,1104.0,0,0
131978,18/19,GB1,Premier League,631,Chelsea FC,36,27,3.0,5,0,14,10,1,0,0,0,414.0,0,0
131978,17/18,GB1,Premier League,631,Chelsea FC,8,2,0.0,0,0,0,2,0,0,0,0,,0,0
131978,16/17,GB1,Premier League,29,Everton FC,38,36,5.0,8,0,4,13,5,0,0,0,581.0,0,0
131996,23/24,GB1,Premier League,405,Aston Villa,8,2,0.0,0,0,2,0,0,0,0,0,,0,0
131996,22/23,GB1,Premier League,405,Aston Villa,16,8,2.0,0,0,7,1,1,0,0,0,113.0,0,0
131996,21/22,GB1,Premier League,405,Aston Villa,19,9,0.0,0,0,8,1,0,0,0,0,,0,0
131996,20/21,GB1,Premier League,405,Aston Villa,36,36,7.0,7,0,7,24,1,0,0,0,334.0,0,0
132098,22/23,GB1,Premier League,148,Tottenham Hotspur,38,38,30.0,4,0,0,3,6,0,0,5,114.0,0,0
132098,21/22,GB1,Premier League,148,Tottenham Hotspur,37,37,17.0,9,0,1,1,5,0,0,4,190.0,0,0
132098,20/21,GB1,Premier League,148,Tottenham Hotspur,35,35,23.0,14,0,0,5,1,0,0,4,134.0,0,0
132098,19/20,GB1,Premier League,148,Tottenham Hotspur,29,29,18.0,2,0,0,3,4,0,0,2,144.0,0,0
132098,18/19,GB1,Premier League,148,Tottenham Hotspur,28,28,17.0,4,0,1,4,5,0,0,4,143.0,0,0
132098,17/18,GB1,Premier League,148,Tottenham Hotspur,37,37,30.0,3,0,2,9,5,0,0,2,103.0,0,0
132098,16/17,GB1,Premier League,148,Tottenham Hotspur,30,30,29.0,7,0,1,16,3,0,0,5,87.0,0,0
133179,16/17,GB1,Premier League,641,Middlesbrough FC,35,33,4.0,0,0,1,5,8,0,0,0,694.0,0,0
13427,17/18,GB1,Premier League,1237,Brighton & Hove Albion,2,0,0.0,0,0,0,0,0,0,0,0,,0,0
134277,21/22,GB1,Premier League,1148,Brentford FC,6,0,0.0,0,0,0,0,0,0,0,0,,0,0
134270,25/26,GB1,Premier League,762,Newcastle United,3,3,0.0,0,0,0,0,1,0,0,0,,0,0
134270,24/25,GB1,Premier League,762,Newcastle United,37,37,1.0,1,2,0,0,11,0,0,0,3330.0,0,0
134270,23/24,GB1,Premier League,762,Newcastle United,33,33,2.0,2,0,1,8,4,0,0,0,1366.0,0,0
134270,22/23,GB1,Premier League,762,Newcastle United,38,38,1.0,0,0,3,8,5,0,0,0,3116.0,0,0
134270,21/22,GB1,Premier League,762,Newcastle United,17,16,0.0,1,0,0,0,4,0,0,0,,0,0
134270,21/22,GB1,Premier League,1237,Brighton & Hove Albion,15,13,1.0,0,0,1,2,4,0,0,0,1022.0,0,0
134270,20/21,GB1,Premier League,1237,Brighton & Hove Albion,37,27,1.0,0,1,4,3,5,0,0,0,2059.0,0,0
134270,19/20,GB1,Premier League,1237,Brighton & Hove Albion,34,34,0.0,0,0,1,2,5,0,0,0,,0,0
134270,18/19,GB1,Premier League,1237,Brighton & Hove Albion,14,0,0.0,0,0,0,0,0,0,0,0,,0,0
134294,24/25,GB1,Premier League,379,West Ham United,30,15,1.0,2,0,14,1,0,0,0,0,270.0,0,0
134294,23/24,GB1,Premier League,379,West Ham United,38,20,1.0,1,0,17,2,1,0,0,0,390.0,0,0
134294,22/23,GB1,Premier League,379,West Ham United,19,17,2.0,2,0,10,6,1,0,0,0,386.0,0,0
134294,22/23,GB1,Premier League,405,Aston Villa,19,18,6.0,0,0,10,5,3,0,0,2,136.0,0,0
134294,21/22,GB1,Premier League,405,Aston Villa,33,30,7.0,6,0,8,15,4,0,0,1,272.0,0,0
134294,20/21,GB1,Premier League,180,Southampton FC,29,29,12.0,4,0,3,13,1,0,0,2,182.0,0,0
134294,19/20,GB1,Premier League,180,Southampton FC,38,38,22.0,2,0,6,17,3,0,0,1,128.0,0,0
134294,18/19,GB1,Premier League,180,Southampton FC,26,24,7.0,3,0,1,18,1,0,0,3,238.0,0,0
134294,17/18,GB1,Premier League,31,Liverpool FC,17,8,1.0,0,0,5,3,0,0,0,0,265.0,0,0
134425,24/25,GB1,Premier League,11,Arsenal FC,29,17,0.0,2,0,10,7,1,0,0,0,,0,0
134425,23/24,GB1,Premier League,631,Chelsea FC,34,31,8.0,7,0,9,13,7,0,0,0,248.0,0,0
134425,22/23,GB1,Premier League,631,Chelsea FC,29,28,6.0,3,0,5,16,4,0,0,0,317.0,0,0
134425,21/22,GB1,Premier League,281,Manchester City,37,30,13.0,6,0,7,6,1,0,0,2,164.0,0,0
134425,20/21,GB1,Premier League,281,Manchester City,36,31,10.0,8,0,3,3,4,0,0,0,254.0,0,0
134425,19/20,GB1,Premier League,281,Manchester City,36,33,20.0,4,0,3,11,5,0,0,0,133.0,0,0
134425,18/19,GB1,Premier League,281,Manchester City,38,34,17.0,10,0,3,9,3,0,0,0,163.0,0,0
134425,17/18,GB1,Premier League,281,Manchester City,34,33,18.0,12,0,4,9,3,1,0,1,144.0,0,0
134425,16/17,GB1,Premier League,281,Manchester City,35,33,7.0,7,0,4,13,7,0,0,0,359.0,0,0
13460,20/21,GB1,Premier League,985,Manchester United,6,0,0.0,0,0,0,0,0,0,0,0,,0,0
13460,19/20,GB1,Premier League,985,Manchester United,3,0,0.0,0,0,0,0,0,0,0,0,,0,0
13460,18/19,GB1,Premier League,985,Manchester United,9,0,0.0,0,0,0,0,0,0,0,0,,0,0
13460,17/18,GB1,Premier League,512,Stoke City,28,3,,0,0,0,0,0,0,0,0,270.0,7,0
13460,16/17,GB1,Premier League,512,Stoke City,35,28,,0,0,0,0,1,0,0,0,2520.0,34,9
13465,16/17,GB1,Premier League,3008,Hull City,35,31,1.0,0,1,8,7,5,0,1,1,2024.0,0,0
134936,17/18,GB1,Premier League,512,Stoke City,18,13,1.0,1,0,5,8,0,0,0,0,615.0,0,0
135057,17/18,GB1,Premier League,1010,Watford FC,31,28,1.0,2,0,12,8,2,0,0,0,1537.0,0,0
13507,19/20,GB1,Premier League,29,Everton FC,27,8,0.0,0,0,4,2,0,0,0,0,,0,0
13507,18/19,GB1,Premier League,29,Everton FC,31,6,0.0,0,0,1,2,0,0,0,0,,0,0
13507,17/18,GB1,Premier League,29,Everton FC,23,22,2.0,3,0,0,2,1,0,0,2,956.0,0,0
13507,16/17,GB1,Premier League,29,Everton FC,32,32,2.0,3,0,0,3,4,0,0,2,1411.0,0,0
13520,20/21,GB1,Premier League,350,Sheffield United,31,10,0.0,0,1,4,3,1,0,1,0,,0,0
13520,19/20,GB1,Premier League,350,Sheffield United,36,6,0.0,0,0,4,0,0,0,0,0,,0,0
13520,18/19,GB1,Premier League,29,Everton FC,13,7,1.0,0,0,3,0,0,0,1,0,330.0,0,0
13520,17/18,GB1,Premier League,29,Everton FC,30,25,0.0,0,0,2,2,2,0,0,0,,0,0
13520,16/17,GB1,Premier League,29,Everton FC,37,27,3.0,1,0,2,2,4,1,0,0,750.0,0,0
135213,18/19,GB1,Premier League,603,Cardiff City,25,19,1.0,1,0,12,5,1,0,0,0,746.0,0,0
135343,25/26,GB1,Premier League,762,Newcastle United,3,3,0.0,0,0,0,1,0,0,0,0,,0,0
135343,24/25,GB1,Premier League,762,Newcastle United,34,34,4.0,0,0,1,3,9,0,1,0,735.0,0,0
135343,23/24,GB1,Premier League,762,Newcastle United,36,36,4.0,3,0,1,4,5,0,0,0,764.0,0,0
135343,22/23,GB1,Premier League,762,Newcastle United,37,36,1.0,3,1,0,4,7,0,0,0,3210.0,0,0
135343,21/22,GB1,Premier League,762,Newcastle United,38,25,2.0,2,0,0,3,4,0,0,0,1081.0,0,0
135343,20/21,GB1,Premier League,762,Newcastle United,18,18,1.0,0,0,5,2,4,0,1,1,1245.0,0,0
135343,19/20,GB1,Premier League,762,Newcastle United,32,22,2.0,0,0,4,3,5,0,0,0,836.0,0,0
135343,18/19,GB1,Premier League,762,Newcastle United,31,24,4.0,1,0,2,5,12,0,0,0,501.0,0,0
13572,21/22,GB1,Premier League,1010,Watford FC,28,26,,0,0,0,0,0,0,0,0,2340.0,49,4
13572,19/20,GB1,Premier League,1010,Watford FC,38,38,,0,0,0,0,1,0,0,0,3420.0,64,9
13572,18/19,GB1,Premier League,1010,Watford FC,38,38,,0,0,0,0,1,0,0,0,3420.0,59,7
13572,17/18,GB1,Premier League,984,West Bromwich Albion,37,37,,0,0,0,0,2,0,0,0,3330.0,55,10
13572,16/17,GB1,Premier League,984,West Bromwich Albion,38,38,,0,0,0,0,2,0,0,0,3420.0,51,6
13573,19/20,GB1,Premier League,989,AFC Bournemouth,19,15,0.0,0,0,5,0,3,1,0,0,,0,0
13573,18/19,GB1,Premier League,989,AFC Bournemouth,18,17,0.0,2,0,4,1,1,0,0,0,,0,0
13573,17/18,GB1,Premier League,989,AFC Bournemouth,32,32,0.0,1,0,1,2,8,1,0,0,,0,0
13573,16/17,GB1,Premier League,989,AFC Bournemouth,34,34,0.0,1,0,0,2,4,0,1,0,,0,0
135853,22/23,GB1,Premier League,379,West Ham United,38,10,1.0,0,0,8,1,0,0,0,0,244.0,0,0
135853,21/22,GB1,Premier League,379,West Ham United,36,30,5.0,3,0,11,12,2,0,0,3,358.0,0,0
135853,20/21,GB1,Premier League,379,West Ham United,32,17,1.0,1,0,12,4,1,0,0,0,562.0,0,0
135853,19/20,GB1,Premier League,379,West Ham United,32,24,0.0,3,0,10,8,1,0,0,0,,0,0
135853,18/19,GB1,Premier League,379,West Ham United,10,10,1.0,1,0,2,4,2,0,0,0,689.0,0,0
135853,17/18,GB1,Premier League,379,West Ham United,27,27,5.0,6,0,4,9,4,0,0,0,410.0,0,0
135853,16/17,GB1,Premier League,379,West Ham United,35,35,8.0,2,0,4,13,9,0,0,2,339.0,0,0
136401,24/25,GB1,Premier League,543,Wolverhampton Wanderers,18,2,,0,0,0,0,0,0,0,0,180.0,4,1
136401,23/24,GB1,Premier League,543,Wolverhampton Wanderers,38,5,,0,0,2,0,0,0,0,0,382.0,7,2
136401,22/23,GB1,Premier League,543,Wolverhampton Wanderers,18,2,,0,0,0,0,0,0,0,0,180.0,3,0
136501,18/19,GB1,Premier League,603,Cardiff City,26,13,1.0,0,0,10,1,1,0,0,0,365.0,0,0
136610,16/17,GB1,Premier League,289,Sunderland AFC,30,18,0.0,0,0,1,0,4,1,0,0,,0,0
13683,17/18,GB1,Premier League,1110,Huddersfield Town,10,4,0.0,0,0,4,0,0,0,0,0,,0,0
137616,20/21,GB1,Premier League,984,West Bromwich Albion,16,16,0.0,1,0,1,3,4,0,0,0,,0,0
137745,21/22,GB1,Premier League,543,Wolverhampton Wanderers,32,18,0.0,0,0,1,5,3,0,0,0,,0,0
137745,20/21,GB1,Premier League,543,Wolverhampton Wanderers,17,13,0.0,0,0,6,3,2,0,0,0,,0,0
13796,16/17,GB1,Premier League,641,Middlesbrough FC,26,13,1.0,0,0,6,3,1,0,0,0,707.0,0,0
138285,16/17,GB1,Premier League,289,Sunderland AFC,16,0,0.0,0,0,0,0,0,0,0,0,,0,0
138335,17/18,GB1,Premier League,512,Stoke City,13,0,0.0,0,0,0,0,0,0,0,0,,0,0
138335,16/17,GB1,Premier League,512,Stoke City,3,0,0.0,0,0,0,0,0,0,0,0,,0,0
139208,25/26,GB1,Premier League,31,Liverpool FC,3,3,0.0,0,0,0,0,0,0,0,0,,0,0
139208,24/25,GB1,Premier League,31,Liverpool FC,38,37,3.0,1,0,0,0,5,0,0,0,1110.0,0,0
139208,23/24,GB1,Premier League,31,Liverpool FC,36,36,2.0,2,0,0,0,3,0,1,0,1589.0,0,0
139208,22/23,GB1,Premier League,31,Liverpool FC,33,32,3.0,1,0,0,1,3,0,0,0,945.0,0,0
139208,21/22,GB1,Premier League,31,Liverpool FC,35,34,3.0,2,0,0,0,3,0,0,0,1020.0,0,0
139208,20/21,GB1,Premier League,31,Liverpool FC,5,5,1.0,0,0,0,1,1,0,0,0,371.0,0,0
139208,19/20,GB1,Premier League,31,Liverpool FC,38,38,5.0,1,0,0,0,1,0,0,0,684.0,0,0
139208,18/19,GB1,Premier League,31,Liverpool FC,38,38,4.0,2,0,0,1,1,0,0,0,846.0,0,0
139208,17/18,GB1,Premier League,31,Liverpool FC,15,14,0.0,0,0,0,0,1,0,0,0,,0,0
139208,17/18,GB1,Premier League,180,Southampton FC,14,12,0.0,0,0,1,0,0,0,0,0,,0,0
139208,16/17,GB1,Premier League,180,Southampton FC,21,21,1.0,0,0,0,1,3,1,0,0,1854.0,0,0
139503,16/17,GB1,Premier League,29,Everton FC,32,21,3.0,1,0,16,5,1,0,0,0,236.0,0,0
139503,16/17,GB1,Premier League,379,West Ham United,3,3,0.0,0,0,0,2,0,0,0,0,,0,0
140191,22/23,GB1,Premier League,989,AFC Bournemouth,14,12,0.0,0,0,7,4,1,0,0,0,,0,0
140191,21/22,GB1,Premier League,379,West Ham United,25,7,0.0,0,0,4,1,1,0,0,0,,0,0
140191,20/21,GB1,Premier League,379,West Ham United,29,14,1.0,1,0,8,3,2,0,0,0,567.0,0,0
140191,19/20,GB1,Premier League,379,West Ham United,28,27,0.0,3,0,2,2,7,0,0,0,,0,0
140191,18/19,GB1,Premier League,379,West Ham United,23,15,1.0,0,0,3,3,5,0,0,0,1086.0,0,0
14044,23/24,GB1,Premier League,29,Everton FC,10,0,0.0,0,0,0,0,0,0,0,0,,0,0
14044,22/23,GB1,Premier League,29,Everton FC,4,0,0.0,0,0,0,0,0,0,0,0,,0,0
14044,21/22,GB1,Premier League,29,Everton FC,11,0,0.0,0,0,0,0,0,0,0,0,,0,0
14044,20/21,GB1,Premier League,984,West Bromwich Albion,1,0,0.0,0,0,0,0,0,0,0,0,,0,0
14044,19/20,GB1,Premier League,31,Liverpool FC,2,0,0.0,0,0,0,0,0,0,0,0,,0,0
140579,19/20,GB1,Premier League,1123,Norwich City,25,21,1.0,0,0,16,3,0,0,1,0,636.0,0,0
14066,17/18,GB1,Premier League,2288,Swansea City,27,15,0.0,0,0,11,3,1,0,0,0,,0,0
14066,16/17,GB1,Premier League,2288,Swansea City,30,27,3.0,1,0,3,17,1,0,0,0,643.0,0,0
14081,17/18,GB1,Premier League,1010,Watford FC,21,8,0.0,0,0,2,4,1,0,0,0,,0,0
14081,16/17,GB1,Premier League,1010,Watford FC,19,4,0.0,0,0,4,0,0,0,1,0,,0,0
14086,24/25,GB1,Premier League,29,Everton FC,36,32,1.0,3,0,13,4,7,0,1,0,1870.0,0,0
14086,23/24,GB1,Premier League,29,Everton FC,32,31,0.0,1,1,4,12,5,1,0,0,,0,0
14086,22/23,GB1,Premier League,405,Aston Villa,38,29,1.0,0,0,6,8,7,0,0,0,2038.0,0,0
14086,21/22,GB1,Premier League,405,Aston Villa,36,24,0.0,2,1,14,4,2,0,0,0,,0,0
14086,19/20,GB1,Premier League,985,Manchester United,20,12,0.0,0,0,2,1,5,0,0,0,,0,0
14086,18/19,GB1,Premier League,985,Manchester United,36,30,2.0,2,0,2,0,8,1,0,0,1285.0,0,0
14086,17/18,GB1,Premier League,985,Manchester United,32,30,2.0,4,0,2,7,7,0,0,0,1224.0,0,0
14086,16/17,GB1,Premier League,985,Manchester United,21,12,0.0,1,0,4,3,2,0,0,0,,0,0
141655,16/17,GB1,Premier League,873,Crystal Palace,20,8,0.0,1,0,8,0,0,0,0,0,,0,0
141660,22/23,GB1,Premier League,703,Nottingham Forest,29,17,0.0,0,0,5,10,1,0,0,0,,0,0
141660,21/22,GB1,Premier League,985,Manchester United,32,16,2.0,0,0,14,2,1,0,0,0,178.0,0,0
141660,20/21,GB1,Premier League,379,West Ham United,16,16,9.0,5,0,0,5,3,0,0,1,158.0,0,0
141660,20/21,GB1,Premier League,985,Manchester United,4,0,0.0,0,0,0,0,0,0,0,0,,0,0
141660,19/20,GB1,Premier League,985,Manchester United,26,22,1.0,0,0,13,9,3,0,0,0,932.0,0,0
141660,18/19,GB1,Premier League,985,Manchester United,29,27,4.0,3,0,8,13,3,0,0,1,418.0,0,0
141660,17/18,GB1,Premier League,985,Manchester United,37,33,8.0,6,0,13,17,2,0,0,0,228.0,0,0
141660,16/17,GB1,Premier League,985,Manchester United,32,25,1.0,2,0,7,15,3,0,0,0,1366.0,0,0
14221,21/22,GB1,Premier League,1132,Burnley FC,35,28,2.0,0,0,11,9,2,0,0,0,775.0,0,0
14221,19/20,GB1,Premier League,1132,Burnley FC,26,16,0.0,0,0,12,1,4,0,0,0,,0,0
14221,18/19,GB1,Premier League,1132,Burnley FC,16,16,1.0,1,0,2,4,1,0,0,0,1216.0,0,0
14221,17/18,GB1,Premier League,1132,Burnley FC,14,14,0.0,2,0,1,7,2,0,0,0,,0,0
14221,17/18,GB1,Premier League,29,Everton FC,15,15,0.0,2,0,6,7,0,0,0,0,,0,0
14221,16/17,GB1,Premier League,29,Everton FC,22,11,0.0,1,0,5,5,0,0,0,0,,0,0
142310,25/26,GB1,Premier League,703,Nottingham Forest,4,0,0.0,0,0,0,0,0,0,0,0,,0,0
142310,24/25,GB1,Premier League,703,Nottingham Forest,29,6,0.0,0,0,5,0,1,0,0,0,,0,0
142310,23/24,GB1,Premier League,703,Nottingham Forest,23,20,2.0,1,0,2,6,1,1,0,0,722.0,0,0
142310,22/23,GB1,Premier League,703,Nottingham Forest,20,11,0.0,1,0,2,4,2,0,0,0,,0,0
142310,22/23,GB1,Premier League,543,Wolverhampton Wanderers,3,0,0.0,0,0,0,0,0,0,0,0,,0,0
142310,21/22,GB1,Premier League,543,Wolverhampton Wanderers,24,10,0.0,0,0,0,0,1,0,0,0,,0,0
142310,20/21,GB1,Premier League,543,Wolverhampton Wanderers,26,21,1.0,1,0,0,1,2,0,0,0,1880.0,0,0
142310,19/20,GB1,Premier League,543,Wolverhampton Wanderers,23,22,0.0,1,0,0,0,1,1,0,0,,0,0
142310,18/19,GB1,Premier League,543,Wolverhampton Wanderers,36,36,4.0,0,0,0,1,2,0,1,0,792.0,0,0
142389,23/24,GB1,Premier League,762,Newcastle United,12,0,0.0,0,0,0,0,0,0,0,0,,0,0
142389,22/23,GB1,Premier League,762,Newcastle United,1,0,0.0,0,0,0,0,0,0,0,0,,0,0
142389,21/22,GB1,Premier League,762,Newcastle United,11,0,0.0,0,0,0,0,0,0,0,0,,0,0
142389,20/21,GB1,Premier League,762,Newcastle United,20,0,0.0,0,0,0,0,0,0,0,0,,0,0
143424,22/23,GB1,Premier League,31,Liverpool FC,13,9,1.0,0,0,5,4,0,0,0,0,335.0,0,0
143424,21/22,GB1,Premier League,31,Liverpool FC,29,17,2.0,1,0,8,9,0,0,0,0,394.0,0,0
143424,20/21,GB1,Premier League,31,Liverpool FC,25,13,1.0,1,0,11,2,0,0,0,0,245.0,0,0
143424,19/20,GB1,Premier League,31,Liverpool FC,34,30,4.0,1,1,13,17,1,0,0,0,373.0,0,0
143424,18/19,GB1,Premier League,31,Liverpool FC,3,2,0.0,0,0,2,0,0,0,0,0,,0,0
143424,17/18,GB1,Premier League,31,Liverpool FC,32,32,3.0,7,0,18,9,3,0,0,0,495.0,0,0
143424,17/18,GB1,Premier League,11,Arsenal FC,3,3,0.0,0,0,0,1,0,0,0,0,,0,0
143424,16/17,GB1,Premier League,11,Arsenal FC,33,29,2.0,7,0,13,11,1,0,0,0,781.0,0,0
144028,25/26,GB1,Premier League,11,Arsenal FC,3,1,0.0,0,0,1,0,0,0,0,0,,0,0
144028,24/25,GB1,Premier League,11,Arsenal FC,38,38,8.0,8,0,10,13,2,1,0,0,319.0,0,0
144028,23/24,GB1,Premier League,11,Arsenal FC,37,34,12.0,2,0,16,15,2,0,0,0,137.0,0,0
144028,22/23,GB1,Premier League,11,Arsenal FC,20,20,1.0,10,0,10,9,0,0,0,0,930.0,0,0
144028,22/23,GB1,Premier League,1237,Brighton & Hove Albion,17,16,7.0,3,0,0,11,1,0,0,0,190.0,0,0
144028,21/22,GB1,Premier League,1237,Brighton & Hove Albion,35,34,8.0,3,0,2,10,2,0,0,1,351.0,0,0
144028,20/21,GB1,Premier League,1237,Brighton & Hove Albion,36,35,5.0,5,0,5,17,2,0,0,0,524.0,0,0
144028,19/20,GB1,Premier League,1237,Brighton & Hove Albion,34,31,5.0,4,0,9,12,0,0,0,0,403.0,0,0
144303,18/19,GB1,Premier League,931,Fulham FC,2,1,0.0,0,0,1,0,0,0,0,0,,0,0
144303,16/17,GB1,Premier League,3008,Hull City,12,12,2.0,0,0,0,7,4,0,0,0,506.0,0,0
145466,23/24,GB1,Premier League,931,Fulham FC,31,18,1.0,0,0,1,1,2,1,0,0,1505.0,0,0
145466,22/23,GB1,Premier League,931,Fulham FC,33,33,1.0,0,0,0,2,2,0,0,0,2900.0,0,0
145466,20/21,GB1,Premier League,931,Fulham FC,38,7,0.0,0,0,0,0,0,0,0,0,,0,0
145466,18/19,GB1,Premier League,931,Fulham FC,31,26,0.0,0,0,1,5,1,0,0,0,,0,0
14555,24/25,GB1,Premier League,281,Manchester City,16,0,0.0,0,0,0,0,0,0,0,0,,0,0
14555,23/24,GB1,Premier League,281,Manchester City,13,0,0.0,0,0,0,0,0,0,0,0,,0,0
14555,22/23,GB1,Premier League,281,Manchester City,5,0,0.0,0,0,0,0,0,0,0,0,,0,0
14555,21/22,GB1,Premier League,281,Manchester City,18,0,0.0,0,0,0,0,0,0,0,0,,0,0
14555,20/21,GB1,Premier League,281,Manchester City,4,1,,0,0,0,0,0,0,0,0,90.0,3,0
14555,19/20,GB1,Premier League,281,Manchester City,10,0,0.0,0,0,0,0,0,0,0,0,,0,0
145707,18/19,GB1,Premier League,281,Manchester City,26,11,1.0,0,0,2,1,1,0,0,0,806.0,0,0
145707,17/18,GB1,Premier League,281,Manchester City,36,23,3.0,1,0,10,2,2,0,0,0,447.0,0,0
145922,17/18,GB1,Premier League,31,Liverpool FC,1,0,0.0,0,0,0,0,0,0,0,0,,0,0
145922,16/17,GB1,Premier League,1132,Burnley FC,31,6,0.0,0,0,3,1,2,0,0,0,,0,0
145988,22/23,GB1,Premier League,873,Crystal Palace,27,27,7.0,2,0,0,6,5,0,0,0,328.0,0,0
145988,21/22,GB1,Premier League,873,Crystal Palace,33,33,14.0,1,0,2,2,4,1,0,5,197.0,0,0
145988,20/21,GB1,Premier League,873,Crystal Palace,30,30,11.0,2,0,1,2,6,0,0,2,238.0,0,0
145988,19/20,GB1,Premier League,873,Crystal Palace,38,38,4.0,4,0,1,1,5,0,0,0,820.0,0,0
145988,18/19,GB1,Premier League,873,Crystal Palace,34,34,10.0,6,0,0,4,8,1,0,0,304.0,0,0
145988,17/18,GB1,Premier League,873,Crystal Palace,29,29,9.0,3,0,1,2,5,0,0,0,283.0,0,0
145988,16/17,GB1,Premier League,873,Crystal Palace,35,35,7.0,9,0,1,7,8,0,0,0,432.0,0,0
146164,20/21,GB1,Premier League,873,Crystal Palace,5,0,0.0,0,0,0,0,0,0,0,0,,0,0
146164,19/20,GB1,Premier League,873,Crystal Palace,33,17,0.0,0,0,11,5,1,0,0,0,,0,0
146164,18/19,GB1,Premier League,873,Crystal Palace,35,29,1.0,2,0,14,12,3,0,0,0,1413.0,0,0
146258,19/20,GB1,Premier League,762,Newcastle United,21,19,2.0,2,0,1,6,0,0,0,0,751.0,0,0
146310,25/26,GB1,Premier League,31,Liverpool FC,3,3,0.0,1,0,3,0,1,0,0,0,,0,0
146310,24/25,GB1,Premier League,31,Liverpool FC,37,20,0.0,0,0,19,1,0,0,0,0,,0,0
146310,23/24,GB1,Premier League,31,Liverpool FC,33,29,1.0,0,0,9,9,10,0,0,0,1720.0,0,0
146509,24/25,GB1,Premier League,677,Ipswich Town,32,6,0.0,1,0,3,1,1,0,0,0,,0,0
146509,20/21,GB1,Premier League,984,West Bromwich Albion,27,25,0.0,2,0,0,1,0,0,0,0,,0,0
146690,23/24,GB1,Premier League,350,Sheffield United,14,13,0.0,2,0,2,2,4,0,0,0,,0,0
146690,20/21,GB1,Premier League,350,Sheffield United,35,32,0.0,2,0,0,2,7,0,0,0,,0,0
146690,19/20,GB1,Premier League,350,Sheffield United,38,38,2.0,4,0,0,0,7,0,0,0,1710.0,0,0
146795,24/25,GB1,Premier League,180,Southampton FC,13,8,0.0,0,0,4,4,0,0,1,0,,0,0
146795,22/23,GB1,Premier League,762,Newcastle United,16,8,0.0,0,0,5,3,1,0,0,0,,0,0
146795,21/22,GB1,Premier League,762,Newcastle United,30,27,2.0,3,0,9,13,3,0,0,0,736.0,0,0
146795,20/21,GB1,Premier League,762,Newcastle United,20,18,0.0,3,0,9,6,0,1,0,0,,0,0
146795,19/20,GB1,Premier League,989,AFC Bournemouth,28,28,1.0,4,0,7,2,2,0,0,0,2063.0,0,0
146795,18/19,GB1,Premier League,989,AFC Bournemouth,38,38,7.0,14,0,3,10,2,0,0,0,453.0,0,0
146795,17/18,GB1,Premier League,989,AFC Bournemouth,35,26,5.0,3,0,3,8,0,0,0,0,402.0,0,0
146795,16/17,GB1,Premier League,989,AFC Bournemouth,32,28,3.0,5,0,9,13,3,0,0,0,589.0,0,0
148153,25/26,GB1,Premier League,1237,Brighton & Hove Albion,3,3,0.0,0,0,0,0,0,0,0,0,,0,0
148153,24/25,GB1,Premier League,1237,Brighton & Hove Albion,27,25,0.0,0,1,2,2,5,0,0,0,,0,0
148153,23/24,GB1,Premier League,1237,Brighton & Hove Albion,33,33,3.0,1,0,0,3,6,0,1,0,957.0,0,0
148153,22/23,GB1,Premier League,1237,Brighton & Hove Albion,38,36,1.0,0,1,0,1,4,0,0,0,3240.0,0,0
148153,21/22,GB1,Premier League,1237,Brighton & Hove Albion,30,29,1.0,0,0,0,0,3,0,1,0,2574.0,0,0
148153,20/21,GB1,Premier League,1237,Brighton & Hove Albion,33,33,5.0,0,1,0,0,5,0,2,0,587.0,0,0
148153,19/20,GB1,Premier League,1237,Brighton & Hove Albion,36,36,3.0,3,0,0,1,9,0,0,0,1077.0,0,0
148153,18/19,GB1,Premier League,1237,Brighton & Hove Albion,36,36,2.0,1,0,0,1,5,1,0,0,1577.0,0,0
148153,17/18,GB1,Premier League,1237,Brighton & Hove Albion,38,38,1.0,1,4,0,0,7,0,0,0,3420.0,0,0
148252,23/24,GB1,Premier League,703,Nottingham Forest,3,0,0.0,0,0,0,0,0,0,0,0,,0,0
148252,22/23,GB1,Premier League,703,Nottingham Forest,36,28,0.0,0,0,4,8,4,0,0,0,,0,0
148262,21/22,GB1,Premier League,762,Newcastle United,17,3,1.0,0,0,3,0,0,0,0,0,70.0,0,0
148262,20/21,GB1,Premier League,762,Newcastle United,36,22,2.0,1,0,5,6,1,1,0,0,713.0,0,0
148262,19/20,GB1,Premier League,1132,Burnley FC,28,24,2.0,2,0,2,6,8,0,0,0,968.0,0,0
148262,18/19,GB1,Premier League,1132,Burnley FC,38,32,3.0,0,0,7,13,4,0,0,0,690.0,0,0
148262,17/18,GB1,Premier League,1132,Burnley FC,35,34,2.0,2,0,5,16,1,0,0,0,1170.0,0,0
148262,16/17,GB1,Premier League,1132,Burnley FC,32,32,2.0,1,0,1,4,6,0,1,0,1348.0,0,0
148367,24/25,GB1,Premier League,1148,Brentford FC,34,34,5.0,4,0,0,11,8,0,1,0,566.0,0,0
148367,23/24,GB1,Premier League,1148,Brentford FC,31,31,2.0,1,0,1,10,8,0,0,0,1257.0,0,0
148367,22/23,GB1,Premier League,1148,Brentford FC,22,22,1.0,4,0,1,9,6,0,0,0,1770.0,0,0
148367,21/22,GB1,Premier League,1148,Brentford FC,35,35,3.0,4,0,0,5,8,0,0,0,1020.0,0,0
148368,23/24,GB1,Premier League,703,Nottingham Forest,27,20,0.0,1,0,14,6,1,0,0,0,,0,0
148368,21/22,GB1,Premier League,31,Liverpool FC,18,7,3.0,1,0,7,0,0,0,0,0,42.0,0,0
148368,20/21,GB1,Premier League,31,Liverpool FC,26,9,0.0,0,0,7,2,0,0,0,0,,0,0
148368,19/20,GB1,Premier League,31,Liverpool FC,37,28,4.0,3,0,21,7,1,0,0,0,176.0,0,0
148368,18/19,GB1,Premier League,31,Liverpool FC,25,12,3.0,1,0,8,3,0,0,0,0,122.0,0,0
148368,17/18,GB1,Premier League,31,Liverpool FC,2,1,0.0,0,0,1,0,0,0,0,0,,0,0
148368,16/17,GB1,Premier League,31,Liverpool FC,38,34,7.0,3,0,20,9,0,0,0,0,209.0,0,0
148455,25/26,GB1,Premier League,31,Liverpool FC,3,3,1.0,1,0,0,1,0,0,0,0,270.0,0,0
148455,24/25,GB1,Premier League,31,Liverpool FC,38,38,29.0,18,0,0,9,1,0,0,9,117.0,0,0
148455,23/24,GB1,Premier League,31,Liverpool FC,32,32,18.0,10,0,4,6,2,0,0,5,141.0,0,0
148455,22/23,GB1,Premier League,31,Liverpool FC,38,38,19.0,12,0,1,8,2,0,0,2,174.0,0,0
148455,21/22,GB1,Premier League,31,Liverpool FC,35,35,23.0,13,0,5,5,1,0,0,5,120.0,0,0
148455,20/21,GB1,Premier League,31,Liverpool FC,37,37,22.0,5,0,3,7,0,0,0,6,140.0,0,0
148455,19/20,GB1,Premier League,31,Liverpool FC,37,34,19.0,10,0,1,13,1,0,0,3,152.0,0,0
148455,18/19,GB1,Premier League,31,Liverpool FC,38,38,22.0,8,0,1,13,1,0,0,3,148.0,0,0
148455,17/18,GB1,Premier League,31,Liverpool FC,36,36,32.0,11,0,2,17,1,0,0,1,91.0,0,0
148734,17/18,GB1,Premier League,1237,Brighton & Hove Albion,3,0,0.0,0,0,0,0,0,0,0,0,,0,0
148928,21/22,GB1,Premier League,631,Chelsea FC,33,10,0.0,0,0,5,2,1,0,0,0,,0,0
148967,17/18,GB1,Premier League,512,Stoke City,6,5,0.0,0,0,1,1,0,0,0,0,,0,0
149237,20/21,GB1,Premier League,931,Fulham FC,3,0,0.0,0,0,0,0,0,0,0,0,,0,0
149237,18/19,GB1,Premier League,1237,Brighton & Hove Albion,34,30,2.0,6,0,12,7,4,0,1,0,916.0,0,0
149237,17/18,GB1,Premier League,1237,Brighton & Hove Albion,34,33,3.0,1,0,6,10,3,0,1,0,809.0,0,0
149498,16/17,GB1,Premier League,11,Arsenal FC,32,19,0.0,0,0,4,2,6,0,0,0,,0,0
149716,20/21,GB1,Premier League,931,Fulham FC,36,36,3.0,0,0,9,12,2,0,0,1,826.0,0,0
149716,18/19,GB1,Premier League,543,Wolverhampton Wanderers,32,23,3.0,1,0,17,6,1,0,0,0,228.0,0,0
149729,17/18,GB1,Premier League,379,West Ham United,14,13,2.0,1,0,1,6,0,0,0,0,513.0,0,0
15220,19/20,GB1,Premier League,989,AFC Bournemouth,38,0,0.0,0,0,0,0,0,0,0,0,,0,0
15220,18/19,GB1,Premier League,989,AFC Bournemouth,38,12,,0,0,0,0,2,0,0,0,1080.0,18,4
15220,17/18,GB1,Premier League,989,AFC Bournemouth,37,0,0.0,0,0,0,0,0,0,0,0,,0,0
15220,16/17,GB1,Premier League,989,AFC Bournemouth,35,35,,0,0,0,0,2,0,0,0,3150.0,63,9
152651,20/21,GB1,Premier League,931,Fulham FC,10,1,0.0,0,0,0,0,0,0,0,0,,0,0
152651,18/19,GB1,Premier League,1110,Huddersfield Town,34,32,1.0,1,1,0,6,4,0,0,0,2722.0,0,0
152651,17/18,GB1,Premier League,1110,Huddersfield Town,14,13,0.0,0,0,2,0,0,0,0,0,,0,0
156501,23/24,GB1,Premier League,703,Nottingham Forest,13,7,0.0,0,0,3,2,4,0,0,0,,0,0
156501,22/23,GB1,Premier League,703,Nottingham Forest,17,16,0.0,1,0,1,2,4,0,0,0,,0,0
156934,18/19,GB1,Premier League,29,Everton FC,1,0,0.0,0,0,0,0,0,0,0,0,,0,0
156941,20/21,GB1,Premier League,350,Sheffield United,34,28,0.0,2,0,5,4,8,0,1,0,,0,0
156941,19/20,GB1,Premier League,350,Sheffield United,35,34,5.0,3,0,8,5,5,0,0,0,491.0,0,0
157368,17/18,GB1,Premier League,1110,Huddersfield Town,36,33,2.0,0,0,6,10,0,0,0,0,1229.0,0,0
157495,21/22,GB1,Premier League,281,Manchester City,2,1,0.0,0,0,0,1,0,0,0,0,,0,0
157495,20/21,GB1,Premier League,281,Manchester City,32,13,2.0,1,0,2,4,2,0,0,0,478.0,0,0
157495,19/20,GB1,Premier League,281,Manchester City,27,19,0.0,2,0,1,6,3,0,0,0,,0,0
157495,18/19,GB1,Premier League,281,Manchester City,11,10,0.0,5,0,0,0,1,0,0,0,,0,0
157495,17/18,GB1,Premier League,281,Manchester City,8,7,0.0,1,0,3,1,2,0,0,0,,0,0
157490,20/21,GB1,Premier League,931,Fulham FC,27,4,0.0,0,0,1,1,2,0,0,0,,0,0
157501,16/17,GB1,Premier League,1010,Watford FC,16,16,2.0,2,0,1,9,2,0,0,0,627.0,0,0
157509,23/24,GB1,Premier League,379,West Ham United,34,33,3.0,0,0,1,3,3,0,0,0,946.0,0,0
157509,22/23,GB1,Premier League,379,West Ham United,28,25,2.0,0,0,1,3,0,0,0,0,995.0,0,0
157509,21/22,GB1,Premier League,379,West Ham United,25,24,1.0,0,1,0,2,1,0,0,0,2080.0,0,0
157509,21/22,GB1,Premier League,631,Chelsea FC,2,0,0.0,0,0,0,0,0,0,0,0,,0,0
157509,20/21,GB1,Premier League,631,Chelsea FC,35,24,5.0,0,0,2,0,3,0,0,0,405.0,0,0
157509,19/20,GB1,Premier League,631,Chelsea FC,35,28,0.0,0,1,3,1,6,0,0,0,,0,0
157509,18/19,GB1,Premier League,29,Everton FC,34,32,2.0,2,0,3,0,3,1,0,0,1307.0,0,0
157509,17/18,GB1,Premier League,512,Stoke City,34,34,1.0,0,0,2,1,1,0,0,0,2888.0,0,0
157509,16/17,GB1,Premier League,631,Chelsea FC,22,9,0.0,1,0,6,2,0,0,0,0,,0,0
157506,24/25,GB1,Premier League,873,Crystal Palace,24,12,0.0,0,0,12,0,0,0,0,0,,0,0
157506,23/24,GB1,Premier League,873,Crystal Palace,32,29,2.0,2,0,12,15,1,0,0,0,677.0,0,0
157506,22/23,GB1,Premier League,873,Crystal Palace,34,34,3.0,1,0,4,19,7,0,0,0,849.0,0,0
157506,21/22,GB1,Premier League,873,Crystal Palace,36,32,4.0,2,0,12,7,1,0,0,0,462.0,0,0
157506,20/21,GB1,Premier League,873,Crystal Palace,27,27,2.0,3,0,12,10,3,0,0,0,713.0,0,0
157506,19/20,GB1,Premier League,873,Crystal Palace,19,17,3.0,2,0,6,6,2,0,0,0,345.0,0,0
157506,18/19,GB1,Premier League,873,Crystal Palace,34,30,4.0,2,0,12,7,1,0,0,0,417.0,0,0
157506,17/18,GB1,Premier League,873,Crystal Palace,27,24,0.0,1,0,3,6,3,0,0,0,,0,0
157506,16/17,GB1,Premier League,873,Crystal Palace,16,15,0.0,0,0,4,3,0,0,0,0,,0,0
157506,16/17,GB1,Premier League,1003,Leicester City,9,4,0.0,0,0,3,1,0,0,0,0,,0,0
15760,17/18,GB1,Premier League,512,Stoke City,16,6,0.0,0,0,5,1,1,0,0,0,,0,0
15760,16/17,GB1,Premier League,512,Stoke City,14,12,0.0,0,0,9,2,0,0,0,0,,0,0
157672,24/25,GB1,Premier League,379,West Ham United,33,22,0.0,0,1,11,6,5,0,0,0,,0,0
157672,23/24,GB1,Premier League,379,West Ham United,36,36,0.0,7,0,0,7,5,1,0,0,,0,0
157672,22/23,GB1,Premier League,379,West Ham United,34,27,0.0,1,0,3,6,5,0,0,0,,0,0
157672,21/22,GB1,Premier League,379,West Ham United,31,28,0.0,4,1,3,3,3,1,0,0,,0,0
157672,20/21,GB1,Premier League,379,West Ham United,35,34,0.0,7,0,0,1,3,0,0,0,,0,0
15773,21/22,GB1,Premier League,1132,Burnley FC,32,0,0.0,0,0,0,0,0,0,0,0,,0,0
15773,20/21,GB1,Premier League,1132,Burnley FC,27,4,0.0,0,0,1,0,2,0,0,0,,0,0
15773,19/20,GB1,Premier League,1132,Burnley FC,31,21,0.0,1,0,0,0,6,0,0,0,,0,0
15773,18/19,GB1,Premier League,1132,Burnley FC,31,19,0.0,0,1,0,2,9,0,0,0,,0,0
15773,17/18,GB1,Premier League,1132,Burnley FC,33,13,0.0,0,0,0,1,5,0,0,0,,0,0
15773,16/17,GB1,Premier League,512,Stoke City,27,15,0.0,0,0,1,3,4,1,0,0,,0,0
15799,16/17,GB1,Premier League,11,Arsenal FC,8,8,2.0,2,0,1,2,2,0,0,2,310.0,0,0
158022,17/18,GB1,Premier League,1132,Burnley FC,3,0,0.0,0,0,0,0,0,0,0,0,,0,0
158022,16/17,GB1,Premier League,1132,Burnley FC,1,0,0.0,0,0,0,0,0,0,0,0,,0,0
158623,20/21,GB1,Premier League,931,Fulham FC,1,0,0.0,0,0,0,0,0,0,0,0,,0,0
158623,18/19,GB1,Premier League,931,Fulham FC,38,28,0.0,1,0,9,4,7,0,0,0,,0,0
158700,16/17,GB1,Premier League,1132,Burnley FC,18,0,0.0,0,0,0,0,0,0,0,0,,0,0
158703,19/20,GB1,Premier League,350,Sheffield United,13,2,0.0,0,0,2,0,0,0,0,0,,0,0
158764,21/22,GB1,Premier League,399,Leeds United,34,34,1.0,1,0,0,3,5,0,0,0,2922.0,0,0
158764,20/21,GB1,Premier League,399,Leeds United,38,38,8.0,2,0,0,2,7,0,0,0,426.0,0,0
159239,19/20,GB1,Premier League,1123,Norwich City,18,8,1.0,0,0,8,0,0,0,0,0,41.0,0,0
15930,20/21,GB1,Premier League,379,West Ham United,15,0,0.0,0,0,0,0,0,0,0,0,,0,0
15930,19/20,GB1,Premier League,379,West Ham United,13,5,,0,0,1,0,1,0,0,0,435.0,6,2
159372,20/21,GB1,Premier League,379,West Ham United,4,2,0.0,0,0,2,0,0,0,0,0,,0,0
159372,19/20,GB1,Premier League,379,West Ham United,29,25,1.0,4,0,5,14,1,0,0,0,1505.0,0,0
159372,18/19,GB1,Premier League,379,West Ham United,36,36,9.0,5,0,0,11,3,0,0,0,339.0,0,0
15956,16/17,GB1,Premier League,281,Manchester City,33,24,0.0,0,0,12,6,2,0,0,0,,0,0
159692,17/18,GB1,Premier League,512,Stoke City,16,15,0.0,0,0,0,3,4,0,0,0,,0,0
160380,18/19,GB1,Premier League,931,Fulham FC,11,3,0.0,0,0,2,1,0,0,0,0,,0,0
160438,23/24,GB1,Premier League,11,Arsenal FC,16,3,0.0,0,0,3,0,0,0,0,0,,0,0
160438,22/23,GB1,Premier League,11,Arsenal FC,9,5,0.0,0,0,4,0,0,0,0,0,,0,0
160438,21/22,GB1,Premier League,11,Arsenal FC,33,14,0.0,2,0,6,0,1,0,0,0,,0,0
160438,20/21,GB1,Premier League,11,Arsenal FC,36,23,1.0,0,0,6,4,3,0,0,0,1542.0,0,0
160438,18/19,GB1,Premier League,11,Arsenal FC,29,8,0.0,0,0,3,4,0,0,0,0,,0,0
160438,17/18,GB1,Premier League,11,Arsenal FC,24,13,0.0,1,0,2,5,3,0,1,0,,0,0
160438,16/17,GB1,Premier League,11,Arsenal FC,28,14,0.0,1,0,6,6,1,0,0,0,,0,0
16135,18/19,GB1,Premier League,931,Fulham FC,16,16,5.0,4,0,1,10,3,0,0,0,252.0,0,0
161869,19/20,GB1,Premier League,29,Everton FC,31,25,0.0,4,0,7,3,3,0,0,0,,0,0
162029,23/24,GB1,Premier League,762,Newcastle United,1,0,0.0,0,0,0,0,0,0,0,0,,0,0
162029,22/23,GB1,Premier League,762,Newcastle United,28,4,0.0,0,0,4,0,0,0,0,0,,0,0
162029,21/22,GB1,Premier League,762,Newcastle United,30,19,1.0,2,0,4,6,5,0,0,0,1262.0,0,0
162029,20/21,GB1,Premier League,762,Newcastle United,29,13,0.0,0,0,3,4,1,0,0,0,,0,0
162029,19/20,GB1,Premier League,762,Newcastle United,26,21,0.0,1,0,3,3,5,0,0,0,,0,0
162029,18/19,GB1,Premier League,762,Newcastle United,35,18,0.0,3,0,6,2,2,0,0,0,,0,0
162029,17/18,GB1,Premier League,762,Newcastle United,38,21,0.0,1,0,1,2,2,0,0,0,,0,0
162029,16/17,GB1,Premier League,289,Sunderland AFC,32,20,1.0,0,0,5,2,2,0,0,0,1428.0,0,0
16306,25/26,GB1,Premier League,985,Manchester United,3,3,0.0,0,0,0,3,1,0,0,0,,0,0
16306,24/25,GB1,Premier League,985,Manchester United,38,24,1.0,0,0,6,11,5,0,0,0,1498.0,0,0
16306,23/24,GB1,Premier League,985,Manchester United,26,25,1.0,2,0,1,6,7,0,0,0,1985.0,0,0
16306,22/23,GB1,Premier League,985,Manchester United,28,28,4.0,3,0,4,4,7,0,2,0,532.0,0,0
163530,16/17,GB1,Premier League,641,Middlesbrough FC,1,0,0.0,0,0,0,0,0,0,0,0,,0,0
163656,17/18,GB1,Premier League,1237,Brighton & Hove Albion,31,3,0.0,0,0,1,0,1,0,0,0,,0,0
163744,24/25,GB1,Premier League,180,Southampton FC,23,19,1.0,0,0,2,4,2,0,2,0,1394.0,0,0
163744,22/23,GB1,Premier League,989,AFC Bournemouth,30,15,0.0,0,0,2,0,3,0,0,0,,0,0
163744,22/23,GB1,Premier League,180,Southampton FC,2,2,0.0,0,0,2,0,0,0,0,0,,0,0
163744,21/22,GB1,Premier League,180,Southampton FC,22,11,0.0,0,0,2,1,3,0,0,0,,0,0
163744,20/21,GB1,Premier League,180,Southampton FC,38,18,0.0,0,0,1,2,2,0,0,0,,0,0
163744,19/20,GB1,Premier League,180,Southampton FC,34,28,1.0,3,0,1,1,4,0,1,0,2453.0,0,0
163744,18/19,GB1,Premier League,180,Southampton FC,32,24,1.0,0,0,5,2,4,0,0,0,1697.0,0,0
163744,17/18,GB1,Premier League,180,Southampton FC,27,22,2.0,0,0,0,0,6,0,1,0,990.0,0,0
163744,16/17,GB1,Premier League,180,Southampton FC,20,17,0.0,1,0,2,0,1,0,0,0,,0,0
16408,17/18,GB1,Premier League,1010,Watford FC,32,15,,0,0,1,0,0,0,0,0,1291.0,24,4
164770,23/24,GB1,Premier League,985,Manchester United,26,22,1.0,0,0,6,4,2,0,0,0,1371.0,0,0
164770,22/23,GB1,Premier League,985,Manchester United,30,24,0.0,0,1,2,6,1,0,0,0,,0,0
164770,21/22,GB1,Premier League,985,Manchester United,24,22,1.0,1,0,2,0,0,0,0,0,1829.0,0,0
165007,18/19,GB1,Premier League,11,Arsenal FC,8,4,0.0,0,0,4,0,0,0,0,0,,0,0
165793,21/22,GB1,Premier League,31,Liverpool FC,26,11,3.0,0,0,10,0,1,0,0,0,59.0,0,0
165793,20/21,GB1,Premier League,180,Southampton FC,15,10,2.0,0,0,1,7,1,0,0,0,359.0,0,0
165793,20/21,GB1,Premier League,31,Liverpool FC,20,9,1.0,0,0,7,0,0,0,0,0,289.0,0,0
165793,19/20,GB1,Premier League,31,Liverpool FC,17,10,0.0,0,0,8,2,0,0,0,0,,0,0
166240,21/22,GB1,Premier League,1237,Brighton & Hove Albion,9,1,0.0,0,0,1,0,0,0,0,0,,0,0
166240,19/20,GB1,Premier League,1237,Brighton & Hove Albion,3,2,0.0,0,0,1,1,0,0,0,0,,0,0
166240,18/19,GB1,Premier League,1237,Brighton & Hove Albion,35,26,2.0,0,0,14,5,1,0,0,0,615.0,0,0
166240,17/18,GB1,Premier League,1237,Brighton & Hove Albion,12,6,1.0,1,0,3,3,0,0,0,0,223.0,0,0
16660,16/17,GB1,Premier League,641,Middlesbrough FC,2,0,0.0,0,0,0,0,0,0,0,0,,0,0
167268,16/17,GB1,Premier League,289,Sunderland AFC,11,9,0.0,0,1,4,5,0,0,0,0,,0,0
167393,16/17,GB1,Premier League,641,Middlesbrough FC,1,1,0.0,0,0,0,1,0,0,0,0,,0,0
167799,23/24,GB1,Premier League,148,Tottenham Hotspur,38,36,0.0,0,1,28,4,4,0,0,0,,0,0
167799,22/23,GB1,Premier League,148,Tottenham Hotspur,35,35,4.0,5,0,0,2,5,0,0,0,783.0,0,0
167799,21/22,GB1,Premier League,148,Tottenham Hotspur,37,36,2.0,2,0,0,3,3,0,0,0,1600.0,0,0
167799,20/21,GB1,Premier League,148,Tottenham Hotspur,38,38,2.0,5,0,0,0,9,0,0,0,1710.0,0,0
167799,19/20,GB1,Premier League,180,Southampton FC,34,33,0.0,1,0,3,1,5,0,0,0,,0,0
167799,18/19,GB1,Premier League,180,Southampton FC,33,31,4.0,4,0,0,2,7,1,1,0,691.0,0,0
167799,17/18,GB1,Premier League,180,Southampton FC,31,23,0.0,0,0,4,5,6,0,0,0,,0,0
167799,16/17,GB1,Premier League,180,Southampton FC,34,22,0.0,0,0,8,6,2,0,0,0,,0,0
167850,16/17,GB1,Premier League,985,Manchester United,5,4,0.0,0,0,4,0,1,0,0,0,,0,0
168157,23/24,GB1,Premier League,405,Aston Villa,18,8,1.0,0,0,7,1,0,0,0,0,119.0,0,0
168157,22/23,GB1,Premier League,405,Aston Villa,27,20,0.0,0,0,13,5,0,0,0,0,,0,0
168157,22/23,GB1,Premier League,543,Wolverhampton Wanderers,5,4,0.0,0,0,2,0,0,0,0,0,,0,0
168157,21/22,GB1,Premier League,543,Wolverhampton Wanderers,37,30,2.0,2,0,9,4,4,0,0,0,974.0,0,0
168157,20/21,GB1,Premier League,543,Wolverhampton Wanderers,34,33,1.0,0,1,5,3,4,0,0,0,2500.0,0,0
168157,19/20,GB1,Premier League,543,Wolverhampton Wanderers,38,38,4.0,0,1,6,5,5,0,0,0,699.0,0,0
168157,18/19,GB1,Premier League,543,Wolverhampton Wanderers,27,19,2.0,0,0,2,4,1,0,0,0,735.0,0,0
168337,17/18,GB1,Premier League,1003,Leicester City,1,0,0.0,0,0,0,0,0,0,0,0,,0,0
168337,16/17,GB1,Premier League,1003,Leicester City,32,21,2.0,0,0,14,6,1,0,0,0,377.0,0,0
16911,21/22,GB1,Premier League,1003,Leicester City,38,37,,0,0,0,0,1,0,0,0,3330.0,58,7
16911,20/21,GB1,Premier League,1003,Leicester City,38,38,,1,0,0,0,0,0,0,0,3420.0,50,11
16911,19/20,GB1,Premier League,1003,Leicester City,38,38,,0,0,0,0,2,0,0,0,3420.0,41,13
16911,18/19,GB1,Premier League,1003,Leicester City,38,38,,0,0,0,0,3,0,0,0,3420.0,48,10
16911,17/18,GB1,Premier League,1003,Leicester City,33,33,,1,0,0,1,3,0,0,0,2966.0,47,8
16911,16/17,GB1,Premier League,1003,Leicester City,30,30,,0,0,0,1,1,0,0,0,2667.0,47,9
169555,18/19,GB1,Premier League,603,Cardiff City,29,27,4.0,1,0,6,4,4,0,0,0,499.0,0,0
169801,23/24,GB1,Premier League,1031,Luton Town,32,24,1.0,1,0,22,2,2,0,0,0,408.0,0,0
170321,23/24,GB1,Premier League,762,Newcastle United,29,5,0.0,0,0,5,0,0,0,0,0,,0,0
170321,22/23,GB1,Premier League,762,Newcastle United,16,0,0.0,0,0,0,0,0,0,0,0,,0,0
170321,21/22,GB1,Premier League,762,Newcastle United,16,3,0.0,0,0,1,1,2,0,0,0,,0,0
170321,20/21,GB1,Premier League,762,Newcastle United,20,15,1.0,0,0,1,2,2,0,0,0,1256.0,0,0
170321,19/20,GB1,Premier League,762,Newcastle United,19,16,0.0,0,1,2,3,2,0,0,0,,0,0
170321,18/19,GB1,Premier League,762,Newcastle United,28,26,0.0,0,0,5,1,1,0,0,0,,0,0
170321,17/18,GB1,Premier League,762,Newcastle United,22,20,0.0,0,0,1,2,1,0,0,0,,0,0
170472,19/20,GB1,Premier League,1010,Watford FC,9,3,0.0,0,0,2,1,0,0,0,0,,0,0
170527,24/25,GB1,Premier League,148,Tottenham Hotspur,21,18,0.0,3,0,14,4,0,0,0,0,,0,0
170527,23/24,GB1,Premier League,148,Tottenham Hotspur,13,13,2.0,4,0,3,8,1,0,0,0,408.0,0,0
170527,21/22,GB1,Premier League,631,Chelsea FC,28,21,4.0,1,0,6,8,1,0,0,0,322.0,0,0
170527,20/21,GB1,Premier League,631,Chelsea FC,38,35,6.0,12,0,6,11,2,0,0,0,434.0,0,0
170646,22/23,GB1,Premier League,405,Aston Villa,12,3,0.0,0,0,2,1,1,0,0,0,,0,0
170929,17/18,GB1,Premier League,762,Newcastle United,7,1,0.0,0,0,1,0,0,0,0,0,,0,0
170934,24/25,GB1,Premier League,543,Wolverhampton Wanderers,17,17,1.0,3,0,2,2,3,0,0,0,1363.0,0,0
170934,23/24,GB1,Premier League,543,Wolverhampton Wanderers,35,35,4.0,1,0,1,7,10,1,0,0,744.0,0,0
170934,22/23,GB1,Premier League,543,Wolverhampton Wanderers,19,19,0.0,1,0,2,8,2,1,0,0,,0,0
170934,20/21,GB1,Premier League,931,Fulham FC,30,28,1.0,1,0,9,11,5,0,0,0,1705.0,0,0
170934,18/19,GB1,Premier League,180,Southampton FC,23,21,1.0,1,0,3,5,5,0,0,0,1615.0,0,0
170934,17/18,GB1,Premier League,180,Southampton FC,31,25,1.0,1,0,5,8,2,0,0,0,1721.0,0,0
171260,17/18,GB1,Premier League,2288,Swansea City,5,2,0.0,0,0,2,0,1,0,0,0,,0,0
171260,16/17,GB1,Premier League,2288,Swansea City,17,11,0.0,0,0,2,5,2,0,0,0,,0,0
171424,22/23,GB1,Premier League,281,Manchester City,38,30,5.0,10,0,8,11,2,0,0,1,385.0,0,0
171424,21/22,GB1,Premier League,281,Manchester City,36,28,11.0,5,0,13,5,0,0,0,4,136.0,0,0
171424,20/21,GB1,Premier League,281,Manchester City,37,27,9.0,6,0,4,10,0,0,0,0,217.0,0,0
171424,19/20,GB1,Premier League,281,Manchester City,38,33,11.0,12,0,12,9,0,0,0,1,176.0,0,0
171424,18/19,GB1,Premier League,281,Manchester City,37,27,7.0,4,0,13,9,0,0,0,0,191.0,0,0
171424,17/18,GB1,Premier League,1003,Leicester City,36,36,12.0,10,0,2,12,2,0,0,0,247.0,0,0
171424,16/17,GB1,Premier League,1003,Leicester City,36,36,6.0,3,0,3,15,4,0,0,3,472.0,0,0
171679,25/26,GB1,Premier League,543,Wolverhampton Wanderers,3,2,0.0,0,0,0,0,2,0,0,0,,0,0
171679,24/25,GB1,Premier League,543,Wolverhampton Wanderers,38,30,2.0,1,1,5,9,6,0,0,0,1056.0,0,0
171679,23/24,GB1,Premier League,543,Wolverhampton Wanderers,38,30,1.0,0,0,21,5,2,0,0,0,1141.0,0,0
171679,22/23,GB1,Premier League,148,Tottenham Hotspur,21,12,1.0,0,0,5,5,0,0,0,0,668.0,0,0
171679,21/22,GB1,Premier League,148,Tottenham Hotspur,28,15,2.0,4,0,6,3,0,0,0,0,437.0,0,0
171679,20/21,GB1,Premier League,148,Tottenham Hotspur,28,17,0.0,2,0,4,1,2,1,0,0,,0,0
171679,19/20,GB1,Premier League,543,Wolverhampton Wanderers,37,36,4.0,3,0,4,6,1,0,0,0,710.0,0,0
171679,18/19,GB1,Premier League,543,Wolverhampton Wanderers,38,38,4.0,5,1,3,6,5,0,0,0,787.0,0,0
173483,17/18,GB1,Premier League,1132,Burnley FC,20,9,0.0,0,0,9,0,0,0,0,0,,0,0
173504,25/26,GB1,Premier League,29,Everton FC,3,3,0.0,0,0,0,0,0,0,0,0,,0,0
173504,24/25,GB1,Premier League,29,Everton FC,33,33,1.0,1,0,0,2,6,0,0,0,2924.0,0,0
173504,23/24,GB1,Premier League,29,Everton FC,38,38,1.0,1,0,0,1,11,0,0,0,3420.0,0,0
173504,22/23,GB1,Premier League,29,Everton FC,38,38,1.0,1,0,0,0,6,0,0,0,3420.0,0,0
173504,21/22,GB1,Premier League,1132,Burnley FC,35,35,1.0,2,1,0,1,11,0,0,0,3107.0,0,0
173504,20/21,GB1,Premier League,1132,Burnley FC,36,36,1.0,0,0,0,0,6,0,0,0,3240.0,0,0
173504,19/20,GB1,Premier League,1132,Burnley FC,38,38,2.0,2,0,0,0,10,0,0,0,1710.0,0,0
173504,18/19,GB1,Premier League,1132,Burnley FC,36,35,3.0,1,0,0,1,8,0,0,0,1029.0,0,0
173504,17/18,GB1,Premier League,1132,Burnley FC,31,31,0.0,0,0,0,0,5,0,0,0,,0,0
173504,16/17,GB1,Premier League,1132,Burnley FC,38,19,0.0,0,0,15,0,1,0,0,0,,0,0
173859,18/19,GB1,Premier League,631,Chelsea FC,23,4,0.0,0,0,3,0,0,0,0,0,,0,0
173859,17/18,GB1,Premier League,631,Chelsea FC,31,22,1.0,1,0,10,7,0,0,0,0,1094.0,0,0
173900,21/22,GB1,Premier League,399,Leeds United,3,1,0.0,0,0,1,0,0,0,0,0,,0,0
173900,20/21,GB1,Premier League,399,Leeds United,32,22,3.0,3,1,9,8,0,0,0,0,385.0,0,0
173900,18/19,GB1,Premier League,543,Wolverhampton Wanderers,38,25,1.0,2,0,9,14,3,0,0,0,1346.0,0,0
17396,16/17,GB1,Premier League,873,Crystal Palace,26,10,0.0,0,0,7,2,0,0,0,0,,0,0
174094,22/23,GB1,Premier League,405,Aston Villa,13,2,0.0,0,0,2,0,0,0,0,0,,0,0
174094,21/22,GB1,Premier League,405,Aston Villa,27,10,0.0,0,0,7,3,0,0,0,0,,0,0
174094,20/21,GB1,Premier League,405,Aston Villa,11,9,0.0,0,0,6,3,3,0,0,0,,0,0
174915,20/21,GB1,Premier League,1003,Leicester City,1,1,0.0,0,0,1,0,0,0,0,0,,0,0
174915,17/18,GB1,Premier League,762,Newcastle United,4,4,0.0,1,0,3,1,1,0,0,0,,0,0
174915,17/18,GB1,Premier League,1003,Leicester City,19,12,1.0,1,0,10,1,0,0,0,0,240.0,0,0
174915,16/17,GB1,Premier League,1003,Leicester City,25,23,7.0,4,0,10,7,1,0,0,1,183.0,0,0
175169,20/21,GB1,Premier League,29,Everton FC,33,12,1.0,0,0,9,2,2,0,0,0,449.0,0,0
175169,19/20,GB1,Premier League,29,Everton FC,33,27,3.0,2,0,12,12,2,0,0,0,426.0,0,0
175169,18/19,GB1,Premier League,29,Everton FC,35,34,1.0,4,0,9,21,5,0,0,0,2128.0,0,0
175446,23/24,GB1,Premier League,543,Wolverhampton Wanderers,8,1,0.0,0,0,1,0,0,0,0,0,,0,0
175446,22/23,GB1,Premier League,543,Wolverhampton Wanderers,26,18,1.0,0,0,4,4,3,0,1,0,1262.0,0,0
175446,21/22,GB1,Premier League,543,Wolverhampton Wanderers,17,13,2.0,0,0,3,2,1,0,0,0,512.0,0,0
175446,20/21,GB1,Premier League,543,Wolverhampton Wanderers,7,7,0.0,0,0,0,5,0,0,0,0,,0,0
175446,19/20,GB1,Premier League,543,Wolverhampton Wanderers,36,35,2.0,2,0,2,6,4,0,0,0,1446.0,0,0
175446,18/19,GB1,Premier League,543,Wolverhampton Wanderers,34,33,1.0,1,0,1,10,6,0,0,0,2779.0,0,0
175722,23/24,GB1,Premier League,148,Tottenham Hotspur,12,4,0.0,0,0,3,0,0,0,0,0,,0,0
175722,22/23,GB1,Premier League,148,Tottenham Hotspur,36,33,2.0,1,0,2,1,4,0,0,0,1408.0,0,0
175722,21/22,GB1,Premier League,148,Tottenham Hotspur,35,35,0.0,0,1,0,1,1,0,0,0,,0,0
175722,20/21,GB1,Premier League,148,Tottenham Hotspur,37,28,0.0,0,0,0,0,3,0,0,0,,0,0
175722,19/20,GB1,Premier League,148,Tottenham Hotspur,32,19,0.0,2,0,4,2,5,0,0,0,,0,0
175722,18/19,GB1,Premier League,148,Tottenham Hotspur,24,20,3.0,0,0,2,6,4,0,0,0,503.0,0,0
175722,17/18,GB1,Premier League,148,Tottenham Hotspur,37,34,0.0,2,0,2,5,4,0,0,0,,0,0
175722,16/17,GB1,Premier League,148,Tottenham Hotspur,37,36,2.0,0,0,2,3,6,0,0,0,1522.0,0,0
175745,17/18,GB1,Premier League,989,AFC Bournemouth,8,0,0.0,0,0,0,0,0,0,0,0,,0,0
175745,16/17,GB1,Premier League,989,AFC Bournemouth,31,5,0.0,0,0,2,3,1,0,0,0,,0,0
176553,23/24,GB1,Premier League,281,Manchester City,1,1,0.0,0,0,1,0,0,0,0,0,,0,0
176553,22/23,GB1,Premier League,281,Manchester City,27,12,0.0,0,0,1,1,0,0,0,0,,0,0
176553,21/22,GB1,Premier League,281,Manchester City,35,33,4.0,0,0,0,5,5,0,1,0,709.0,0,0
176553,20/21,GB1,Premier League,281,Manchester City,28,16,0.0,0,0,2,0,1,0,0,0,,0,0
176553,19/20,GB1,Premier League,281,Manchester City,17,15,1.0,0,0,1,8,1,0,0,0,1104.0,0,0
176553,18/19,GB1,Premier League,281,Manchester City,36,35,3.0,3,0,1,1,3,0,0,0,1019.0,0,0
176553,17/18,GB1,Premier League,281,Manchester City,14,9,0.0,0,0,0,1,1,0,0,0,,0,0
176591,19/20,GB1,Premier League,405,Aston Villa,21,10,0.0,1,0,6,4,0,0,0,0,,0,0
177065,21/22,GB1,Premier League,1237,Brighton & Hove Albion,1,0,0.0,0,0,0,0,0,0,0,0,,0,0
177065,20/21,GB1,Premier League,1237,Brighton & Hove Albion,1,0,0.0,0,0,0,0,0,0,0,0,,0,0
177065,19/20,GB1,Premier League,1237,Brighton & Hove Albion,3,3,1.0,0,0,2,0,0,0,1,0,72.0,0,0
177065,18/19,GB1,Premier League,1237,Brighton & Hove Albion,28,23,3.0,0,0,15,8,5,0,0,0,291.0,0,0
177476,25/26,GB1,Premier League,281,Manchester City,3,1,0.0,0,0,1,0,0,0,0,0,,0,0
177476,24/25,GB1,Premier League,281,Manchester City,19,10,0.0,0,0,2,6,0,0,0,0,,0,0
177476,23/24,GB1,Premier League,281,Manchester City,35,29,2.0,2,0,5,5,0,0,0,0,1022.0,0,0
177476,22/23,GB1,Premier League,281,Manchester City,30,26,1.0,0,0,4,6,2,0,0,0,1877.0,0,0
177476,21/22,GB1,Premier League,281,Manchester City,36,14,2.0,0,0,4,2,0,0,0,0,460.0,0,0
177476,20/21,GB1,Premier League,281,Manchester City,17,10,1.0,0,0,1,1,4,0,0,0,797.0,0,0
177476,19/20,GB1,Premier League,989,AFC Bournemouth,30,29,2.0,2,0,0,2,2,0,0,0,1253.0,0,0
177476,18/19,GB1,Premier League,989,AFC Bournemouth,38,38,4.0,1,0,0,1,3,0,0,0,853.0,0,0
177476,17/18,GB1,Premier League,989,AFC Bournemouth,38,38,2.0,3,0,1,1,5,0,0,0,1677.0,0,0
177476,16/17,GB1,Premier League,631,Chelsea FC,10,2,0.0,1,0,1,0,1,0,0,0,,0,0
177476,16/17,GB1,Premier League,989,AFC Bournemouth,18,10,3.0,0,0,2,0,0,0,0,0,244.0,0,0
177847,16/17,GB1,Premier League,289,Sunderland AFC,31,25,0.0,3,0,7,8,3,1,0,0,,0,0
177862,17/18,GB1,Premier League,631,Chelsea FC,8,3,0.0,1,0,3,0,0,0,0,0,,0,0
177907,25/26,GB1,Premier League,985,Manchester United,3,2,0.0,0,0,2,0,0,0,0,0,,0,0
177907,24/25,GB1,Premier League,985,Manchester United,30,27,1.0,0,0,8,6,6,0,0,0,1756.0,0,0
177907,23/24,GB1,Premier League,985,Manchester United,25,22,2.0,3,0,4,1,3,0,0,0,825.0,0,0
177907,22/23,GB1,Premier League,985,Manchester United,31,16,0.0,0,0,8,0,4,0,0,0,,0,0
177907,21/22,GB1,Premier League,985,Manchester United,33,30,1.0,0,1,2,1,7,1,0,0,2515.0,0,0
177907,20/21,GB1,Premier League,985,Manchester United,34,34,2.0,1,0,0,1,11,0,0,0,1524.0,0,0
177907,19/20,GB1,Premier League,985,Manchester United,38,38,1.0,1,0,0,0,6,0,0,0,3420.0,0,0
177907,18/19,GB1,Premier League,1003,Leicester City,32,31,3.0,0,0,0,2,6,0,1,0,866.0,0,0
177907,17/18,GB1,Premier League,1003,Leicester City,38,38,2.0,3,0,0,0,7,0,0,0,1710.0,0,0
177907,16/17,GB1,Premier League,3008,Hull City,34,29,2.0,2,0,4,3,5,0,0,0,1154.0,0,0
178614,18/19,GB1,Premier League,931,Fulham FC,34,32,1.0,2,0,5,13,6,0,0,0,2250.0,0,0
179184,20/21,GB1,Premier League,873,Crystal Palace,35,18,2.0,2,0,11,5,0,0,0,0,361.0,0,0
179184,19/20,GB1,Premier League,631,Chelsea FC,28,16,1.0,1,0,15,1,0,0,0,0,224.0,0,0
179184,18/19,GB1,Premier League,873,Crystal Palace,14,11,5.0,0,0,2,8,0,0,0,0,151.0,0,0
179184,17/18,GB1,Premier League,631,Chelsea FC,21,12,2.0,1,1,9,2,0,0,0,0,177.0,0,0
179184,16/17,GB1,Premier League,631,Chelsea FC,37,20,5.0,1,0,19,1,0,0,0,0,48.0,0,0
179451,16/17,GB1,Premier League,289,Sunderland AFC,25,12,0.0,1,0,6,1,1,0,0,0,,0,0
17965,22/23,GB1,Premier League,148,Tottenham Hotspur,26,25,,1,0,0,1,0,0,0,0,2205.0,39,7
17965,21/22,GB1,Premier League,148,Tottenham Hotspur,38,38,,0,0,0,0,2,0,0,0,3420.0,40,16
17965,20/21,GB1,Premier League,148,Tottenham Hotspur,38,38,,0,0,0,0,0,0,0,0,3420.0,45,12
17965,19/20,GB1,Premier League,148,Tottenham Hotspur,21,21,,0,0,0,1,0,0,0,0,1808.0,21,6
17965,18/19,GB1,Premier League,148,Tottenham Hotspur,33,33,,0,0,0,0,0,0,0,0,2970.0,33,12
17965,17/18,GB1,Premier League,148,Tottenham Hotspur,36,36,,0,0,0,0,1,0,0,0,3240.0,35,15
17965,16/17,GB1,Premier League,148,Tottenham Hotspur,34,34,,0,0,0,1,0,0,0,0,3005.0,24,15
181375,20/21,GB1,Premier League,379,West Ham United,16,16,3.0,0,0,6,3,0,0,0,0,312.0,0,0
181375,19/20,GB1,Premier League,379,West Ham United,33,32,7.0,2,0,8,4,1,0,0,0,323.0,0,0
181380,25/26,GB1,Premier League,289,Sunderland AFC,2,0,0.0,0,0,0,0,0,0,0,0,,0,0
181380,21/22,GB1,Premier League,379,West Ham United,29,13,1.0,1,0,7,2,1,0,0,0,647.0,0,0
181380,20/21,GB1,Premier League,379,West Ham United,12,12,0.0,2,0,0,5,2,0,0,0,,0,0
181380,19/20,GB1,Premier League,379,West Ham United,24,17,0.0,1,0,7,2,4,1,0,0,,0,0
181380,18/19,GB1,Premier League,379,West Ham United,35,23,0.0,1,0,4,1,2,0,0,0,,0,0
181380,17/18,GB1,Premier League,379,West Ham United,32,27,0.0,3,0,6,8,5,0,0,0,,0,0
181380,16/17,GB1,Premier League,379,West Ham United,16,13,0.0,1,0,2,2,1,0,0,0,,0,0
181579,25/26,GB1,Premier League,379,West Ham United,3,3,0.0,0,0,0,2,0,0,0,0,,0,0
181579,24/25,GB1,Premier League,379,West Ham United,16,15,1.0,1,0,3,6,2,0,0,0,1042.0,0,0
181579,24/25,GB1,Premier League,703,Nottingham Forest,18,9,0.0,1,0,4,2,0,1,0,0,,0,0
181579,23/24,GB1,Premier League,379,West Ham United,37,37,7.0,7,0,3,6,4,0,0,2,429.0,0,0
181579,22/23,GB1,Premier League,180,Southampton FC,38,38,9.0,4,1,0,2,6,0,0,2,375.0,0,0
181579,21/22,GB1,Premier League,180,Southampton FC,36,36,10.0,5,0,0,1,3,0,1,4,322.0,0,0
181579,20/21,GB1,Premier League,180,Southampton FC,38,38,8.0,7,0,0,0,5,0,0,3,428.0,0,0
181579,19/20,GB1,Premier League,180,Southampton FC,38,38,5.0,3,0,0,0,9,0,0,1,684.0,0,0
181579,18/19,GB1,Premier League,180,Southampton FC,35,26,7.0,0,1,5,2,4,0,0,1,277.0,0,0
181579,17/18,GB1,Premier League,180,Southampton FC,37,30,3.0,3,0,10,10,3,0,0,0,572.0,0,0
181579,16/17,GB1,Premier League,180,Southampton FC,35,30,4.0,4,0,8,9,4,0,0,0,471.0,0,0
181687,24/25,GB1,Premier League,677,Ipswich Town,22,11,0.0,0,0,9,2,0,0,0,0,,0,0
181778,24/25,GB1,Premier League,379,West Ham United,35,31,2.0,1,0,5,19,5,0,0,0,1063.0,0,0
181778,23/24,GB1,Premier League,379,West Ham United,36,36,1.0,3,1,1,6,10,0,0,0,3143.0,0,0
181778,22/23,GB1,Premier League,379,West Ham United,35,22,1.0,0,0,6,7,2,0,0,0,1322.0,0,0
181778,21/22,GB1,Premier League,631,Chelsea FC,1,1,0.0,0,0,1,0,0,0,0,0,,0,0
181778,20/21,GB1,Premier League,631,Chelsea FC,21,2,0.0,0,0,2,0,0,0,0,0,,0,0
181778,19/20,GB1,Premier League,631,Chelsea FC,22,15,0.0,0,0,2,3,3,0,0,0,,0,0
181778,18/19,GB1,Premier League,631,Chelsea FC,16,10,0.0,0,0,3,0,0,0,0,0,,0,0
181778,17/18,GB1,Premier League,631,Chelsea FC,12,5,0.0,1,0,2,1,0,0,0,0,,0,0
181781,18/19,GB1,Premier League,543,Wolverhampton Wanderers,19,7,0.0,1,0,7,0,0,0,0,0,,0,0
182201,19/20,GB1,Premier League,405,Aston Villa,14,14,1.0,0,0,3,6,1,0,0,0,946.0,0,0
18227,16/17,GB1,Premier League,3008,Hull City,28,26,0.0,2,1,1,5,4,0,0,0,,0,0
182618,17/18,GB1,Premier League,631,Chelsea FC,34,29,2.0,2,0,5,3,3,1,0,0,1062.0,0,0
182712,22/23,GB1,Premier League,281,Manchester City,20,17,2.0,2,0,1,5,3,0,1,0,639.0,0,0
182712,21/22,GB1,Premier League,281,Manchester City,37,36,1.0,7,0,0,1,7,0,0,0,3228.0,0,0
182712,20/21,GB1,Premier League,281,Manchester City,34,28,2.0,3,0,1,3,5,0,1,0,1151.0,0,0
182712,19/20,GB1,Premier League,281,Manchester City,34,17,0.0,0,0,4,1,4,0,0,0,,0,0
182877,23/24,GB1,Premier League,985,Manchester United,16,13,1.0,1,0,8,5,0,0,0,0,444.0,0,0
182877,22/23,GB1,Premier League,985,Manchester United,21,21,6.0,2,0,10,11,0,0,0,1,163.0,0,0
182877,21/22,GB1,Premier League,985,Manchester United,13,8,1.0,0,0,6,2,0,0,0,0,211.0,0,0
182877,20/21,GB1,Premier League,985,Manchester United,23,22,4.0,6,0,5,11,0,0,1,0,372.0,0,0
182877,19/20,GB1,Premier League,985,Manchester United,32,32,17.0,7,0,1,17,1,0,0,0,155.0,0,0
182877,18/19,GB1,Premier League,985,Manchester United,30,27,10.0,3,0,9,11,2,0,0,1,162.0,0,0
182877,17/18,GB1,Premier League,985,Manchester United,34,30,9.0,5,0,12,13,1,0,0,1,176.0,0,0
182877,16/17,GB1,Premier League,985,Manchester United,31,25,4.0,6,0,7,11,2,0,0,0,390.0,0,0
182894,22/23,GB1,Premier League,29,Everton FC,2,0,0.0,0,0,0,0,0,0,0,0,,0,0
182894,21/22,GB1,Premier League,29,Everton FC,16,3,0.0,0,0,2,1,0,0,0,0,,0,0
182894,20/21,GB1,Premier League,29,Everton FC,1,1,0.0,0,0,1,0,0,0,0,0,,0,0
182894,19/20,GB1,Premier League,29,Everton FC,2,2,0.0,0,0,1,0,0,0,0,0,,0,0
182904,23/24,GB1,Premier League,405,Aston Villa,34,14,0.0,1,0,0,3,3,0,0,0,,0,0
182904,22/23,GB1,Premier League,148,Tottenham Hotspur,37,26,0.0,2,0,2,10,3,0,0,0,,0,0
182932,17/18,GB1,Premier League,29,Everton FC,12,7,0.0,0,0,4,3,0,0,0,0,,0,0
183161,16/17,GB1,Premier League,1010,Watford FC,1,0,0.0,0,0,0,0,0,0,0,0,,0,0
183288,25/26,GB1,Premier League,985,Manchester United,3,3,0.0,0,0,0,2,0,0,0,0,,0,0
183288,24/25,GB1,Premier League,985,Manchester United,8,7,0.0,0,1,3,3,1,0,0,0,,0,0
183288,23/24,GB1,Premier League,985,Manchester United,12,12,0.0,0,0,0,5,6,0,0,0,,0,0
183288,22/23,GB1,Premier League,985,Manchester United,35,31,1.0,3,0,1,6,8,0,0,0,2556.0,0,0
183288,21/22,GB1,Premier League,985,Manchester United,22,20,0.0,3,0,1,4,8,0,0,0,,0,0
183288,20/21,GB1,Premier League,985,Manchester United,34,32,1.0,5,1,2,3,8,0,0,0,2655.0,0,0
183288,19/20,GB1,Premier League,985,Manchester United,24,24,0.0,0,0,4,5,7,0,0,0,,0,0
183288,18/19,GB1,Premier League,985,Manchester United,30,29,1.0,4,0,0,1,11,0,0,0,2592.0,0,0
183288,17/18,GB1,Premier League,985,Manchester United,21,11,0.0,0,0,3,1,2,0,0,0,,0,0
183288,16/17,GB1,Premier League,985,Manchester United,15,11,0.0,1,0,2,5,1,0,0,0,,0,0
183284,20/21,GB1,Premier League,873,Crystal Palace,1,0,0.0,0,0,0,0,0,0,0,0,,0,0
183293,23/24,GB1,Premier League,989,AFC Bournemouth,19,11,0.0,0,0,8,2,0,0,0,0,,0,0
183293,22/23,GB1,Premier League,989,AFC Bournemouth,27,20,0.0,1,0,8,9,1,0,0,0,,0,0
183299,20/21,GB1,Premier League,984,West Bromwich Albion,38,28,5.0,0,0,8,15,0,0,0,0,313.0,0,0
183299,19/20,GB1,Premier League,350,Sheffield United,23,16,1.0,2,0,7,7,1,0,0,0,676.0,0,0
183301,16/17,GB1,Premier League,148,Tottenham Hotspur,2,0,0.0,0,0,0,0,0,0,0,0,,0,0
183302,22/23,GB1,Premier League,989,AFC Bournemouth,14,7,0.0,0,0,4,3,1,0,0,0,,0,0
183321,23/24,GB1,Premier League,931,Fulham FC,3,0,0.0,0,0,0,0,0,0,0,0,,0,0
183321,22/23,GB1,Premier League,931,Fulham FC,14,6,0.0,1,0,5,1,1,0,0,0,,0,0
183318,25/26,GB1,Premier League,762,Newcastle United,1,0,0.0,0,0,0,0,0,0,0,0,,0,0
183318,24/25,GB1,Premier League,762,Newcastle United,3,0,0.0,0,0,0,0,0,0,0,0,,0,0
183318,23/24,GB1,Premier League,762,Newcastle United,26,16,1.0,0,0,3,4,4,0,0,0,1081.0,0,0
183318,22/23,GB1,Premier League,762,Newcastle United,30,7,0.0,0,0,5,0,4,0,0,0,,0,0
183318,21/22,GB1,Premier League,762,Newcastle United,34,26,1.0,0,2,4,1,5,0,0,0,2056.0,0,0
183318,20/21,GB1,Premier League,762,Newcastle United,19,19,2.0,0,0,0,3,4,0,0,0,814.0,0,0
183318,19/20,GB1,Premier League,762,Newcastle United,24,24,1.0,0,0,0,3,5,0,0,0,2079.0,0,0
183318,18/19,GB1,Premier League,762,Newcastle United,33,32,0.0,1,0,0,3,4,0,0,0,,0,0
183318,17/18,GB1,Premier League,762,Newcastle United,34,33,3.0,0,0,1,1,4,0,0,0,976.0,0,0
183334,22/23,GB1,Premier League,399,Leeds United,28,28,4.0,3,0,10,16,3,0,0,0,381.0,0,0
183334,21/22,GB1,Premier League,399,Leeds United,10,9,2.0,2,0,2,3,1,0,0,0,280.0,0,0
183334,20/21,GB1,Premier League,399,Leeds United,38,38,17.0,9,0,1,13,3,0,0,2,180.0,0,0
183334,16/17,GB1,Premier League,641,Middlesbrough FC,11,8,1.0,0,0,6,0,1,0,0,0,281.0,0,0
183334,16/17,GB1,Premier League,1132,Burnley FC,13,6,0.0,0,0,6,0,0,0,0,0,,0,0
183720,21/22,GB1,Premier League,29,Everton FC,10,2,0.0,0,0,2,0,0,0,0,0,,0,0
183720,21/22,GB1,Premier League,405,Aston Villa,18,9,1.0,1,0,5,2,2,0,0,1,383.0,0,0
183720,20/21,GB1,Premier League,405,Aston Villa,34,28,10.0,0,0,11,11,2,0,0,4,161.0,0,0
183720,19/20,GB1,Premier League,405,Aston Villa,37,34,4.0,4,0,8,17,3,0,0,1,516.0,0,0
184129,23/24,GB1,Premier League,1031,Luton Town,27,23,1.0,1,0,9,10,4,0,0,0,1306.0,0,0
184398,16/17,GB1,Premier League,2288,Swansea City,23,13,0.0,0,0,1,1,0,0,0,0,,0,0
184528,25/26,GB1,Premier League,762,Newcastle United,2,0,0.0,0,0,0,0,0,0,0,0,,0,0
184528,24/25,GB1,Premier League,762,Newcastle United,26,12,0.0,0,0,10,0,2,0,0,0,,0,0
184528,23/24,GB1,Premier League,762,Newcastle United,28,17,0.0,0,0,9,1,2,0,0,0,,0,0
184528,22/23,GB1,Premier League,762,Newcastle United,1,1,0.0,0,0,1,0,0,0,0,0,,0,0
184528,21/22,GB1,Premier League,762,Newcastle United,35,20,0.0,1,0,2,6,5,0,0,0,,0,0
184528,20/21,GB1,Premier League,762,Newcastle United,33,16,1.0,1,0,2,5,4,0,0,0,1291.0,0,0
184528,19/20,GB1,Premier League,762,Newcastle United,31,17,0.0,1,0,6,4,0,0,0,0,,0,0
184573,24/25,GB1,Premier League,985,Manchester United,23,16,0.0,0,0,10,1,1,0,0,0,,0,0
184573,23/24,GB1,Premier League,985,Manchester United,21,19,1.0,1,0,5,7,2,0,0,0,1332.0,0,0
184573,22/23,GB1,Premier League,985,Manchester United,30,20,0.0,0,0,6,1,1,0,0,0,,0,0
184573,21/22,GB1,Premier League,985,Manchester United,33,28,0.0,2,0,2,1,4,0,0,0,,0,0
184573,20/21,GB1,Premier League,985,Manchester United,34,29,1.0,1,0,0,1,0,0,0,0,2586.0,0,0
184573,19/20,GB1,Premier League,985,Manchester United,35,35,1.0,0,1,0,2,6,0,0,0,3093.0,0,0
184573,18/19,GB1,Premier League,985,Manchester United,32,30,1.0,1,1,1,2,1,0,0,0,2602.0,0,0
184573,17/18,GB1,Premier League,985,Manchester United,26,17,0.0,0,0,4,0,1,0,0,0,,0,0
184672,17/18,GB1,Premier League,180,Southampton FC,8,7,0.0,1,0,2,3,0,0,0,0,,0,0
186186,24/25,GB1,Premier League,1003,Leicester City,32,23,1.0,3,0,14,9,2,0,0,0,741.0,0,0
186186,23/24,GB1,Premier League,931,Fulham FC,38,33,6.0,2,0,16,16,4,0,0,0,237.0,0,0
186186,22/23,GB1,Premier League,931,Fulham FC,37,36,4.0,1,0,7,18,8,0,0,0,621.0,0,0
186186,20/21,GB1,Premier League,931,Fulham FC,35,33,5.0,3,0,5,14,7,0,0,0,476.0,0,0
186186,18/19,GB1,Premier League,603,Cardiff City,38,27,5.0,2,0,11,9,0,0,0,1,284.0,0,0
186368,19/20,GB1,Premier League,762,Newcastle United,13,13,1.0,0,0,9,2,0,0,1,0,474.0,0,0
186383,16/17,GB1,Premier League,148,Tottenham Hotspur,2,1,0.0,1,0,1,0,0,0,0,0,,0,0
18644,16/17,GB1,Premier League,641,Middlesbrough FC,37,36,9.0,4,0,3,13,5,0,0,2,320.0,0,0
186590,25/26,GB1,Premier League,281,Manchester City,3,3,0.0,0,0,0,1,0,0,0,0,,0,0
186590,24/25,GB1,Premier League,281,Manchester City,15,11,2.0,0,0,5,3,1,0,0,0,273.0,0,0
186590,23/24,GB1,Premier League,281,Manchester City,27,16,1.0,0,0,4,3,2,0,0,0,1064.0,0,0
186590,22/23,GB1,Premier League,281,Manchester City,29,23,2.0,2,1,2,5,2,0,0,0,924.0,0,0
186590,21/22,GB1,Premier League,281,Manchester City,27,14,1.0,0,0,2,1,0,0,0,0,1118.0,0,0
186590,20/21,GB1,Premier League,281,Manchester City,34,22,4.0,0,0,0,0,0,0,1,0,484.0,0,0
186590,19/20,GB1,Premier League,281,Manchester City,21,16,0.0,0,0,4,1,0,0,0,0,,0,0
186590,18/19,GB1,Premier League,281,Manchester City,34,24,0.0,0,0,4,2,1,0,0,0,,0,0
186590,17/18,GB1,Premier League,281,Manchester City,22,18,0.0,0,0,2,5,0,0,0,0,,0,0
186590,16/17,GB1,Premier League,281,Manchester City,31,27,0.0,0,0,4,3,1,0,0,0,,0,0
186644,22/23,GB1,Premier League,180,Southampton FC,37,33,1.0,1,0,6,18,4,0,0,0,2179.0,0,0
186644,21/22,GB1,Premier League,180,Southampton FC,35,30,4.0,2,0,7,11,4,0,0,0,511.0,0,0
186644,18/19,GB1,Premier League,180,Southampton FC,24,16,0.0,0,0,8,5,0,0,0,0,,0,0
186901,23/24,GB1,Premier League,931,Fulham FC,38,0,0.0,0,0,0,0,1,0,0,0,,0,0
186901,22/23,GB1,Premier League,931,Fulham FC,38,2,,0,0,0,0,0,0,0,0,180.0,2,1
186901,20/21,GB1,Premier League,931,Fulham FC,30,2,,0,0,0,0,0,0,0,0,180.0,5,0
187105,17/18,GB1,Premier League,2288,Swansea City,37,24,1.0,0,0,0,8,5,0,0,0,1949.0,0,0
187105,16/17,GB1,Premier League,2288,Swansea City,24,8,1.0,1,0,1,0,1,0,0,0,661.0,0,0
188077,25/26,GB1,Premier League,989,AFC Bournemouth,2,2,0.0,0,0,2,0,0,0,0,0,,0,0
188077,24/25,GB1,Premier League,989,AFC Bournemouth,29,29,2.0,3,0,2,17,9,0,0,0,1066.0,0,0
188077,23/24,GB1,Premier League,989,AFC Bournemouth,37,37,0.0,5,0,2,17,6,0,0,0,,0,0
188077,22/23,GB1,Premier League,989,AFC Bournemouth,38,32,1.0,1,0,10,17,2,0,0,0,1841.0,0,0
189070,16/17,GB1,Premier League,2288,Swansea City,19,18,0.0,2,0,6,9,1,0,0,0,,0,0
18935,18/19,GB1,Premier League,379,West Ham United,9,5,0.0,2,0,2,3,0,0,0,0,,0,0
18935,16/17,GB1,Premier League,281,Manchester City,1,1,0.0,0,0,1,0,0,0,0,0,,0,0
19059,19/20,GB1,Premier League,1010,Watford FC,38,0,0.0,0,0,0,0,0,0,0,0,,0,0
19059,18/19,GB1,Premier League,1010,Watford FC,38,0,0.0,0,0,0,0,0,0,0,0,,0,0
19059,17/18,GB1,Premier League,1010,Watford FC,33,24,,0,0,0,1,0,0,0,0,2129.0,40,6
19059,16/17,GB1,Premier League,1010,Watford FC,38,38,,1,0,0,2,1,0,0,0,3339.0,64,7
191217,21/22,GB1,Premier League,11,Arsenal FC,1,0,0.0,0,0,0,0,0,0,0,0,,0,0
191217,20/21,GB1,Premier League,11,Arsenal FC,34,25,1.0,3,0,1,5,8,0,0,0,2093.0,0,0
191217,19/20,GB1,Premier League,11,Arsenal FC,20,15,1.0,0,0,2,3,2,0,0,0,1159.0,0,0
191217,18/19,GB1,Premier League,11,Arsenal FC,19,19,0.0,5,1,1,3,3,0,0,0,,0,0
191217,17/18,GB1,Premier League,11,Arsenal FC,35,35,2.0,3,0,1,1,5,0,0,0,1526.0,0,0
191217,16/17,GB1,Premier League,11,Arsenal FC,34,33,1.0,4,0,6,1,4,0,0,0,2499.0,0,0
191422,23/24,GB1,Premier League,1237,Brighton & Hove Albion,17,9,0.0,1,0,3,5,1,0,1,0,,0,0
191614,22/23,GB1,Premier League,985,Manchester United,38,35,2.0,2,0,23,6,6,0,0,0,617.0,0,0
191614,21/22,GB1,Premier League,985,Manchester United,31,28,4.0,5,1,4,10,5,0,0,0,509.0,0,0
191614,20/21,GB1,Premier League,985,Manchester United,35,30,1.0,0,0,3,9,5,0,0,0,2396.0,0,0
191614,19/20,GB1,Premier League,985,Manchester United,34,29,0.0,0,0,6,2,8,0,0,0,,0,0
191614,18/19,GB1,Premier League,985,Manchester United,32,17,1.0,1,0,4,8,2,0,0,0,1044.0,0,0
192080,25/26,GB1,Premier League,762,Newcastle United,3,3,,0,0,0,0,1,0,0,0,270.0,3,2
192080,24/25,GB1,Premier League,762,Newcastle United,31,28,,0,0,0,0,2,0,0,0,2520.0,35,8
192080,23/24,GB1,Premier League,762,Newcastle United,18,15,,0,0,0,1,1,0,0,0,1346.0,16,6
192080,22/23,GB1,Premier League,762,Newcastle United,37,37,,0,0,0,0,3,0,0,0,3262.0,32,14
192080,21/22,GB1,Premier League,1132,Burnley FC,36,36,,0,0,0,0,1,0,0,0,3240.0,47,9
192080,20/21,GB1,Premier League,1132,Burnley FC,32,32,,0,0,0,0,1,0,0,0,2880.0,37,11
192080,19/20,GB1,Premier League,1132,Burnley FC,38,38,,0,0,0,0,1,0,0,0,3420.0,50,15
192080,17/18,GB1,Premier League,1132,Burnley FC,38,35,,0,0,1,0,3,0,0,0,3114.0,35,12
192080,16/17,GB1,Premier League,1132,Burnley FC,11,0,0.0,0,0,0,0,0,0,0,0,,0,0
192279,25/26,GB1,Premier League,11,Arsenal FC,3,0,0.0,0,0,0,0,0,0,0,0,,0,0
192279,24/25,GB1,Premier League,989,AFC Bournemouth,32,31,,0,0,0,0,2,0,0,0,2790.0,39,8
192279,22/23,GB1,Premier League,631,Chelsea FC,36,29,,0,0,0,1,1,0,0,0,2565.0,33,9
192279,21/22,GB1,Premier League,631,Chelsea FC,38,4,,0,0,0,0,0,0,0,0,360.0,2,2
192279,20/21,GB1,Premier League,631,Chelsea FC,35,7,,0,0,1,0,1,0,0,0,585.0,8,2
192279,19/20,GB1,Premier League,631,Chelsea FC,38,33,,0,0,0,0,0,0,0,0,2970.0,47,8
192279,18/19,GB1,Premier League,631,Chelsea FC,38,36,,0,0,0,0,2,0,0,0,3240.0,39,14
192565,19/20,GB1,Premier League,281,Manchester City,3,1,0.0,0,0,1,0,0,0,0,0,,0,0
192565,18/19,GB1,Premier League,281,Manchester City,37,31,10.0,11,0,10,10,1,0,0,0,187.0,0,0
192565,17/18,GB1,Premier League,281,Manchester City,34,32,10.0,15,0,5,9,4,0,0,0,242.0,0,0
192565,16/17,GB1,Premier League,281,Manchester City,31,26,5.0,4,0,6,12,4,0,0,0,357.0,0,0
192611,17/18,GB1,Premier League,985,Manchester United,9,0,0.0,0,0,0,0,0,0,0,0,,0,0
192611,16/17,GB1,Premier League,985,Manchester United,3,1,,0,0,0,0,0,0,0,0,90.0,0,1
192765,25/26,GB1,Premier League,148,Tottenham Hotspur,3,0,0.0,0,0,0,0,0,0,0,0,,0,0
192765,24/25,GB1,Premier League,148,Tottenham Hotspur,24,17,0.0,0,0,3,1,5,0,0,0,,0,0
192765,23/24,GB1,Premier League,148,Tottenham Hotspur,30,17,1.0,2,0,5,2,2,0,0,0,1086.0,0,0
192765,22/23,GB1,Premier League,148,Tottenham Hotspur,33,31,2.0,2,0,5,6,4,0,0,0,1145.0,0,0
192765,21/22,GB1,Premier League,148,Tottenham Hotspur,37,29,1.0,1,0,1,2,6,0,0,0,2539.0,0,0
192765,20/21,GB1,Premier League,148,Tottenham Hotspur,29,20,0.0,2,0,6,0,1,0,0,0,,0,0
192765,19/20,GB1,Premier League,148,Tottenham Hotspur,24,18,0.0,0,0,2,3,6,0,0,0,,0,0
192765,18/19,GB1,Premier League,148,Tottenham Hotspur,34,27,0.0,0,0,7,2,2,0,0,0,,0,0
192765,17/18,GB1,Premier League,148,Tottenham Hotspur,36,29,2.0,6,0,3,2,3,0,0,0,1163.0,0,0
192765,16/17,GB1,Premier League,148,Tottenham Hotspur,34,23,1.0,3,0,5,1,1,0,0,0,1735.0,0,0
192875,21/22,GB1,Premier League,1010,Watford FC,28,17,0.0,0,0,2,0,3,0,0,0,,0,0
193098,24/25,GB1,Premier League,703,Nottingham Forest,27,15,0.0,1,0,4,8,2,0,0,0,,0,0
193098,23/24,GB1,Premier League,405,Aston Villa,25,21,2.0,0,1,10,6,2,0,0,0,515.0,0,0
193098,22/23,GB1,Premier League,405,Aston Villa,19,19,0.0,3,0,5,10,3,0,0,0,,0,0
193116,25/26,GB1,Premier League,405,Aston Villa,3,3,0.0,0,0,0,3,0,0,0,0,,0,0
193116,24/25,GB1,Premier League,405,Aston Villa,34,34,1.0,4,0,7,16,7,0,0,0,2231.0,0,0
193116,23/24,GB1,Premier League,405,Aston Villa,35,35,6.0,5,0,0,10,9,0,1,0,502.0,0,0
193116,22/23,GB1,Premier League,405,Aston Villa,35,34,1.0,3,0,4,8,7,0,0,0,2698.0,0,0
193116,21/22,GB1,Premier League,405,Aston Villa,35,35,3.0,4,0,0,3,8,0,0,0,1031.0,0,0
193116,20/21,GB1,Premier League,405,Aston Villa,37,37,3.0,6,0,0,0,12,0,0,0,1110.0,0,0
193116,19/20,GB1,Premier League,405,Aston Villa,28,28,3.0,3,0,1,6,3,0,0,0,772.0,0,0
193469,20/21,GB1,Premier League,405,Aston Villa,23,0,0.0,0,0,0,0,0,0,0,0,,0,0
193469,19/20,GB1,Premier League,405,Aston Villa,21,17,1.0,0,0,2,1,1,0,0,0,1447.0,0,0
19368,18/19,GB1,Premier League,148,Tottenham Hotspur,10,10,0.0,0,0,3,5,1,0,0,0,,0,0
19368,17/18,GB1,Premier League,148,Tottenham Hotspur,30,28,0.0,0,0,7,13,6,0,0,0,,0,0
19368,16/17,GB1,Premier League,148,Tottenham Hotspur,31,30,1.0,2,0,6,16,5,0,0,0,2065.0,0,0
194460,20/21,GB1,Premier League,931,Fulham FC,34,16,1.0,1,0,9,2,2,0,0,0,665.0,0,0
194460,18/19,GB1,Premier League,931,Fulham FC,32,28,0.0,1,0,1,6,5,0,0,0,,0,0
195488,19/20,GB1,Premier League,148,Tottenham Hotspur,38,18,,0,0,1,0,1,0,0,0,1612.0,26,2
195488,18/19,GB1,Premier League,148,Tottenham Hotspur,35,3,,0,0,0,0,0,0,0,0,270.0,2,1
195488,17/18,GB1,Premier League,148,Tottenham Hotspur,2,1,,0,0,0,0,0,0,0,0,90.0,0,1
195633,24/25,GB1,Premier League,180,Southampton FC,14,8,0.0,0,0,5,0,1,0,0,0,,0,0
195633,23/24,GB1,Premier League,1132,Burnley FC,30,28,1.0,1,0,3,3,8,0,0,0,2332.0,0,0
195633,21/22,GB1,Premier League,1132,Burnley FC,31,31,0.0,3,0,1,0,3,0,0,0,,0,0
195633,20/21,GB1,Premier League,1132,Burnley FC,30,29,0.0,1,0,1,3,1,0,0,0,,0,0
195633,19/20,GB1,Premier League,1132,Burnley FC,30,24,0.0,1,0,2,2,3,0,0,0,,0,0
195633,18/19,GB1,Premier League,1132,Burnley FC,38,38,0.0,1,0,3,0,2,0,0,0,,0,0
195633,17/18,GB1,Premier League,1132,Burnley FC,29,11,0.0,0,0,1,0,3,0,0,0,,0,0
195652,19/20,GB1,Premier League,989,AFC Bournemouth,8,2,0.0,0,0,2,0,0,0,0,0,,0,0
195652,18/19,GB1,Premier League,989,AFC Bournemouth,31,19,1.0,1,0,10,7,1,0,0,0,795.0,0,0
195652,17/18,GB1,Premier League,989,AFC Bournemouth,35,32,2.0,6,0,10,13,1,0,0,0,1003.0,0,0
195652,16/17,GB1,Premier League,989,AFC Bournemouth,34,25,0.0,0,0,12,13,0,0,0,0,,0,0
195680,18/19,GB1,Premier League,603,Cardiff City,31,28,0.0,0,0,6,5,4,0,1,0,,0,0
195906,19/20,GB1,Premier League,379,West Ham United,28,9,0.0,0,0,9,0,0,0,0,0,,0,0
196522,21/22,GB1,Premier League,762,Newcastle United,36,8,0.0,0,0,8,0,1,0,0,0,,0,0
196522,20/21,GB1,Premier League,762,Newcastle United,27,18,1.0,1,0,14,3,0,0,0,0,504.0,0,0
196522,19/20,GB1,Premier League,762,Newcastle United,27,20,4.0,2,0,10,8,2,0,0,0,212.0,0,0
196522,17/18,GB1,Premier League,762,Newcastle United,36,35,6.0,3,0,12,15,3,0,0,0,326.0,0,0
196722,25/26,GB1,Premier League,873,Crystal Palace,1,0,0.0,0,0,0,0,0,0,0,0,,0,0
196722,24/25,GB1,Premier League,873,Crystal Palace,7,0,0.0,0,0,0,0,0,0,0,0,,0,0
196722,23/24,GB1,Premier League,873,Crystal Palace,29,1,,0,0,1,0,0,0,0,0,3.0,1,0
196722,21/22,GB1,Premier League,873,Crystal Palace,7,0,0.0,0,0,0,0,0,0,0,0,,0,0
196948,21/22,GB1,Premier League,631,Chelsea FC,28,19,0.0,0,0,2,2,2,0,0,0,,0,0
196948,20/21,GB1,Premier League,631,Chelsea FC,23,17,0.0,0,0,2,1,2,0,1,0,,0,0
196948,19/20,GB1,Premier League,631,Chelsea FC,35,21,0.0,0,0,0,3,5,0,0,0,,0,0
196948,18/19,GB1,Premier League,631,Chelsea FC,30,8,0.0,0,0,2,0,1,0,0,0,,0,0
196948,17/18,GB1,Premier League,631,Chelsea FC,36,27,0.0,0,0,4,6,0,0,0,0,,0,0
197642,16/17,GB1,Premier League,11,Arsenal FC,1,0,0.0,0,0,0,0,0,0,0,0,,0,0
197838,24/25,GB1,Premier League,1003,Leicester City,35,35,9.0,4,0,0,15,5,0,0,1,315.0,0,0
197838,22/23,GB1,Premier League,1003,Leicester City,38,37,3.0,4,0,18,13,1,0,0,0,617.0,0,0
197838,21/22,GB1,Premier League,1003,Leicester City,27,25,15.0,2,1,5,5,2,0,0,0,120.0,0,0
197838,20/21,GB1,Premier League,1003,Leicester City,34,34,15.0,10,0,3,7,1,0,0,8,190.0,0,0
197838,19/20,GB1,Premier League,1003,Leicester City,35,35,23.0,5,0,1,2,3,0,0,4,132.0,0,0
197838,18/19,GB1,Premier League,1003,Leicester City,34,34,18.0,4,0,4,13,3,0,1,4,152.0,0,0
197838,17/18,GB1,Premier League,1003,Leicester City,37,37,20.0,1,0,0,11,3,0,0,5,163.0,0,0
197838,16/17,GB1,Premier League,1003,Leicester City,35,35,13.0,5,0,2,8,2,0,1,0,216.0,0,0
198516,24/25,GB1,Premier League,703,Nottingham Forest,24,4,0.0,0,0,3,0,1,0,0,0,,0,0
198516,23/24,GB1,Premier League,703,Nottingham Forest,32,23,1.0,3,0,8,3,3,0,0,0,1455.0,0,0
198516,22/23,GB1,Premier League,703,Nottingham Forest,29,19,0.0,0,0,10,3,2,0,0,0,,0,0
199369,18/19,GB1,Premier League,29,Everton FC,1,0,0.0,0,0,0,0,0,0,0,0,,0,0
199369,17/18,GB1,Premier League,29,Everton FC,12,8,0.0,0,0,5,3,0,0,0,0,,0,0
19948,22/23,GB1,Premier League,180,Southampton FC,11,0,0.0,0,0,0,0,0,0,0,0,,0,0
19948,21/22,GB1,Premier League,180,Southampton FC,21,2,,0,0,0,0,1,0,0,0,180.0,5,0
19948,20/21,GB1,Premier League,631,Chelsea FC,7,1,,0,0,0,0,0,0,0,0,90.0,3,0
19948,19/20,GB1,Premier League,631,Chelsea FC,38,5,,0,0,0,0,0,0,0,0,450.0,7,1
19948,18/19,GB1,Premier League,631,Chelsea FC,38,2,,0,0,0,0,0,0,0,0,180.0,0,2
19948,17/18,GB1,Premier League,631,Chelsea FC,38,3,,0,0,0,0,0,0,0,0,270.0,4,1
19948,16/17,GB1,Premier League,281,Manchester City,38,17,,0,0,1,0,0,0,0,0,1451.0,13,7
199527,25/26,GB1,Premier League,762,Newcastle United,3,2,0.0,0,0,1,1,0,0,0,0,,0,0
199527,24/25,GB1,Premier League,762,Newcastle United,37,35,8.0,12,0,4,25,4,0,0,0,298.0,0,0
199527,23/24,GB1,Premier League,762,Newcastle United,26,21,3.0,8,0,7,10,1,0,0,0,398.0,0,0
199527,22/23,GB1,Premier League,762,Newcastle United,37,36,4.0,2,0,22,13,0,0,0,0,311.0,0,0
199527,21/22,GB1,Premier League,762,Newcastle United,38,33,1.0,2,0,20,4,4,0,0,0,1460.0,0,0
199527,20/21,GB1,Premier League,762,Newcastle United,33,26,2.0,3,0,9,4,3,0,0,0,811.0,0,0
199527,18/19,GB1,Premier League,762,Newcastle United,16,9,0.0,1,0,6,3,0,0,0,0,,0,0
199527,17/18,GB1,Premier League,762,Newcastle United,36,25,1.0,1,0,12,8,0,0,0,0,1145.0,0,0
199528,18/19,GB1,Premier League,603,Cardiff City,33,29,3.0,2,0,7,15,2,0,0,0,608.0,0,0
20007,19/20,GB1,Premier League,379,West Ham United,29,10,0.0,0,0,4,1,2,0,0,0,,0,0
20007,18/19,GB1,Premier League,379,West Ham United,33,26,0.0,1,0,3,3,4,0,0,0,,0,0
20007,17/18,GB1,Premier League,379,West Ham United,37,37,0.0,1,1,0,2,9,0,0,0,,0,0
20007,16/17,GB1,Premier League,281,Manchester City,32,20,1.0,1,0,9,3,2,0,0,0,1059.0,0,0
200512,21/22,GB1,Premier League,31,Liverpool FC,34,34,16.0,4,0,2,7,5,0,0,0,177.0,0,0
200512,20/21,GB1,Premier League,31,Liverpool FC,35,35,11.0,8,0,4,6,3,0,0,0,256.0,0,0
200512,19/20,GB1,Premier League,31,Liverpool FC,36,35,18.0,9,0,4,12,3,0,0,0,153.0,0,0
200512,18/19,GB1,Premier League,31,Liverpool FC,36,36,22.0,1,0,1,10,2,0,0,0,140.0,0,0
200512,17/18,GB1,Premier League,31,Liverpool FC,32,29,10.0,7,0,1,18,3,0,1,0,221.0,0,0
200512,16/17,GB1,Premier League,31,Liverpool FC,27,27,13.0,5,0,1,12,4,0,0,0,173.0,0,0
200777,18/19,GB1,Premier League,1110,Huddersfield Town,37,30,2.0,0,0,4,15,2,0,0,0,1046.0,0,0
200777,17/18,GB1,Premier League,1110,Huddersfield Town,16,14,1.0,1,0,2,6,1,0,0,0,1002.0,0,0
200782,16/17,GB1,Premier League,31,Liverpool FC,9,4,0.0,0,0,4,0,0,0,0,0,,0,0
201574,25/26,GB1,Premier League,703,Nottingham Forest,3,0,0.0,0,0,0,0,0,0,0,0,,0,0
201574,21/22,GB1,Premier League,1123,Norwich City,38,9,,0,0,0,0,0,0,0,0,810.0,22,1
201574,19/20,GB1,Premier League,180,Southampton FC,38,10,,0,0,0,0,0,0,0,0,900.0,25,2
201574,18/19,GB1,Premier League,180,Southampton FC,38,12,,0,0,0,0,0,0,0,0,1080.0,18,3
201574,16/17,GB1,Premier League,281,Manchester City,5,0,0.0,0,0,0,0,0,0,0,0,,0,0
202886,22/23,GB1,Premier League,631,Chelsea FC,31,25,0.0,1,1,6,13,1,0,0,0,,0,0
202886,21/22,GB1,Premier League,631,Chelsea FC,30,24,0.0,3,0,11,3,1,0,0,0,,0,0
202886,20/21,GB1,Premier League,931,Fulham FC,32,30,1.0,0,0,9,12,3,0,0,0,1913.0,0,0
202886,20/21,GB1,Premier League,631,Chelsea FC,1,1,0.0,0,0,0,1,0,0,0,0,,0,0
202886,19/20,GB1,Premier League,631,Chelsea FC,11,7,0.0,1,0,5,2,0,0,0,0,,0,0
202886,18/19,GB1,Premier League,631,Chelsea FC,26,24,6.0,2,0,18,3,0,0,0,0,164.0,0,0
202886,17/18,GB1,Premier League,873,Crystal Palace,24,24,2.0,3,0,3,4,1,0,0,0,938.0,0,0
202886,16/17,GB1,Premier League,631,Chelsea FC,15,6,0.0,0,0,6,0,0,0,0,0,,0,0
202984,17/18,GB1,Premier League,2288,Swansea City,20,11,0.0,0,0,2,5,2,0,0,0,,0,0
203026,24/25,GB1,Premier League,1003,Leicester City,16,2,,0,0,1,0,0,0,0,0,135.0,6,0
203026,22/23,GB1,Premier League,1003,Leicester City,35,26,,0,0,0,0,0,0,0,0,2340.0,46,6
203026,21/22,GB1,Premier League,1003,Leicester City,32,1,,0,0,0,0,0,0,0,0,90.0,1,0
203026,20/21,GB1,Premier League,1003,Leicester City,38,0,0.0,0,0,0,0,0,0,0,0,,0,0
203026,19/20,GB1,Premier League,1003,Leicester City,38,0,0.0,0,0,0,0,0,0,0,0,,0,0
203026,18/19,GB1,Premier League,1003,Leicester City,38,0,0.0,0,0,0,0,0,0,0,0,,0,0
203026,17/18,GB1,Premier League,31,Liverpool FC,1,0,0.0,0,0,0,0,0,0,0,0,,0,0
203348,17/18,GB1,Premier League,762,Newcastle United,12,9,0.0,0,0,2,2,0,0,0,0,,0,0
203394,25/26,GB1,Premier League,931,Fulham FC,1,0,0.0,0,0,0,0,0,0,0,0,,0,0
203394,24/25,GB1,Premier League,931,Fulham FC,35,33,2.0,6,0,8,22,7,0,0,0,1013.0,0,0
203394,23/24,GB1,Premier League,931,Fulham FC,38,37,3.0,7,0,3,29,7,0,0,0,880.0,0,0
203394,22/23,GB1,Premier League,931,Fulham FC,33,33,4.0,6,0,0,26,8,0,0,1,680.0,0,0
203394,21/22,GB1,Premier League,985,Manchester United,1,0,0.0,0,0,0,0,0,0,0,0,,0,0
203394,19/20,GB1,Premier League,985,Manchester United,32,25,1.0,3,0,7,13,3,0,0,0,1489.0,0,0
203394,18/19,GB1,Premier League,985,Manchester United,23,15,1.0,1,0,9,5,5,0,0,0,594.0,0,0
203460,25/26,GB1,Premier League,29,Everton FC,3,3,0.0,4,0,1,2,0,0,0,0,,0,0
203460,24/25,GB1,Premier League,281,Manchester City,32,20,1.0,1,0,13,5,3,0,0,0,715.0,0,0
203460,23/24,GB1,Premier League,281,Manchester City,29,20,3.0,1,0,10,3,7,0,0,0,334.0,0,0
203460,22/23,GB1,Premier League,281,Manchester City,33,28,5.0,7,0,5,12,4,0,0,0,413.0,0,0
203460,21/22,GB1,Premier League,281,Manchester City,34,26,3.0,3,0,4,7,3,0,0,0,639.0,0,0
203460,20/21,GB1,Premier League,405,Aston Villa,26,26,6.0,12,0,2,2,5,0,0,0,364.0,0,0
203460,19/20,GB1,Premier League,405,Aston Villa,36,36,8.0,6,0,0,1,8,0,0,0,404.0,0,0
203655,22/23,GB1,Premier League,703,Nottingham Forest,2,1,0.0,0,0,1,0,0,0,0,0,,0,0
203853,24/25,GB1,Premier League,11,Arsenal FC,31,15,0.0,1,0,10,4,1,0,0,0,,0,0
203853,23/24,GB1,Premier League,11,Arsenal FC,32,27,1.0,2,0,7,13,2,0,0,0,1725.0,0,0
203853,22/23,GB1,Premier League,11,Arsenal FC,27,27,1.0,2,0,1,18,3,0,0,0,2136.0,0,0
203853,21/22,GB1,Premier League,281,Manchester City,32,15,0.0,4,0,5,0,0,0,0,0,,0,0
203853,20/21,GB1,Premier League,281,Manchester City,28,20,0.0,0,0,5,1,0,0,0,0,,0,0
203853,19/20,GB1,Premier League,281,Manchester City,24,19,0.0,0,0,6,1,0,1,0,0,,0,0
203853,18/19,GB1,Premier League,281,Manchester City,21,14,0.0,3,0,0,2,1,0,0,0,,0,0
203853,17/18,GB1,Premier League,281,Manchester City,20,8,0.0,0,0,2,3,1,0,0,0,,0,0
204103,25/26,GB1,Premier League,931,Fulham FC,3,2,0.0,0,0,2,0,0,0,0,0,,0,0
204103,24/25,GB1,Premier League,931,Fulham FC,37,36,2.0,7,0,18,14,2,0,0,0,885.0,0,0
204103,23/24,GB1,Premier League,931,Fulham FC,19,17,2.0,3,0,16,1,2,0,0,0,182.0,0,0
204103,22/23,GB1,Premier League,543,Wolverhampton Wanderers,36,34,2.0,2,0,22,9,2,0,0,0,742.0,0,0
204103,21/22,GB1,Premier League,543,Wolverhampton Wanderers,21,20,1.0,0,0,10,6,0,0,0,0,1063.0,0,0
204103,20/21,GB1,Premier League,543,Wolverhampton Wanderers,37,37,2.0,3,0,9,3,4,0,0,0,1322.0,0,0
204103,19/20,GB1,Premier League,543,Wolverhampton Wanderers,38,37,4.0,9,0,10,9,1,0,0,0,652.0,0,0
204103,18/19,GB1,Premier League,543,Wolverhampton Wanderers,37,29,1.0,1,0,21,8,1,0,0,0,890.0,0,0
204103,16/17,GB1,Premier League,641,Middlesbrough FC,34,27,0.0,1,0,11,7,1,0,0,0,,0,0
204198,21/22,GB1,Premier League,543,Wolverhampton Wanderers,33,31,2.0,0,0,0,4,6,0,0,0,1355.0,0,0
204198,20/21,GB1,Premier League,543,Wolverhampton Wanderers,34,27,3.0,0,0,0,1,2,0,0,0,803.0,0,0
204198,19/20,GB1,Premier League,543,Wolverhampton Wanderers,35,33,2.0,1,0,2,2,10,1,0,0,1353.0,0,0
204198,18/19,GB1,Premier League,543,Wolverhampton Wanderers,34,19,2.0,0,0,7,2,7,0,0,0,572.0,0,0
204294,23/24,GB1,Premier League,1148,Brentford FC,32,19,1.0,0,0,12,2,5,0,0,0,730.0,0,0
204294,22/23,GB1,Premier League,1148,Brentford FC,34,15,0.0,0,0,15,0,0,0,0,0,,0,0
204294,21/22,GB1,Premier League,1148,Brentford FC,33,17,1.0,2,0,13,4,2,0,0,0,528.0,0,0
205503,19/20,GB1,Premier League,1123,Norwich City,20,11,0.0,0,0,3,1,1,0,0,0,,0,0
205657,20/21,GB1,Premier League,11,Arsenal FC,22,1,,0,0,1,0,0,0,0,0,15.0,0,1
206040,25/26,GB1,Premier League,931,Fulham FC,3,3,0.0,0,0,2,1,0,0,0,0,,0,0
206040,24/25,GB1,Premier League,931,Fulham FC,38,38,12.0,3,0,8,21,4,0,0,3,209.0,0,0
206040,23/24,GB1,Premier League,931,Fulham FC,29,24,7.0,0,0,6,13,3,0,1,0,200.0,0,0
206040,22/23,GB1,Premier League,543,Wolverhampton Wanderers,20,15,0.0,1,0,7,3,0,0,0,0,,0,0
206040,21/22,GB1,Premier League,543,Wolverhampton Wanderers,34,34,6.0,4,0,4,8,5,2,0,1,440.0,0,0
206040,20/21,GB1,Premier League,543,Wolverhampton Wanderers,10,10,4.0,0,1,0,2,0,0,0,0,206.0,0,0
206040,19/20,GB1,Premier League,543,Wolverhampton Wanderers,38,38,17.0,6,0,1,17,3,0,0,4,191.0,0,0
206040,18/19,GB1,Premier League,543,Wolverhampton Wanderers,38,38,13.0,7,0,2,16,4,0,0,2,240.0,0,0
206225,21/22,GB1,Premier League,762,Newcastle United,17,14,1.0,0,0,2,3,5,0,0,0,1001.0,0,0
206225,20/21,GB1,Premier League,762,Newcastle United,27,24,0.0,0,0,2,3,8,0,0,0,,0,0
206225,19/20,GB1,Premier League,762,Newcastle United,31,29,1.0,2,0,3,5,3,0,1,0,2226.0,0,0
206225,18/19,GB1,Premier League,762,Newcastle United,29,25,1.0,4,0,4,6,3,0,1,0,1864.0,0,0
206225,17/18,GB1,Premier League,762,Newcastle United,34,26,1.0,0,0,11,7,7,0,0,0,1372.0,0,0
206746,25/26,GB1,Premier League,931,Fulham FC,3,3,0.0,0,0,0,0,0,0,0,0,,0,0
206746,24/25,GB1,Premier League,931,Fulham FC,24,22,0.0,2,0,1,6,5,0,0,0,,0,0
206746,23/24,GB1,Premier League,931,Fulham FC,28,14,1.0,0,0,4,5,2,0,0,0,868.0,0,0
206746,22/23,GB1,Premier League,931,Fulham FC,32,31,1.0,5,0,2,8,8,0,0,0,2575.0,0,0
206746,20/21,GB1,Premier League,931,Fulham FC,24,22,0.0,1,0,4,6,3,0,0,0,,0,0
207015,18/19,GB1,Premier League,148,Tottenham Hotspur,5,3,0.0,0,0,3,0,0,0,0,0,,0,0
207015,17/18,GB1,Premier League,148,Tottenham Hotspur,3,1,0.0,0,0,1,0,0,0,0,0,,0,0
207015,16/17,GB1,Premier League,148,Tottenham Hotspur,31,27,2.0,2,0,20,4,0,0,0,1,416.0,0,0
207014,25/26,GB1,Premier League,873,Crystal Palace,3,3,0.0,0,0,0,2,3,0,0,0,,0,0
207014,24/25,GB1,Premier League,873,Crystal Palace,33,33,0.0,4,0,9,21,11,0,0,0,,0,0
207014,23/24,GB1,Premier League,873,Crystal Palace,31,30,0.0,2,0,7,15,6,0,0,0,,0,0
207014,22/23,GB1,Premier League,873,Crystal Palace,33,27,1.0,1,0,20,6,4,0,0,0,828.0,0,0
207014,21/22,GB1,Premier League,873,Crystal Palace,31,16,0.0,1,0,3,8,6,0,0,0,,0,0
207014,19/20,GB1,Premier League,1010,Watford FC,33,30,1.0,1,0,3,14,9,0,0,0,2262.0,0,0
207014,18/19,GB1,Premier League,1010,Watford FC,32,32,2.0,4,0,1,19,5,0,0,0,1218.0,0,0
207014,17/18,GB1,Premier League,1010,Watford FC,17,15,2.0,3,0,4,9,0,0,0,0,497.0,0,0
207037,23/24,GB1,Premier League,1031,Luton Town,4,0,0.0,0,0,0,0,0,0,0,0,,0,0
207302,18/19,GB1,Premier League,931,Fulham FC,35,29,,0,0,0,0,1,0,0,0,2610.0,56,5
207742,23/24,GB1,Premier League,1031,Luton Town,14,14,1.0,1,1,0,4,4,0,0,0,1172.0,0,0
207917,18/19,GB1,Premier League,31,Liverpool FC,18,2,0.0,0,0,0,1,0,0,0,0,,0,0
207917,17/18,GB1,Premier League,31,Liverpool FC,25,16,0.0,0,0,2,0,1,0,0,0,,0,0
207917,16/17,GB1,Premier League,31,Liverpool FC,38,12,0.0,1,0,10,0,1,0,0,0,,0,0
207929,22/23,GB1,Premier League,29,Everton FC,3,2,0.0,0,0,2,0,0,0,0,0,,0,0
207929,21/22,GB1,Premier League,29,Everton FC,18,11,0.0,0,0,10,1,3,0,0,0,,0,0
207929,21/22,GB1,Premier League,148,Tottenham Hotspur,19,10,1.0,0,0,2,3,1,0,0,1,657.0,0,0
207929,20/21,GB1,Premier League,148,Tottenham Hotspur,23,15,0.0,1,0,8,6,0,0,0,0,,0,0
207929,19/20,GB1,Premier League,148,Tottenham Hotspur,28,25,8.0,4,0,4,9,2,0,0,1,232.0,0,0
207929,18/19,GB1,Premier League,148,Tottenham Hotspur,25,25,5.0,3,0,3,12,4,0,0,0,366.0,0,0
207929,17/18,GB1,Premier League,148,Tottenham Hotspur,36,36,9.0,10,0,2,16,7,0,0,0,330.0,0,0
207929,16/17,GB1,Premier League,148,Tottenham Hotspur,37,37,18.0,9,0,2,13,4,0,0,1,169.0,0,0
208244,16/17,GB1,Premier League,984,West Bromwich Albion,16,3,0.0,0,0,0,1,0,0,0,0,,0,0
208244,16/17,GB1,Premier League,29,Everton FC,1,0,0.0,0,0,0,0,0,0,0,0,,0,0
208379,24/25,GB1,Premier League,677,Ipswich Town,34,7,,0,0,0,0,0,0,0,0,630.0,19,1
208379,20/21,GB1,Premier League,1237,Brighton & Hove Albion,8,0,0.0,0,0,0,0,0,0,0,0,,0,0
209212,24/25,GB1,Premier League,1237,Brighton & Hove Albion,13,8,0.0,0,0,7,1,2,0,0,0,,0,0
209212,23/24,GB1,Premier League,1237,Brighton & Hove Albion,8,7,3.0,1,0,0,5,1,0,0,0,186.0,0,0
209212,22/23,GB1,Premier League,1237,Brighton & Hove Albion,33,33,7.0,9,0,2,13,2,0,0,0,390.0,0,0
209212,21/22,GB1,Premier League,1237,Brighton & Hove Albion,37,31,0.0,2,0,14,7,1,0,0,0,,0,0
209212,20/21,GB1,Premier League,1237,Brighton & Hove Albion,21,21,2.0,1,0,2,4,0,0,0,0,837.0,0,0
209212,19/20,GB1,Premier League,1237,Brighton & Hove Albion,25,19,0.0,1,0,8,8,2,0,0,0,,0,0
209212,18/19,GB1,Premier League,1237,Brighton & Hove Albion,36,35,1.0,5,0,5,14,1,0,0,0,2473.0,0,0
209212,17/18,GB1,Premier League,1237,Brighton & Hove Albion,38,36,1.0,1,0,18,8,3,0,0,0,1843.0,0,0
209781,19/20,GB1,Premier League,29,Everton FC,4,3,0.0,0,0,3,0,0,0,0,0,,0,0
209781,18/19,GB1,Premier League,603,Cardiff City,13,13,0.0,0,0,1,10,0,0,0,0,,0,0
209781,18/19,GB1,Premier League,29,Everton FC,8,5,0.0,0,0,5,0,0,0,0,0,,0,0
209781,17/18,GB1,Premier League,29,Everton FC,30,22,8.0,2,0,12,6,2,0,0,0,135.0,0,0
209781,16/17,GB1,Premier League,3008,Hull City,17,17,4.0,1,0,5,3,3,0,1,0,274.0,0,0
210081,17/18,GB1,Premier League,1010,Watford FC,3,0,0.0,0,0,0,0,0,0,0,0,,0,0
210081,16/17,GB1,Premier League,289,Sunderland AFC,31,31,1.0,0,0,4,3,5,0,0,0,2519.0,0,0
210178,21/22,GB1,Premier League,11,Arsenal FC,6,2,0.0,0,0,0,0,1,0,0,0,,0,0
210178,20/21,GB1,Premier League,11,Arsenal FC,17,10,0.0,0,0,0,0,2,0,0,0,,0,0
210178,19/20,GB1,Premier League,11,Arsenal FC,2,2,0.0,0,0,0,1,0,0,0,0,,0,0
211325,17/18,GB1,Premier League,512,Stoke City,13,13,2.0,1,0,0,2,5,0,0,0,570.0,0,0
212829,20/21,GB1,Premier League,350,Sheffield United,2,2,0.0,0,0,0,0,0,0,0,0,,0,0
212829,19/20,GB1,Premier League,350,Sheffield United,33,33,0.0,1,0,1,0,4,0,0,0,,0,0
212847,24/25,GB1,Premier League,1237,Brighton & Hove Albion,21,14,0.0,0,0,3,3,1,0,0,0,,0,0
212847,23/24,GB1,Premier League,1237,Brighton & Hove Albion,27,15,0.0,0,1,2,2,2,0,0,0,,0,0
212847,22/23,GB1,Premier League,1237,Brighton & Hove Albion,31,27,0.0,0,1,4,6,2,0,0,0,,0,0
212847,21/22,GB1,Premier League,1237,Brighton & Hove Albion,26,22,2.0,0,0,6,3,5,0,0,0,716.0,0,0
212847,20/21,GB1,Premier League,1237,Brighton & Hove Albion,31,29,1.0,0,0,0,1,4,0,0,0,2595.0,0,0
212847,19/20,GB1,Premier League,1237,Brighton & Hove Albion,36,31,3.0,1,1,0,2,4,0,0,0,890.0,0,0
213268,20/21,GB1,Premier League,1237,Brighton & Hove Albion,27,21,0.0,1,0,15,6,3,0,0,0,,0,0
213268,19/20,GB1,Premier League,1237,Brighton & Hove Albion,19,10,2.0,0,0,7,3,0,0,0,0,154.0,0,0
213268,18/19,GB1,Premier League,1237,Brighton & Hove Albion,24,19,0.0,0,0,7,10,2,0,0,0,,0,0
21327,16/17,GB1,Premier League,1003,Leicester City,38,9,,0,0,1,0,0,0,0,0,753.0,16,1
214056,22/23,GB1,Premier League,1003,Leicester City,35,20,0.0,0,0,2,2,1,0,0,0,,0,0
214056,21/22,GB1,Premier League,1003,Leicester City,34,28,0.0,0,0,5,1,4,0,0,0,,0,0
214056,20/21,GB1,Premier League,1003,Leicester City,27,12,1.0,0,0,4,2,3,0,0,0,719.0,0,0
214056,18/19,GB1,Premier League,1003,Leicester City,10,9,0.0,0,0,2,1,2,0,0,0,,0,0
214056,17/18,GB1,Premier League,1003,Leicester City,19,8,0.0,0,0,2,2,0,1,0,0,,0,0
214056,16/17,GB1,Premier League,1003,Leicester City,34,24,1.0,1,0,7,0,3,0,0,0,1666.0,0,0
214666,23/24,GB1,Premier League,1132,Burnley FC,19,14,0.0,0,0,6,1,3,1,0,0,,0,0
214666,21/22,GB1,Premier League,1132,Burnley FC,25,21,1.0,1,0,2,2,2,0,0,0,1690.0,0,0
214666,17/18,GB1,Premier League,2288,Swansea City,9,4,0.0,0,0,1,1,0,0,0,0,,0,0
214666,16/17,GB1,Premier League,2288,Swansea City,2,0,0.0,0,0,0,0,0,0,0,0,,0,0
214928,20/21,GB1,Premier League,350,Sheffield United,23,13,1.0,0,1,1,4,1,0,0,0,1007.0,0,0
215118,23/24,GB1,Premier League,405,Aston Villa,31,5,0.0,1,0,4,1,1,0,0,0,,0,0
215118,22/23,GB1,Premier League,405,Aston Villa,36,14,0.0,0,0,12,0,2,0,0,0,,0,0
215118,21/22,GB1,Premier League,405,Aston Villa,17,11,1.0,0,0,2,1,1,0,0,0,830.0,0,0
215118,21/22,GB1,Premier League,11,Arsenal FC,6,2,0.0,0,0,0,1,0,0,0,0,,0,0
215118,20/21,GB1,Premier League,11,Arsenal FC,18,10,0.0,2,0,2,1,0,0,0,0,,0,0
215118,19/20,GB1,Premier League,11,Arsenal FC,19,14,1.0,1,0,1,2,5,0,0,0,1103.0,0,0
215118,18/19,GB1,Premier League,931,Fulham FC,33,31,2.0,0,0,2,1,9,0,0,0,1293.0,0,0
215118,17/18,GB1,Premier League,11,Arsenal FC,19,12,0.0,0,0,2,5,1,0,0,0,,0,0
215118,16/17,GB1,Premier League,641,Middlesbrough FC,26,24,1.0,1,0,0,0,4,0,0,0,2160.0,0,0
215118,16/17,GB1,Premier League,11,Arsenal FC,3,1,1.0,0,0,0,0,0,0,0,0,90.0,0,0
215679,19/20,GB1,Premier League,148,Tottenham Hotspur,1,1,0.0,0,0,1,0,0,0,0,0,,0,0
215679,18/19,GB1,Premier League,148,Tottenham Hotspur,3,1,0.0,1,0,1,0,0,0,0,0,,0,0
215679,17/18,GB1,Premier League,1132,Burnley FC,13,8,0.0,0,0,6,2,1,0,0,0,,0,0
215679,17/18,GB1,Premier League,148,Tottenham Hotspur,6,1,0.0,0,0,1,0,0,0,0,0,,0,0
215679,16/17,GB1,Premier League,148,Tottenham Hotspur,22,8,0.0,0,0,8,0,0,0,0,0,,0,0
215677,16/17,GB1,Premier League,180,Southampton FC,13,0,0.0,0,0,0,0,0,0,0,0,,0,0
215810,24/25,GB1,Premier League,543,Wolverhampton Wanderers,3,1,,0,0,1,0,0,0,0,0,1.0,0,1
215810,23/24,GB1,Premier League,543,Wolverhampton Wanderers,4,0,0.0,0,0,0,0,0,0,0,0,,0,0
215876,24/25,GB1,Premier League,1003,Leicester City,18,10,0.0,0,0,6,4,1,0,0,0,,0,0
215876,22/23,GB1,Premier League,1003,Leicester City,12,10,1.0,1,0,5,2,2,0,0,0,453.0,0,0
215876,21/22,GB1,Premier League,1003,Leicester City,24,14,1.0,3,0,1,4,3,0,0,0,992.0,0,0
215876,20/21,GB1,Premier League,1003,Leicester City,21,15,0.0,1,0,5,3,3,0,0,0,,0,0
215876,19/20,GB1,Premier League,1003,Leicester City,28,28,3.0,2,0,0,0,1,0,0,0,840.0,0,0
215876,18/19,GB1,Premier League,1003,Leicester City,38,35,2.0,6,0,0,2,7,0,0,0,1563.0,0,0
216569,17/18,GB1,Premier League,631,Chelsea FC,1,1,0.0,0,0,0,1,0,0,0,0,,0,0
217115,24/25,GB1,Premier League,29,Everton FC,2,0,0.0,0,0,0,0,0,0,0,0,,0,0
217115,23/24,GB1,Premier League,1148,Brentford FC,31,29,6.0,3,0,16,8,8,0,0,0,219.0,0,0
217115,23/24,GB1,Premier League,29,Everton FC,3,2,0.0,0,0,1,1,0,0,0,0,,0,0
217115,22/23,GB1,Premier League,29,Everton FC,33,27,1.0,0,0,16,10,4,0,0,0,1115.0,0,0
217115,22/23,GB1,Premier League,1237,Brighton & Hove Albion,2,0,0.0,0,0,0,0,0,0,0,0,,0,0
217115,21/22,GB1,Premier League,1237,Brighton & Hove Albion,37,32,8.0,2,0,7,6,7,0,0,1,284.0,0,0
217115,20/21,GB1,Premier League,1237,Brighton & Hove Albion,34,33,8.0,2,0,4,11,1,0,1,3,315.0,0,0
217115,19/20,GB1,Premier League,1237,Brighton & Hove Albion,38,37,10.0,3,0,7,10,2,0,0,1,277.0,0,0
217111,22/23,GB1,Premier League,631,Chelsea FC,31,18,0.0,3,0,12,4,1,0,0,0,,0,0
217111,21/22,GB1,Premier League,631,Chelsea FC,36,23,4.0,3,0,9,6,3,0,0,0,329.0,0,0
217111,20/21,GB1,Premier League,631,Chelsea FC,28,23,2.0,3,0,8,14,3,0,0,0,589.0,0,0
218087,23/24,GB1,Premier League,350,Sheffield United,29,24,0.0,2,1,10,4,3,0,0,0,,0,0
218087,20/21,GB1,Premier League,350,Sheffield United,34,24,1.0,0,0,7,7,1,0,0,0,1605.0,0,0
218087,19/20,GB1,Premier League,350,Sheffield United,30,13,0.0,0,0,7,2,0,0,0,0,,0,0
218140,16/17,GB1,Premier League,289,Sunderland AFC,15,5,0.0,0,0,3,1,1,0,0,0,,0,0
21905,16/17,GB1,Premier League,1010,Watford FC,31,27,0.0,0,0,1,9,7,0,0,0,,0,0
220491,20/21,GB1,Premier League,11,Arsenal FC,2,0,0.0,0,0,0,0,0,0,0,0,,0,0
220491,19/20,GB1,Premier League,11,Arsenal FC,8,0,0.0,0,0,0,0,0,0,0,0,,0,0
220491,17/18,GB1,Premier League,11,Arsenal FC,7,0,0.0,0,0,0,0,0,0,0,0,,0,0
220491,16/17,GB1,Premier League,11,Arsenal FC,2,0,0.0,0,0,0,0,0,0,0,0,,0,0
220755,16/17,GB1,Premier League,29,Everton FC,9,3,1.0,0,0,1,1,0,0,0,0,180.0,0,0
221025,23/24,GB1,Premier League,29,Everton FC,16,12,1.0,0,0,9,3,4,0,0,0,504.0,0,0
221025,22/23,GB1,Premier League,29,Everton FC,1,0,0.0,0,0,0,0,0,0,0,0,,0,0
221025,21/22,GB1,Premier League,29,Everton FC,21,14,0.0,1,0,7,5,3,0,0,0,,0,0
221025,20/21,GB1,Premier League,29,Everton FC,34,28,0.0,1,0,11,10,3,0,0,0,,0,0
221025,19/20,GB1,Premier League,29,Everton FC,19,19,0.0,1,0,2,4,6,0,0,0,,0,0
221025,18/19,GB1,Premier League,29,Everton FC,27,27,1.0,1,0,3,9,7,0,0,0,1986.0,0,0
221624,21/22,GB1,Premier League,281,Manchester City,30,1,,0,0,0,0,0,0,0,0,90.0,0,1
221624,20/21,GB1,Premier League,281,Manchester City,35,1,,0,0,0,0,0,0,0,0,90.0,1,0
222813,17/18,GB1,Premier League,31,Liverpool FC,6,3,0.0,0,0,3,0,0,0,0,0,,0,0
222813,16/17,GB1,Premier League,31,Liverpool FC,17,5,0.0,0,0,5,0,1,0,0,0,,0,0
223047,18/19,GB1,Premier League,989,AFC Bournemouth,4,1,0.0,0,0,1,0,0,0,0,0,,0,0
223047,17/18,GB1,Premier League,989,AFC Bournemouth,3,1,0.0,0,0,0,1,0,0,0,0,,0,0
22491,17/18,GB1,Premier League,1132,Burnley FC,25,0,0.0,0,0,0,0,0,0,0,0,,0,0
225083,22/23,GB1,Premier League,631,Chelsea FC,8,7,0.0,1,0,1,3,1,0,0,0,,0,0
225083,21/22,GB1,Premier League,631,Chelsea FC,27,26,2.0,4,0,5,10,2,0,0,0,889.0,0,0
225083,20/21,GB1,Premier League,631,Chelsea FC,32,30,0.0,2,0,6,5,7,0,0,0,,0,0
225083,19/20,GB1,Premier League,631,Chelsea FC,22,22,3.0,0,0,2,3,4,0,0,0,578.0,0,0
225083,18/19,GB1,Premier League,631,Chelsea FC,37,36,4.0,4,0,0,4,3,0,0,0,774.0,0,0
225083,17/18,GB1,Premier League,631,Chelsea FC,34,34,1.0,1,0,0,4,3,0,0,0,2998.0,0,0
225083,16/17,GB1,Premier League,631,Chelsea FC,36,35,1.0,1,0,0,1,9,0,0,0,3139.0,0,0
225122,24/25,GB1,Premier League,543,Wolverhampton Wanderers,33,29,2.0,4,0,19,9,1,0,0,0,494.0,0,0
225122,22/23,GB1,Premier League,543,Wolverhampton Wanderers,17,13,1.0,1,0,5,7,1,0,0,0,709.0,0,0
225161,22/23,GB1,Premier League,543,Wolverhampton Wanderers,35,35,6.0,1,0,2,3,12,0,0,3,504.0,0,0
225161,21/22,GB1,Premier League,543,Wolverhampton Wanderers,33,33,4.0,2,0,2,4,9,0,0,0,666.0,0,0
225161,20/21,GB1,Premier League,543,Wolverhampton Wanderers,37,36,5.0,1,0,5,10,7,0,0,3,536.0,0,0
225161,19/20,GB1,Premier League,543,Wolverhampton Wanderers,38,38,2.0,2,0,3,8,9,0,0,0,1530.0,0,0
225161,18/19,GB1,Premier League,543,Wolverhampton Wanderers,37,35,4.0,3,0,1,3,8,0,0,2,752.0,0,0
225452,25/26,GB1,Premier League,289,Sunderland AFC,3,1,0.0,0,0,1,0,0,0,0,0,,0,0
225452,19/20,GB1,Premier League,1123,Norwich City,7,3,0.0,0,0,3,0,0,0,0,0,,0,0
225693,22/23,GB1,Premier League,31,Liverpool FC,36,36,0.0,2,0,5,11,11,0,0,0,,0,0
225693,21/22,GB1,Premier League,31,Liverpool FC,30,29,5.0,1,0,3,5,7,0,0,2,463.0,0,0
225693,20/21,GB1,Premier League,31,Liverpool FC,30,30,0.0,1,0,2,1,6,0,0,0,,0,0
225693,19/20,GB1,Premier League,31,Liverpool FC,30,28,2.0,4,0,6,1,6,0,0,0,1037.0,0,0
225693,18/19,GB1,Premier League,31,Liverpool FC,34,28,1.0,2,0,7,3,6,0,0,0,2013.0,0,0
225984,20/21,GB1,Premier League,984,West Bromwich Albion,33,33,11.0,6,0,3,8,2,0,1,4,235.0,0,0
226049,21/22,GB1,Premier League,762,Newcastle United,5,4,,0,0,0,0,0,0,0,0,360.0,12,0
226049,18/19,GB1,Premier League,762,Newcastle United,15,0,0.0,0,0,0,0,0,0,0,0,,0,0
226049,17/18,GB1,Premier League,762,Newcastle United,6,0,0.0,0,0,0,0,0,0,0,0,,0,0
226073,23/24,GB1,Premier League,350,Sheffield United,14,9,,0,0,0,1,1,0,0,0,772.0,25,0
22614,20/21,GB1,Premier League,984,West Bromwich Albion,10,8,0.0,0,0,2,3,2,0,0,0,,0,0
22614,20/21,GB1,Premier League,379,West Ham United,11,3,0.0,0,0,3,0,0,0,0,0,,0,0
22614,19/20,GB1,Premier League,379,West Ham United,28,24,5.0,5,0,7,10,4,0,0,0,302.0,0,0
22614,18/19,GB1,Premier League,379,West Ham United,36,33,2.0,5,0,8,10,10,0,0,0,1111.0,0,0
22614,16/17,GB1,Premier League,379,West Ham United,15,15,0.0,2,0,7,6,0,0,0,0,,0,0
22614,16/17,GB1,Premier League,3008,Hull City,20,20,7.0,3,0,1,3,2,0,0,2,245.0,0,0
226965,16/17,GB1,Premier League,180,Southampton FC,1,0,0.0,0,0,0,0,0,0,0,0,,0,0
226968,17/18,GB1,Premier League,180,Southampton FC,17,7,0.0,0,0,6,0,0,0,0,0,,0,0
226968,16/17,GB1,Premier League,180,Southampton FC,19,13,0.0,0,0,8,0,0,0,0,0,,0,0
226973,25/26,GB1,Premier League,931,Fulham FC,3,0,0.0,0,0,0,0,0,0,0,0,,0,0
226973,24/25,GB1,Premier League,931,Fulham FC,26,12,0.0,0,0,12,0,2,0,0,0,,0,0
226973,23/24,GB1,Premier League,931,Fulham FC,37,27,0.0,2,0,12,9,6,0,0,0,,0,0
226973,22/23,GB1,Premier League,931,Fulham FC,37,37,3.0,4,1,2,18,5,0,0,0,960.0,0,0
226973,20/21,GB1,Premier League,931,Fulham FC,32,31,0.0,2,0,5,7,5,0,0,0,,0,0
226973,16/17,GB1,Premier League,180,Southampton FC,11,3,0.0,0,0,2,1,0,0,0,0,,0,0
227183,18/19,GB1,Premier League,180,Southampton FC,8,4,0.0,0,0,4,0,0,0,0,0,,0,0
228645,22/23,GB1,Premier League,985,Manchester United,20,17,0.0,1,0,7,7,1,0,0,0,,0,0
228645,21/22,GB1,Premier League,1132,Burnley FC,20,20,2.0,3,0,3,10,3,0,0,0,729.0,0,0
228948,23/24,GB1,Premier League,379,West Ham United,18,4,0.0,0,0,4,0,2,0,0,0,,0,0
228948,22/23,GB1,Premier League,379,West Ham United,35,27,0.0,2,1,2,2,4,0,0,0,,0,0
230541,19/20,GB1,Premier League,762,Newcastle United,17,8,0.0,0,0,6,1,0,0,0,0,,0,0
230541,18/19,GB1,Premier League,762,Newcastle United,27,17,1.0,0,0,12,4,1,0,0,0,517.0,0,0
230746,17/18,GB1,Premier League,873,Crystal Palace,3,0,0.0,0,0,0,0,0,0,0,0,,0,0
230784,24/25,GB1,Premier League,11,Arsenal FC,37,35,4.0,2,0,4,6,4,0,0,0,700.0,0,0
230784,23/24,GB1,Premier League,11,Arsenal FC,17,14,0.0,0,0,5,5,3,0,0,0,,0,0
230784,22/23,GB1,Premier League,11,Arsenal FC,33,33,3.0,0,0,5,7,5,0,0,0,829.0,0,0
230784,21/22,GB1,Premier League,11,Arsenal FC,24,24,2.0,1,0,1,6,6,0,0,0,1017.0,0,0
230784,20/21,GB1,Premier League,11,Arsenal FC,24,24,0.0,2,0,6,8,5,0,0,0,,0,0
231572,24/25,GB1,Premier League,543,Wolverhampton Wanderers,34,34,0.0,4,0,2,11,8,0,0,0,,0,0
231572,23/24,GB1,Premier League,543,Wolverhampton Wanderers,36,36,0.0,2,0,0,8,11,0,1,0,,0,0
231572,22/23,GB1,Premier League,543,Wolverhampton Wanderers,37,36,0.0,1,0,5,7,11,0,1,0,,0,0
231572,21/22,GB1,Premier League,543,Wolverhampton Wanderers,29,25,0.0,1,0,0,6,1,0,0,0,,0,0
231572,20/21,GB1,Premier League,543,Wolverhampton Wanderers,36,34,1.0,1,1,0,5,5,0,0,0,2988.0,0,0
232271,19/20,GB1,Premier League,180,Southampton FC,27,20,0.0,2,0,12,7,2,0,0,0,,0,0
232271,17/18,GB1,Premier League,180,Southampton FC,32,26,2.0,2,0,15,8,1,0,0,0,607.0,0,0
232271,16/17,GB1,Premier League,180,Southampton FC,24,24,1.0,0,0,12,10,5,0,0,0,1101.0,0,0
232418,19/20,GB1,Premier League,1123,Norwich City,13,10,0.0,0,0,1,6,0,0,0,0,,0,0
232964,23/24,GB1,Premier League,989,AFC Bournemouth,1,0,0.0,0,0,0,0,0,0,0,0,,0,0
232964,22/23,GB1,Premier League,989,AFC Bournemouth,10,1,0.0,0,0,1,0,0,0,0,0,,0,0
233124,21/22,GB1,Premier League,405,Aston Villa,26,7,1.0,0,0,3,1,0,0,0,0,397.0,0,0
233124,20/21,GB1,Premier League,405,Aston Villa,17,7,1.0,0,0,0,0,2,0,0,0,630.0,0,0
233124,19/20,GB1,Premier League,405,Aston Villa,20,18,1.0,0,0,1,0,3,0,0,0,1544.0,0,0
233124,18/19,GB1,Premier League,543,Wolverhampton Wanderers,11,0,0.0,0,0,0,0,0,0,0,0,,0,0
233998,17/18,GB1,Premier League,873,Crystal Palace,2,1,0.0,0,0,1,0,0,0,0,0,,0,0
233998,16/17,GB1,Premier League,873,Crystal Palace,2,0,0.0,0,0,0,0,0,0,0,0,,0,0
234189,21/22,GB1,Premier League,405,Aston Villa,4,1,0.0,0,0,1,0,0,0,0,0,,0,0
234189,20/21,GB1,Premier League,405,Aston Villa,23,21,2.0,1,0,9,10,0,0,0,0,584.0,0,0
234189,19/20,GB1,Premier League,405,Aston Villa,37,34,6.0,2,0,14,14,2,1,0,0,325.0,0,0
234509,25/26,GB1,Premier League,985,Manchester United,2,0,0.0,0,0,0,0,0,0,0,0,,0,0
234509,24/25,GB1,Premier League,985,Manchester United,34,34,,0,0,0,0,0,0,0,0,3060.0,44,9
234509,23/24,GB1,Premier League,985,Manchester United,38,38,,0,0,0,0,5,0,0,0,3420.0,58,9
234781,24/25,GB1,Premier League,180,Southampton FC,5,2,0.0,0,0,1,1,1,0,0,0,,0,0
234781,23/24,GB1,Premier League,379,West Ham United,28,7,1.0,1,0,6,1,0,0,0,0,110.0,0,0
234781,22/23,GB1,Premier League,379,West Ham United,20,14,0.0,0,0,12,2,0,0,0,0,,0,0
234781,21/22,GB1,Premier League,1132,Burnley FC,28,26,9.0,1,0,5,13,2,0,0,0,197.0,0,0
234803,25/26,GB1,Premier League,31,Liverpool FC,3,1,0.0,0,0,1,0,0,0,0,0,,0,0
234803,24/25,GB1,Premier League,31,Liverpool FC,38,33,0.0,1,1,4,12,3,0,1,0,,0,0
234803,23/24,GB1,Premier League,31,Liverpool FC,23,23,3.0,2,0,5,4,2,0,0,0,564.0,0,0
234803,22/23,GB1,Premier League,31,Liverpool FC,35,34,0.0,8,0,5,10,3,0,0,0,,0,0
234803,21/22,GB1,Premier League,31,Liverpool FC,33,29,3.0,10,0,0,3,5,0,1,0,847.0,0,0
234803,20/21,GB1,Premier League,31,Liverpool FC,38,38,1.0,7,0,0,3,2,0,0,0,3386.0,0,0
234803,19/20,GB1,Premier League,31,Liverpool FC,36,36,2.0,12,0,2,4,2,0,0,0,1557.0,0,0
234803,18/19,GB1,Premier League,31,Liverpool FC,37,36,0.0,11,0,0,3,4,0,0,0,,0,0
234803,17/18,GB1,Premier League,31,Liverpool FC,27,22,1.0,5,0,0,3,2,0,0,0,1943.0,0,0
234803,16/17,GB1,Premier League,3008,Hull City,34,33,1.0,2,0,2,2,5,0,0,0,2736.0,0,0
236490,25/26,GB1,Premier League,703,Nottingham Forest,3,3,0.0,0,0,0,0,1,0,0,0,,0,0
236490,24/25,GB1,Premier League,703,Nottingham Forest,35,35,2.0,1,0,0,7,5,0,0,0,1501.0,0,0
236490,23/24,GB1,Premier League,703,Nottingham Forest,25,22,1.0,1,0,2,11,3,0,0,0,1701.0,0,0
236490,20/21,GB1,Premier League,931,Fulham FC,35,31,2.0,1,0,0,7,3,0,0,0,1335.0,0,0
236490,16/17,GB1,Premier League,631,Chelsea FC,11,3,0.0,0,0,3,0,0,0,0,0,,0,0
236471,21/22,GB1,Premier League,1010,Watford FC,16,7,0.0,0,0,3,4,0,0,0,0,,0,0
236513,17/18,GB1,Premier League,1010,Watford FC,13,4,0.0,0,0,4,0,0,0,0,0,,0,0
236513,16/17,GB1,Premier League,1010,Watford FC,15,5,0.0,0,0,4,1,0,0,0,0,,0,0
236953,25/26,GB1,Premier League,399,Leeds United,2,1,0.0,0,0,1,0,0,0,0,0,,0,0
236953,21/22,GB1,Premier League,1123,Norwich City,21,15,0.0,0,0,4,1,3,0,0,0,,0,0
236953,19/20,GB1,Premier League,1123,Norwich City,26,17,0.0,0,0,2,2,4,0,0,0,,0,0
236953,17/18,GB1,Premier League,379,West Ham United,12,5,0.0,0,0,3,1,1,0,0,0,,0,0
236953,16/17,GB1,Premier League,379,West Ham United,22,18,0.0,1,0,5,2,5,1,0,0,,0,0
238185,18/19,GB1,Premier League,603,Cardiff City,8,3,0.0,0,0,3,0,0,0,0,0,,0,0
238223,25/26,GB1,Premier League,281,Manchester City,2,0,0.0,0,0,0,0,0,0,0,0,,0,0
238223,24/25,GB1,Premier League,281,Manchester City,30,26,,0,0,0,1,4,0,0,0,2321.0,26,10
238223,23/24,GB1,Premier League,281,Manchester City,35,33,,0,0,0,4,5,0,0,0,2788.0,27,13
238223,22/23,GB1,Premier League,281,Manchester City,38,35,,0,0,0,0,3,0,0,0,3150.0,32,11
238223,21/22,GB1,Premier League,281,Manchester City,37,37,,0,0,0,0,3,0,0,0,3330.0,26,20
238223,20/21,GB1,Premier League,281,Manchester City,36,36,,0,0,0,0,3,0,0,0,3240.0,28,19
238223,19/20,GB1,Premier League,281,Manchester City,35,35,,0,0,0,0,3,0,0,0,3072.0,28,17
238223,18/19,GB1,Premier League,281,Manchester City,38,38,,0,0,0,0,2,0,0,0,3420.0,23,20
238223,17/18,GB1,Premier League,281,Manchester City,38,36,,0,0,0,1,1,0,0,0,3195.0,26,17
238266,22/23,GB1,Premier League,180,Southampton FC,26,13,1.0,0,0,4,2,2,0,0,0,944.0,0,0
238407,18/19,GB1,Premier League,873,Crystal Palace,17,12,0.0,0,0,12,0,0,0,0,0,,0,0
238407,17/18,GB1,Premier League,873,Crystal Palace,9,4,0.0,0,0,0,0,0,0,0,0,,0,0
238639,18/19,GB1,Premier League,1110,Huddersfield Town,33,31,2.0,3,0,12,10,1,0,1,0,888.0,0,0
238639,17/18,GB1,Premier League,1110,Huddersfield Town,34,28,7.0,1,0,7,9,2,0,0,0,265.0,0,0
238809,18/19,GB1,Premier League,1110,Huddersfield Town,33,24,0.0,0,0,5,3,1,0,0,0,,0,0
238809,17/18,GB1,Premier League,1110,Huddersfield Town,33,23,0.0,1,0,4,3,3,0,0,0,,0,0
23951,16/17,GB1,Premier League,873,Crystal Palace,9,9,,0,0,0,0,0,0,0,0,810.0,17,0
239949,22/23,GB1,Premier League,989,AFC Bournemouth,10,2,0.0,0,0,2,0,0,0,0,0,,0,0
240306,25/26,GB1,Premier League,985,Manchester United,3,3,1.0,0,0,0,0,1,0,0,1,270.0,0,0
240306,24/25,GB1,Premier League,985,Manchester United,37,36,8.0,11,0,1,5,3,1,1,3,378.0,0,0
240306,23/24,GB1,Premier League,985,Manchester United,35,35,10.0,8,0,0,2,9,0,0,4,312.0,0,0
240306,22/23,GB1,Premier League,985,Manchester United,37,37,8.0,8,0,0,4,6,0,0,2,415.0,0,0
240306,21/22,GB1,Premier League,985,Manchester United,36,36,10.0,6,0,1,9,10,0,0,0,312.0,0,0
240306,20/21,GB1,Premier League,985,Manchester United,37,37,18.0,11,0,2,12,6,0,0,9,173.0,0,0
240306,19/20,GB1,Premier League,985,Manchester United,14,14,8.0,7,0,0,7,2,0,0,4,149.0,0,0
240457,16/17,GB1,Premier League,289,Sunderland AFC,1,0,0.0,0,0,0,0,0,0,0,0,,0,0
240692,25/26,GB1,Premier League,289,Sunderland AFC,4,4,0.0,0,0,0,0,1,0,0,0,,0,0
241481,23/24,GB1,Premier League,873,Crystal Palace,29,9,0.0,0,0,7,2,0,0,0,0,,0,0
241481,22/23,GB1,Premier League,873,Crystal Palace,30,6,0.0,0,0,6,0,0,0,0,0,,0,0
241481,21/22,GB1,Premier League,873,Crystal Palace,18,3,0.0,0,0,2,1,0,0,0,0,,0,0
241481,20/21,GB1,Premier League,873,Crystal Palace,36,33,2.0,0,0,14,9,4,0,0,0,909.0,0,0
241481,19/20,GB1,Premier League,873,Crystal Palace,28,17,0.0,0,0,10,3,0,0,0,0,,0,0
241481,18/19,GB1,Premier League,873,Crystal Palace,17,0,0.0,0,0,0,0,0,0,0,0,,0,0
241481,17/18,GB1,Premier League,873,Crystal Palace,29,12,0.0,0,0,8,0,0,0,0,0,,0,0
241641,25/26,GB1,Premier League,281,Manchester City,3,3,0.0,0,0,1,2,0,0,0,0,,0,0
241641,24/25,GB1,Premier League,281,Manchester City,38,33,4.0,4,0,4,2,7,0,0,0,667.0,0,0
241641,23/24,GB1,Premier League,281,Manchester City,35,33,6.0,9,0,4,7,8,0,0,0,430.0,0,0
241641,22/23,GB1,Premier League,281,Manchester City,38,34,4.0,6,0,10,8,5,0,0,0,551.0,0,0
241641,21/22,GB1,Premier League,281,Manchester City,38,35,8.0,4,0,2,6,6,0,0,0,358.0,0,0
241641,20/21,GB1,Premier League,281,Manchester City,36,26,2.0,6,0,2,7,5,0,0,0,1035.0,0,0
241641,19/20,GB1,Premier League,281,Manchester City,37,34,6.0,7,0,11,10,5,0,0,0,338.0,0,0
241641,18/19,GB1,Premier League,281,Manchester City,37,36,7.0,7,0,5,4,3,0,0,0,408.0,0,0
241641,17/18,GB1,Premier League,281,Manchester City,38,35,6.0,4,0,20,6,0,0,0,0,253.0,0,0
241889,18/19,GB1,Premier League,762,Newcastle United,3,1,0.0,0,0,1,0,0,0,0,0,,0,0
242284,23/24,GB1,Premier League,703,Nottingham Forest,4,0,0.0,0,0,0,0,0,0,0,0,,0,0
242606,25/26,GB1,Premier League,1132,Burnley FC,3,3,1.0,1,1,0,0,0,0,0,0,270.0,0,0
242606,23/24,GB1,Premier League,1132,Burnley FC,33,25,2.0,4,0,2,5,9,0,0,0,1030.0,0,0
242606,17/18,GB1,Premier League,379,West Ham United,14,2,0.0,0,0,2,0,0,0,0,0,,0,0
242631,25/26,GB1,Premier League,931,Fulham FC,3,3,0.0,1,0,0,2,1,0,0,0,,0,0
242631,24/25,GB1,Premier League,931,Fulham FC,38,38,9.0,6,0,3,21,1,0,0,0,333.0,0,0
242631,23/24,GB1,Premier League,931,Fulham FC,30,30,5.0,2,0,5,16,2,0,0,0,441.0,0,0
242631,23/24,GB1,Premier League,29,Everton FC,2,2,0.0,0,0,0,1,0,0,0,0,,0,0
242631,22/23,GB1,Premier League,29,Everton FC,38,38,2.0,8,0,0,4,2,0,0,0,1691.0,0,0
242631,21/22,GB1,Premier League,29,Everton FC,35,28,2.0,2,0,6,7,1,0,0,0,1018.0,0,0
242631,20/21,GB1,Premier League,29,Everton FC,35,30,1.0,3,0,13,12,0,0,0,0,1540.0,0,0
242631,19/20,GB1,Premier League,29,Everton FC,30,25,1.0,0,0,6,14,0,0,0,0,1601.0,0,0
242631,18/19,GB1,Premier League,11,Arsenal FC,36,35,3.0,7,0,13,15,0,0,0,0,657.0,0,0
242631,17/18,GB1,Premier League,11,Arsenal FC,36,26,3.0,5,0,4,17,1,0,0,0,615.0,0,0
242631,16/17,GB1,Premier League,11,Arsenal FC,35,26,3.0,3,0,8,14,1,0,0,0,487.0,0,0
243028,24/25,GB1,Premier League,180,Southampton FC,30,30,2.0,0,0,0,4,7,0,0,0,1268.0,0,0
243028,22/23,GB1,Premier League,180,Southampton FC,23,20,0.0,0,1,0,3,5,0,0,0,,0,0
243028,22/23,GB1,Premier League,405,Aston Villa,13,3,0.0,0,0,2,1,0,0,0,0,,0,0
243028,21/22,GB1,Premier League,180,Southampton FC,37,31,4.0,0,1,1,4,10,0,0,0,658.0,0,0
243028,20/21,GB1,Premier League,180,Southampton FC,37,36,1.0,1,1,0,3,5,0,1,0,3101.0,0,0
243028,19/20,GB1,Premier League,180,Southampton FC,36,34,1.0,1,1,0,1,4,0,0,0,3058.0,0,0
243028,18/19,GB1,Premier League,180,Southampton FC,26,25,0.0,1,0,1,1,7,0,0,0,,0,0
243028,17/18,GB1,Premier League,180,Southampton FC,14,5,1.0,0,0,0,2,1,0,0,0,428.0,0,0
243589,22/23,GB1,Premier League,931,Fulham FC,5,2,0.0,0,0,2,0,0,0,0,0,,0,0
243589,20/21,GB1,Premier League,931,Fulham FC,24,11,0.0,0,0,7,3,1,0,0,0,,0,0
243589,16/17,GB1,Premier League,148,Tottenham Hotspur,15,5,0.0,0,0,5,0,0,0,0,0,,0,0
243591,23/24,GB1,Premier League,1132,Burnley FC,5,0,0.0,0,0,0,0,0,0,0,0,,0,0
244125,16/17,GB1,Premier League,873,Crystal Palace,1,0,0.0,0,0,0,0,0,0,0,0,,0,0
244130,18/19,GB1,Premier League,873,Crystal Palace,2,0,0.0,0,0,0,0,0,0,0,0,,0,0
244130,17/18,GB1,Premier League,873,Crystal Palace,5,1,0.0,0,0,1,0,0,0,0,0,,0,0
244130,16/17,GB1,Premier League,873,Crystal Palace,6,1,0.0,0,0,1,0,0,0,0,0,,0,0
244192,21/22,GB1,Premier League,148,Tottenham Hotspur,35,0,0.0,0,0,0,0,0,0,0,0,,0,0
244338,23/24,GB1,Premier League,1031,Luton Town,38,27,0.0,0,0,16,8,1,0,0,0,,0,0
245056,25/26,GB1,Premier League,931,Fulham FC,3,3,0.0,0,0,0,0,2,0,0,0,,0,0
245056,24/25,GB1,Premier League,931,Fulham FC,30,30,0.0,2,0,2,18,12,0,0,0,,0,0
245056,23/24,GB1,Premier League,931,Fulham FC,33,24,1.0,0,0,11,8,3,0,0,0,1120.0,0,0
245056,22/23,GB1,Premier League,931,Fulham FC,16,12,0.0,0,0,8,3,1,0,0,0,,0,0
245034,18/19,GB1,Premier League,1110,Huddersfield Town,27,11,1.0,0,0,2,5,2,0,0,0,719.0,0,0
245034,17/18,GB1,Premier League,1110,Huddersfield Town,3,0,0.0,0,0,0,0,0,0,0,0,,0,0
245537,19/20,GB1,Premier League,762,Newcastle United,14,12,0.0,0,0,4,2,2,0,0,0,,0,0
245625,24/25,GB1,Premier League,677,Ipswich Town,13,13,,0,0,0,0,2,0,0,0,1170.0,30,0
245625,17/18,GB1,Premier League,984,West Bromwich Albion,1,0,0.0,0,0,0,0,0,0,0,0,,0,0
245625,16/17,GB1,Premier League,984,West Bromwich Albion,5,0,0.0,0,0,0,0,0,0,0,0,,0,0
245805,17/18,GB1,Premier League,1237,Brighton & Hove Albion,15,13,0.0,0,0,9,4,0,0,0,0,,0,0
246291,22/23,GB1,Premier League,399,Leeds United,19,8,0.0,0,0,1,0,1,0,0,0,,0,0
246291,21/22,GB1,Premier League,399,Leeds United,30,28,3.0,0,0,0,4,7,0,0,0,781.0,0,0
246291,20/21,GB1,Premier League,399,Leeds United,18,15,1.0,0,0,1,3,1,0,0,0,1205.0,0,0
24634,16/17,GB1,Premier League,1132,Burnley FC,1,1,0.0,0,0,0,1,1,0,0,0,,0,0
246579,16/17,GB1,Premier League,1003,Leicester City,8,0,0.0,0,0,0,0,0,0,0,0,,0,0
246963,23/24,GB1,Premier League,1031,Luton Town,38,38,11.0,5,0,6,10,4,0,0,5,261.0,0,0
246968,22/23,GB1,Premier League,1003,Leicester City,18,8,0.0,1,0,5,2,0,0,0,0,,0,0
246968,21/22,GB1,Premier League,1003,Leicester City,32,14,2.0,3,0,8,5,0,0,1,0,221.0,0,0
246968,20/21,GB1,Premier League,1003,Leicester City,29,25,2.0,1,0,10,10,1,0,0,0,666.0,0,0
246968,19/20,GB1,Premier League,1003,Leicester City,38,33,8.0,4,0,7,22,0,0,0,1,252.0,0,0
246968,18/19,GB1,Premier League,762,Newcastle United,38,37,12.0,2,0,3,15,2,0,0,0,244.0,0,0
246968,17/18,GB1,Premier League,762,Newcastle United,38,36,8.0,4,1,8,13,3,0,0,0,312.0,0,0
247555,17/18,GB1,Premier League,379,West Ham United,19,14,0.0,1,0,5,6,1,0,0,0,,0,0
247555,16/17,GB1,Premier League,379,West Ham United,33,28,0.0,0,0,20,3,4,0,0,0,,0,0
248045,16/17,GB1,Premier League,289,Sunderland AFC,14,14,0.0,3,0,3,8,1,0,0,0,,0,0
249089,24/25,GB1,Premier League,989,AFC Bournemouth,36,36,1.0,3,0,4,1,8,0,1,0,2978.0,0,0
249089,23/24,GB1,Premier League,989,AFC Bournemouth,33,33,0.0,3,0,1,5,5,0,1,0,,0,0
249089,22/23,GB1,Premier League,989,AFC Bournemouth,33,28,0.0,2,0,10,4,4,0,0,0,,0,0
249089,19/20,GB1,Premier League,989,AFC Bournemouth,34,27,0.0,0,0,13,6,5,0,0,0,,0,0
249089,18/19,GB1,Premier League,989,AFC Bournemouth,15,13,0.0,0,0,5,3,2,0,0,0,,0,0
249089,17/18,GB1,Premier League,989,AFC Bournemouth,35,29,0.0,2,0,4,5,5,0,0,0,,0,0
249089,16/17,GB1,Premier League,989,AFC Bournemouth,9,6,0.0,1,0,2,1,1,0,0,0,,0,0
249126,24/25,GB1,Premier League,1003,Leicester City,25,22,0.0,2,0,5,5,4,0,0,0,,0,0
249126,21/22,GB1,Premier League,148,Tottenham Hotspur,35,19,0.0,1,0,10,3,2,0,0,0,,0,0
249126,20/21,GB1,Premier League,148,Tottenham Hotspur,30,15,0.0,0,0,6,5,5,0,0,0,,0,0
249126,19/20,GB1,Premier League,148,Tottenham Hotspur,36,31,0.0,0,0,5,10,9,0,0,0,,0,0
249126,18/19,GB1,Premier League,148,Tottenham Hotspur,28,26,1.0,0,0,9,3,4,0,0,0,1592.0,0,0
249126,17/18,GB1,Premier League,148,Tottenham Hotspur,21,16,0.0,1,0,7,4,0,0,0,0,,0,0
249126,16/17,GB1,Premier League,148,Tottenham Hotspur,27,21,1.0,1,0,18,1,1,0,0,0,478.0,0,0
249356,22/23,GB1,Premier League,989,AFC Bournemouth,27,10,0.0,0,0,7,1,2,0,0,0,,0,0
249356,19/20,GB1,Premier League,989,AFC Bournemouth,28,19,0.0,2,0,2,3,2,0,0,0,,0,0
249513,19/20,GB1,Premier League,989,AFC Bournemouth,37,27,0.0,4,0,0,4,6,0,0,0,,0,0
249513,18/19,GB1,Premier League,989,AFC Bournemouth,27,12,0.0,0,0,7,2,1,0,0,0,,0,0
249565,25/26,GB1,Premier League,405,Aston Villa,3,3,0.0,0,0,0,0,0,0,0,0,,0,0
249565,24/25,GB1,Premier League,405,Aston Villa,36,36,3.0,7,0,1,8,4,0,0,0,1011.0,0,0
249565,23/24,GB1,Premier League,405,Aston Villa,32,32,2.0,7,0,15,11,3,0,0,0,811.0,0,0
249565,22/23,GB1,Premier League,1003,Leicester City,31,31,3.0,2,0,4,11,4,0,0,1,784.0,0,0
249565,21/22,GB1,Premier League,1003,Leicester City,33,32,6.0,4,0,3,5,3,0,0,2,439.0,0,0
249565,20/21,GB1,Premier League,1003,Leicester City,38,38,6.0,4,0,1,2,5,0,0,2,560.0,0,0
249565,19/20,GB1,Premier League,1003,Leicester City,38,37,3.0,6,0,5,11,2,0,0,0,945.0,0,0
249565,18/19,GB1,Premier League,1003,Leicester City,13,13,3.0,5,0,0,6,2,0,0,0,364.0,0,0
249873,21/22,GB1,Premier League,1148,Brentford FC,8,1,0.0,0,0,1,0,0,0,0,0,,0,0
249994,25/26,GB1,Premier League,543,Wolverhampton Wanderers,3,3,,0,0,0,0,0,0,0,0,270.0,8,0
249994,24/25,GB1,Premier League,543,Wolverhampton Wanderers,33,29,,0,0,0,1,2,0,0,0,2610.0,48,7
249994,23/24,GB1,Premier League,543,Wolverhampton Wanderers,35,35,,0,0,0,2,1,0,0,0,3038.0,58,4
249994,22/23,GB1,Premier League,543,Wolverhampton Wanderers,38,36,,0,0,0,0,2,0,0,0,3240.0,55,11
249994,21/22,GB1,Premier League,543,Wolverhampton Wanderers,38,37,,1,0,0,1,3,0,0,0,3285.0,40,11
250426,24/25,GB1,Premier League,180,Southampton FC,24,20,2.0,2,0,5,11,4,0,0,0,627.0,0,0
250426,22/23,GB1,Premier League,180,Southampton FC,34,30,2.0,1,0,16,14,2,0,0,0,667.0,0,0
250426,21/22,GB1,Premier League,180,Southampton FC,37,23,2.0,3,0,6,7,1,0,0,0,708.0,0,0
250478,24/25,GB1,Premier League,762,Newcastle United,18,2,0.0,0,0,2,0,0,0,0,0,,0,0
250478,23/24,GB1,Premier League,762,Newcastle United,11,3,0.0,0,0,2,1,1,0,0,0,,0,0
250478,22/23,GB1,Premier League,762,Newcastle United,29,17,0.0,0,0,11,3,1,0,0,0,,0,0
250478,21/22,GB1,Premier League,762,Newcastle United,16,16,0.0,0,0,0,0,1,0,0,0,,0,0
250478,21/22,GB1,Premier League,405,Aston Villa,20,17,1.0,2,1,0,3,2,0,0,0,1433.0,0,0
250478,20/21,GB1,Premier League,405,Aston Villa,38,38,0.0,2,0,0,1,7,0,0,0,,0,0
250478,19/20,GB1,Premier League,405,Aston Villa,30,28,1.0,2,0,1,5,4,0,0,0,2295.0,0,0
250478,18/19,GB1,Premier League,180,Southampton FC,28,16,1.0,3,0,3,2,2,0,0,0,1187.0,0,0
250478,17/18,GB1,Premier League,180,Southampton FC,6,2,0.0,0,0,0,1,0,0,0,0,,0,0
250478,16/17,GB1,Premier League,180,Southampton FC,7,5,0.0,0,0,0,1,0,0,0,0,,0,0
251106,24/25,GB1,Premier League,989,AFC Bournemouth,17,17,2.0,1,0,15,2,2,0,0,0,166.0,0,0
251106,23/24,GB1,Premier League,989,AFC Bournemouth,16,16,2.0,3,0,14,2,1,0,0,0,160.0,0,0
2514,16/17,GB1,Premier League,985,Manchester United,4,0,0.0,0,0,0,0,0,0,0,0,,0,0
251664,23/24,GB1,Premier League,1148,Brentford FC,18,17,4.0,2,0,1,0,5,0,0,0,362.0,0,0
251664,22/23,GB1,Premier League,1148,Brentford FC,33,33,20.0,4,0,0,4,9,0,0,6,148.0,0,0
251664,21/22,GB1,Premier League,1148,Brentford FC,33,33,12.0,5,0,1,0,8,0,0,5,242.0,0,0
251845,22/23,GB1,Premier League,1148,Brentford FC,12,5,0.0,0,0,5,0,0,0,0,0,,0,0
251845,21/22,GB1,Premier League,1148,Brentford FC,33,31,3.0,2,1,6,16,6,1,0,0,698.0,0,0
251876,16/17,GB1,Premier League,281,Manchester City,2,0,0.0,0,0,0,0,0,0,0,0,,0,0
251896,19/20,GB1,Premier League,543,Wolverhampton Wanderers,12,2,0.0,0,0,1,0,1,0,0,0,,0,0
251912,20/21,GB1,Premier League,984,West Bromwich Albion,37,33,2.0,0,0,2,0,3,0,1,0,1390.0,0,0
252345,21/22,GB1,Premier League,1010,Watford FC,31,18,0.0,0,0,11,3,1,0,0,0,,0,0
252345,19/20,GB1,Premier League,1010,Watford FC,1,0,0.0,0,0,0,0,0,0,0,0,,0,0
252345,18/19,GB1,Premier League,1010,Watford FC,31,17,1.0,2,0,8,9,1,0,0,0,756.0,0,0
25248,16/17,GB1,Premier League,984,West Bromwich Albion,27,7,0.0,0,0,0,1,3,0,0,0,,0,0
252755,19/20,GB1,Premier League,350,Sheffield United,9,5,0.0,0,0,5,0,0,0,0,0,,0,0
253341,24/25,GB1,Premier League,873,Crystal Palace,1,0,0.0,0,0,0,0,0,0,0,0,,0,0
253341,23/24,GB1,Premier League,873,Crystal Palace,10,0,0.0,0,0,0,0,0,0,0,0,,0,0
253341,22/23,GB1,Premier League,11,Arsenal FC,38,14,1.0,0,0,8,0,0,0,0,0,562.0,0,0
253341,21/22,GB1,Premier League,11,Arsenal FC,36,15,1.0,0,0,6,0,2,1,0,0,841.0,0,0
253341,20/21,GB1,Premier League,11,Arsenal FC,35,30,0.0,0,1,2,1,2,0,0,0,,0,0
253341,19/20,GB1,Premier League,11,Arsenal FC,18,8,0.0,0,0,2,1,1,0,0,0,,0,0
253341,18/19,GB1,Premier League,11,Arsenal FC,14,10,0.0,0,0,1,1,1,0,0,0,,0,0
253341,17/18,GB1,Premier League,11,Arsenal FC,18,12,0.0,0,0,3,1,3,0,0,0,,0,0
253341,16/17,GB1,Premier League,11,Arsenal FC,21,9,0.0,0,0,0,0,3,0,0,0,,0,0
25366,16/17,GB1,Premier League,1132,Burnley FC,20,5,0.0,0,0,4,1,0,0,0,0,,0,0
253677,25/26,GB1,Premier League,405,Aston Villa,3,3,0.0,0,0,0,0,0,0,0,0,,0,0
253677,24/25,GB1,Premier League,405,Aston Villa,27,14,0.0,0,0,2,3,1,0,0,0,,0,0
253677,23/24,GB1,Premier League,405,Aston Villa,1,1,0.0,0,0,0,1,0,0,0,0,,0,0
253677,22/23,GB1,Premier League,405,Aston Villa,36,35,1.0,2,1,0,0,7,0,0,0,3150.0,0,0
253677,21/22,GB1,Premier League,405,Aston Villa,36,36,1.0,3,0,1,0,11,0,0,0,3188.0,0,0
253677,20/21,GB1,Premier League,405,Aston Villa,36,36,2.0,2,1,0,0,4,1,0,0,1598.0,0,0
253677,19/20,GB1,Premier League,405,Aston Villa,33,33,2.0,2,0,0,1,7,0,0,0,1452.0,0,0
253677,18/19,GB1,Premier League,989,AFC Bournemouth,13,5,0.0,0,0,3,1,0,0,0,0,,0,0
253677,17/18,GB1,Premier League,989,AFC Bournemouth,8,4,0.0,0,0,1,2,1,0,0,0,,0,0
253677,16/17,GB1,Premier League,989,AFC Bournemouth,25,7,0.0,0,2,2,1,0,0,0,0,,0,0
253765,18/19,GB1,Premier League,180,Southampton FC,17,13,0.0,0,2,0,0,2,0,0,0,,0,0
253765,17/18,GB1,Premier League,180,Southampton FC,34,28,0.0,1,0,0,0,7,0,0,0,,0,0
255731,24/25,GB1,Premier League,677,Ipswich Town,21,18,0.0,1,0,6,12,1,0,0,0,,0,0
255744,21/22,GB1,Premier League,1010,Watford FC,19,19,0.0,0,0,0,3,4,0,0,0,,0,0
255788,24/25,GB1,Premier League,677,Ipswich Town,23,18,0.0,2,0,2,0,0,0,0,0,,0,0
255755,21/22,GB1,Premier League,985,Manchester United,29,21,0.0,4,0,3,2,1,0,0,0,,0,0
255755,20/21,GB1,Premier League,985,Manchester United,31,9,0.0,2,0,1,3,0,0,0,0,,0,0
255906,23/24,GB1,Premier League,703,Nottingham Forest,6,5,0.0,0,0,0,1,0,0,0,0,,0,0
255906,22/23,GB1,Premier League,703,Nottingham Forest,25,20,0.0,0,0,1,3,4,0,0,0,,0,0
255916,20/21,GB1,Premier League,762,Newcastle United,9,6,0.0,0,0,1,2,0,0,0,0,,0,0
255916,19/20,GB1,Premier League,762,Newcastle United,25,16,1.0,0,0,6,2,3,0,0,0,936.0,0,0
255916,18/19,GB1,Premier League,762,Newcastle United,34,29,1.0,2,1,1,2,6,0,1,0,2475.0,0,0
255916,17/18,GB1,Premier League,762,Newcastle United,35,34,0.0,2,1,3,0,5,0,0,0,,0,0
256178,25/26,GB1,Premier League,31,Liverpool FC,3,2,0.0,0,0,2,0,0,0,0,0,,0,0
256178,24/25,GB1,Premier League,31,Liverpool FC,19,9,0.0,0,0,3,2,1,0,0,0,,0,0
256178,23/24,GB1,Premier League,31,Liverpool FC,36,32,0.0,1,0,15,5,5,0,0,0,,0,0
256178,22/23,GB1,Premier League,31,Liverpool FC,33,21,0.0,0,0,6,0,3,0,0,0,,0,0
256178,21/22,GB1,Premier League,31,Liverpool FC,29,8,0.0,1,0,4,1,2,0,0,0,,0,0
256178,20/21,GB1,Premier League,31,Liverpool FC,7,7,0.0,0,0,1,1,0,0,0,0,,0,0
256178,19/20,GB1,Premier League,31,Liverpool FC,37,28,0.0,0,0,6,1,7,0,0,0,,0,0
256178,18/19,GB1,Premier League,31,Liverpool FC,18,16,0.0,0,0,4,1,2,0,0,0,,0,0
256178,17/18,GB1,Premier League,31,Liverpool FC,29,23,0.0,2,0,2,0,3,0,0,0,,0,0
256178,16/17,GB1,Premier League,31,Liverpool FC,5,0,0.0,0,0,0,0,0,0,0,0,,0,0
256977,24/25,GB1,Premier League,543,Wolverhampton Wanderers,2,2,0.0,0,0,2,0,0,0,0,0,,0,0
256977,22/23,GB1,Premier League,543,Wolverhampton Wanderers,35,32,6.0,0,0,12,12,5,0,0,0,295.0,0,0
256977,21/22,GB1,Premier League,543,Wolverhampton Wanderers,29,26,2.0,3,0,11,11,2,0,0,0,742.0,0,0
256977,20/21,GB1,Premier League,543,Wolverhampton Wanderers,24,24,3.0,2,0,2,19,3,0,0,0,559.0,0,0
256977,19/20,GB1,Premier League,543,Wolverhampton Wanderers,13,9,1.0,1,0,6,3,0,0,0,0,288.0,0,0
257097,20/21,GB1,Premier League,31,Liverpool FC,4,0,0.0,0,0,0,0,0,0,0,0,,0,0
257455,25/26,GB1,Premier League,148,Tottenham Hotspur,3,3,1.0,0,0,1,2,0,0,0,0,154.0,0,0
257455,23/24,GB1,Premier League,931,Fulham FC,33,33,4.0,1,0,2,13,13,0,0,0,677.0,0,0
257455,22/23,GB1,Premier League,931,Fulham FC,35,35,3.0,0,1,0,5,14,0,0,0,1038.0,0,0
257805,21/22,GB1,Premier League,1123,Norwich City,24,23,1.0,2,0,3,10,6,0,0,0,1651.0,0,0
258004,25/26,GB1,Premier League,281,Manchester City,3,3,0.0,0,0,1,0,0,0,0,0,,0,0
258004,24/25,GB1,Premier League,281,Manchester City,27,27,0.0,0,1,2,0,4,0,0,0,,0,0
258004,23/24,GB1,Premier League,281,Manchester City,35,30,0.0,0,1,2,0,0,0,0,0,,0,0
258004,22/23,GB1,Premier League,281,Manchester City,32,26,0.0,0,0,4,3,3,0,0,0,,0,0
258004,21/22,GB1,Premier League,281,Manchester City,31,29,2.0,4,0,2,3,5,0,0,0,1202.0,0,0
258004,20/21,GB1,Premier League,281,Manchester City,36,32,1.0,0,1,0,2,4,0,0,0,2845.0,0,0
258011,19/20,GB1,Premier League,379,West Ham United,5,0,0.0,0,0,0,0,0,0,0,0,,0,0
258011,18/19,GB1,Premier League,379,West Ham United,5,1,0.0,0,0,1,0,0,0,0,0,,0,0
258027,17/18,GB1,Premier League,2288,Swansea City,17,12,0.0,0,0,3,5,1,0,0,0,,0,0
258188,17/18,GB1,Premier League,762,Newcastle United,11,4,0.0,0,0,3,1,0,0,0,0,,0,0
258199,16/17,GB1,Premier League,289,Sunderland AFC,2,0,0.0,0,0,0,0,0,0,0,0,,0,0
258216,17/18,GB1,Premier League,1110,Huddersfield Town,4,4,0.0,0,0,3,1,2,0,0,0,,0,0
258310,16/17,GB1,Premier League,512,Stoke City,1,0,0.0,0,0,0,0,0,0,0,0,,0,0
258878,25/26,GB1,Premier League,631,Chelsea FC,2,2,0.0,0,0,0,0,0,0,0,0,,0,0
258878,24/25,GB1,Premier League,631,Chelsea FC,38,22,1.0,1,0,7,2,4,0,0,0,1405.0,0,0
258878,23/24,GB1,Premier League,931,Fulham FC,22,20,2.0,0,0,2,1,2,0,0,0,809.0,0,0
258878,22/23,GB1,Premier League,931,Fulham FC,38,25,1.0,0,0,2,0,4,0,0,0,2084.0,0,0
258878,20/21,GB1,Premier League,931,Fulham FC,34,33,0.0,0,1,0,1,1,0,0,0,,0,0
258878,17/18,GB1,Premier League,281,Manchester City,7,0,0.0,0,0,0,0,0,0,0,0,,0,0
258878,16/17,GB1,Premier League,281,Manchester City,1,0,0.0,0,0,0,0,0,0,0,0,,0,0
258883,21/22,GB1,Premier League,29,Everton FC,37,15,0.0,1,0,4,1,1,1,0,0,,0,0
258883,20/21,GB1,Premier League,29,Everton FC,11,4,0.0,0,0,3,1,0,0,0,0,,0,0
258883,18/19,GB1,Premier League,29,Everton FC,16,10,0.0,1,0,2,1,1,0,0,0,,0,0
258883,17/18,GB1,Premier League,29,Everton FC,24,19,0.0,1,0,2,0,2,0,0,0,,0,0
258883,16/17,GB1,Premier League,29,Everton FC,8,1,0.0,0,0,1,0,0,0,0,0,,0,0
258888,17/18,GB1,Premier League,631,Chelsea FC,3,0,0.0,0,0,0,0,0,0,0,0,,0,0
258886,16/17,GB1,Premier League,985,Manchester United,3,1,0.0,0,0,0,0,0,0,0,0,,0,0
258885,23/24,GB1,Premier League,350,Sheffield United,13,10,0.0,1,0,6,3,1,0,0,0,,0,0
258885,20/21,GB1,Premier League,350,Sheffield United,33,8,0.0,0,0,1,3,1,0,0,0,,0,0
258889,25/26,GB1,Premier League,148,Tottenham Hotspur,2,2,0.0,0,0,2,0,0,0,0,0,,0,0
258889,24/25,GB1,Premier League,148,Tottenham Hotspur,28,27,9.0,3,1,2,7,0,0,0,1,245.0,0,0
258889,23/24,GB1,Premier League,989,AFC Bournemouth,38,38,19.0,3,0,1,9,3,0,0,2,175.0,0,0
258889,22/23,GB1,Premier League,989,AFC Bournemouth,33,33,6.0,7,0,1,13,2,0,0,0,479.0,0,0
258889,19/20,GB1,Premier League,989,AFC Bournemouth,38,32,3.0,1,0,15,7,1,0,0,0,548.0,0,0
258889,18/19,GB1,Premier League,989,AFC Bournemouth,11,10,0.0,1,0,8,2,0,0,0,0,,0,0
258889,17/18,GB1,Premier League,31,Liverpool FC,35,21,1.0,1,0,16,2,0,0,0,0,582.0,0,0
258889,16/17,GB1,Premier League,631,Chelsea FC,1,0,0.0,0,0,0,0,0,0,0,0,,0,0
258912,18/19,GB1,Premier League,148,Tottenham Hotspur,1,1,0.0,0,0,1,0,0,0,0,0,,0,0
258916,21/22,GB1,Premier League,1123,Norwich City,36,19,1.0,1,0,8,8,0,0,0,0,912.0,0,0
258916,18/19,GB1,Premier League,29,Everton FC,3,0,0.0,0,0,0,0,0,0,0,0,,0,0
258919,25/26,GB1,Premier League,873,Crystal Palace,3,3,,0,0,0,0,0,0,0,0,270.0,1,2
258919,24/25,GB1,Premier League,873,Crystal Palace,38,38,,0,0,0,0,3,0,0,0,3420.0,51,11
258919,23/24,GB1,Premier League,873,Crystal Palace,25,18,,0,0,0,0,2,0,0,0,1620.0,30,4
258919,23/24,GB1,Premier League,985,Manchester United,3,0,0.0,0,0,0,0,0,0,0,0,,0,0
258919,22/23,GB1,Premier League,703,Nottingham Forest,18,18,,0,0,0,0,2,0,0,0,1620.0,31,6
258919,21/22,GB1,Premier League,985,Manchester United,30,0,0.0,0,0,0,0,0,0,0,0,,0,0
258919,20/21,GB1,Premier League,985,Manchester United,38,13,,0,0,1,0,3,0,0,0,1125.0,12,5
258919,19/20,GB1,Premier League,350,Sheffield United,36,36,,0,0,0,0,2,0,0,0,3240.0,33,13
258923,24/25,GB1,Premier League,405,Aston Villa,10,10,2.0,3,0,6,4,0,0,0,1,222.0,0,0
258923,24/25,GB1,Premier League,985,Manchester United,16,15,4.0,1,0,3,8,2,0,0,0,246.0,0,0
258923,23/24,GB1,Premier League,985,Manchester United,33,33,7.0,3,0,7,14,2,0,0,2,325.0,0,0
258923,22/23,GB1,Premier League,985,Manchester United,35,35,17.0,6,0,3,13,2,0,0,0,170.0,0,0
258923,21/22,GB1,Premier League,985,Manchester United,28,25,4.0,2,0,12,10,2,0,0,0,308.0,0,0
258923,20/21,GB1,Premier League,985,Manchester United,38,37,11.0,13,0,4,11,4,0,0,0,266.0,0,0
258923,19/20,GB1,Premier League,985,Manchester United,31,31,17.0,9,0,0,12,3,0,0,6,156.0,0,0
258923,18/19,GB1,Premier League,985,Manchester United,35,33,10.0,7,0,7,15,3,0,1,0,234.0,0,0
258923,17/18,GB1,Premier League,985,Manchester United,37,35,7.0,5,0,18,10,3,0,0,0,258.0,0,0
258923,16/17,GB1,Premier League,985,Manchester United,37,32,5.0,2,0,16,8,3,0,0,0,341.0,0,0
260166,23/24,GB1,Premier League,703,Nottingham Forest,2,0,0.0,0,0,0,0,0,0,0,0,,0,0
260806,18/19,GB1,Premier League,1110,Huddersfield Town,28,22,1.0,1,0,12,7,1,0,0,0,981.0,0,0
260827,25/26,GB1,Premier League,931,Fulham FC,3,3,0.0,0,0,0,0,0,0,0,0,,0,0
260827,24/25,GB1,Premier League,931,Fulham FC,31,29,0.0,0,1,0,0,6,0,1,0,,0,0
260827,24/25,GB1,Premier League,873,Crystal Palace,1,1,0.0,0,0,0,0,1,0,0,0,,0,0
260827,23/24,GB1,Premier League,873,Crystal Palace,38,38,2.0,3,0,0,2,7,0,0,0,1709.0,0,0
260827,22/23,GB1,Premier League,873,Crystal Palace,32,32,1.0,0,2,0,2,7,0,0,0,2783.0,0,0
260827,21/22,GB1,Premier League,873,Crystal Palace,34,34,0.0,3,1,2,1,4,0,0,0,,0,0
260827,20/21,GB1,Premier League,931,Fulham FC,31,31,1.0,1,0,1,0,6,0,1,0,2730.0,0,0
260841,24/25,GB1,Premier League,1003,Leicester City,12,0,0.0,0,0,0,0,0,0,0,0,,0,0
260841,22/23,GB1,Premier League,1003,Leicester City,38,12,,1,0,0,0,0,0,0,0,1080.0,22,1
261504,16/17,GB1,Premier League,281,Manchester City,14,4,0.0,0,0,3,1,0,0,0,0,,0,0
261988,20/21,GB1,Premier League,984,West Bromwich Albion,16,11,0.0,0,0,6,2,0,0,0,0,,0,0
262226,25/26,GB1,Premier League,931,Fulham FC,3,3,0.0,0,0,1,2,0,0,0,0,,0,0
262226,24/25,GB1,Premier League,931,Fulham FC,33,24,0.0,1,0,7,1,1,0,0,0,,0,0
262226,23/24,GB1,Premier League,931,Fulham FC,35,34,1.0,3,0,5,4,3,0,0,0,2634.0,0,0
262226,22/23,GB1,Premier League,1003,Leicester City,38,37,2.0,3,0,1,3,3,0,0,0,1629.0,0,0
262226,21/22,GB1,Premier League,1003,Leicester City,29,27,1.0,0,0,5,2,1,0,0,0,2126.0,0,0
262226,20/21,GB1,Premier League,1003,Leicester City,27,27,2.0,3,0,0,2,0,0,0,0,1174.0,0,0
262300,24/25,GB1,Premier League,180,Southampton FC,31,24,0.0,1,0,6,13,2,0,0,0,,0,0
262545,16/17,GB1,Premier League,31,Liverpool FC,1,0,0.0,0,0,0,0,0,0,0,0,,0,0
26267,21/22,GB1,Premier League,281,Manchester City,38,19,2.0,1,0,9,3,1,0,0,0,479.0,0,0
26267,20/21,GB1,Premier League,281,Manchester City,32,21,0.0,2,0,9,2,6,0,0,0,,0,0
26267,19/20,GB1,Premier League,281,Manchester City,36,30,0.0,1,1,4,3,7,1,1,0,,0,0
26267,18/19,GB1,Premier League,281,Manchester City,29,29,1.0,3,0,2,6,5,0,0,0,2381.0,0,0
26267,17/18,GB1,Premier League,281,Manchester City,34,34,5.0,3,0,1,5,7,0,0,0,577.0,0,0
26267,16/17,GB1,Premier League,281,Manchester City,32,32,2.0,1,0,1,0,4,0,2,0,1378.0,0,0
262749,25/26,GB1,Premier League,11,Arsenal FC,3,3,,0,0,0,0,1,0,0,0,270.0,1,2
262749,24/25,GB1,Premier League,11,Arsenal FC,38,38,,0,0,0,0,3,0,0,0,3420.0,34,13
262749,23/24,GB1,Premier League,11,Arsenal FC,35,32,,0,0,0,0,2,0,0,0,2880.0,24,16
262749,22/23,GB1,Premier League,1148,Brentford FC,38,38,,1,0,0,0,1,0,0,0,3420.0,46,12
262749,21/22,GB1,Premier League,1148,Brentford FC,24,24,,0,0,0,0,1,0,0,0,2160.0,27,8
26276,19/20,GB1,Premier League,148,Tottenham Hotspur,9,0,0.0,0,0,0,0,0,0,0,0,,0,0
26276,18/19,GB1,Premier League,148,Tottenham Hotspur,6,2,,0,0,0,0,0,0,0,0,180.0,4,0
26276,17/18,GB1,Premier League,148,Tottenham Hotspur,37,1,,0,0,0,0,0,0,0,0,90.0,1,0
26276,16/17,GB1,Premier League,148,Tottenham Hotspur,35,5,,0,0,1,0,0,0,0,0,415.0,2,3
262980,25/26,GB1,Premier League,873,Crystal Palace,3,3,0.0,0,0,3,0,0,0,0,0,,0,0
262980,24/25,GB1,Premier League,873,Crystal Palace,34,33,0.0,1,0,7,8,9,0,0,0,,0,0
262980,23/24,GB1,Premier League,873,Crystal Palace,28,28,1.0,1,0,1,5,8,0,0,0,2404.0,0,0
262980,22/23,GB1,Premier League,989,AFC Bournemouth,37,37,5.0,0,1,0,4,7,0,0,0,651.0,0,0
262980,19/20,GB1,Premier League,989,AFC Bournemouth,34,33,1.0,2,0,2,6,11,1,0,0,2709.0,0,0
262980,18/19,GB1,Premier League,989,AFC Bournemouth,32,30,2.0,0,1,1,6,12,0,0,0,1255.0,0,0
263236,25/26,GB1,Premier League,148,Tottenham Hotspur,3,1,0.0,0,0,1,0,0,0,0,0,,0,0
263236,24/25,GB1,Premier League,148,Tottenham Hotspur,10,10,0.0,0,0,1,1,0,0,0,0,,0,0
263236,19/20,GB1,Premier League,180,Southampton FC,22,6,0.0,1,0,3,1,0,1,0,0,,0,0
263361,22/23,GB1,Premier League,399,Leeds United,17,16,0.0,0,0,2,2,3,0,0,0,,0,0
263856,19/20,GB1,Premier League,873,Crystal Palace,11,1,0.0,0,0,1,0,0,0,0,0,,0,0
263856,18/19,GB1,Premier League,603,Cardiff City,33,32,5.0,4,0,1,11,6,0,0,1,516.0,0,0
26399,20/21,GB1,Premier League,281,Manchester City,19,12,4.0,1,0,5,5,0,0,0,1,140.0,0,0
26399,19/20,GB1,Premier League,281,Manchester City,26,24,16.0,4,0,6,10,1,0,0,2,91.0,0,0
26399,18/19,GB1,Premier League,281,Manchester City,34,33,21.0,7,0,2,23,3,0,0,2,118.0,0,0
26399,17/18,GB1,Premier League,281,Manchester City,29,25,21.0,6,0,3,9,2,0,0,4,94.0,0,0
26399,16/17,GB1,Premier League,281,Manchester City,31,31,20.0,4,0,6,8,4,0,1,4,120.0,0,0
264220,23/24,GB1,Premier League,1031,Luton Town,25,22,0.0,4,0,2,8,5,0,0,0,,0,0
264220,17/18,GB1,Premier League,379,West Ham United,2,0,0.0,0,0,0,0,0,0,0,0,,0,0
264220,16/17,GB1,Premier League,379,West Ham United,2,0,0.0,0,0,0,0,0,0,0,0,,0,0
26456,16/17,GB1,Premier League,1010,Watford FC,3,3,0.0,0,0,0,3,0,0,0,0,,0,0
265078,20/21,GB1,Premier League,543,Wolverhampton Wanderers,3,2,0.0,0,0,2,0,0,0,0,0,,0,0
265078,19/20,GB1,Premier League,543,Wolverhampton Wanderers,20,12,2.0,0,0,9,3,0,0,0,0,148.0,0,0
26669,17/18,GB1,Premier League,31,Liverpool FC,30,19,1.0,0,0,3,0,0,0,0,0,1449.0,0,0
26669,16/17,GB1,Premier League,31,Liverpool FC,33,20,0.0,0,0,5,0,3,0,0,0,,0,0
26764,16/17,GB1,Premier League,281,Manchester City,24,17,0.0,1,0,3,1,2,0,0,0,,0,0
268185,16/17,GB1,Premier League,29,Everton FC,5,0,0.0,0,0,0,0,0,0,0,0,,0,0
270171,24/25,GB1,Premier League,1148,Brentford FC,32,32,1.0,3,2,5,17,3,0,0,0,2267.0,0,0
270171,23/24,GB1,Premier League,1148,Brentford FC,38,38,1.0,4,0,1,21,8,0,0,0,3073.0,0,0
270171,22/23,GB1,Premier League,1148,Brentford FC,35,35,3.0,1,0,11,11,3,0,0,0,737.0,0,0
270171,21/22,GB1,Premier League,1148,Brentford FC,32,31,4.0,0,0,4,14,3,0,0,0,577.0,0,0
27114,17/18,GB1,Premier League,1010,Watford FC,2,2,0.0,0,0,0,1,0,0,0,0,,0,0
27114,16/17,GB1,Premier League,1010,Watford FC,24,22,2.0,0,0,0,5,2,0,0,0,913.0,0,0
27114,16/17,GB1,Premier League,289,Sunderland AFC,1,1,0.0,0,0,0,0,0,0,0,0,,0,0
271966,20/21,GB1,Premier League,984,West Bromwich Albion,18,16,3.0,2,0,2,6,2,0,0,0,398.0,0,0
272622,25/26,GB1,Premier League,931,Fulham FC,1,0,0.0,0,0,0,0,0,0,0,0,,0,0
272622,24/25,GB1,Premier League,931,Fulham FC,30,21,0.0,0,1,6,2,2,0,0,0,,0,0
272622,23/24,GB1,Premier League,931,Fulham FC,21,18,0.0,0,0,2,2,2,1,0,0,,0,0
272622,22/23,GB1,Premier League,931,Fulham FC,37,25,1.0,0,0,4,2,2,0,0,0,2009.0,0,0
272622,21/22,GB1,Premier League,379,West Ham United,34,13,0.0,1,0,3,1,0,0,0,0,,0,0
272622,20/21,GB1,Premier League,379,West Ham United,35,18,2.0,0,1,3,0,2,0,0,0,690.0,0,0
272622,19/20,GB1,Premier League,379,West Ham United,36,32,3.0,1,0,1,1,8,0,0,0,922.0,0,0
272622,18/19,GB1,Premier League,379,West Ham United,38,33,1.0,0,1,0,0,4,0,0,0,2970.0,0,0
272642,22/23,GB1,Premier League,762,Newcastle United,26,25,1.0,5,0,13,10,1,0,0,0,1117.0,0,0
272642,21/22,GB1,Premier League,762,Newcastle United,35,35,5.0,5,0,4,11,6,0,0,0,562.0,0,0
272642,20/21,GB1,Premier League,762,Newcastle United,25,25,3.0,4,0,6,14,0,0,0,0,522.0,0,0
272642,19/20,GB1,Premier League,762,Newcastle United,27,26,3.0,5,0,3,15,0,0,0,0,625.0,0,0
272855,24/25,GB1,Premier League,180,Southampton FC,28,25,4.0,1,0,14,7,4,0,0,0,261.0,0,0
272855,22/23,GB1,Premier League,180,Southampton FC,15,11,0.0,0,0,7,4,0,0,0,0,,0,0
272999,24/25,GB1,Premier League,762,Newcastle United,23,9,0.0,0,0,8,1,0,0,0,0,,0,0
272999,23/24,GB1,Premier League,762,Newcastle United,33,33,3.0,1,0,10,19,2,0,0,0,649.0,0,0
272999,22/23,GB1,Premier League,762,Newcastle United,34,34,11.0,2,0,5,23,2,0,0,0,228.0,0,0
272999,21/22,GB1,Premier League,762,Newcastle United,36,30,1.0,0,0,11,14,2,0,0,0,1720.0,0,0
272999,20/21,GB1,Premier League,762,Newcastle United,36,34,4.0,1,0,6,16,3,0,0,0,610.0,0,0
272999,19/20,GB1,Premier League,762,Newcastle United,37,36,4.0,2,0,1,14,5,0,0,0,759.0,0,0
272999,18/19,GB1,Premier League,762,Newcastle United,10,10,0.0,0,0,1,5,0,0,0,0,,0,0
27306,17/18,GB1,Premier League,11,Arsenal FC,1,0,0.0,0,0,0,0,0,0,0,0,,0,0
27306,16/17,GB1,Premier League,11,Arsenal FC,1,1,0.0,0,0,0,1,0,0,0,0,,0,0
273773,16/17,GB1,Premier League,873,Crystal Palace,1,1,0.0,0,0,1,0,0,0,0,0,,0,0
274839,24/25,GB1,Premier League,1003,Leicester City,28,28,0.0,5,1,0,13,8,0,0,0,,0,0
274839,22/23,GB1,Premier League,1003,Leicester City,31,27,0.0,0,0,8,11,4,0,0,0,,0,0
274839,21/22,GB1,Premier League,1003,Leicester City,21,19,0.0,0,0,1,2,4,0,0,0,,0,0
274839,20/21,GB1,Premier League,1003,Leicester City,27,26,1.0,4,0,1,4,6,0,0,0,2179.0,0,0
274839,19/20,GB1,Premier League,1003,Leicester City,32,32,2.0,1,0,3,3,6,0,0,0,1337.0,0,0
274839,18/19,GB1,Premier League,1003,Leicester City,38,38,2.0,0,0,1,4,8,0,0,0,1649.0,0,0
274839,17/18,GB1,Premier League,1003,Leicester City,33,33,0.0,3,0,0,1,6,2,0,0,,0,0
274839,16/17,GB1,Premier League,1003,Leicester City,17,17,2.0,1,0,0,1,0,0,0,0,761.0,0,0
27486,20/21,GB1,Premier League,399,Leeds United,34,3,,0,0,0,0,0,0,0,0,270.0,2,1
27511,20/21,GB1,Premier League,873,Crystal Palace,27,20,1.0,1,0,0,0,3,0,0,0,1800.0,0,0
27511,19/20,GB1,Premier League,873,Crystal Palace,27,25,0.0,1,0,0,1,1,0,0,0,,0,0
27511,18/19,GB1,Premier League,631,Chelsea FC,10,2,0.0,0,0,2,0,0,0,0,0,,0,0
27511,17/18,GB1,Premier League,631,Chelsea FC,34,27,0.0,0,0,3,1,1,0,1,0,,0,0
27511,16/17,GB1,Premier League,631,Chelsea FC,38,37,6.0,0,1,1,1,5,0,0,0,550.0,0,0
275590,23/24,GB1,Premier League,989,AFC Bournemouth,16,8,1.0,0,0,8,0,0,0,0,0,100.0,0,0
275590,22/23,GB1,Premier League,989,AFC Bournemouth,35,27,4.0,0,0,15,5,1,0,0,0,319.0,0,0
27614,17/18,GB1,Premier League,984,West Bromwich Albion,5,4,1.0,0,0,2,1,0,0,0,0,206.0,0,0
27614,16/17,GB1,Premier League,984,West Bromwich Albion,35,31,5.0,2,0,14,12,3,0,0,0,347.0,0,0
27659,17/18,GB1,Premier League,1110,Huddersfield Town,16,3,0.0,0,0,1,1,0,0,0,0,,0,0
277033,25/26,GB1,Premier League,989,AFC Bournemouth,3,3,0.0,1,0,0,3,1,0,0,0,,0,0
277033,24/25,GB1,Premier League,989,AFC Bournemouth,36,29,2.0,0,0,20,9,3,0,0,0,474.0,0,0
277033,23/24,GB1,Premier League,989,AFC Bournemouth,20,13,1.0,1,0,11,2,1,0,0,0,273.0,0,0
277033,22/23,GB1,Premier League,989,AFC Bournemouth,11,6,0.0,0,0,4,2,1,0,0,0,,0,0
277033,19/20,GB1,Premier League,989,AFC Bournemouth,9,9,1.0,0,0,1,8,1,0,0,0,511.0,0,0
277033,18/19,GB1,Premier League,989,AFC Bournemouth,33,30,7.0,5,0,1,19,3,0,0,0,326.0,0,0
277114,16/17,GB1,Premier League,289,Sunderland AFC,25,24,0.0,0,1,2,5,2,0,0,0,,0,0
277179,19/20,GB1,Premier League,281,Manchester City,15,6,0.0,0,0,2,0,1,0,0,0,,0,0
278166,23/24,GB1,Premier League,1031,Luton Town,21,21,0.0,0,0,0,3,0,0,0,0,,0,0
279455,25/26,GB1,Premier League,931,Fulham FC,3,3,0.0,0,0,2,0,0,0,0,0,,0,0
279455,24/25,GB1,Premier League,931,Fulham FC,28,25,6.0,2,0,13,11,2,0,0,0,193.0,0,0
279455,23/24,GB1,Premier League,931,Fulham FC,36,35,4.0,7,0,19,11,6,0,0,0,404.0,0,0
279455,22/23,GB1,Premier League,931,Fulham FC,30,29,2.0,5,0,16,12,1,0,0,0,549.0,0,0
279455,19/20,GB1,Premier League,989,AFC Bournemouth,34,31,7.0,0,0,11,17,2,0,0,0,238.0,0,0
279455,16/17,GB1,Premier League,31,Liverpool FC,1,0,0.0,0,0,0,0,0,0,0,0,,0,0
28140,16/17,GB1,Premier League,989,AFC Bournemouth,21,11,0.0,0,0,11,0,3,0,0,0,,0,0
281404,21/22,GB1,Premier League,631,Chelsea FC,8,1,0.0,1,0,0,1,0,0,0,0,,0,0
281404,19/20,GB1,Premier League,631,Chelsea FC,1,0,0.0,0,0,0,0,0,0,0,0,,0,0
281404,18/19,GB1,Premier League,762,Newcastle United,28,25,1.0,1,0,11,7,1,0,0,0,1343.0,0,0
281404,17/18,GB1,Premier League,762,Newcastle United,13,13,2.0,2,0,0,7,1,0,0,0,515.0,0,0
281404,17/18,GB1,Premier League,631,Chelsea FC,4,0,0.0,0,0,0,0,0,0,0,0,,0,0
281404,16/17,GB1,Premier League,631,Chelsea FC,1,1,0.0,0,0,0,1,0,0,0,0,,0,0
281404,16/17,GB1,Premier League,1010,Watford FC,3,1,0.0,0,0,1,0,0,0,0,0,,0,0
282429,24/25,GB1,Premier League,148,Tottenham Hotspur,14,4,0.0,0,0,3,1,2,0,0,0,,0,0
282429,23/24,GB1,Premier League,1148,Brentford FC,16,16,0.0,4,0,2,7,4,0,1,0,,0,0
282429,23/24,GB1,Premier League,985,Manchester United,14,9,0.0,0,0,5,3,3,0,0,0,,0,0
282429,21/22,GB1,Premier League,148,Tottenham Hotspur,31,25,2.0,3,0,3,9,4,0,0,0,961.0,0,0
282429,20/21,GB1,Premier League,148,Tottenham Hotspur,31,27,0.0,4,1,1,6,5,0,0,0,,0,0
28260,16/17,GB1,Premier League,379,West Ham United,3,3,0.0,0,0,2,0,3,0,0,0,,0,0
282823,24/25,GB1,Premier League,148,Tottenham Hotspur,1,0,0.0,0,0,0,0,0,0,0,0,,0,0
282823,23/24,GB1,Premier League,148,Tottenham Hotspur,1,0,0.0,0,0,0,0,0,0,0,0,,0,0
282823,19/20,GB1,Premier League,148,Tottenham Hotspur,4,0,0.0,0,0,0,0,0,0,0,0,,0,0
282823,18/19,GB1,Premier League,148,Tottenham Hotspur,2,0,0.0,0,0,0,0,0,0,0,0,,0,0
282823,17/18,GB1,Premier League,148,Tottenham Hotspur,1,0,0.0,0,0,0,0,0,0,0,0,,0,0
28336,16/17,GB1,Premier League,873,Crystal Palace,1,1,0.0,0,0,0,0,0,0,0,0,,0,0
283528,19/20,GB1,Premier League,1010,Watford FC,14,7,0.0,0,0,7,0,1,0,0,0,,0,0
283628,25/26,GB1,Premier League,379,West Ham United,3,3,0.0,0,0,1,1,0,0,0,0,,0,0
283628,24/25,GB1,Premier League,379,West Ham United,36,35,9.0,2,0,5,10,8,0,0,0,286.0,0,0
283628,23/24,GB1,Premier League,379,West Ham United,37,37,7.0,2,0,3,9,7,0,0,0,411.0,0,0
283628,22/23,GB1,Premier League,379,West Ham United,37,36,2.0,3,0,4,8,3,0,0,0,1410.0,0,0
283628,21/22,GB1,Premier League,379,West Ham United,36,35,5.0,1,0,1,1,3,0,0,0,612.0,0,0
283628,20/21,GB1,Premier League,379,West Ham United,38,38,10.0,1,1,0,0,7,0,1,0,342.0,0,0
283628,19/20,GB1,Premier League,379,West Ham United,13,13,3.0,0,1,1,2,0,0,0,0,347.0,0,0
284165,21/22,GB1,Premier League,148,Tottenham Hotspur,32,25,3.0,1,0,21,3,1,0,0,0,183.0,0,0
284165,20/21,GB1,Premier League,148,Tottenham Hotspur,26,21,1.0,4,0,8,11,3,0,0,0,1212.0,0,0
284165,19/20,GB1,Premier League,148,Tottenham Hotspur,14,14,3.0,1,0,6,6,2,0,0,0,234.0,0,0
284727,16/17,GB1,Premier League,379,West Ham United,22,16,1.0,0,0,12,4,0,0,0,0,536.0,0,0
284730,25/26,GB1,Premier League,281,Manchester City,2,0,0.0,0,0,0,0,0,0,0,0,,0,0
284730,24/25,GB1,Premier League,281,Manchester City,28,26,0.0,0,0,3,3,3,0,0,0,,0,0
284730,23/24,GB1,Premier League,281,Manchester City,34,30,2.0,0,0,2,2,2,1,0,0,1257.0,0,0
284730,22/23,GB1,Premier League,281,Manchester City,30,29,0.0,1,0,5,2,2,0,0,0,,0,0
284857,25/26,GB1,Premier League,631,Chelsea FC,3,3,0.0,1,0,0,1,0,0,0,0,,0,0
284857,24/25,GB1,Premier League,631,Chelsea FC,36,36,5.0,2,0,3,5,8,1,0,0,598.0,0,0
284857,23/24,GB1,Premier League,631,Chelsea FC,27,21,0.0,3,1,1,4,10,0,0,0,,0,0
284857,22/23,GB1,Premier League,631,Chelsea FC,27,24,0.0,2,0,3,11,4,0,0,0,,0,0
284857,21/22,GB1,Premier League,1237,Brighton & Hove Albion,35,35,1.0,1,0,0,3,6,0,0,0,3092.0,0,0
285033,21/22,GB1,Premier League,1132,Burnley FC,9,0,0.0,0,0,0,0,0,0,0,0,,0,0
285033,20/21,GB1,Premier League,1132,Burnley FC,17,2,,0,0,0,0,0,0,0,0,180.0,4,0
285033,18/19,GB1,Premier League,543,Wolverhampton Wanderers,2,1,,0,0,1,0,0,0,0,0,1.0,0,1
285548,20/21,GB1,Premier League,379,West Ham United,34,14,1.0,0,0,1,0,1,0,1,0,1198.0,0,0
285548,19/20,GB1,Premier League,379,West Ham United,38,17,1.0,0,0,4,0,2,0,0,0,1176.0,0,0
285548,18/19,GB1,Premier League,379,West Ham United,27,23,1.0,0,0,0,1,2,0,0,0,2014.0,0,0
285551,18/19,GB1,Premier League,1110,Huddersfield Town,8,1,,0,0,0,0,0,0,0,0,90.0,1,0
285551,17/18,GB1,Premier League,1110,Huddersfield Town,30,0,0.0,0,0,0,0,0,0,0,0,,0,0
2857,22/23,GB1,Premier League,29,Everton FC,1,0,0.0,0,0,0,0,0,0,0,0,,0,0
2857,21/22,GB1,Premier League,1003,Leicester City,9,0,0.0,0,0,0,0,0,0,0,0,,0,0
2857,17/18,GB1,Premier League,1003,Leicester City,10,2,,0,0,0,0,0,0,0,0,180.0,6,0
2857,16/17,GB1,Premier League,3008,Hull City,38,22,,0,0,0,0,0,0,0,0,1980.0,36,5
285845,22/23,GB1,Premier League,180,Southampton FC,27,22,0.0,1,0,9,6,3,0,0,0,,0,0
285845,21/22,GB1,Premier League,11,Arsenal FC,17,8,0.0,0,0,6,1,0,0,0,0,,0,0
285845,20/21,GB1,Premier League,984,West Bromwich Albion,15,15,0.0,0,0,1,4,2,0,0,0,,0,0
285845,20/21,GB1,Premier League,11,Arsenal FC,19,11,0.0,1,0,6,1,0,0,0,0,,0,0
285845,19/20,GB1,Premier League,11,Arsenal FC,28,20,0.0,2,0,5,0,4,1,0,0,,0,0
285845,18/19,GB1,Premier League,11,Arsenal FC,23,16,1.0,1,0,5,2,1,1,0,0,986.0,0,0
285845,17/18,GB1,Premier League,11,Arsenal FC,26,15,0.0,0,0,7,0,1,0,0,0,,0,0
285845,16/17,GB1,Premier League,11,Arsenal FC,8,1,0.0,0,0,1,0,0,0,0,0,,0,0
286005,17/18,GB1,Premier League,512,Stoke City,3,1,0.0,0,0,1,0,0,0,0,0,,0,0
286005,16/17,GB1,Premier League,512,Stoke City,8,5,0.0,0,0,5,0,0,0,0,0,,0,0
286047,25/26,GB1,Premier League,148,Tottenham Hotspur,3,3,,0,0,0,0,0,0,0,0,270.0,1,2
286047,24/25,GB1,Premier League,148,Tottenham Hotspur,26,24,,0,0,0,0,1,0,0,0,2160.0,37,4
286047,23/24,GB1,Premier League,148,Tottenham Hotspur,38,38,,0,0,0,0,2,0,0,0,3420.0,61,7
286384,21/22,GB1,Premier League,985,Manchester United,21,4,0.0,0,1,1,2,1,0,0,0,,0,0
286384,20/21,GB1,Premier League,985,Manchester United,26,12,0.0,0,0,2,1,3,0,0,0,,0,0
286384,19/20,GB1,Premier League,985,Manchester United,14,4,0.0,0,0,3,0,0,0,0,0,,0,0
286384,18/19,GB1,Premier League,985,Manchester United,21,12,0.0,0,0,4,2,0,0,1,0,,0,0
286384,17/18,GB1,Premier League,985,Manchester United,18,13,1.0,0,1,2,0,2,0,0,0,1000.0,0,0
286384,16/17,GB1,Premier League,985,Manchester United,27,25,0.0,0,0,1,3,4,0,0,0,,0,0
286415,16/17,GB1,Premier League,148,Tottenham Hotspur,5,0,0.0,0,0,0,0,0,0,0,0,,0,0
2865,18/19,GB1,Premier League,11,Arsenal FC,27,14,0.0,0,0,4,6,3,0,0,0,,0,0
286949,21/22,GB1,Premier League,1010,Watford FC,33,15,0.0,1,0,2,2,0,0,0,0,,0,0
286949,19/20,GB1,Premier League,1010,Watford FC,29,26,1.0,0,0,6,4,3,0,0,0,1818.0,0,0
286949,18/19,GB1,Premier League,1010,Watford FC,38,14,0.0,1,0,3,2,5,0,0,0,,0,0
286919,18/19,GB1,Premier League,180,Southampton FC,10,7,0.0,1,0,5,2,0,0,0,0,,0,0
286919,17/18,GB1,Premier League,180,Southampton FC,10,6,0.0,0,0,5,1,0,0,0,0,,0,0
286919,16/17,GB1,Premier League,180,Southampton FC,10,7,0.0,1,0,6,1,0,0,0,0,,0,0
287167,17/18,GB1,Premier League,1110,Huddersfield Town,8,6,1.0,0,0,4,2,1,0,0,0,219.0,0,0
287431,18/19,GB1,Premier League,931,Fulham FC,19,15,0.0,0,0,2,2,2,0,0,0,,0,0
287431,17/18,GB1,Premier League,2288,Swansea City,38,38,2.0,1,0,0,0,3,0,0,0,1710.0,0,0
287431,16/17,GB1,Premier League,2288,Swansea City,30,27,4.0,0,2,0,0,1,0,0,0,608.0,0,0
287528,17/18,GB1,Premier League,989,AFC Bournemouth,2,0,0.0,0,0,0,0,0,0,0,0,,0,0
287579,23/24,GB1,Premier League,985,Manchester United,29,21,0.0,0,0,11,4,6,0,0,0,,0,0
288255,23/24,GB1,Premier League,985,Manchester United,12,1,0.0,0,0,1,0,0,0,0,0,,0,0
288255,22/23,GB1,Premier League,985,Manchester United,11,7,0.0,0,0,5,2,0,0,0,0,,0,0
288255,21/22,GB1,Premier League,29,Everton FC,9,7,1.0,0,0,2,2,1,0,0,0,483.0,0,0
288255,21/22,GB1,Premier League,985,Manchester United,22,8,1.0,0,0,8,0,0,0,0,0,70.0,0,0
288255,20/21,GB1,Premier League,985,Manchester United,34,19,1.0,1,0,15,1,1,0,0,0,513.0,0,0
288259,20/21,GB1,Premier League,350,Sheffield United,13,0,0.0,0,0,0,0,0,0,0,0,,0,0
288259,19/20,GB1,Premier League,350,Sheffield United,12,0,0.0,0,0,0,0,0,0,0,0,,0,0
288323,24/25,GB1,Premier League,677,Ipswich Town,2,2,0.0,0,0,2,0,0,0,0,0,,0,0
289446,22/23,GB1,Premier League,29,Everton FC,24,7,2.0,0,0,0,2,2,0,0,0,298.0,0,0
289446,21/22,GB1,Premier League,29,Everton FC,14,13,0.0,0,0,2,3,3,0,0,0,,0,0
289446,20/21,GB1,Premier League,29,Everton FC,30,24,2.0,0,0,1,3,2,0,0,0,970.0,0,0
289446,19/20,GB1,Premier League,29,Everton FC,31,29,2.0,1,1,4,2,3,0,0,0,1141.0,0,0
289446,18/19,GB1,Premier League,29,Everton FC,19,13,1.0,0,0,3,1,3,0,0,0,892.0,0,0
289592,24/25,GB1,Premier League,29,Everton FC,19,19,1.0,0,0,5,4,2,0,0,0,1261.0,0,0
289592,23/24,GB1,Premier League,703,Nottingham Forest,21,20,1.0,0,0,1,9,6,0,0,0,1570.0,0,0
289592,22/23,GB1,Premier League,703,Nottingham Forest,32,27,1.0,1,0,7,15,3,0,0,0,1555.0,0,0
289791,16/17,GB1,Premier League,985,Manchester United,1,0,0.0,0,0,0,0,0,0,0,0,,0,0
28973,18/19,GB1,Premier League,180,Southampton FC,10,3,0.0,1,0,2,0,0,0,0,0,,0,0
28973,17/18,GB1,Premier League,180,Southampton FC,28,23,3.0,1,0,6,6,0,0,0,0,507.0,0,0
28973,16/17,GB1,Premier League,180,Southampton FC,34,32,0.0,3,0,3,3,3,0,0,0,,0,0
28984,18/19,GB1,Premier League,603,Cardiff City,29,28,4.0,1,0,0,1,7,0,0,0,619.0,0,0
289844,16/17,GB1,Premier League,985,Manchester United,1,1,1.0,0,0,0,0,0,0,0,0,90.0,0,0
289846,21/22,GB1,Premier League,1010,Watford FC,17,3,0.0,0,0,3,0,0,0,0,0,,0,0
289846,16/17,GB1,Premier League,379,West Ham United,31,16,0.0,0,0,14,0,2,0,0,0,,0,0
28990,17/18,GB1,Premier League,512,Stoke City,32,11,0.0,0,0,6,3,2,0,1,0,,0,0
28990,16/17,GB1,Premier League,512,Stoke City,38,24,1.0,3,0,7,11,7,0,0,1,1495.0,0,0
290017,21/22,GB1,Premier League,1010,Watford FC,19,19,1.0,0,0,1,2,3,1,0,0,1626.0,0,0
290532,23/24,GB1,Premier League,379,West Ham United,20,13,0.0,1,0,8,4,1,0,0,0,,0,0
290532,22/23,GB1,Premier League,379,West Ham United,38,35,6.0,3,0,13,14,0,0,0,4,345.0,0,0
290532,21/22,GB1,Premier League,379,West Ham United,33,32,8.0,6,0,6,22,0,0,0,0,273.0,0,0
290532,20/21,GB1,Premier League,379,West Ham United,32,30,1.0,6,0,16,12,0,0,0,0,1388.0,0,0
29055,17/18,GB1,Premier League,762,Newcastle United,11,2,0.0,0,0,1,0,0,0,0,0,,0,0
290951,20/21,GB1,Premier League,931,Fulham FC,17,11,0.0,0,0,9,2,1,0,1,0,,0,0
290951,18/19,GB1,Premier League,931,Fulham FC,17,13,3.0,0,0,8,2,2,0,0,1,230.0,0,0
291200,23/24,GB1,Premier League,703,Nottingham Forest,33,21,1.0,0,0,6,1,3,1,0,0,1457.0,0,0
291200,22/23,GB1,Premier League,703,Nottingham Forest,15,14,0.0,0,0,0,3,1,0,0,0,,0,0
291422,20/21,GB1,Premier League,350,Sheffield United,19,11,0.0,0,0,9,2,0,0,0,0,,0,0
291422,19/20,GB1,Premier League,350,Sheffield United,33,30,6.0,4,0,19,11,1,0,0,0,206.0,0,0
291422,18/19,GB1,Premier League,989,AFC Bournemouth,34,24,1.0,0,0,23,0,1,0,0,0,350.0,0,0
291422,17/18,GB1,Premier League,989,AFC Bournemouth,32,23,2.0,0,0,19,4,1,0,0,0,293.0,0,0
291422,16/17,GB1,Premier League,989,AFC Bournemouth,17,11,0.0,0,1,8,3,0,0,0,0,,0,0
291544,17/18,GB1,Premier League,379,West Ham United,12,3,0.0,0,0,3,0,0,0,0,0,,0,0
291739,21/22,GB1,Premier League,1123,Norwich City,32,31,1.0,2,0,6,14,0,0,0,0,2239.0,0,0
292139,24/25,GB1,Premier League,677,Ipswich Town,22,20,4.0,0,0,7,13,2,0,0,0,251.0,0,0
292246,25/26,GB1,Premier League,543,Wolverhampton Wanderers,3,3,1.0,0,0,2,1,0,0,0,0,96.0,0,0
292246,24/25,GB1,Premier League,543,Wolverhampton Wanderers,29,21,2.0,0,0,16,4,0,0,0,0,325.0,0,0
292246,23/24,GB1,Premier League,543,Wolverhampton Wanderers,29,29,12.0,3,0,4,11,6,0,0,1,177.0,0,0
292246,22/23,GB1,Premier League,543,Wolverhampton Wanderers,29,27,3.0,1,0,15,11,1,0,0,0,376.0,0,0
292246,21/22,GB1,Premier League,543,Wolverhampton Wanderers,31,30,5.0,1,0,10,16,2,0,0,0,364.0,0,0
29241,23/24,GB1,Premier League,631,Chelsea FC,36,31,3.0,1,0,3,3,4,0,0,0,843.0,0,0
29241,22/23,GB1,Premier League,631,Chelsea FC,29,27,0.0,2,0,1,1,2,0,0,0,,0,0
29241,21/22,GB1,Premier League,631,Chelsea FC,36,32,3.0,1,0,4,2,2,0,0,0,884.0,0,0
29241,20/21,GB1,Premier League,631,Chelsea FC,25,23,2.0,0,0,0,2,3,1,0,0,969.0,0,0
292417,22/23,GB1,Premier League,29,Everton FC,38,33,4.0,1,0,6,11,3,0,0,2,628.0,0,0
292417,21/22,GB1,Premier League,29,Everton FC,34,34,5.0,4,0,6,19,3,0,0,0,470.0,0,0
292417,20/21,GB1,Premier League,1003,Leicester City,1,1,0.0,0,0,1,0,0,0,0,0,,0,0
292417,19/20,GB1,Premier League,1003,Leicester City,32,21,2.0,3,0,18,3,1,0,0,0,304.0,0,0
292417,18/19,GB1,Premier League,1003,Leicester City,35,34,4.0,1,0,11,18,2,0,0,0,499.0,0,0
292417,17/18,GB1,Premier League,1003,Leicester City,38,35,3.0,1,0,18,11,2,0,0,0,565.0,0,0
292417,16/17,GB1,Premier League,1003,Leicester City,38,30,1.0,3,0,21,7,2,0,0,0,1037.0,0,0
292808,24/25,GB1,Premier League,1003,Leicester City,35,34,1.0,0,0,4,0,4,0,0,0,2812.0,0,0
292808,22/23,GB1,Premier League,1003,Leicester City,31,31,1.0,2,2,0,0,4,1,0,0,2787.0,0,0
293168,19/20,GB1,Premier League,1003,Leicester City,1,0,0.0,0,0,0,0,0,0,0,0,,0,0
293200,22/23,GB1,Premier League,379,West Ham United,1,0,0.0,0,0,0,0,0,0,0,0,,0,0
293200,21/22,GB1,Premier League,379,West Ham United,32,19,1.0,0,0,13,6,0,0,0,0,554.0,0,0
293200,17/18,GB1,Premier League,29,Everton FC,17,12,0.0,0,0,5,4,0,0,0,0,,0,0
293194,25/26,GB1,Premier League,873,Crystal Palace,3,0,0.0,0,0,0,0,0,0,0,0,,0,0
293281,25/26,GB1,Premier League,1132,Burnley FC,3,3,0.0,1,0,1,2,0,0,0,0,,0,0
293281,23/24,GB1,Premier League,1132,Burnley FC,37,32,6.0,0,0,16,17,1,0,0,1,208.0,0,0
293283,20/21,GB1,Premier League,543,Wolverhampton Wanderers,3,1,0.0,0,0,1,0,0,0,0,0,,0,0
293283,19/20,GB1,Premier League,543,Wolverhampton Wanderers,15,0,0.0,0,0,0,0,0,0,0,0,,0,0
293257,22/23,GB1,Premier League,543,Wolverhampton Wanderers,20,0,0.0,0,0,0,0,0,0,0,0,,0,0
293450,16/17,GB1,Premier League,989,AFC Bournemouth,11,1,0.0,0,0,1,0,0,0,0,0,,0,0
293569,23/24,GB1,Premier League,1132,Burnley FC,37,33,4.0,2,0,10,4,4,0,1,0,563.0,0,0
293569,21/22,GB1,Premier League,1132,Burnley FC,35,35,2.0,3,0,3,1,10,0,0,0,1477.0,0,0
293569,20/21,GB1,Premier League,1132,Burnley FC,34,33,0.0,1,0,1,3,2,0,0,0,,0,0
293569,19/20,GB1,Premier League,1132,Burnley FC,13,10,0.0,0,0,1,1,2,0,0,0,,0,0
29364,22/23,GB1,Premier League,543,Wolverhampton Wanderers,33,31,0.0,2,0,11,14,3,0,0,0,,0,0
29364,21/22,GB1,Premier League,543,Wolverhampton Wanderers,36,35,2.0,1,0,1,6,4,0,0,0,1488.0,0,0
29364,20/21,GB1,Premier League,543,Wolverhampton Wanderers,34,33,1.0,1,0,5,9,3,1,0,0,2534.0,0,0
29364,19/20,GB1,Premier League,543,Wolverhampton Wanderers,38,38,1.0,6,0,4,4,7,0,0,0,3108.0,0,0
29364,18/19,GB1,Premier League,543,Wolverhampton Wanderers,38,38,1.0,8,0,3,11,4,0,0,0,3040.0,0,0
293784,17/18,GB1,Premier League,31,Liverpool FC,1,0,0.0,0,0,0,0,0,0,0,0,,0,0
29391,21/22,GB1,Premier League,1123,Norwich City,6,0,0.0,0,0,0,0,0,0,0,0,,0,0
29391,19/20,GB1,Premier League,1123,Norwich City,20,2,,0,0,1,0,0,0,0,0,158.0,6,0
294057,24/25,GB1,Premier League,148,Tottenham Hotspur,32,31,9.0,7,0,10,20,6,0,0,0,202.0,0,0
294057,23/24,GB1,Premier League,148,Tottenham Hotspur,28,28,4.0,10,0,2,22,5,0,0,0,539.0,0,0
294057,22/23,GB1,Premier League,1003,Leicester City,30,30,10.0,9,0,2,7,10,0,0,1,249.0,0,0
294057,21/22,GB1,Premier League,1003,Leicester City,35,35,12.0,8,0,7,14,3,0,0,0,206.0,0,0
294057,20/21,GB1,Premier League,1003,Leicester City,31,31,8.0,7,0,7,13,4,0,0,0,263.0,0,0
294057,19/20,GB1,Premier League,1003,Leicester City,31,31,6.0,3,0,2,6,4,0,0,0,438.0,0,0
294057,18/19,GB1,Premier League,1003,Leicester City,37,36,7.0,7,0,1,19,3,1,0,1,407.0,0,0
29434,17/18,GB1,Premier League,873,Crystal Palace,33,31,0.0,1,0,3,15,7,0,0,0,,0,0
29434,16/17,GB1,Premier League,873,Crystal Palace,32,32,4.0,3,0,7,13,7,0,0,0,533.0,0,0
295313,25/26,GB1,Premier League,703,Nottingham Forest,1,0,0.0,0,0,0,0,0,0,0,0,,0,0
295313,24/25,GB1,Premier League,703,Nottingham Forest,33,26,1.0,0,0,23,3,0,0,0,0,399.0,0,0
295313,23/24,GB1,Premier League,703,Nottingham Forest,20,20,6.0,3,0,8,11,2,0,0,0,174.0,0,0
295313,22/23,GB1,Premier League,703,Nottingham Forest,29,27,10.0,1,0,10,17,2,0,0,0,141.0,0,0
295330,22/23,GB1,Premier League,1003,Leicester City,35,28,5.0,5,0,17,10,0,0,0,1,224.0,0,0
295330,21/22,GB1,Premier League,1003,Leicester City,35,26,4.0,5,0,13,9,1,0,0,0,315.0,0,0
295330,20/21,GB1,Premier League,1003,Leicester City,38,25,12.0,2,0,9,6,1,0,0,0,121.0,0,0
295330,19/20,GB1,Premier League,1003,Leicester City,29,20,5.0,5,0,8,10,1,0,0,0,192.0,0,0
295330,18/19,GB1,Premier League,1003,Leicester City,36,30,1.0,3,0,21,6,2,0,0,0,930.0,0,0
295330,17/18,GB1,Premier League,1003,Leicester City,32,21,3.0,3,0,14,7,2,0,0,0,275.0,0,0
295330,16/17,GB1,Premier League,281,Manchester City,28,20,4.0,3,0,15,4,0,0,0,0,132.0,0,0
295331,19/20,GB1,Premier League,1010,Watford FC,12,5,0.0,0,0,5,0,1,0,0,0,,0,0
295331,18/19,GB1,Premier League,1010,Watford FC,33,30,1.0,1,0,21,6,4,0,0,0,1038.0,0,0
295331,17/18,GB1,Premier League,1010,Watford FC,6,0,0.0,0,0,0,0,0,0,0,0,,0,0
295331,16/17,GB1,Premier League,1010,Watford FC,24,19,1.0,1,0,17,1,2,0,0,0,504.0,0,0
295630,21/22,GB1,Premier League,1123,Norwich City,37,18,0.0,1,0,4,4,2,0,0,0,,0,0
296422,23/24,GB1,Premier League,931,Fulham FC,22,6,0.0,0,0,6,0,1,0,0,0,,0,0
296622,24/25,GB1,Premier League,405,Aston Villa,13,13,3.0,1,0,4,6,2,0,0,0,248.0,0,0
296802,25/26,GB1,Premier League,873,Crystal Palace,3,0,0.0,0,0,0,0,0,0,0,0,,0,0
29692,24/25,GB1,Premier League,379,West Ham United,35,14,,0,0,1,1,2,0,0,0,1161.0,21,3
29692,23/24,GB1,Premier League,379,West Ham United,37,10,,0,0,3,0,0,0,0,0,721.0,21,1
29692,22/23,GB1,Premier League,379,West Ham United,36,36,,0,0,0,3,1,0,0,0,3113.0,48,10
29692,21/22,GB1,Premier League,379,West Ham United,37,37,,0,0,0,0,2,0,0,0,3330.0,50,8
29692,20/21,GB1,Premier League,379,West Ham United,35,35,,0,0,0,0,2,0,0,0,3150.0,44,10
29692,19/20,GB1,Premier League,379,West Ham United,25,25,,0,0,0,2,1,0,0,0,2119.0,34,6
29692,18/19,GB1,Premier League,379,West Ham United,38,38,,0,0,0,0,0,0,0,0,3420.0,55,7
29692,17/18,GB1,Premier League,2288,Swansea City,38,38,,0,0,0,0,0,0,0,0,3420.0,56,9
29692,16/17,GB1,Premier League,2288,Swansea City,37,37,,0,0,0,0,1,0,0,0,3330.0,69,8
296986,21/22,GB1,Premier League,399,Leeds United,27,23,1.0,1,0,16,3,5,0,0,0,978.0,0,0
296986,20/21,GB1,Premier League,399,Leeds United,37,27,1.0,2,0,13,11,3,0,0,0,1339.0,0,0
29712,24/25,GB1,Premier League,762,Newcastle United,8,0,0.0,0,0,0,0,0,0,0,0,,0,0
29712,21/22,GB1,Premier League,543,Wolverhampton Wanderers,38,2,,0,0,1,0,0,0,0,0,135.0,3,0
29712,20/21,GB1,Premier League,543,Wolverhampton Wanderers,38,2,,0,0,1,0,0,0,0,0,91.0,1,1
29712,19/20,GB1,Premier League,543,Wolverhampton Wanderers,38,0,0.0,0,0,0,0,0,0,0,0,,0,0
29712,18/19,GB1,Premier League,543,Wolverhampton Wanderers,37,1,,0,0,0,0,0,0,0,0,90.0,0,1
297212,25/26,GB1,Premier League,399,Leeds United,3,3,0.0,0,0,0,0,0,0,0,0,,0,0
297212,21/22,GB1,Premier League,148,Tottenham Hotspur,32,3,0.0,0,0,3,0,0,0,0,0,,0,0
297212,20/21,GB1,Premier League,148,Tottenham Hotspur,21,12,0.0,0,0,4,0,0,0,0,0,,0,0
297212,17/18,GB1,Premier League,2288,Swansea City,1,0,0.0,0,0,0,0,0,0,0,0,,0,0
298091,22/23,GB1,Premier League,1003,Leicester City,18,12,0.0,1,1,1,0,2,0,0,0,,0,0
298091,17/18,GB1,Premier League,512,Stoke City,5,0,0.0,0,0,0,0,0,0,0,0,,0,0
298240,17/18,GB1,Premier League,1003,Leicester City,3,0,0.0,0,0,0,0,0,0,0,0,,0,0
298477,23/24,GB1,Premier League,350,Sheffield United,24,21,6.0,3,0,6,7,3,2,0,2,214.0,0,0
298477,20/21,GB1,Premier League,350,Sheffield United,24,23,1.0,2,0,11,3,2,0,0,0,1319.0,0,0
298477,19/20,GB1,Premier League,350,Sheffield United,38,36,6.0,0,0,12,17,4,0,0,0,353.0,0,0
298477,17/18,GB1,Premier League,2288,Swansea City,13,11,0.0,1,0,9,2,0,0,0,0,,0,0
298477,16/17,GB1,Premier League,2288,Swansea City,11,5,0.0,0,0,5,0,0,0,0,0,,0,0
2998,16/17,GB1,Premier League,1003,Leicester City,33,33,2.0,2,2,0,3,9,0,0,0,1465.0,0,0
29975,19/20,GB1,Premier League,989,AFC Bournemouth,29,5,0.0,0,0,3,1,1,0,0,0,,0,0
29975,18/19,GB1,Premier League,989,AFC Bournemouth,30,18,0.0,0,0,2,1,2,0,0,0,,0,0
29975,17/18,GB1,Premier League,989,AFC Bournemouth,36,25,2.0,5,0,5,1,2,0,0,0,926.0,0,0
29975,16/17,GB1,Premier League,989,AFC Bournemouth,22,22,0.0,2,0,1,3,1,1,0,0,,0,0
300716,24/25,GB1,Premier League,11,Arsenal FC,26,13,1.0,0,0,11,2,0,0,0,0,252.0,0,0
300716,22/23,GB1,Premier League,11,Arsenal FC,38,27,0.0,1,0,21,3,0,0,0,0,,0,0
300716,21/22,GB1,Premier League,11,Arsenal FC,26,22,1.0,3,0,0,4,0,0,0,0,1919.0,0,0
300716,20/21,GB1,Premier League,11,Arsenal FC,27,27,1.0,4,0,1,3,4,0,0,0,2301.0,0,0
300716,19/20,GB1,Premier League,11,Arsenal FC,19,15,1.0,1,0,3,6,2,0,0,0,992.0,0,0
302215,22/23,GB1,Premier League,31,Liverpool FC,10,8,0.0,0,0,5,3,1,0,0,0,,0,0
302215,21/22,GB1,Premier League,31,Liverpool FC,29,23,3.0,1,0,9,10,3,0,0,0,392.0,0,0
302215,20/21,GB1,Premier League,31,Liverpool FC,18,10,0.0,0,0,3,5,1,0,0,0,,0,0
302215,19/20,GB1,Premier League,31,Liverpool FC,27,18,2.0,3,0,9,8,1,0,0,0,407.0,0,0
302215,18/19,GB1,Premier League,31,Liverpool FC,32,25,2.0,1,0,9,11,0,0,0,0,698.0,0,0
302371,17/18,GB1,Premier League,379,West Ham United,6,0,0.0,0,0,0,0,0,0,0,0,,0,0
303259,17/18,GB1,Premier League,1010,Watford FC,5,1,0.0,0,0,1,0,0,0,0,0,,0,0
303254,20/21,GB1,Premier League,631,Chelsea FC,5,1,0.0,0,0,1,0,0,0,0,0,,0,0
303254,19/20,GB1,Premier League,631,Chelsea FC,27,15,1.0,0,0,0,2,3,0,0,0,1293.0,0,0
303254,17/18,GB1,Premier League,631,Chelsea FC,3,0,0.0,0,0,0,0,0,0,0,0,,0,0
303657,23/24,GB1,Premier League,989,AFC Bournemouth,13,2,,0,0,0,0,0,0,0,0,180.0,7,0
30456,16/17,GB1,Premier League,984,West Bromwich Albion,14,4,0.0,0,0,1,3,3,0,0,0,,0,0
30456,16/17,GB1,Premier League,989,AFC Bournemouth,1,0,0.0,0,0,0,0,0,0,0,0,,0,0
305274,23/24,GB1,Premier League,1031,Luton Town,9,8,0.0,0,0,4,4,1,0,0,0,,0,0
306024,25/26,GB1,Premier League,399,Leeds United,1,1,0.0,0,0,1,0,0,0,0,0,,0,0
306024,24/25,GB1,Premier League,29,Everton FC,26,26,3.0,2,0,7,11,2,0,0,0,538.0,0,0
306024,23/24,GB1,Premier League,29,Everton FC,32,32,7.0,2,0,6,22,2,0,0,2,312.0,0,0
306024,22/23,GB1,Premier League,29,Everton FC,17,17,2.0,1,0,2,11,3,0,0,1,588.0,0,0
306024,21/22,GB1,Premier League,29,Everton FC,20,17,5.0,2,0,2,6,2,0,0,2,257.0,0,0
306024,20/21,GB1,Premier League,29,Everton FC,33,33,16.0,3,0,1,6,3,0,0,0,180.0,0,0
306024,19/20,GB1,Premier League,29,Everton FC,38,36,13.0,1,0,6,10,9,0,0,0,202.0,0,0
306024,18/19,GB1,Premier League,29,Everton FC,37,35,6.0,2,0,16,6,3,0,0,0,296.0,0,0
306024,17/18,GB1,Premier League,29,Everton FC,33,32,4.0,5,0,14,5,4,0,0,0,469.0,0,0
306024,16/17,GB1,Premier League,29,Everton FC,14,11,1.0,0,0,6,5,1,0,0,0,345.0,0,0
30690,19/20,GB1,Premier League,985,Manchester United,35,0,0.0,0,0,0,0,0,0,0,0,,0,0
30690,18/19,GB1,Premier League,985,Manchester United,29,0,0.0,0,0,0,0,0,0,0,0,,0,0
30690,17/18,GB1,Premier League,985,Manchester United,30,1,,0,0,0,0,0,0,0,0,90.0,0,1
30690,16/17,GB1,Premier League,985,Manchester United,37,2,,0,0,0,0,0,0,0,0,180.0,0,2
307781,16/17,GB1,Premier League,289,Sunderland AFC,19,11,0.0,0,0,7,3,3,0,0,0,,0,0
308801,19/20,GB1,Premier League,1010,Watford FC,1,0,0.0,0,0,0,0,0,0,0,0,,0,0
308801,18/19,GB1,Premier League,1010,Watford FC,2,0,0.0,0,0,0,0,0,0,0,0,,0,0
309400,25/26,GB1,Premier League,11,Arsenal FC,1,1,0.0,0,0,1,0,0,0,0,0,,0,0
309400,24/25,GB1,Premier League,11,Arsenal FC,24,23,9.0,3,0,2,3,5,0,0,0,208.0,0,0
309400,23/24,GB1,Premier League,11,Arsenal FC,37,37,13.0,8,0,7,12,11,0,0,1,203.0,0,0
309400,22/23,GB1,Premier League,631,Chelsea FC,36,35,7.0,1,0,5,15,5,0,0,1,368.0,0,0
309400,21/22,GB1,Premier League,631,Chelsea FC,35,29,8.0,4,0,7,11,3,0,0,0,226.0,0,0
309400,20/21,GB1,Premier League,631,Chelsea FC,31,27,4.0,6,0,9,10,2,0,0,0,380.0,0,0
312017,18/19,GB1,Premier League,1110,Huddersfield Town,9,4,0.0,0,0,4,0,0,0,0,0,,0,0
312017,17/18,GB1,Premier League,512,Stoke City,36,24,2.0,0,0,12,7,2,0,0,0,618.0,0,0
312017,16/17,GB1,Premier League,512,Stoke City,26,17,0.0,1,0,9,3,2,0,0,0,,0,0
312553,19/20,GB1,Premier League,762,Newcastle United,1,0,0.0,0,0,0,0,0,0,0,0,,0,0
314210,23/24,GB1,Premier League,350,Sheffield United,10,9,0.0,0,0,7,2,2,0,0,0,,0,0
314210,22/23,GB1,Premier League,29,Everton FC,34,19,0.0,0,0,15,3,3,0,0,0,,0,0
314210,21/22,GB1,Premier League,29,Everton FC,15,6,1.0,0,0,4,1,1,0,0,0,233.0,0,0
314210,20/21,GB1,Premier League,29,Everton FC,35,25,0.0,1,0,8,9,3,0,0,0,,0,0
314210,19/20,GB1,Premier League,29,Everton FC,36,30,1.0,0,0,7,7,8,0,0,0,2026.0,0,0
314210,18/19,GB1,Premier League,29,Everton FC,36,16,0.0,0,0,6,1,3,0,0,0,,0,0
314210,17/18,GB1,Premier League,29,Everton FC,35,33,2.0,1,0,13,12,7,0,0,0,951.0,0,0
314210,16/17,GB1,Premier League,29,Everton FC,26,24,2.0,3,0,6,6,4,0,0,0,772.0,0,0
314183,20/21,GB1,Premier League,984,West Bromwich Albion,31,21,1.0,0,0,7,13,1,0,0,0,1132.0,0,0
314183,18/19,GB1,Premier League,1110,Huddersfield Town,14,13,4.0,0,0,4,1,0,0,0,0,219.0,0,0
314140,16/17,GB1,Premier League,641,Middlesbrough FC,4,0,0.0,0,0,0,0,0,0,0,0,,0,0
314241,25/26,GB1,Premier League,1132,Burnley FC,3,3,0.0,0,0,2,1,1,0,0,0,,0,0
314268,19/20,GB1,Premier League,180,Southampton FC,1,0,0.0,0,0,0,0,0,0,0,0,,0,0
314266,17/18,GB1,Premier League,984,West Bromwich Albion,3,0,0.0,0,0,0,0,0,0,0,0,,0,0
314266,16/17,GB1,Premier League,984,West Bromwich Albion,26,9,0.0,1,0,9,1,0,0,0,0,,0,0
314288,25/26,GB1,Premier League,399,Leeds United,3,3,1.0,0,0,2,1,0,0,0,1,114.0,0,0
314288,17/18,GB1,Premier League,281,Manchester City,4,2,0.0,0,0,2,0,0,0,0,0,,0,0
314295,17/18,GB1,Premier League,379,West Ham United,1,1,0.0,0,0,1,0,0,0,0,0,,0,0
314295,16/17,GB1,Premier League,379,West Ham United,8,0,0.0,0,0,0,0,0,0,0,0,,0,0
314284,17/18,GB1,Premier League,1003,Leicester City,1,0,0.0,0,0,0,0,0,0,0,0,,0,0
314353,24/25,GB1,Premier League,31,Liverpool FC,34,33,3.0,7,0,5,16,5,0,0,0,792.0,0,0
314353,23/24,GB1,Premier League,31,Liverpool FC,28,28,3.0,5,0,3,11,6,0,0,0,721.0,0,0
314353,22/23,GB1,Premier League,31,Liverpool FC,38,37,2.0,10,0,3,11,5,0,0,0,1466.0,0,0
314353,21/22,GB1,Premier League,31,Liverpool FC,34,32,2.0,12,0,0,2,2,0,0,0,1427.0,0,0
314353,20/21,GB1,Premier League,31,Liverpool FC,36,36,2.0,7,0,2,4,2,0,0,0,1517.0,0,0
314353,19/20,GB1,Premier League,31,Liverpool FC,38,38,4.0,13,0,3,4,5,0,0,0,794.0,0,0
314353,18/19,GB1,Premier League,31,Liverpool FC,33,29,1.0,12,0,2,7,3,0,0,0,2467.0,0,0
314353,17/18,GB1,Premier League,31,Liverpool FC,35,19,1.0,1,0,1,4,3,0,0,0,1576.0,0,0
314353,16/17,GB1,Premier League,31,Liverpool FC,23,7,0.0,0,0,5,1,0,0,0,0,,0,0
314366,20/21,GB1,Premier League,984,West Bromwich Albion,11,5,0.0,0,0,4,1,0,0,0,0,,0,0
314367,25/26,GB1,Premier League,1132,Burnley FC,3,1,0.0,0,0,1,0,0,0,0,0,,0,0
314372,19/20,GB1,Premier League,1003,Leicester City,2,0,0.0,0,0,0,0,0,0,0,0,,0,0
3146,16/17,GB1,Premier League,512,Stoke City,32,5,,1,0,0,0,1,0,0,0,450.0,14,0
314678,17/18,GB1,Premier League,281,Manchester City,10,5,0.0,0,0,5,0,0,0,0,0,,0,0
314875,25/26,GB1,Premier League,379,West Ham United,3,3,1.0,0,0,0,0,0,0,0,0,270.0,0,0
314875,24/25,GB1,Premier League,379,West Ham United,34,34,13.0,10,0,0,7,0,0,0,1,229.0,0,0
314875,23/24,GB1,Premier League,379,West Ham United,34,34,16.0,6,0,0,3,2,0,0,0,189.0,0,0
314875,22/23,GB1,Premier League,379,West Ham United,38,38,6.0,6,0,2,6,2,0,0,1,540.0,0,0
314875,21/22,GB1,Premier League,379,West Ham United,36,36,12.0,12,0,2,12,6,0,0,0,249.0,0,0
314875,20/21,GB1,Premier League,379,West Ham United,38,38,8.0,5,0,8,24,0,0,0,0,322.0,0,0
314875,19/20,GB1,Premier League,379,West Ham United,13,13,1.0,4,0,2,7,0,0,0,0,921.0,0,0
314875,16/17,GB1,Premier League,3008,Hull City,18,7,0.0,0,0,6,1,0,0,0,0,,0,0
315131,20/21,GB1,Premier League,985,Manchester United,3,1,0.0,0,0,0,1,1,0,0,0,,0,0
315131,19/20,GB1,Premier League,985,Manchester United,3,3,0.0,0,0,1,1,1,0,0,0,,0,0
315131,18/19,GB1,Premier League,931,Fulham FC,16,12,0.0,0,1,2,4,3,0,0,0,,0,0
315131,17/18,GB1,Premier League,873,Crystal Palace,30,21,0.0,0,0,4,2,2,0,0,0,,0,0
315131,16/17,GB1,Premier League,985,Manchester United,10,4,0.0,0,0,3,0,0,0,0,0,,0,0
31514,18/19,GB1,Premier League,1237,Brighton & Hove Albion,1,0,0.0,0,0,0,0,0,0,0,0,,0,0
31514,17/18,GB1,Premier League,1237,Brighton & Hove Albion,22,14,0.0,0,0,1,0,0,0,0,0,,0,0
315185,16/17,GB1,Premier League,180,Southampton FC,1,0,0.0,0,0,0,0,0,0,0,0,,0,0
315762,18/19,GB1,Premier League,931,Fulham FC,1,0,0.0,0,0,0,0,0,0,0,0,,0,0
315779,22/23,GB1,Premier League,631,Chelsea FC,29,24,1.0,1,0,16,8,1,0,0,0,813.0,0,0
315779,21/22,GB1,Premier League,631,Chelsea FC,27,22,6.0,2,0,9,4,2,0,0,0,214.0,0,0
315779,20/21,GB1,Premier League,631,Chelsea FC,29,27,4.0,2,0,9,6,2,0,0,0,434.0,0,0
315779,19/20,GB1,Premier League,631,Chelsea FC,29,25,9.0,6,0,6,11,0,0,0,0,192.0,0,0
315867,22/23,GB1,Premier League,379,West Ham United,20,16,3.0,0,0,5,8,3,0,0,0,309.0,0,0
315969,24/25,GB1,Premier League,985,Manchester United,2,2,0.0,0,0,2,0,0,0,0,0,,0,0
315969,23/24,GB1,Premier League,985,Manchester United,34,32,7.0,1,0,14,3,2,0,0,0,270.0,0,0
315969,22/23,GB1,Premier League,985,Manchester United,26,24,1.0,0,0,14,3,8,0,0,0,1151.0,0,0
315969,21/22,GB1,Premier League,985,Manchester United,31,30,1.0,1,0,2,8,9,0,0,0,2391.0,0,0
315969,20/21,GB1,Premier League,985,Manchester United,36,32,4.0,1,0,8,4,3,0,0,0,532.0,0,0
315969,19/20,GB1,Premier League,985,Manchester United,29,27,4.0,1,0,7,8,2,0,0,0,443.0,0,0
315969,18/19,GB1,Premier League,985,Manchester United,23,16,2.0,0,0,7,1,1,0,0,0,431.0,0,0
315969,17/18,GB1,Premier League,985,Manchester United,23,13,0.0,0,0,6,1,2,0,0,0,,0,0
315969,16/17,GB1,Premier League,985,Manchester United,5,2,0.0,0,0,1,0,1,0,0,0,,0,0
3160,16/17,GB1,Premier League,631,Chelsea FC,22,9,1.0,0,0,3,1,1,0,0,0,492.0,0,0
316125,24/25,GB1,Premier League,873,Crystal Palace,12,8,1.0,0,0,7,0,1,0,0,0,254.0,0,0
316125,23/24,GB1,Premier League,631,Chelsea FC,14,13,0.0,1,0,4,6,5,0,0,0,,0,0
316125,22/23,GB1,Premier League,631,Chelsea FC,25,23,2.0,3,0,8,5,3,0,0,0,704.0,0,0
316125,21/22,GB1,Premier League,631,Chelsea FC,13,7,3.0,1,0,1,0,0,0,0,0,180.0,0,0
316125,20/21,GB1,Premier League,631,Chelsea FC,34,27,3.0,5,0,0,5,3,0,0,0,764.0,0,0
316125,19/20,GB1,Premier League,1003,Leicester City,28,27,3.0,3,0,0,2,3,0,0,0,792.0,0,0
316125,18/19,GB1,Premier League,1003,Leicester City,36,36,0.0,5,0,0,0,4,0,0,0,,0,0
316125,17/18,GB1,Premier League,1003,Leicester City,32,24,0.0,2,0,4,3,1,1,0,0,,0,0
316125,16/17,GB1,Premier League,1003,Leicester City,27,12,1.0,0,0,5,0,2,0,0,0,696.0,0,0
316264,25/26,GB1,Premier League,11,Arsenal FC,3,3,0.0,0,0,1,1,0,0,0,0,,0,0
316264,24/25,GB1,Premier League,11,Arsenal FC,30,30,3.0,8,0,4,12,4,0,0,1,777.0,0,0
316264,23/24,GB1,Premier League,11,Arsenal FC,36,35,8.0,11,0,0,13,2,0,0,2,388.0,0,0
316264,22/23,GB1,Premier League,11,Arsenal FC,37,37,15.0,7,0,0,23,4,0,0,0,210.0,0,0
316264,21/22,GB1,Premier League,11,Arsenal FC,36,36,7.0,4,0,4,12,4,0,0,0,399.0,0,0
316264,20/21,GB1,Premier League,11,Arsenal FC,16,14,1.0,2,0,5,5,0,0,0,0,866.0,0,0
31642,17/18,GB1,Premier League,512,Stoke City,28,20,0.0,0,0,3,3,2,0,0,0,,0,0
31642,16/17,GB1,Premier League,512,Stoke City,21,19,0.0,1,0,1,0,1,0,0,0,,0,0
31720,16/17,GB1,Premier League,289,Sunderland AFC,23,21,0.0,1,0,4,5,4,0,1,0,,0,0
318077,19/20,GB1,Premier League,11,Arsenal FC,33,29,1.0,1,0,12,9,7,0,0,0,1508.0,0,0
318077,18/19,GB1,Premier League,11,Arsenal FC,34,34,2.0,2,0,10,4,7,0,1,0,1190.0,0,0
31835,21/22,GB1,Premier League,379,West Ham United,33,11,1.0,0,0,8,2,0,0,0,1,327.0,0,0
31835,20/21,GB1,Premier League,379,West Ham United,32,21,0.0,0,0,13,6,1,0,0,0,,0,0
31835,19/20,GB1,Premier League,379,West Ham United,35,33,4.0,3,0,1,13,5,0,0,3,671.0,0,0
31835,18/19,GB1,Premier League,379,West Ham United,35,31,5.0,5,0,2,18,6,0,1,4,462.0,0,0
31835,17/18,GB1,Premier League,379,West Ham United,33,29,4.0,0,0,1,5,6,0,0,2,601.0,0,0
31835,16/17,GB1,Premier League,379,West Ham United,32,30,3.0,0,0,1,11,10,0,0,1,799.0,0,0
318508,25/26,GB1,Premier League,1237,Brighton & Hove Albion,3,0,0.0,0,0,0,0,0,0,0,0,,0,0
318523,22/23,GB1,Premier League,180,Southampton FC,31,29,2.0,2,1,7,10,4,0,0,0,919.0,0,0
318523,21/22,GB1,Premier League,180,Southampton FC,35,20,0.0,1,0,2,4,3,0,0,0,,0,0
318547,16/17,GB1,Premier League,29,Everton FC,6,0,0.0,0,0,0,0,0,0,0,0,,0,0
31886,16/17,GB1,Premier League,3008,Hull City,3,0,0.0,0,0,0,0,0,0,0,0,,0,0
3190,17/18,GB1,Premier League,180,Southampton FC,1,0,0.0,0,0,0,0,0,0,0,0,,0,0
3190,16/17,GB1,Premier League,180,Southampton FC,15,0,0.0,0,0,0,0,0,0,0,0,,0,0
319301,25/26,GB1,Premier League,399,Leeds United,3,3,0.0,0,0,0,3,0,0,0,0,,0,0
319301,22/23,GB1,Premier League,931,Fulham FC,28,20,2.0,1,0,15,4,0,0,0,0,304.0,0,0
319301,22/23,GB1,Premier League,399,Leeds United,4,4,0.0,0,0,2,3,0,0,0,0,,0,0
319301,21/22,GB1,Premier League,399,Leeds United,32,32,4.0,5,0,3,10,7,0,1,0,593.0,0,0
319301,21/22,GB1,Premier League,985,Manchester United,3,2,0.0,0,0,0,2,0,0,0,0,,0,0
319301,20/21,GB1,Premier League,985,Manchester United,27,15,3.0,1,0,4,7,3,0,0,0,304.0,0,0
319301,19/20,GB1,Premier League,985,Manchester United,37,33,3.0,6,0,7,11,4,0,0,0,764.0,0,0
319301,16/17,GB1,Premier League,2288,Swansea City,1,0,0.0,0,0,0,0,0,0,0,0,,0,0
319745,20/21,GB1,Premier League,11,Arsenal FC,35,25,0.0,4,0,8,6,4,0,0,0,,0,0
319745,19/20,GB1,Premier League,11,Arsenal FC,28,24,0.0,2,0,6,12,1,0,0,0,,0,0
319859,25/26,GB1,Premier League,1148,Brentford FC,3,2,0.0,0,0,1,1,0,0,0,0,,0,0
319859,24/25,GB1,Premier League,1148,Brentford FC,24,24,0.0,2,0,16,6,2,0,0,0,,0,0
319859,23/24,GB1,Premier League,1148,Brentford FC,32,32,3.0,4,0,5,22,5,0,0,0,740.0,0,0
319859,22/23,GB1,Premier League,1148,Brentford FC,37,37,5.0,6,0,0,27,5,0,0,0,566.0,0,0
319859,21/22,GB1,Premier League,1148,Brentford FC,35,31,0.0,1,0,12,11,0,0,0,0,,0,0
319900,23/24,GB1,Premier League,1031,Luton Town,27,27,10.0,0,0,11,11,1,0,0,0,142.0,0,0
320411,25/26,GB1,Premier League,989,AFC Bournemouth,1,0,0.0,0,0,0,0,0,0,0,0,,0,0
320411,24/25,GB1,Premier League,989,AFC Bournemouth,13,10,0.0,0,0,9,1,1,0,0,0,,0,0
320411,23/24,GB1,Premier League,989,AFC Bournemouth,33,29,2.0,2,0,16,7,3,0,1,0,697.0,0,0
320411,22/23,GB1,Premier League,989,AFC Bournemouth,36,36,7.0,1,0,2,23,5,0,0,0,398.0,0,0
320411,19/20,GB1,Premier League,989,AFC Bournemouth,35,34,1.0,1,0,5,10,8,0,0,0,2533.0,0,0
320411,18/19,GB1,Premier League,1110,Huddersfield Town,28,27,2.0,0,0,2,6,7,0,0,0,1096.0,0,0
320411,17/18,GB1,Premier League,1110,Huddersfield Town,20,16,0.0,0,0,8,4,3,0,0,0,,0,0
321247,25/26,GB1,Premier League,405,Aston Villa,3,2,0.0,0,0,2,1,0,0,0,0,,0,0
321247,24/25,GB1,Premier League,405,Aston Villa,23,12,0.0,0,0,12,0,1,0,0,0,,0,0
321247,22/23,GB1,Premier League,405,Aston Villa,38,38,5.0,2,0,11,19,0,0,0,0,484.0,0,0
321247,21/22,GB1,Premier League,405,Aston Villa,37,35,4.0,6,0,13,17,1,0,0,0,475.0,0,0
321247,19/20,GB1,Premier League,1123,Norwich City,36,36,1.0,7,0,8,8,6,0,1,0,2463.0,0,0
322089,19/20,GB1,Premier League,543,Wolverhampton Wanderers,6,0,0.0,0,0,0,0,0,0,0,0,,0,0
322702,23/24,GB1,Premier League,1132,Burnley FC,21,8,0.0,0,0,7,1,0,0,0,0,,0,0
322985,23/24,GB1,Premier League,350,Sheffield United,36,36,4.0,7,0,2,16,9,0,0,0,731.0,0,0
324223,24/25,GB1,Premier League,180,Southampton FC,32,17,0.0,1,0,4,6,0,0,0,0,,0,0
324223,22/23,GB1,Premier League,180,Southampton FC,6,5,0.0,0,0,1,2,1,0,0,0,,0,0
324351,19/20,GB1,Premier League,350,Sheffield United,3,0,0.0,0,0,0,0,0,0,0,0,,0,0
324358,25/26,GB1,Premier League,405,Aston Villa,3,3,0.0,0,0,0,0,0,0,0,0,,0,0
324358,24/25,GB1,Premier League,405,Aston Villa,38,38,16.0,8,0,7,20,2,0,0,2,163.0,0,0
324358,23/24,GB1,Premier League,405,Aston Villa,37,37,19.0,15,0,0,10,4,0,0,0,170.0,0,0
324358,22/23,GB1,Premier League,405,Aston Villa,37,37,15.0,6,0,1,10,4,0,0,1,209.0,0,0
324358,21/22,GB1,Premier League,405,Aston Villa,35,35,11.0,2,0,2,5,7,0,0,1,269.0,0,0
324358,20/21,GB1,Premier League,405,Aston Villa,37,37,14.0,5,0,0,0,2,1,0,1,238.0,0,0
324882,23/24,GB1,Premier League,1031,Luton Town,13,13,0.0,0,0,0,3,5,0,0,0,,0,0
324882,22/23,GB1,Premier League,405,Aston Villa,9,0,0.0,0,0,0,0,0,0,0,0,,0,0
324882,21/22,GB1,Premier League,405,Aston Villa,24,16,0.0,0,0,6,5,5,0,0,0,,0,0
324882,20/21,GB1,Premier League,405,Aston Villa,38,13,0.0,0,0,4,4,3,0,0,0,,0,0
324882,19/20,GB1,Premier League,405,Aston Villa,34,29,0.0,0,0,10,9,5,0,0,0,,0,0
325200,17/18,GB1,Premier League,873,Crystal Palace,4,0,0.0,0,0,0,0,0,0,0,0,,0,0
32522,16/17,GB1,Premier League,641,Middlesbrough FC,30,26,0.0,0,0,0,3,5,0,0,0,,0,0
325443,25/26,GB1,Premier League,11,Arsenal FC,4,4,3.0,0,0,0,2,1,0,0,1,103.0,0,0
325443,18/19,GB1,Premier League,1237,Brighton & Hove Albion,3,0,0.0,0,0,0,0,0,0,0,0,,0,0
326029,25/26,GB1,Premier League,405,Aston Villa,3,3,0.0,0,0,2,1,0,0,0,0,,0,0
326029,24/25,GB1,Premier League,405,Aston Villa,17,14,3.0,0,0,12,2,0,0,0,0,99.0,0,0
326031,25/26,GB1,Premier League,985,Manchester United,3,3,0.0,0,0,0,0,0,0,0,0,,0,0
326031,24/25,GB1,Premier League,985,Manchester United,30,29,2.0,0,0,4,9,4,0,0,0,1064.0,0,0
326300,16/17,GB1,Premier League,11,Arsenal FC,7,0,0.0,0,0,0,0,0,0,0,0,,0,0
327755,17/18,GB1,Premier League,873,Crystal Palace,1,0,0.0,0,0,0,0,0,0,0,0,,0,0
328658,25/26,GB1,Premier League,1148,Brentford FC,3,1,0.0,0,0,1,0,0,0,0,0,,0,0
328658,24/25,GB1,Premier League,1148,Brentford FC,26,24,0.0,0,0,7,12,5,0,0,0,,0,0
328658,23/24,GB1,Premier League,1148,Brentford FC,29,28,2.0,1,0,7,8,5,0,0,0,917.0,0,0
328658,22/23,GB1,Premier League,1148,Brentford FC,19,9,0.0,0,0,0,3,0,0,0,0,,0,0
328658,21/22,GB1,Premier League,1148,Brentford FC,27,24,1.0,2,0,1,7,5,0,0,0,1987.0,0,0
328784,22/23,GB1,Premier League,399,Leeds United,37,36,0.0,0,1,0,3,7,0,0,0,,0,0
328784,21/22,GB1,Premier League,399,Leeds United,21,20,0.0,0,0,3,2,3,0,0,0,,0,0
328784,20/21,GB1,Premier League,399,Leeds United,19,17,0.0,0,0,4,1,1,0,0,0,,0,0
3291,17/18,GB1,Premier League,984,West Bromwich Albion,25,25,1.0,1,0,3,6,4,0,0,0,1927.0,0,0
3291,16/17,GB1,Premier League,29,Everton FC,36,33,2.0,1,0,10,12,10,0,0,0,1057.0,0,0
329145,24/25,GB1,Premier League,405,Aston Villa,17,10,0.0,0,0,2,0,1,0,0,0,,0,0
329145,23/24,GB1,Premier League,405,Aston Villa,32,27,0.0,0,0,7,2,4,0,0,0,,0,0
329145,22/23,GB1,Premier League,405,Aston Villa,14,3,0.0,0,0,1,1,0,0,0,0,,0,0
329813,24/25,GB1,Premier League,29,Everton FC,38,0,0.0,0,0,0,0,0,0,0,0,,0,0
329813,23/24,GB1,Premier League,29,Everton FC,38,0,0.0,0,0,0,0,0,0,0,0,,0,0
329813,20/21,GB1,Premier League,29,Everton FC,17,1,,0,0,1,0,0,0,0,0,47.0,0,1
329813,19/20,GB1,Premier League,29,Everton FC,8,0,0.0,0,0,0,0,0,0,0,0,,0,0
330085,22/23,GB1,Premier League,703,Nottingham Forest,9,6,0.0,0,0,4,2,1,0,0,0,,0,0
33027,23/24,GB1,Premier League,1031,Luton Town,37,0,0.0,0,0,0,0,0,0,0,0,,0,0
33027,21/22,GB1,Premier League,1123,Norwich City,32,29,,1,0,0,0,1,0,0,0,2610.0,62,5
33027,19/20,GB1,Premier League,1123,Norwich City,36,36,,1,0,0,0,4,0,0,0,3240.0,68,5
33027,17/18,GB1,Premier League,1237,Brighton & Hove Albion,33,0,0.0,0,0,0,0,0,0,0,0,,0,0
3306,18/19,GB1,Premier League,1132,Burnley FC,1,0,0.0,0,0,0,0,0,0,0,0,,0,0
3306,17/18,GB1,Premier League,1132,Burnley FC,10,3,0.0,0,0,3,0,0,0,0,0,,0,0
3306,16/17,GB1,Premier League,512,Stoke City,26,23,4.0,2,0,10,2,1,0,0,1,324.0,0,0
330659,25/26,GB1,Premier League,989,AFC Bournemouth,2,2,0.0,0,0,2,0,0,0,0,0,,0,0
330659,24/25,GB1,Premier League,989,AFC Bournemouth,34,34,12.0,6,0,5,24,8,0,0,6,196.0,0,0
330659,23/24,GB1,Premier League,989,AFC Bournemouth,38,32,7.0,1,0,6,26,5,0,0,0,276.0,0,0
331560,24/25,GB1,Premier League,11,Arsenal FC,1,1,0.0,0,0,1,0,0,0,0,0,,0,0
331560,23/24,GB1,Premier League,11,Arsenal FC,23,22,2.0,1,0,12,2,0,1,0,0,572.0,0,0
331560,22/23,GB1,Premier League,11,Arsenal FC,23,21,0.0,1,0,15,3,2,0,0,0,,0,0
331560,21/22,GB1,Premier League,11,Arsenal FC,22,21,0.0,1,0,1,4,2,0,0,0,,0,0
331726,21/22,GB1,Premier League,631,Chelsea FC,1,0,0.0,0,0,0,0,0,0,0,0,,0,0
331726,20/21,GB1,Premier League,631,Chelsea FC,30,22,6.0,2,0,10,5,0,0,0,0,172.0,0,0
331726,19/20,GB1,Premier League,631,Chelsea FC,34,34,15.0,4,1,9,16,2,0,0,0,148.0,0,0
331726,17/18,GB1,Premier League,2288,Swansea City,33,31,5.0,1,0,16,6,0,0,0,0,344.0,0,0
332341,21/22,GB1,Premier League,1123,Norwich City,12,8,0.0,0,0,3,3,2,0,0,0,,0,0
332341,19/20,GB1,Premier League,1123,Norwich City,37,37,6.0,2,0,7,21,6,0,0,0,417.0,0,0
332342,18/19,GB1,Premier League,180,Southampton FC,10,3,0.0,0,0,2,0,0,0,0,0,,0,0
332705,25/26,GB1,Premier League,989,AFC Bournemouth,3,3,0.0,0,0,0,2,2,0,0,0,,0,0
332705,24/25,GB1,Premier League,989,AFC Bournemouth,29,28,0.0,3,0,7,6,7,0,0,0,,0,0
332705,23/24,GB1,Premier League,989,AFC Bournemouth,5,3,0.0,0,0,2,0,0,0,0,0,,0,0
332705,22/23,GB1,Premier League,399,Leeds United,24,24,0.0,0,0,0,0,4,1,0,0,,0,0
332697,22/23,GB1,Premier League,399,Leeds United,19,19,0.0,1,0,3,7,7,0,0,0,,0,0
333014,25/26,GB1,Premier League,931,Fulham FC,3,3,0.0,0,0,0,1,0,0,0,0,,0,0
333014,24/25,GB1,Premier League,931,Fulham FC,31,31,0.0,0,0,5,10,6,0,0,0,,0,0
333014,23/24,GB1,Premier League,1132,Burnley FC,37,37,1.0,2,0,3,5,8,1,0,0,3006.0,0,0
333014,20/21,GB1,Premier League,350,Sheffield United,15,15,1.0,1,0,2,2,4,0,0,1,1121.0,0,0
333014,19/20,GB1,Premier League,350,Sheffield United,14,14,1.0,1,0,2,7,0,0,0,0,949.0,0,0
3332,17/18,GB1,Premier League,29,Everton FC,34,31,10.0,2,0,4,20,5,0,0,3,229.0,0,0
3332,16/17,GB1,Premier League,985,Manchester United,28,25,5.0,5,0,10,9,8,0,0,1,308.0,0,0
333241,25/26,GB1,Premier League,762,Newcastle United,2,2,0.0,0,0,0,2,1,0,0,0,,0,0
333241,24/25,GB1,Premier League,762,Newcastle United,29,29,4.0,3,0,0,11,10,0,0,0,601.0,0,0
333241,23/24,GB1,Premier League,762,Newcastle United,20,20,2.0,1,0,5,8,6,0,0,0,641.0,0,0
333241,22/23,GB1,Premier League,762,Newcastle United,33,32,6.0,4,0,2,5,12,0,0,0,444.0,0,0
333241,21/22,GB1,Premier League,762,Newcastle United,36,35,4.0,2,0,5,6,8,0,0,0,640.0,0,0
333241,20/21,GB1,Premier League,762,Newcastle United,37,31,4.0,2,0,8,13,3,0,0,1,497.0,0,0
333241,19/20,GB1,Premier League,762,Newcastle United,38,38,2.0,2,0,6,21,6,0,0,0,1349.0,0,0
3333,25/26,GB1,Premier League,1237,Brighton & Hove Albion,3,2,1.0,0,0,2,0,0,0,0,1,32.0,0,0
3333,24/25,GB1,Premier League,1237,Brighton & Hove Albion,4,4,0.0,0,0,1,3,1,0,0,0,,0,0
3333,23/24,GB1,Premier League,1237,Brighton & Hove Albion,17,15,0.0,2,0,4,10,3,0,0,0,,0,0
3333,22/23,GB1,Premier League,31,Liverpool FC,34,31,0.0,1,0,24,4,2,0,0,0,,0,0
3333,21/22,GB1,Premier League,31,Liverpool FC,32,24,0.0,1,0,15,5,2,0,0,0,,0,0
3333,20/21,GB1,Premier League,31,Liverpool FC,30,26,0.0,1,0,15,5,3,0,0,0,,0,0
3333,19/20,GB1,Premier League,31,Liverpool FC,27,22,2.0,2,0,13,2,4,0,0,2,463.0,0,0
3333,18/19,GB1,Premier League,31,Liverpool FC,33,31,5.0,5,0,12,7,5,1,0,3,357.0,0,0
3333,17/18,GB1,Premier League,31,Liverpool FC,37,32,0.0,3,0,16,3,3,0,0,0,,0,0
3333,16/17,GB1,Premier League,31,Liverpool FC,36,36,7.0,3,0,0,6,5,0,0,7,451.0,0,0
334526,22/23,GB1,Premier League,631,Chelsea FC,16,7,0.0,0,0,2,4,0,0,0,0,,0,0
33507,16/17,GB1,Premier League,1132,Burnley FC,3,2,0.0,0,0,2,0,0,0,0,0,,0,0
335245,18/19,GB1,Premier League,1010,Watford FC,7,2,0.0,0,0,1,1,0,0,0,0,,0,0
33544,18/19,GB1,Premier League,985,Manchester United,9,6,0.0,0,0,1,1,2,0,0,0,,0,0
33544,17/18,GB1,Premier League,985,Manchester United,32,31,3.0,1,0,0,3,7,0,0,0,914.0,0,0
33544,16/17,GB1,Premier League,985,Manchester United,28,28,1.0,3,0,1,1,5,0,0,0,2483.0,0,0
335721,25/26,GB1,Premier League,11,Arsenal FC,1,1,0.0,0,0,0,1,0,0,0,0,,0,0
335721,24/25,GB1,Premier League,11,Arsenal FC,20,17,0.0,2,0,4,3,2,0,0,0,,0,0
335721,23/24,GB1,Premier League,11,Arsenal FC,37,37,4.0,4,0,2,8,8,0,0,0,749.0,0,0
335721,22/23,GB1,Premier League,11,Arsenal FC,38,38,2.0,5,0,2,15,5,0,0,0,1534.0,0,0
335721,21/22,GB1,Premier League,11,Arsenal FC,34,32,0.0,0,1,0,0,3,0,0,0,,0,0
335721,20/21,GB1,Premier League,1237,Brighton & Hove Albion,37,36,0.0,0,0,0,4,3,1,0,0,,0,0
335721,18/19,GB1,Premier League,1237,Brighton & Hove Albion,1,0,0.0,0,0,0,0,0,0,0,0,,0,0
336077,25/26,GB1,Premier League,985,Manchester United,3,3,,0,0,0,0,0,0,0,0,270.0,4,0
336077,24/25,GB1,Premier League,985,Manchester United,31,4,,0,0,0,0,0,0,0,0,360.0,10,1
336077,23/24,GB1,Premier League,985,Manchester United,33,0,0.0,0,0,0,0,0,0,0,0,,0,0
336367,24/25,GB1,Premier League,180,Southampton FC,8,3,,0,0,0,0,0,0,0,0,270.0,7,0
33639,17/18,GB1,Premier League,29,Everton FC,8,5,0.0,0,0,3,2,1,0,0,0,,0,0
33639,16/17,GB1,Premier League,29,Everton FC,36,35,4.0,6,0,12,18,2,0,0,0,520.0,0,0
336869,22/23,GB1,Premier League,399,Leeds United,35,32,1.0,2,0,3,17,7,0,0,0,2330.0,0,0
33713,22/23,GB1,Premier League,180,Southampton FC,29,20,2.0,2,1,7,11,1,0,0,0,567.0,0,0
33713,21/22,GB1,Premier League,180,Southampton FC,23,9,0.0,0,0,4,5,0,0,0,0,,0,0
33713,20/21,GB1,Premier League,180,Southampton FC,24,21,3.0,3,0,1,12,0,0,0,0,543.0,0,0
33713,20/21,GB1,Premier League,29,Everton FC,2,1,0.0,0,0,1,0,0,0,0,0,,0,0
33713,19/20,GB1,Premier League,29,Everton FC,28,25,2.0,3,0,8,16,1,0,0,0,649.0,0,0
33713,18/19,GB1,Premier League,29,Everton FC,38,37,5.0,2,0,13,16,1,0,0,0,425.0,0,0
33713,17/18,GB1,Premier League,29,Everton FC,14,14,3.0,3,0,1,2,2,0,0,0,384.0,0,0
33713,17/18,GB1,Premier League,11,Arsenal FC,16,6,0.0,0,0,6,0,0,0,0,0,,0,0
33713,16/17,GB1,Premier League,11,Arsenal FC,32,28,10.0,2,0,5,13,1,0,0,0,192.0,0,0
337333,21/22,GB1,Premier League,379,West Ham United,32,1,0.0,0,0,1,0,0,0,0,0,,0,0
337321,19/20,GB1,Premier League,379,West Ham United,2,2,0.0,0,0,2,0,0,0,0,0,,0,0
337321,18/19,GB1,Premier League,379,West Ham United,1,0,0.0,0,0,0,0,0,0,0,0,,0,0
337321,16/17,GB1,Premier League,379,West Ham United,1,0,0.0,0,0,0,0,0,0,0,0,,0,0
33754,22/23,GB1,Premier League,1003,Leicester City,3,0,0.0,0,0,0,0,0,0,0,0,,0,0
33754,18/19,GB1,Premier League,603,Cardiff City,26,0,0.0,0,0,0,0,0,0,0,0,,0,0
337800,20/21,GB1,Premier League,148,Tottenham Hotspur,3,0,0.0,0,0,0,0,0,0,0,0,,0,0
337800,19/20,GB1,Premier League,148,Tottenham Hotspur,15,7,0.0,0,0,7,0,0,0,0,0,,0,0
337787,22/23,GB1,Premier League,543,Wolverhampton Wanderers,11,1,0.0,0,0,1,0,0,0,0,0,,0,0
33781,16/17,GB1,Premier League,289,Sunderland AFC,28,9,,0,0,0,0,0,0,0,0,810.0,19,2
338070,24/25,GB1,Premier League,31,Liverpool FC,34,18,0.0,1,0,9,5,2,0,0,0,,0,0
338070,23/24,GB1,Premier League,31,Liverpool FC,30,13,0.0,3,0,5,2,0,0,0,0,,0,0
338070,22/23,GB1,Premier League,31,Liverpool FC,37,20,0.0,4,0,11,7,3,0,0,0,,0,0
338070,21/22,GB1,Premier League,31,Liverpool FC,36,13,0.0,2,0,4,1,3,0,0,0,,0,0
338070,20/21,GB1,Premier League,31,Liverpool FC,22,2,0.0,0,0,2,0,0,0,0,0,,0,0
33829,17/18,GB1,Premier League,379,West Ham United,13,8,0.0,1,0,0,2,0,0,0,0,,0,0
33829,16/17,GB1,Premier League,379,West Ham United,16,16,0.0,0,0,0,1,2,0,0,0,,0,0
33829,16/17,GB1,Premier League,180,Southampton FC,20,17,0.0,0,0,0,0,2,0,0,0,,0,0
338424,25/26,GB1,Premier League,11,Arsenal FC,4,3,0.0,0,0,1,1,0,0,0,0,,0,0
338424,24/25,GB1,Premier League,11,Arsenal FC,28,28,7.0,2,0,11,5,2,1,0,0,226.0,0,0
338424,17/18,GB1,Premier League,762,Newcastle United,31,24,1.0,1,0,10,6,4,0,0,0,1343.0,0,0
338629,25/26,GB1,Premier League,399,Leeds United,3,0,0.0,0,0,0,0,0,0,0,0,,0,0
338635,23/24,GB1,Premier League,1132,Burnley FC,22,12,0.0,0,0,7,1,2,0,0,0,,0,0
33866,18/19,GB1,Premier League,1132,Burnley FC,9,6,0.0,0,0,0,4,0,0,0,0,,0,0
33866,17/18,GB1,Premier League,1132,Burnley FC,24,24,1.0,1,0,0,12,6,0,0,0,2009.0,0,0
33866,16/17,GB1,Premier League,1132,Burnley FC,29,21,1.0,3,0,5,16,1,0,0,0,1078.0,0,0
338673,16/17,GB1,Premier League,512,Stoke City,2,0,0.0,0,0,0,0,0,0,0,0,,0,0
33873,24/25,GB1,Premier League,29,Everton FC,18,0,0.0,0,0,0,0,0,0,0,0,,0,0
33873,22/23,GB1,Premier League,29,Everton FC,38,1,,0,0,0,0,0,0,0,0,90.0,0,1
33873,21/22,GB1,Premier League,29,Everton FC,38,3,,0,0,0,0,0,0,0,0,270.0,8,1
33873,18/19,GB1,Premier League,989,AFC Bournemouth,36,24,,0,0,0,0,0,0,0,0,2160.0,47,5
33873,17/18,GB1,Premier League,989,AFC Bournemouth,38,38,,0,0,0,0,2,0,0,0,3420.0,61,6
33873,16/17,GB1,Premier League,631,Chelsea FC,38,2,,0,0,0,0,0,0,0,0,180.0,5,0
339314,22/23,GB1,Premier League,1237,Brighton & Hove Albion,36,22,5.0,0,1,16,6,2,0,0,0,124.0,0,0
339340,24/25,GB1,Premier League,985,Manchester United,11,3,0.0,0,0,1,2,1,0,0,0,,0,0
339340,22/23,GB1,Premier League,985,Manchester United,37,22,0.0,0,0,8,4,6,0,0,0,,0,0
339556,25/26,GB1,Premier League,1148,Brentford FC,3,3,0.0,0,0,2,1,1,0,0,0,,0,0
339556,24/25,GB1,Premier League,1148,Brentford FC,10,5,0.0,0,0,5,0,0,0,0,0,,0,0
339556,23/24,GB1,Premier League,1148,Brentford FC,5,5,0.0,1,0,0,1,1,0,0,0,,0,0
339556,22/23,GB1,Premier League,1148,Brentford FC,37,37,0.0,3,0,0,8,4,0,0,0,,0,0
339556,21/22,GB1,Premier League,1148,Brentford FC,34,34,3.0,0,0,1,9,2,0,0,0,928.0,0,0
33963,16/17,GB1,Premier League,641,Middlesbrough FC,9,4,0.0,0,0,4,0,0,0,0,0,,0,0
340322,21/22,GB1,Premier League,180,Southampton FC,28,14,0.0,1,0,4,9,2,0,0,0,,0,0
340322,20/21,GB1,Premier League,180,Southampton FC,28,18,1.0,1,0,11,7,2,0,0,0,742.0,0,0
340322,19/20,GB1,Premier League,180,Southampton FC,3,1,0.0,0,0,1,0,0,0,0,0,,0,0
340321,23/24,GB1,Premier League,1148,Brentford FC,4,3,0.0,0,0,3,1,0,0,0,0,,0,0
340321,22/23,GB1,Premier League,1148,Brentford FC,38,36,4.0,2,0,22,14,1,0,0,0,346.0,0,0
340321,21/22,GB1,Premier League,1148,Brentford FC,10,9,0.0,0,0,7,1,0,0,1,0,,0,0
340324,24/25,GB1,Premier League,873,Crystal Palace,31,29,3.0,2,0,20,7,3,1,0,0,342.0,0,0
340324,24/25,GB1,Premier League,11,Arsenal FC,2,0,0.0,0,0,0,0,0,0,0,0,,0,0
340324,23/24,GB1,Premier League,11,Arsenal FC,38,27,5.0,4,0,17,7,3,0,0,0,214.0,0,0
340324,22/23,GB1,Premier League,11,Arsenal FC,33,30,4.0,2,0,21,1,3,0,0,0,268.0,0,0
340324,21/22,GB1,Premier League,11,Arsenal FC,26,21,5.0,1,0,13,4,3,0,0,0,165.0,0,0
340324,20/21,GB1,Premier League,11,Arsenal FC,28,17,2.0,1,0,13,4,0,0,0,0,207.0,0,0
340324,19/20,GB1,Premier League,11,Arsenal FC,14,13,2.0,0,0,6,5,0,0,1,0,317.0,0,0
340324,18/19,GB1,Premier League,11,Arsenal FC,19,5,1.0,0,0,5,0,0,0,0,0,63.0,0,0
340324,17/18,GB1,Premier League,11,Arsenal FC,11,3,0.0,0,0,3,0,0,0,0,0,,0,0
340325,24/25,GB1,Premier League,931,Fulham FC,11,11,1.0,1,0,6,5,1,0,0,0,486.0,0,0
340325,24/25,GB1,Premier League,11,Arsenal FC,2,1,0.0,0,0,1,0,0,0,0,0,,0,0
340325,23/24,GB1,Premier League,11,Arsenal FC,30,15,0.0,0,0,14,1,1,0,0,0,,0,0
340325,22/23,GB1,Premier League,11,Arsenal FC,22,11,3.0,2,0,11,0,0,0,0,0,67.0,0,0
340325,21/22,GB1,Premier League,11,Arsenal FC,2,1,0.0,0,0,1,0,0,0,0,0,,0,0
340325,20/21,GB1,Premier League,11,Arsenal FC,6,2,0.0,0,0,2,0,0,0,0,0,,0,0
340325,19/20,GB1,Premier League,11,Arsenal FC,27,17,1.0,0,0,10,6,1,0,0,0,627.0,0,0
340325,17/18,GB1,Premier League,11,Arsenal FC,7,3,0.0,0,0,1,2,0,0,0,0,,0,0
340328,24/25,GB1,Premier League,1003,Leicester City,33,30,4.0,1,0,14,13,2,0,0,0,404.0,0,0
340329,25/26,GB1,Premier League,762,Newcastle United,2,0,0.0,0,0,0,0,0,0,0,0,,0,0
340329,24/25,GB1,Premier League,762,Newcastle United,33,32,0.0,2,0,21,11,4,0,0,0,,0,0
340329,23/24,GB1,Premier League,762,Newcastle United,9,9,1.0,0,0,4,5,0,0,0,0,419.0,0,0
340329,22/23,GB1,Premier League,762,Newcastle United,35,35,3.0,6,0,4,23,1,0,0,0,859.0,0,0
340329,21/22,GB1,Premier League,762,Newcastle United,31,29,2.0,0,0,5,15,0,0,0,0,1023.0,0,0
340329,20/21,GB1,Premier League,762,Newcastle United,15,14,8.0,0,0,3,4,0,0,0,0,122.0,0,0
340329,20/21,GB1,Premier League,11,Arsenal FC,17,7,0.0,0,0,5,1,1,0,0,0,,0,0
340329,19/20,GB1,Premier League,11,Arsenal FC,35,29,1.0,1,0,21,7,2,0,0,0,842.0,0,0
340329,18/19,GB1,Premier League,11,Arsenal FC,6,2,0.0,0,0,1,1,0,0,0,0,,0,0
340329,17/18,GB1,Premier League,11,Arsenal FC,5,2,0.0,0,0,1,1,0,0,0,0,,0,0
340394,18/19,GB1,Premier League,1110,Huddersfield Town,2,2,0.0,0,0,1,2,0,0,0,0,,0,0
340394,17/18,GB1,Premier League,1110,Huddersfield Town,13,5,0.0,1,0,3,2,1,0,0,0,,0,0
340456,25/26,GB1,Premier League,985,Manchester United,1,1,0.0,0,0,1,0,0,0,0,0,,0,0
340456,24/25,GB1,Premier League,985,Manchester United,37,37,0.0,2,0,3,14,3,0,0,0,,0,0
340460,18/19,GB1,Premier League,281,Manchester City,1,0,0.0,0,0,0,0,0,0,0,0,,0,0
340918,25/26,GB1,Premier League,1148,Brentford FC,3,3,,0,0,0,0,1,0,0,0,270.0,5,1
340918,24/25,GB1,Premier League,31,Liverpool FC,37,10,,0,0,0,0,0,0,0,0,900.0,12,4
340918,23/24,GB1,Premier League,31,Liverpool FC,37,10,,0,0,0,0,0,0,0,0,900.0,11,2
340918,22/23,GB1,Premier League,31,Liverpool FC,29,1,,0,0,0,0,0,0,0,0,90.0,4,0
340918,21/22,GB1,Premier League,31,Liverpool FC,36,2,,0,0,0,0,0,0,0,0,180.0,2,1
340918,20/21,GB1,Premier League,31,Liverpool FC,15,2,,0,0,0,0,0,0,0,0,180.0,1,1
340918,19/20,GB1,Premier League,31,Liverpool FC,7,0,0.0,0,0,0,0,0,0,0,0,,0,0
340950,24/25,GB1,Premier League,31,Liverpool FC,29,26,6.0,4,0,12,12,2,0,0,0,199.0,0,0
340950,23/24,GB1,Premier League,31,Liverpool FC,22,21,10.0,4,0,7,11,1,1,0,0,115.0,0,0
340950,22/23,GB1,Premier League,31,Liverpool FC,22,22,7.0,4,0,10,10,2,0,0,0,162.0,0,0
340950,21/22,GB1,Premier League,31,Liverpool FC,36,35,15.0,6,0,8,17,3,0,0,0,158.0,0,0
340950,20/21,GB1,Premier League,31,Liverpool FC,19,19,9.0,0,0,7,7,2,0,0,0,124.0,0,0
340950,20/21,GB1,Premier League,543,Wolverhampton Wanderers,1,0,0.0,0,0,0,0,0,0,0,0,,0,0
340950,19/20,GB1,Premier League,543,Wolverhampton Wanderers,34,34,7.0,1,0,7,21,4,0,0,0,328.0,0,0
340950,18/19,GB1,Premier League,543,Wolverhampton Wanderers,33,33,9.0,5,0,4,20,11,0,0,0,263.0,0,0
340990,18/19,GB1,Premier League,180,Southampton FC,2,0,0.0,0,0,0,0,0,0,0,0,,0,0
341043,21/22,GB1,Premier League,180,Southampton FC,4,0,0.0,0,0,0,0,0,0,0,0,,0,0
341043,20/21,GB1,Premier League,180,Southampton FC,2,0,0.0,0,0,0,0,0,0,0,0,,0,0
341043,19/20,GB1,Premier League,180,Southampton FC,1,0,0.0,0,0,0,0,0,0,0,0,,0,0
341043,16/17,GB1,Premier League,180,Southampton FC,1,0,0.0,0,0,0,0,0,0,0,0,,0,0
341051,25/26,GB1,Premier League,379,West Ham United,3,2,0.0,0,0,1,0,0,0,0,0,,0,0
341051,24/25,GB1,Premier League,180,Southampton FC,35,33,0.0,2,0,0,4,5,0,0,0,,0,0
341051,22/23,GB1,Premier League,180,Southampton FC,32,31,1.0,0,0,1,4,4,0,0,0,2653.0,0,0
341051,21/22,GB1,Premier League,180,Southampton FC,37,32,1.0,2,0,3,2,5,0,0,0,2632.0,0,0
341051,20/21,GB1,Premier League,180,Southampton FC,31,30,0.0,3,0,0,4,4,0,0,0,,0,0
341051,19/20,GB1,Premier League,180,Southampton FC,12,10,0.0,0,0,3,1,1,0,0,0,,0,0
341051,19/20,GB1,Premier League,148,Tottenham Hotspur,5,3,0.0,0,0,0,1,0,0,0,0,,0,0
341051,18/19,GB1,Premier League,148,Tottenham Hotspur,23,6,0.0,3,0,2,0,1,0,0,0,,0,0
341051,17/18,GB1,Premier League,148,Tottenham Hotspur,14,3,0.0,2,0,1,0,0,0,0,0,,0,0
341049,17/18,GB1,Premier League,148,Tottenham Hotspur,1,0,0.0,0,0,0,0,0,0,0,0,,0,0
341049,16/17,GB1,Premier League,148,Tottenham Hotspur,16,0,0.0,0,0,0,0,0,0,0,0,,0,0
341092,25/26,GB1,Premier League,31,Liverpool FC,3,3,1.0,0,0,3,0,0,0,0,0,29.0,0,0
341092,24/25,GB1,Premier League,31,Liverpool FC,19,6,0.0,0,0,5,1,0,0,0,0,,0,0
34130,25/26,GB1,Premier League,985,Manchester United,1,0,0.0,0,0,0,0,0,0,0,0,,0,0
34130,24/25,GB1,Premier League,985,Manchester United,8,0,0.0,0,0,0,0,0,0,0,0,,0,0
34130,23/24,GB1,Premier League,985,Manchester United,4,0,0.0,0,0,0,0,0,0,0,0,,0,0
34130,22/23,GB1,Premier League,985,Manchester United,23,0,0.0,0,0,0,0,0,0,0,0,,0,0
34130,21/22,GB1,Premier League,985,Manchester United,14,0,0.0,0,0,0,0,0,0,0,0,,0,0
34130,20/21,GB1,Premier League,405,Aston Villa,23,0,0.0,0,0,0,0,0,0,0,0,,0,0
34130,19/20,GB1,Premier League,405,Aston Villa,20,20,,1,0,0,1,0,0,0,0,1795.0,35,4
34130,18/19,GB1,Premier League,1132,Burnley FC,38,19,,0,0,0,0,3,0,0,0,1710.0,27,4
34130,17/18,GB1,Premier League,1132,Burnley FC,11,4,,0,0,0,1,0,0,0,0,306.0,4,1
34130,16/17,GB1,Premier League,1132,Burnley FC,35,35,,0,0,0,0,1,0,0,0,3150.0,48,10
341317,20/21,GB1,Premier League,350,Sheffield United,33,25,1.0,1,0,11,14,2,0,0,0,1273.0,0,0
341317,17/18,GB1,Premier League,984,West Bromwich Albion,25,15,0.0,2,0,13,2,0,0,0,0,,0,0
341429,23/24,GB1,Premier League,148,Tottenham Hotspur,4,1,0.0,0,0,1,0,1,0,0,0,,0,0
341429,22/23,GB1,Premier League,148,Tottenham Hotspur,38,18,0.0,0,0,10,4,1,0,0,0,,0,0
341429,21/22,GB1,Premier League,148,Tottenham Hotspur,37,23,2.0,0,0,6,0,4,0,0,0,813.0,0,0
341429,20/21,GB1,Premier League,148,Tottenham Hotspur,28,18,0.0,0,1,1,1,1,0,0,0,,0,0
341429,19/20,GB1,Premier League,148,Tottenham Hotspur,35,29,0.0,0,0,2,1,6,0,0,0,,0,0
341429,18/19,GB1,Premier League,148,Tottenham Hotspur,30,23,1.0,1,0,1,2,2,0,0,0,1943.0,0,0
341429,17/18,GB1,Premier League,148,Tottenham Hotspur,32,31,0.0,0,1,2,2,1,0,1,0,,0,0
341501,24/25,GB1,Premier League,1003,Leicester City,15,4,0.0,0,0,3,1,0,0,0,0,,0,0
341501,21/22,GB1,Premier League,1003,Leicester City,31,6,0.0,0,0,2,3,1,0,0,0,,0,0
341501,20/21,GB1,Premier League,1003,Leicester City,31,10,0.0,0,0,6,3,1,0,0,0,,0,0
341501,19/20,GB1,Premier League,1003,Leicester City,29,20,1.0,1,0,10,5,2,1,0,0,889.0,0,0
341501,18/19,GB1,Premier League,1003,Leicester City,13,9,0.0,0,0,2,3,0,0,0,0,,0,0
341501,17/18,GB1,Premier League,1003,Leicester City,8,8,0.0,1,0,4,2,1,0,0,0,,0,0
341647,20/21,GB1,Premier League,1003,Leicester City,26,9,0.0,2,0,8,1,0,0,0,0,,0,0
341993,16/17,GB1,Premier League,1003,Leicester City,1,0,0.0,0,0,0,0,0,0,0,0,,0,0
342046,24/25,GB1,Premier League,677,Ipswich Town,22,22,0.0,1,1,2,7,3,1,0,0,,0,0
342046,21/22,GB1,Premier League,405,Aston Villa,17,9,0.0,0,0,3,1,1,0,0,0,,0,0
342046,20/21,GB1,Premier League,985,Manchester United,30,9,0.0,0,1,5,1,2,0,0,0,,0,0
342046,19/20,GB1,Premier League,985,Manchester United,14,5,0.0,0,0,3,0,0,0,0,0,,0,0
342046,17/18,GB1,Premier League,985,Manchester United,4,1,0.0,0,0,1,0,0,0,0,0,,0,0
342046,16/17,GB1,Premier League,985,Manchester United,9,4,0.0,0,0,0,2,0,0,0,0,,0,0
342048,20/21,GB1,Premier League,984,West Bromwich Albion,29,20,1.0,0,0,5,9,0,0,0,0,1237.0,0,0
342048,18/19,GB1,Premier League,379,West Ham United,23,17,0.0,1,0,11,6,0,0,0,0,,0,0
342048,17/18,GB1,Premier League,379,West Ham United,2,0,0.0,0,0,0,0,0,0,0,0,,0,0
342385,25/26,GB1,Premier League,379,West Ham United,3,1,0.0,0,0,0,1,0,0,0,0,,0,0
342385,24/25,GB1,Premier League,379,West Ham United,36,23,0.0,1,0,7,13,6,0,0,0,,0,0
343052,22/23,GB1,Premier League,11,Arsenal FC,2,0,0.0,0,0,0,0,0,0,0,0,,0,0
343052,21/22,GB1,Premier League,11,Arsenal FC,35,20,1.0,2,0,15,0,0,0,0,0,681.0,0,0
343052,20/21,GB1,Premier League,11,Arsenal FC,35,29,10.0,1,0,13,7,1,0,1,1,161.0,0,0
343052,19/20,GB1,Premier League,11,Arsenal FC,37,31,5.0,6,0,9,11,4,0,0,1,403.0,0,0
34322,19/20,GB1,Premier League,11,Arsenal FC,32,19,2.0,0,0,0,1,6,0,0,0,849.0,0,0
34322,18/19,GB1,Premier League,11,Arsenal FC,28,25,1.0,2,0,0,1,12,0,0,0,2199.0,0,0
34349,19/20,GB1,Premier League,350,Sheffield United,1,0,0.0,0,0,0,0,0,0,0,0,,0,0
343475,24/25,GB1,Premier League,677,Ipswich Town,11,3,0.0,0,0,1,2,1,0,0,0,,0,0
343475,23/24,GB1,Premier League,29,Everton FC,38,15,0.0,0,0,2,3,2,0,0,0,,0,0
343475,22/23,GB1,Premier League,29,Everton FC,18,13,0.0,1,0,3,4,2,0,0,0,,0,0
343475,21/22,GB1,Premier League,29,Everton FC,24,23,0.0,0,0,0,2,6,0,0,0,,0,0
343475,20/21,GB1,Premier League,29,Everton FC,33,31,0.0,2,1,2,0,4,0,0,0,,0,0
343475,19/20,GB1,Premier League,1123,Norwich City,31,30,0.0,0,1,0,1,3,0,1,0,,0,0
344015,21/22,GB1,Premier League,31,Liverpool FC,1,0,0.0,0,0,0,0,0,0,0,0,,0,0
344015,20/21,GB1,Premier League,31,Liverpool FC,3,0,0.0,0,0,0,0,0,0,0,0,,0,0
344015,17/18,GB1,Premier League,31,Liverpool FC,6,1,0.0,0,0,1,0,0,0,0,0,,0,0
344015,16/17,GB1,Premier League,31,Liverpool FC,17,5,0.0,0,0,4,1,0,0,0,0,,0,0
344009,24/25,GB1,Premier League,677,Ipswich Town,25,18,2.0,0,0,11,6,1,0,0,0,349.0,0,0
344009,21/22,GB1,Premier League,29,Everton FC,1,0,0.0,0,0,0,0,0,0,0,0,,0,0
344009,20/21,GB1,Premier League,29,Everton FC,8,1,0.0,0,0,1,0,0,0,0,0,,0,0
344069,25/26,GB1,Premier League,399,Leeds United,3,3,0.0,0,0,0,0,0,0,0,0,,0,0
34409,16/17,GB1,Premier League,873,Crystal Palace,22,18,1.0,0,0,5,7,1,0,0,0,1161.0,0,0
344152,25/26,GB1,Premier League,873,Crystal Palace,2,1,0.0,0,0,1,0,0,0,0,0,,0,0
344152,24/25,GB1,Premier League,1003,Leicester City,7,4,0.0,0,0,4,0,0,0,0,0,,0,0
344152,24/25,GB1,Premier League,873,Crystal Palace,2,2,0.0,0,0,1,1,0,0,0,0,,0,0
344152,23/24,GB1,Premier League,873,Crystal Palace,33,30,7.0,0,0,13,12,4,0,0,0,222.0,0,0
344152,22/23,GB1,Premier League,873,Crystal Palace,37,35,5.0,2,0,15,18,3,0,0,0,361.0,0,0
344152,21/22,GB1,Premier League,873,Crystal Palace,35,28,6.0,3,0,10,12,4,0,0,1,261.0,0,0
344381,24/25,GB1,Premier League,631,Chelsea FC,33,27,3.0,2,0,18,7,2,0,0,0,303.0,0,0
344381,23/24,GB1,Premier League,631,Chelsea FC,12,11,3.0,0,0,9,2,0,0,0,0,146.0,0,0
344596,21/22,GB1,Premier League,631,Chelsea FC,29,8,0.0,0,0,2,2,2,0,0,0,,0,0
344605,24/25,GB1,Premier League,1003,Leicester City,35,31,0.0,0,0,6,6,8,0,0,0,,0,0
344605,22/23,GB1,Premier League,1003,Leicester City,29,26,0.0,0,0,6,11,9,0,0,0,,0,0
344605,21/22,GB1,Premier League,1003,Leicester City,26,19,0.0,1,0,7,6,0,0,0,0,,0,0
344830,23/24,GB1,Premier League,1031,Luton Town,38,33,4.0,0,0,13,14,4,0,0,0,497.0,0,0
344830,19/20,GB1,Premier League,985,Manchester United,7,3,0.0,0,0,3,0,0,0,0,0,,0,0
344830,18/19,GB1,Premier League,985,Manchester United,3,2,0.0,0,0,2,0,0,0,0,0,,0,0
345468,21/22,GB1,Premier League,1237,Brighton & Hove Albion,3,0,0.0,0,0,0,0,0,0,0,0,,0,0
345468,20/21,GB1,Premier League,1237,Brighton & Hove Albion,26,9,0.0,0,0,9,0,0,0,0,0,,0,0
3455,17/18,GB1,Premier League,985,Manchester United,8,5,0.0,0,0,4,1,0,0,0,0,,0,0
3455,16/17,GB1,Premier League,985,Manchester United,28,28,17.0,5,0,1,0,7,0,0,2,143.0,0,0
34559,18/19,GB1,Premier League,603,Cardiff City,1,0,0.0,0,0,0,0,0,0,0,0,,0,0
345772,18/19,GB1,Premier League,543,Wolverhampton Wanderers,1,0,0.0,0,0,0,0,0,0,0,0,,0,0
345899,17/18,GB1,Premier League,873,Crystal Palace,4,0,0.0,0,0,0,0,0,0,0,0,,0,0
346018,22/23,GB1,Premier League,762,Newcastle United,22,2,0.0,0,0,2,0,0,0,0,0,,0,0
346018,21/22,GB1,Premier League,762,Newcastle United,19,5,0.0,0,0,1,2,1,0,0,0,,0,0
346018,20/21,GB1,Premier League,762,Newcastle United,36,24,0.0,1,0,4,1,4,0,0,0,,0,0
346018,19/20,GB1,Premier League,1123,Norwich City,37,28,1.0,0,0,3,4,4,0,0,0,2305.0,0,0
346314,25/26,GB1,Premier League,631,Chelsea FC,3,3,1.0,0,0,0,1,0,0,0,0,249.0,0,0
346314,24/25,GB1,Premier League,631,Chelsea FC,16,13,0.0,1,0,2,2,2,0,0,0,,0,0
346314,24/25,GB1,Premier League,873,Crystal Palace,14,12,3.0,0,0,0,3,1,0,0,0,354.0,0,0
346314,23/24,GB1,Premier League,631,Chelsea FC,14,13,1.0,0,0,3,1,1,0,0,0,950.0,0,0
346314,22/23,GB1,Premier League,631,Chelsea FC,35,25,0.0,0,1,7,3,4,0,0,0,,0,0
346314,21/22,GB1,Premier League,631,Chelsea FC,33,20,3.0,1,0,3,4,2,0,0,0,483.0,0,0
346314,17/18,GB1,Premier League,631,Chelsea FC,1,0,0.0,0,0,0,0,0,0,0,0,,0,0
346315,17/18,GB1,Premier League,631,Chelsea FC,1,0,0.0,0,0,0,0,0,0,0,0,,0,0
346472,19/20,GB1,Premier League,1010,Watford FC,4,0,0.0,0,0,0,0,0,0,0,0,,0,0
346478,22/23,GB1,Premier League,148,Tottenham Hotspur,30,4,0.0,0,0,2,2,0,0,0,0,,0,0
346478,21/22,GB1,Premier League,148,Tottenham Hotspur,18,11,0.0,0,0,1,5,2,1,0,0,,0,0
346478,20/21,GB1,Premier League,148,Tottenham Hotspur,14,6,0.0,0,0,0,2,2,0,0,0,,0,0
346478,19/20,GB1,Premier League,148,Tottenham Hotspur,15,6,0.0,0,0,0,1,1,0,0,0,,0,0
346482,20/21,GB1,Premier League,180,Southampton FC,29,13,0.0,0,0,13,0,0,0,0,0,,0,0
346482,19/20,GB1,Premier League,180,Southampton FC,1,0,0.0,0,0,0,0,0,0,0,0,,0,0
346483,25/26,GB1,Premier League,985,Manchester United,3,3,0.0,0,0,0,3,0,0,0,0,,0,0
346483,24/25,GB1,Premier League,985,Manchester United,20,16,1.0,0,0,8,9,3,0,0,0,611.0,0,0
346483,23/24,GB1,Premier League,985,Manchester United,14,14,1.0,0,0,9,5,2,0,0,0,514.0,0,0
346483,22/23,GB1,Premier League,631,Chelsea FC,26,24,3.0,2,0,4,13,4,0,0,0,552.0,0,0
346483,21/22,GB1,Premier League,631,Chelsea FC,35,32,11.0,10,0,5,7,4,0,0,1,215.0,0,0
346483,20/21,GB1,Premier League,631,Chelsea FC,37,36,6.0,6,0,4,6,2,0,0,1,482.0,0,0
346483,19/20,GB1,Premier League,631,Chelsea FC,38,37,7.0,6,0,5,12,3,0,0,0,411.0,0,0
346707,25/26,GB1,Premier League,399,Leeds United,3,3,0.0,0,0,2,0,0,0,0,0,,0,0
346707,24/25,GB1,Premier League,762,Newcastle United,38,25,0.0,0,0,17,5,2,0,0,0,,0,0
346707,23/24,GB1,Premier League,762,Newcastle United,35,35,6.0,2,0,5,5,7,0,0,0,458.0,0,0
346707,22/23,GB1,Premier League,762,Newcastle United,33,33,1.0,4,0,5,4,2,0,0,0,2516.0,0,0
346707,21/22,GB1,Premier League,762,Newcastle United,37,24,1.0,1,0,9,3,1,0,0,0,1460.0,0,0
346707,20/21,GB1,Premier League,762,Newcastle United,31,22,0.0,1,0,7,1,2,0,0,0,,0,0
346707,19/20,GB1,Premier League,762,Newcastle United,27,23,1.0,1,0,9,2,2,0,1,0,1373.0,0,0
346707,18/19,GB1,Premier League,762,Newcastle United,15,9,1.0,0,0,1,2,2,0,0,0,687.0,0,0
346779,22/23,GB1,Premier League,180,Southampton FC,29,28,5.0,3,0,5,10,1,0,0,0,399.0,0,0
346779,21/22,GB1,Premier League,180,Southampton FC,34,30,7.0,3,0,7,10,0,0,0,0,292.0,0,0
346779,20/21,GB1,Premier League,180,Southampton FC,36,36,9.0,5,0,6,14,1,0,0,0,297.0,0,0
346779,19/20,GB1,Premier League,180,Southampton FC,36,30,4.0,3,0,18,12,0,0,0,0,277.0,0,0
346890,25/26,GB1,Premier League,399,Leeds United,2,1,0.0,0,0,1,0,0,0,0,0,,0,0
34691,18/19,GB1,Premier League,1132,Burnley FC,15,3,0.0,0,0,0,2,1,0,0,0,,0,0
34691,17/18,GB1,Premier League,1132,Burnley FC,29,28,1.0,1,0,0,2,1,0,0,0,2462.0,0,0
34691,16/17,GB1,Premier League,1132,Burnley FC,37,37,1.0,1,0,0,3,5,0,0,0,3232.0,0,0
347619,23/24,GB1,Premier League,1031,Luton Town,1,0,0.0,0,0,0,0,0,0,0,0,,0,0
348026,25/26,GB1,Premier League,289,Sunderland AFC,1,1,0.0,0,0,0,0,0,0,0,0,,0,0
34838,17/18,GB1,Premier League,512,Stoke City,10,4,0.0,0,0,3,0,1,0,0,0,,0,0
348623,24/25,GB1,Premier League,29,Everton FC,2,1,0.0,0,0,1,0,0,0,0,0,,0,0
348623,23/24,GB1,Premier League,350,Sheffield United,12,10,0.0,0,0,1,4,3,0,1,0,,0,0
348623,22/23,GB1,Premier League,29,Everton FC,28,8,0.0,0,0,3,2,1,1,0,0,,0,0
348623,21/22,GB1,Premier League,29,Everton FC,35,25,2.0,1,1,2,1,7,0,1,0,1067.0,0,0
348623,20/21,GB1,Premier League,29,Everton FC,31,28,1.0,0,0,2,4,9,0,0,0,2289.0,0,0
348623,19/20,GB1,Premier League,29,Everton FC,34,27,0.0,3,0,3,2,5,0,0,0,,0,0
348623,18/19,GB1,Premier League,29,Everton FC,8,5,0.0,0,0,1,0,1,0,0,0,,0,0
348623,17/18,GB1,Premier League,29,Everton FC,27,15,0.0,0,0,2,0,3,0,0,0,,0,0
348623,16/17,GB1,Premier League,29,Everton FC,38,18,0.0,1,0,2,3,2,0,0,0,,0,0
348795,23/24,GB1,Premier League,148,Tottenham Hotspur,28,22,2.0,2,0,18,4,2,0,0,0,247.0,0,0
348795,21/22,GB1,Premier League,148,Tottenham Hotspur,13,9,0.0,0,0,7,2,0,0,0,0,,0,0
348795,20/21,GB1,Premier League,148,Tottenham Hotspur,20,18,1.0,1,0,7,11,5,0,0,0,950.0,0,0
348795,19/20,GB1,Premier League,148,Tottenham Hotspur,32,28,0.0,2,0,13,8,6,0,0,0,,0,0
348863,18/19,GB1,Premier League,1110,Huddersfield Town,26,21,1.0,0,0,5,7,4,0,0,0,1416.0,0,0
349066,24/25,GB1,Premier League,762,Newcastle United,34,34,23.0,6,0,0,19,1,0,0,4,121.0,0,0
349066,23/24,GB1,Premier League,762,Newcastle United,31,30,21.0,2,0,3,14,1,0,0,5,108.0,0,0
349066,22/23,GB1,Premier League,762,Newcastle United,22,22,10.0,2,0,5,10,3,0,0,2,153.0,0,0
349300,17/18,GB1,Premier League,379,West Ham United,6,0,0.0,0,0,0,0,0,0,0,0,,0,0
349503,24/25,GB1,Premier League,677,Ipswich Town,28,22,1.0,1,0,12,9,2,0,0,0,854.0,0,0
349599,24/25,GB1,Premier League,1237,Brighton & Hove Albion,31,30,1.0,1,0,4,4,5,0,0,0,2403.0,0,0
349599,23/24,GB1,Premier League,1237,Brighton & Hove Albion,20,19,2.0,3,1,4,6,4,0,0,0,623.0,0,0
349599,22/23,GB1,Premier League,1237,Brighton & Hove Albion,36,35,1.0,7,0,4,11,4,0,0,0,2684.0,0,0
349701,25/26,GB1,Premier League,931,Fulham FC,2,2,0.0,0,0,2,0,0,0,0,0,,0,0
349701,24/25,GB1,Premier League,931,Fulham FC,36,36,0.0,10,0,1,1,8,0,0,0,,0,0
349701,23/24,GB1,Premier League,931,Fulham FC,37,37,0.0,6,2,0,5,6,0,0,0,,0,0
349701,22/23,GB1,Premier League,931,Fulham FC,35,35,0.0,1,0,0,1,8,0,0,0,,0,0
349701,20/21,GB1,Premier League,931,Fulham FC,31,28,0.0,0,0,4,2,4,0,1,0,,0,0
351749,24/25,GB1,Premier League,677,Ipswich Town,25,19,0.0,0,0,5,7,4,1,0,0,,0,0
351749,23/24,GB1,Premier League,379,West Ham United,12,8,0.0,0,0,5,2,1,1,0,0,,0,0
351749,23/24,GB1,Premier League,281,Manchester City,20,4,0.0,0,0,4,0,0,0,0,0,,0,0
351749,22/23,GB1,Premier League,281,Manchester City,27,12,0.0,0,0,10,0,1,0,0,0,,0,0
351749,21/22,GB1,Premier League,399,Leeds United,23,20,0.0,1,0,2,2,4,0,0,0,,0,0
351749,20/21,GB1,Premier League,399,Leeds United,29,29,1.0,2,0,1,3,10,0,0,0,2429.0,0,0
351755,20/21,GB1,Premier League,984,West Bromwich Albion,38,35,1.0,3,1,3,1,5,0,0,0,2930.0,0,0
352041,25/26,GB1,Premier League,399,Leeds United,3,3,,0,0,0,0,0,0,0,0,270.0,5,2
35249,18/19,GB1,Premier League,1010,Watford FC,7,2,0.0,0,0,2,0,1,0,0,0,,0,0
35249,17/18,GB1,Premier League,1010,Watford FC,18,15,1.0,1,0,12,3,2,0,0,0,445.0,0,0
35249,16/17,GB1,Premier League,1010,Watford FC,23,19,4.0,0,0,9,5,5,0,0,0,239.0,0,0
353032,25/26,GB1,Premier League,289,Sunderland AFC,3,3,0.0,1,0,1,0,0,0,0,0,,0,0
353674,17/18,GB1,Premier League,873,Crystal Palace,1,0,0.0,0,0,0,0,0,0,0,0,,0,0
353674,16/17,GB1,Premier League,873,Crystal Palace,2,0,0.0,0,0,0,0,0,0,0,0,,0,0
3540,16/17,GB1,Premier League,289,Sunderland AFC,34,28,0.0,1,0,2,5,5,0,0,0,,0,0
35413,16/17,GB1,Premier League,989,AFC Bournemouth,3,3,0.0,1,0,3,0,0,0,0,0,,0,0
354134,18/19,GB1,Premier League,379,West Ham United,1,0,0.0,0,0,0,0,0,0,0,0,,0,0
35416,20/21,GB1,Premier League,350,Sheffield United,37,35,8.0,1,0,7,12,7,0,0,0,300.0,0,0
35416,19/20,GB1,Premier League,350,Sheffield United,29,28,2.0,2,0,6,16,2,0,0,0,912.0,0,0
354352,21/22,GB1,Premier League,405,Aston Villa,1,0,0.0,0,0,0,0,0,0,0,0,,0,0
354352,20/21,GB1,Premier League,405,Aston Villa,8,0,0.0,0,0,0,0,0,0,0,0,,0,0
354352,19/20,GB1,Premier League,405,Aston Villa,31,25,0.0,2,0,3,3,7,0,0,0,,0,0
354361,20/21,GB1,Premier League,931,Fulham FC,38,36,0.0,3,0,7,7,6,0,0,0,,0,0
354361,18/19,GB1,Premier League,931,Fulham FC,26,22,0.0,0,0,6,6,1,1,0,0,,0,0
354362,25/26,GB1,Premier League,148,Tottenham Hotspur,3,3,0.0,0,0,1,0,0,0,0,0,,0,0
354362,24/25,GB1,Premier League,148,Tottenham Hotspur,27,26,2.0,0,0,5,14,9,0,0,0,827.0,0,0
354362,23/24,GB1,Premier League,148,Tottenham Hotspur,23,23,1.0,1,0,10,12,7,0,0,0,1007.0,0,0
354362,22/23,GB1,Premier League,148,Tottenham Hotspur,18,18,5.0,2,0,1,7,8,0,0,0,301.0,0,0
354362,21/22,GB1,Premier League,148,Tottenham Hotspur,17,17,0.0,4,0,1,6,5,0,0,0,,0,0
3547,17/18,GB1,Premier League,512,Stoke City,35,27,1.0,1,0,2,6,0,0,0,0,2222.0,0,0
3547,16/17,GB1,Premier League,984,West Bromwich Albion,38,38,2.0,3,0,1,5,0,0,0,0,1618.0,0,0
35518,19/20,GB1,Premier League,281,Manchester City,33,27,6.0,11,0,5,12,0,0,0,0,306.0,0,0
35518,18/19,GB1,Premier League,281,Manchester City,35,33,6.0,8,0,5,15,3,0,0,0,402.0,0,0
35518,17/18,GB1,Premier League,281,Manchester City,30,29,9.0,11,0,1,8,5,0,0,0,271.0,0,0
35518,16/17,GB1,Premier League,281,Manchester City,35,34,4.0,8,0,3,11,6,0,0,0,692.0,0,0
35564,18/19,GB1,Premier League,148,Tottenham Hotspur,30,20,1.0,4,1,14,3,2,0,0,0,684.0,0,0
35564,17/18,GB1,Premier League,148,Tottenham Hotspur,29,16,1.0,0,0,15,1,1,0,0,0,224.0,0,0
35564,16/17,GB1,Premier League,2288,Swansea City,33,33,15.0,1,0,5,14,2,0,0,0,164.0,0,0
355861,23/24,GB1,Premier League,29,Everton FC,28,14,1.0,0,0,9,3,0,0,0,0,589.0,0,0
355861,22/23,GB1,Premier League,148,Tottenham Hotspur,17,9,1.0,0,0,8,1,0,0,0,0,163.0,0,0
355861,19/20,GB1,Premier League,989,AFC Bournemouth,19,14,0.0,0,0,8,4,0,0,0,0,,0,0
355915,25/26,GB1,Premier League,148,Tottenham Hotspur,3,3,0.0,0,0,0,0,1,0,0,0,,0,0
355915,24/25,GB1,Premier League,148,Tottenham Hotspur,21,18,1.0,1,0,0,5,3,0,0,0,1420.0,0,0
355915,23/24,GB1,Premier League,148,Tottenham Hotspur,33,33,5.0,0,1,0,2,7,0,1,0,558.0,0,0
355915,22/23,GB1,Premier League,148,Tottenham Hotspur,27,27,0.0,1,0,1,1,9,1,0,0,,0,0
355915,21/22,GB1,Premier League,148,Tottenham Hotspur,24,22,1.0,0,0,1,2,8,0,0,0,1846.0,0,0
356141,25/26,GB1,Premier League,873,Crystal Palace,1,1,0.0,1,0,0,1,0,0,0,0,,0,0
356141,24/25,GB1,Premier League,873,Crystal Palace,35,34,0.0,0,0,19,7,4,0,1,0,,0,0
35664,19/20,GB1,Premier League,11,Arsenal FC,22,18,1.0,2,0,0,11,1,0,0,0,1449.0,0,0
35664,18/19,GB1,Premier League,11,Arsenal FC,27,24,5.0,2,0,4,10,2,0,0,0,348.0,0,0
35664,17/18,GB1,Premier League,11,Arsenal FC,27,26,4.0,8,0,2,3,4,0,0,0,541.0,0,0
35664,16/17,GB1,Premier League,11,Arsenal FC,33,33,8.0,11,0,1,8,2,0,0,0,356.0,0,0
357119,25/26,GB1,Premier League,31,Liverpool FC,3,3,0.0,0,0,0,1,1,0,0,0,,0,0
357119,24/25,GB1,Premier League,31,Liverpool FC,32,31,1.0,2,0,1,6,5,0,0,0,2565.0,0,0
357119,23/24,GB1,Premier League,31,Liverpool FC,33,22,0.0,0,0,5,2,3,1,0,0,,0,0
357119,22/23,GB1,Premier League,31,Liverpool FC,21,18,0.0,0,1,1,0,5,0,0,0,,0,0
357119,21/22,GB1,Premier League,31,Liverpool FC,37,11,0.0,0,0,0,0,2,0,0,0,,0,0
357147,25/26,GB1,Premier League,985,Manchester United,3,3,0.0,1,0,1,1,0,0,0,0,,0,0
357147,24/25,GB1,Premier League,985,Manchester United,33,33,0.0,3,0,2,2,5,0,0,0,,0,0
357147,23/24,GB1,Premier League,985,Manchester United,37,36,2.0,3,0,1,0,4,1,0,0,1587.0,0,0
357147,22/23,GB1,Premier League,985,Manchester United,32,26,1.0,3,0,2,3,6,0,0,0,2155.0,0,0
357147,21/22,GB1,Premier League,985,Manchester United,37,24,0.0,0,0,5,1,4,0,0,0,,0,0
357147,19/20,GB1,Premier League,985,Manchester United,8,4,0.0,0,0,3,1,0,0,0,0,,0,0
357147,18/19,GB1,Premier League,985,Manchester United,22,16,0.0,2,0,4,6,3,0,0,0,,0,0
357158,22/23,GB1,Premier League,29,Everton FC,21,2,0.0,0,0,2,0,0,0,0,0,,0,0
357158,20/21,GB1,Premier League,543,Wolverhampton Wanderers,3,2,0.0,0,0,1,0,0,0,0,0,,0,0
357158,19/20,GB1,Premier League,543,Wolverhampton Wanderers,34,16,0.0,0,0,10,2,1,0,0,0,,0,0
357158,18/19,GB1,Premier League,543,Wolverhampton Wanderers,36,17,0.0,0,0,10,3,1,0,0,0,,0,0
357397,18/19,GB1,Premier League,148,Tottenham Hotspur,1,0,0.0,0,0,0,0,0,0,0,0,,0,0
357397,17/18,GB1,Premier League,148,Tottenham Hotspur,1,0,0.0,0,0,0,0,0,0,0,0,,0,0
357565,25/26,GB1,Premier League,281,Manchester City,2,2,0.0,0,0,1,0,0,0,0,0,,0,0
357565,24/25,GB1,Premier League,281,Manchester City,5,3,0.0,0,0,2,1,0,0,0,0,,0,0
357565,23/24,GB1,Premier League,281,Manchester City,35,34,8.0,10,0,0,6,8,0,1,0,367.0,0,0
357565,22/23,GB1,Premier League,281,Manchester City,37,36,2.0,6,0,2,11,5,0,0,0,1461.0,0,0
357565,21/22,GB1,Premier League,281,Manchester City,35,33,7.0,2,0,0,4,5,0,0,0,413.0,0,0
357565,20/21,GB1,Premier League,281,Manchester City,38,34,2.0,2,0,3,3,6,0,0,1,1374.0,0,0
357565,19/20,GB1,Premier League,281,Manchester City,36,35,3.0,2,0,6,8,8,0,0,0,829.0,0,0
357662,25/26,GB1,Premier League,11,Arsenal FC,3,3,0.0,2,0,0,1,0,0,0,0,,0,0
357662,24/25,GB1,Premier League,11,Arsenal FC,36,35,4.0,7,0,2,9,5,1,0,0,708.0,0,0
357662,23/24,GB1,Premier League,11,Arsenal FC,38,38,7.0,9,0,1,8,5,0,0,0,462.0,0,0
357662,22/23,GB1,Premier League,379,West Ham United,37,37,4.0,2,0,1,0,5,0,0,0,818.0,0,0
357662,21/22,GB1,Premier League,379,West Ham United,36,36,1.0,4,0,1,0,8,0,0,0,3178.0,0,0
357662,20/21,GB1,Premier League,379,West Ham United,32,32,2.0,1,0,0,1,2,0,0,1,1440.0,0,0
357662,19/20,GB1,Premier League,379,West Ham United,38,38,1.0,3,0,0,0,6,0,0,0,3420.0,0,0
357662,18/19,GB1,Premier League,379,West Ham United,36,34,2.0,0,0,0,2,4,0,0,0,1502.0,0,0
357662,17/18,GB1,Premier League,379,West Ham United,36,26,0.0,0,0,11,3,1,0,0,0,,0,0
357662,16/17,GB1,Premier League,379,West Ham United,6,1,0.0,0,0,1,0,0,0,0,0,,0,0
357658,25/26,GB1,Premier League,29,Everton FC,3,0,0.0,0,0,0,0,0,0,0,0,,0,0
357658,24/25,GB1,Premier League,989,AFC Bournemouth,23,5,,0,0,0,0,0,0,0,0,450.0,5,1
357658,23/24,GB1,Premier League,989,AFC Bournemouth,29,4,,0,0,0,0,0,0,0,0,360.0,5,2
357658,22/23,GB1,Premier League,989,AFC Bournemouth,38,12,,0,0,1,0,0,0,0,0,1035.0,32,2
357658,19/20,GB1,Premier League,989,AFC Bournemouth,2,1,,0,0,0,0,0,0,0,0,90.0,3,0
357658,18/19,GB1,Premier League,989,AFC Bournemouth,2,2,,0,0,0,0,0,0,0,0,180.0,5,1
357656,20/21,GB1,Premier League,1237,Brighton & Hove Albion,6,1,0.0,0,0,1,0,0,0,0,0,,0,0
357656,18/19,GB1,Premier League,1237,Brighton & Hove Albion,1,0,0.0,0,0,0,0,0,0,0,0,,0,0
357656,17/18,GB1,Premier League,1237,Brighton & Hove Albion,3,0,0.0,0,0,0,0,0,0,0,0,,0,0
357885,23/24,GB1,Premier League,379,West Ham United,21,15,0.0,0,0,11,2,0,0,0,0,,0,0
357885,22/23,GB1,Premier League,379,West Ham United,38,32,3.0,1,0,15,14,0,0,0,0,501.0,0,0
357885,21/22,GB1,Premier League,379,West Ham United,36,36,6.0,4,0,4,13,4,0,0,0,467.0,0,0
357885,20/21,GB1,Premier League,379,West Ham United,36,33,5.0,4,0,2,15,3,0,0,0,517.0,0,0
357885,19/20,GB1,Premier League,379,West Ham United,37,36,2.0,5,0,12,17,3,0,0,0,1090.0,0,0
357967,17/18,GB1,Premier League,512,Stoke City,3,1,0.0,1,0,0,1,0,0,0,0,,0,0
361093,25/26,GB1,Premier League,762,Newcastle United,3,1,0.0,0,0,0,1,0,0,0,0,,0,0
361093,24/25,GB1,Premier League,762,Newcastle United,10,8,0.0,0,0,2,5,1,0,0,0,,0,0
361093,23/24,GB1,Premier League,762,Newcastle United,17,17,2.0,2,1,2,3,2,0,0,0,689.0,0,0
361093,22/23,GB1,Premier League,762,Newcastle United,38,36,0.0,1,0,1,2,2,0,0,0,,0,0
361260,21/22,GB1,Premier League,1123,Norwich City,19,11,0.0,0,0,0,2,2,0,0,0,,0,0
361260,20/21,GB1,Premier League,31,Liverpool FC,10,9,0.0,0,0,0,2,3,0,0,0,,0,0
36139,17/18,GB1,Premier League,180,Southampton FC,38,36,6.0,3,0,2,23,4,0,0,1,469.0,0,0
36139,16/17,GB1,Premier League,180,Southampton FC,33,33,3.0,5,0,3,19,4,0,0,1,809.0,0,0
361914,25/26,GB1,Premier League,379,West Ham United,2,2,0.0,0,0,0,0,0,0,0,0,,0,0
361914,23/24,GB1,Premier League,379,West Ham United,25,21,1.0,0,0,0,1,1,1,0,0,1859.0,0,0
361914,22/23,GB1,Premier League,379,West Ham United,21,18,2.0,0,0,1,1,4,0,0,0,798.0,0,0
362108,25/26,GB1,Premier League,399,Leeds United,4,4,0.0,0,1,0,1,1,0,0,0,,0,0
362842,22/23,GB1,Premier League,31,Liverpool FC,7,0,0.0,0,0,0,0,0,0,0,0,,0,0
36291,19/20,GB1,Premier League,1237,Brighton & Hove Albion,4,4,0.0,0,0,4,0,0,0,0,0,,0,0
36291,18/19,GB1,Premier League,1237,Brighton & Hove Albion,38,22,0.0,0,0,3,0,0,0,0,0,,0,0
36291,17/18,GB1,Premier League,1237,Brighton & Hove Albion,27,25,0.0,0,1,0,2,2,0,0,0,,0,0
3630,16/17,GB1,Premier League,1132,Burnley FC,30,3,,0,0,0,0,0,0,0,0,270.0,7,0
363205,24/25,GB1,Premier League,11,Arsenal FC,18,17,3.0,0,0,11,4,3,0,0,0,201.0,0,0
363205,23/24,GB1,Premier League,11,Arsenal FC,30,27,4.0,7,0,10,13,6,0,0,0,371.0,0,0
363205,22/23,GB1,Premier League,11,Arsenal FC,26,26,11.0,7,0,2,13,6,0,0,1,189.0,0,0
363205,21/22,GB1,Premier League,281,Manchester City,34,28,8.0,9,0,7,8,1,0,0,1,235.0,0,0
363205,20/21,GB1,Premier League,281,Manchester City,30,29,9.0,4,0,7,4,2,0,0,0,229.0,0,0
363205,19/20,GB1,Premier League,281,Manchester City,35,34,14.0,8,0,13,9,3,0,0,0,145.0,0,0
363205,18/19,GB1,Premier League,281,Manchester City,36,29,7.0,3,0,21,4,1,0,0,1,146.0,0,0
363205,17/18,GB1,Premier League,281,Manchester City,32,29,13.0,3,0,10,14,6,0,0,0,129.0,0,0
363205,16/17,GB1,Premier League,281,Manchester City,10,10,7.0,4,0,2,3,2,0,0,1,93.0,0,0
364135,21/22,GB1,Premier League,29,Everton FC,1,1,0.0,0,0,1,0,0,0,0,0,,0,0
364135,20/21,GB1,Premier League,29,Everton FC,3,2,0.0,0,0,2,0,0,0,0,0,,0,0
364135,19/20,GB1,Premier League,29,Everton FC,36,29,2.0,2,0,23,6,1,0,0,0,418.0,0,0
364258,20/21,GB1,Premier League,1237,Brighton & Hove Albion,12,3,0.0,0,0,1,0,0,0,0,0,,0,0
364258,19/20,GB1,Premier League,1237,Brighton & Hove Albion,23,14,0.0,0,0,7,3,1,0,0,0,,0,0
364258,18/19,GB1,Premier League,1237,Brighton & Hove Albion,34,22,0.0,1,0,3,1,4,0,0,0,,0,0
364409,23/24,GB1,Premier League,1031,Luton Town,22,21,2.0,0,0,0,2,3,0,0,0,924.0,0,0
364828,16/17,GB1,Premier League,289,Sunderland AFC,6,0,0.0,0,0,0,0,0,0,0,0,,0,0
364861,18/19,GB1,Premier League,1003,Leicester City,3,1,0.0,0,0,0,1,0,0,0,0,,0,0
364861,17/18,GB1,Premier League,1003,Leicester City,15,14,0.0,1,0,9,4,1,0,0,0,,0,0
364827,20/21,GB1,Premier League,984,West Bromwich Albion,8,0,0.0,0,0,0,0,0,0,0,0,,0,0
365108,25/26,GB1,Premier League,703,Nottingham Forest,3,3,1.0,1,0,0,3,0,0,0,0,208.0,0,0
365172,24/25,GB1,Premier League,1003,Leicester City,27,23,1.0,0,0,17,5,0,0,0,0,721.0,0,0
365172,22/23,GB1,Premier League,1003,Leicester City,37,30,4.0,4,0,17,11,2,0,0,0,295.0,0,0
365172,21/22,GB1,Premier League,1003,Leicester City,36,23,5.0,3,0,10,11,2,0,0,0,232.0,0,0
36529,18/19,GB1,Premier League,931,Fulham FC,19,15,0.0,0,0,5,5,4,1,0,0,,0,0
365770,19/20,GB1,Premier League,989,AFC Bournemouth,2,0,0.0,0,0,0,0,0,0,0,0,,0,0
366930,23/24,GB1,Premier League,281,Manchester City,32,6,0.0,1,0,6,0,0,0,0,0,,0,0
366930,22/23,GB1,Premier League,281,Manchester City,32,12,0.0,1,0,10,1,0,0,0,0,,0,0
367195,16/17,GB1,Premier League,1132,Burnley FC,8,3,0.0,0,0,3,0,0,0,0,0,,0,0
36814,17/18,GB1,Premier League,984,West Bromwich Albion,35,26,0.0,7,0,4,7,5,0,0,0,,0,0
36814,16/17,GB1,Premier League,984,West Bromwich Albion,31,31,3.0,4,0,4,4,5,0,0,0,826.0,0,0
36827,20/21,GB1,Premier League,984,West Bromwich Albion,20,13,0.0,0,0,5,3,2,0,0,0,,0,0
36827,16/17,GB1,Premier League,631,Chelsea FC,19,13,0.0,0,0,7,0,2,0,0,0,,0,0
36861,17/18,GB1,Premier League,873,Crystal Palace,10,2,0.0,0,0,1,0,0,0,0,0,,0,0
36861,16/17,GB1,Premier League,873,Crystal Palace,36,30,0.0,2,0,9,2,8,0,0,0,,0,0
36859,19/20,GB1,Premier League,350,Sheffield United,4,2,0.0,0,0,2,0,0,0,0,0,,0,0
36866,16/17,GB1,Premier League,289,Sunderland AFC,28,27,1.0,0,0,2,3,8,0,0,0,2271.0,0,0
369316,25/26,GB1,Premier League,1237,Brighton & Hove Albion,3,2,0.0,0,0,2,0,2,0,0,0,,0,0
369316,24/25,GB1,Premier League,1237,Brighton & Hove Albion,7,6,1.0,0,0,1,4,1,0,0,0,387.0,0,0
369567,25/26,GB1,Premier League,543,Wolverhampton Wanderers,2,1,0.0,0,0,1,0,0,0,0,0,,0,0
369567,23/24,GB1,Premier League,543,Wolverhampton Wanderers,20,11,2.0,0,0,10,1,0,0,0,0,80.0,0,0
369567,22/23,GB1,Premier League,543,Wolverhampton Wanderers,1,1,0.0,0,0,0,1,0,0,0,0,,0,0
369684,22/23,GB1,Premier League,399,Leeds United,37,26,3.0,1,0,5,4,4,0,0,0,654.0,0,0
369962,25/26,GB1,Premier League,399,Leeds United,3,2,0.0,0,0,0,2,0,0,0,0,,0,0
37011,17/18,GB1,Premier League,2288,Swansea City,31,24,0.0,0,0,8,13,2,0,0,0,,0,0
37011,16/17,GB1,Premier League,2288,Swansea City,12,8,0.0,1,0,5,2,0,0,0,0,,0,0
371021,24/25,GB1,Premier League,677,Ipswich Town,26,18,,0,0,0,0,1,0,0,0,1620.0,33,1
371021,23/24,GB1,Premier League,1132,Burnley FC,35,10,,1,0,0,0,0,0,0,0,900.0,16,0
371021,18/19,GB1,Premier League,281,Manchester City,36,0,0.0,0,0,0,0,0,0,0,0,,0,0
371256,22/23,GB1,Premier League,1003,Leicester City,18,13,1.0,0,0,4,9,0,0,0,0,738.0,0,0
371436,21/22,GB1,Premier League,1010,Watford FC,16,5,0.0,0,1,0,1,0,0,0,0,,0,0
37171,16/17,GB1,Premier League,984,West Bromwich Albion,20,9,0.0,1,0,7,2,1,0,0,0,,0,0
371851,25/26,GB1,Premier League,399,Leeds United,2,0,0.0,0,0,0,0,0,0,0,0,,0,0
371814,22/23,GB1,Premier League,31,Liverpool FC,18,2,0.0,0,0,1,1,0,0,0,0,,0,0
371814,21/22,GB1,Premier League,31,Liverpool FC,4,0,0.0,0,0,0,0,0,0,0,0,,0,0
371814,20/21,GB1,Premier League,31,Liverpool FC,30,17,1.0,1,0,2,0,2,0,0,0,1455.0,0,0
371814,19/20,GB1,Premier League,31,Liverpool FC,2,0,0.0,0,0,0,0,0,0,0,0,,0,0
372246,24/25,GB1,Premier League,379,West Ham United,33,31,1.0,1,0,17,13,6,0,0,0,1404.0,0,0
372240,22/23,GB1,Premier League,1148,Brentford FC,7,4,0.0,0,0,4,0,0,0,0,0,,0,0
372240,21/22,GB1,Premier League,1148,Brentford FC,25,11,0.0,0,0,2,2,3,0,0,0,,0,0
37304,21/22,GB1,Premier League,180,Southampton FC,31,13,1.0,0,0,10,3,1,0,0,0,303.0,0,0
37304,20/21,GB1,Premier League,180,Southampton FC,18,11,0.0,0,0,10,1,0,0,0,0,,0,0
37304,19/20,GB1,Premier League,180,Southampton FC,31,26,2.0,3,0,11,13,0,0,0,0,700.0,0,0
37304,18/19,GB1,Premier League,180,Southampton FC,28,26,5.0,1,0,14,11,2,0,0,0,254.0,0,0
37304,17/18,GB1,Premier League,180,Southampton FC,33,30,2.0,2,0,15,10,6,0,0,0,790.0,0,0
37304,16/17,GB1,Premier League,180,Southampton FC,33,32,3.0,1,0,22,6,2,0,0,0,416.0,0,0
37403,19/20,GB1,Premier League,379,West Ham United,20,8,,1,0,1,0,0,0,0,0,686.0,17,0
374139,22/23,GB1,Premier League,399,Leeds United,30,19,1.0,1,0,5,3,5,0,1,0,1367.0,0,0
374139,21/22,GB1,Premier League,399,Leeds United,25,24,0.0,2,1,5,8,11,0,0,0,,0,0
37442,18/19,GB1,Premier League,1003,Leicester City,13,6,0.0,0,0,3,2,0,0,0,0,,0,0
37442,17/18,GB1,Premier League,1003,Leicester City,30,28,0.0,0,0,1,7,4,0,0,0,,0,0
37442,16/17,GB1,Premier League,1003,Leicester City,37,35,0.0,2,0,1,3,12,0,0,0,,0,0
37526,19/20,GB1,Premier League,379,West Ham United,3,0,0.0,0,0,0,0,0,0,0,0,,0,0
37526,17/18,GB1,Premier League,379,West Ham United,20,17,0.0,0,0,0,2,5,0,0,0,,0,0
37526,16/17,GB1,Premier League,379,West Ham United,30,30,2.0,3,0,0,3,8,1,0,0,1295.0,0,0
375391,16/17,GB1,Premier League,289,Sunderland AFC,9,1,0.0,0,0,1,0,0,0,0,0,,0,0
375885,25/26,GB1,Premier League,703,Nottingham Forest,4,4,0.0,0,0,0,3,0,0,0,0,,0,0
375885,24/25,GB1,Premier League,703,Nottingham Forest,18,13,0.0,1,0,6,6,3,0,0,0,,0,0
375885,23/24,GB1,Premier League,703,Nottingham Forest,24,17,0.0,0,0,4,9,6,0,0,0,,0,0
37647,16/17,GB1,Premier League,379,West Ham United,18,18,2.0,6,0,1,5,2,0,0,0,758.0,0,0
376856,23/24,GB1,Premier League,1148,Brentford FC,5,0,0.0,0,0,0,0,0,0,0,0,,0,0
376856,22/23,GB1,Premier League,1148,Brentford FC,1,0,0.0,0,0,0,0,0,0,0,0,,0,0
376856,21/22,GB1,Premier League,1148,Brentford FC,12,6,0.0,0,0,2,0,3,0,0,0,,0,0
377393,21/22,GB1,Premier League,1123,Norwich City,37,33,1.0,1,0,6,12,5,0,0,0,2272.0,0,0
377468,23/24,GB1,Premier League,350,Sheffield United,31,31,2.0,0,0,2,1,9,1,0,0,1325.0,0,0
37838,19/20,GB1,Premier League,31,Liverpool FC,20,10,0.0,1,0,1,1,1,0,0,0,,0,0
37838,18/19,GB1,Premier League,31,Liverpool FC,19,13,1.0,1,0,2,1,1,0,0,0,986.0,0,0
37838,17/18,GB1,Premier League,31,Liverpool FC,34,29,2.0,1,0,5,2,4,0,0,0,1063.0,0,0
37838,16/17,GB1,Premier League,31,Liverpool FC,31,29,2.0,1,0,0,2,6,0,0,0,1277.0,0,0
378710,25/26,GB1,Premier League,148,Tottenham Hotspur,3,3,2.0,1,0,0,2,1,0,0,0,120.0,0,0
378710,24/25,GB1,Premier League,148,Tottenham Hotspur,17,15,4.0,1,0,11,4,2,0,0,0,125.0,0,0
378710,23/24,GB1,Premier League,148,Tottenham Hotspur,29,28,11.0,4,0,10,12,3,0,0,0,136.0,0,0
378710,22/23,GB1,Premier League,148,Tottenham Hotspur,29,27,1.0,4,0,15,11,3,0,0,0,1006.0,0,0
378710,21/22,GB1,Premier League,29,Everton FC,30,30,10.0,5,0,2,7,8,0,0,3,253.0,0,0
378710,20/21,GB1,Premier League,29,Everton FC,34,34,7.0,3,0,1,11,4,0,1,1,410.0,0,0
378710,19/20,GB1,Premier League,29,Everton FC,36,36,13.0,4,0,0,10,8,0,0,0,237.0,0,0
378710,18/19,GB1,Premier League,29,Everton FC,35,35,13.0,2,0,3,16,5,0,1,0,206.0,0,0
378710,17/18,GB1,Premier League,1010,Watford FC,38,38,5.0,4,0,6,10,4,0,0,0,565.0,0,0
37920,20/21,GB1,Premier League,984,West Bromwich Albion,10,3,0.0,1,0,1,2,0,0,0,0,,0,0
37920,16/17,GB1,Premier League,3008,Hull City,15,15,0.0,5,0,3,5,1,0,0,0,,0,0
37981,19/20,GB1,Premier League,1010,Watford FC,2,1,0.0,0,0,0,1,0,0,0,0,,0,0
37981,18/19,GB1,Premier League,1010,Watford FC,4,1,0.0,0,0,1,1,0,0,0,0,,0,0
37981,17/18,GB1,Premier League,1010,Watford FC,27,21,0.0,0,0,4,2,5,0,0,0,,0,0
37981,16/17,GB1,Premier League,1010,Watford FC,35,33,1.0,1,0,1,4,10,1,0,0,2772.0,0,0
379807,22/23,GB1,Premier League,180,Southampton FC,29,21,1.0,1,0,10,2,4,0,0,0,1175.0,0,0
379807,21/22,GB1,Premier League,180,Southampton FC,24,15,0.0,0,0,6,0,2,0,0,0,,0,0
379980,20/21,GB1,Premier League,543,Wolverhampton Wanderers,3,0,0.0,0,0,0,0,0,0,0,0,,0,0
380350,24/25,GB1,Premier League,1237,Brighton & Hove Albion,23,13,0.0,0,0,3,2,4,0,0,0,,0,0
380350,23/24,GB1,Premier League,1237,Brighton & Hove Albion,34,24,0.0,0,0,7,6,4,0,0,0,,0,0
38073,17/18,GB1,Premier League,2288,Swansea City,36,36,0.0,1,0,0,5,7,0,0,0,,0,0
38073,16/17,GB1,Premier League,2288,Swansea City,15,15,2.0,0,0,1,2,2,0,0,0,627.0,0,0
380913,18/19,GB1,Premier League,1110,Huddersfield Town,2,1,0.0,0,0,0,1,0,0,0,0,,0,0
38094,20/21,GB1,Premier League,984,West Bromwich Albion,27,4,0.0,0,0,1,1,1,0,0,0,,0,0
38094,18/19,GB1,Premier League,603,Cardiff City,31,20,0.0,0,0,3,1,4,0,0,0,,0,0
381156,20/21,GB1,Premier League,1132,Burnley FC,9,4,0.0,0,0,4,0,1,0,0,0,,0,0
381156,19/20,GB1,Premier League,1132,Burnley FC,2,0,0.0,0,0,0,0,0,0,0,0,,0,0
381362,21/22,GB1,Premier League,405,Aston Villa,2,1,0.0,0,0,1,0,0,0,0,0,,0,0
381362,20/21,GB1,Premier League,405,Aston Villa,7,3,0.0,0,0,3,0,0,0,0,0,,0,0
381362,19/20,GB1,Premier League,405,Aston Villa,21,21,5.0,1,0,0,8,3,0,0,0,358.0,0,0
38145,19/20,GB1,Premier League,1010,Watford FC,29,20,0.0,0,1,5,0,4,1,0,0,,0,0
38145,18/19,GB1,Premier League,1010,Watford FC,36,26,0.0,0,0,6,0,3,0,0,0,,0,0
38145,17/18,GB1,Premier League,1010,Watford FC,33,28,0.0,0,0,4,3,4,0,0,0,,0,0
38145,16/17,GB1,Premier League,1010,Watford FC,17,7,0.0,0,0,1,0,0,0,0,0,,0,0
381469,24/25,GB1,Premier League,931,Fulham FC,38,0,0.0,0,0,0,0,0,0,0,0,,0,0
381753,25/26,GB1,Premier League,399,Leeds United,3,3,0.0,0,0,1,0,0,0,0,0,,0,0
381963,23/24,GB1,Premier League,1132,Burnley FC,25,16,0.0,0,0,13,4,0,0,0,0,,0,0
381967,23/24,GB1,Premier League,1031,Luton Town,17,17,1.0,3,0,1,8,4,0,0,0,1310.0,0,0
381967,22/23,GB1,Premier League,873,Crystal Palace,17,9,0.0,0,0,3,3,2,0,0,0,,0,0
381967,22/23,GB1,Premier League,11,Arsenal FC,18,6,0.0,0,0,4,1,0,0,0,0,,0,0
381967,21/22,GB1,Premier League,11,Arsenal FC,37,19,0.0,0,0,7,3,5,0,0,0,,0,0
382554,17/18,GB1,Premier League,512,Stoke City,8,4,0.0,0,0,4,0,0,0,0,0,,0,0
382552,20/21,GB1,Premier League,1132,Burnley FC,2,0,0.0,0,0,0,0,0,0,0,0,,0,0
382552,19/20,GB1,Premier League,1132,Burnley FC,10,0,0.0,0,0,0,0,0,0,0,0,,0,0
383109,21/22,GB1,Premier League,1123,Norwich City,24,12,0.0,0,0,6,6,1,0,0,0,,0,0
3838,17/18,GB1,Premier League,984,West Bromwich Albion,38,1,,0,0,0,0,1,0,0,0,90.0,1,0
3838,16/17,GB1,Premier League,984,West Bromwich Albion,32,0,0.0,0,0,0,0,0,0,0,0,,0,0
38383,18/19,GB1,Premier League,1110,Huddersfield Town,10,5,0.0,0,0,4,1,1,0,0,0,,0,0
38383,17/18,GB1,Premier League,1110,Huddersfield Town,26,20,0.0,0,0,9,2,2,0,0,0,,0,0
384461,24/25,GB1,Premier League,1237,Brighton & Hove Albion,13,4,0.0,0,0,4,0,0,0,0,0,,0,0
384461,23/24,GB1,Premier League,1237,Brighton & Hove Albion,27,17,0.0,0,0,11,5,2,0,0,0,,0,0
384461,21/22,GB1,Premier League,1237,Brighton & Hove Albion,30,28,0.0,3,0,9,10,2,0,0,0,,0,0
384461,20/21,GB1,Premier League,1237,Brighton & Hove Albion,19,12,0.0,0,0,5,4,0,0,0,0,,0,0
38497,16/17,GB1,Premier League,289,Sunderland AFC,3,2,0.0,0,0,2,0,0,0,0,0,,0,0
385412,23/24,GB1,Premier League,350,Sheffield United,6,0,0.0,0,0,0,0,0,0,0,0,,0,0
385848,24/25,GB1,Premier League,677,Ipswich Town,1,1,0.0,0,0,1,0,0,0,0,0,,0,0
385918,17/18,GB1,Premier League,1132,Burnley FC,2,0,0.0,0,0,0,0,0,0,0,0,,0,0
385918,16/17,GB1,Premier League,1132,Burnley FC,8,3,0.0,0,0,3,0,0,0,0,0,,0,0
386047,24/25,GB1,Premier League,405,Aston Villa,11,7,0.0,0,0,2,0,2,0,0,0,,0,0
386047,24/25,GB1,Premier League,631,Chelsea FC,15,6,1.0,0,0,2,2,1,0,0,0,364.0,0,0
386047,23/24,GB1,Premier League,631,Chelsea FC,35,31,2.0,0,1,2,2,6,0,0,0,1291.0,0,0
387191,23/24,GB1,Premier League,1031,Luton Town,13,10,0.0,0,2,4,3,0,0,0,0,,0,0
387313,16/17,GB1,Premier League,148,Tottenham Hotspur,1,0,0.0,0,0,0,0,0,0,0,0,,0,0
387331,20/21,GB1,Premier League,984,West Bromwich Albion,5,3,0.0,0,0,3,0,0,0,0,0,,0,0
387331,17/18,GB1,Premier League,984,West Bromwich Albion,19,10,1.0,0,0,3,6,3,0,0,0,539.0,0,0
387331,16/17,GB1,Premier League,984,West Bromwich Albion,22,8,0.0,0,0,4,3,2,0,0,0,,0,0
3875,18/19,GB1,Premier League,989,AFC Bournemouth,20,4,0.0,0,0,4,0,0,0,0,0,,0,0
3875,17/18,GB1,Premier League,989,AFC Bournemouth,26,24,4.0,1,0,13,9,1,0,0,0,271.0,0,0
3875,16/17,GB1,Premier League,289,Sunderland AFC,37,37,15.0,2,0,0,2,1,0,0,5,222.0,0,0
387626,24/25,GB1,Premier League,405,Aston Villa,29,24,1.0,2,0,10,12,3,0,0,0,1144.0,0,0
387626,23/24,GB1,Premier League,405,Aston Villa,36,35,10.0,9,0,13,20,5,0,0,0,208.0,0,0
387626,22/23,GB1,Premier League,405,Aston Villa,33,33,4.0,4,0,7,22,4,0,0,0,496.0,0,0
387626,21/22,GB1,Premier League,405,Aston Villa,20,18,1.0,2,0,11,5,3,0,0,0,755.0,0,0
3878,17/18,GB1,Premier League,985,Manchester United,9,2,0.0,0,0,1,1,0,0,0,0,,0,0
3878,16/17,GB1,Premier League,985,Manchester United,33,23,0.0,0,0,5,4,2,0,0,0,,0,0
3881,17/18,GB1,Premier League,512,Stoke City,19,9,0.0,0,0,2,4,3,0,0,0,,0,0
3881,16/17,GB1,Premier League,512,Stoke City,25,23,0.0,0,0,2,0,1,0,0,0,,0,0
388165,24/25,GB1,Premier League,1148,Brentford FC,35,35,19.0,5,0,1,11,5,0,0,0,154.0,0,0
388165,23/24,GB1,Premier League,1148,Brentford FC,34,34,12.0,4,0,5,20,7,0,0,0,209.0,0,0
388165,22/23,GB1,Premier League,1148,Brentford FC,38,38,7.0,3,0,22,15,3,0,0,0,229.0,0,0
388165,21/22,GB1,Premier League,1148,Brentford FC,33,30,7.0,1,0,18,7,0,0,0,0,182.0,0,0
389253,23/24,GB1,Premier League,350,Sheffield United,38,32,0.0,0,0,4,4,4,0,0,0,,0,0
39015,19/20,GB1,Premier League,1123,Norwich City,20,1,,0,0,0,1,0,0,0,0,22.0,1,0
39037,21/22,GB1,Premier League,1010,Watford FC,9,0,0.0,0,0,0,0,0,0,0,0,,0,0
39037,19/20,GB1,Premier League,762,Newcastle United,1,0,0.0,0,0,0,0,0,0,0,0,,0,0
39037,17/18,GB1,Premier League,762,Newcastle United,22,16,,0,0,0,0,0,0,0,0,1440.0,21,3
390664,21/22,GB1,Premier League,1123,Norwich City,26,10,0.0,0,0,4,1,0,0,0,0,,0,0
391005,25/26,GB1,Premier League,1148,Brentford FC,1,0,0.0,0,0,0,0,0,0,0,0,,0,0
391005,24/25,GB1,Premier League,1148,Brentford FC,23,19,0.0,2,0,8,3,2,0,0,0,,0,0
391005,23/24,GB1,Premier League,1148,Brentford FC,37,34,1.0,2,0,12,14,1,0,0,0,1988.0,0,0
391005,22/23,GB1,Premier League,1148,Brentford FC,35,20,0.0,0,0,8,2,0,0,0,0,,0,0
391005,21/22,GB1,Premier League,1148,Brentford FC,36,21,1.0,1,0,9,2,1,0,0,0,1233.0,0,0
391065,25/26,GB1,Premier League,989,AFC Bournemouth,1,1,0.0,1,0,1,0,0,0,0,0,,0,0
391065,24/25,GB1,Premier League,989,AFC Bournemouth,1,0,0.0,0,0,0,0,0,0,0,0,,0,0
391065,23/24,GB1,Premier League,989,AFC Bournemouth,10,3,0.0,0,0,3,0,0,0,0,0,,0,0
391065,22/23,GB1,Premier League,989,AFC Bournemouth,7,7,0.0,0,0,2,4,0,0,0,0,,0,0
391470,17/18,GB1,Premier League,379,West Ham United,2,0,0.0,0,0,0,0,0,0,0,0,,0,0
391470,16/17,GB1,Premier League,379,West Ham United,2,0,0.0,0,0,0,0,0,0,0,0,,0,0
39153,18/19,GB1,Premier League,631,Chelsea FC,15,14,5.0,0,0,1,8,0,0,0,0,218.0,0,0
391719,19/20,GB1,Premier League,1010,Watford FC,16,4,0.0,0,0,4,0,0,0,0,0,,0,0
391719,18/19,GB1,Premier League,1010,Watford FC,19,8,1.0,0,0,5,2,0,0,0,0,335.0,0,0
391719,17/18,GB1,Premier League,379,West Ham United,8,0,0.0,0,0,0,0,0,0,0,0,,0,0
391719,16/17,GB1,Premier League,379,West Ham United,12,0,0.0,0,0,0,0,0,0,0,0,,0,0
392085,23/24,GB1,Premier League,405,Aston Villa,30,25,2.0,0,0,16,10,7,0,0,0,415.0,0,0
392179,25/26,GB1,Premier League,1132,Burnley FC,3,3,0.0,0,0,0,1,0,0,0,0,,0,0
392179,23/24,GB1,Premier League,1132,Burnley FC,20,8,0.0,0,0,3,5,2,0,0,0,,0,0
392591,24/25,GB1,Premier League,677,Ipswich Town,7,5,0.0,0,0,2,3,0,0,0,0,,0,0
392591,23/24,GB1,Premier League,1031,Luton Town,30,30,4.0,3,0,10,6,1,0,0,0,498.0,0,0
392757,25/26,GB1,Premier League,873,Crystal Palace,3,3,1.0,0,0,0,0,0,0,0,0,270.0,0,0
392757,24/25,GB1,Premier League,873,Crystal Palace,34,34,3.0,2,3,0,0,7,1,0,0,1020.0,0,0
392757,23/24,GB1,Premier League,873,Crystal Palace,25,25,0.0,1,0,2,4,2,0,0,0,,0,0
392757,22/23,GB1,Premier League,873,Crystal Palace,37,37,1.0,0,1,0,1,8,0,0,0,3330.0,0,0
392757,21/22,GB1,Premier League,873,Crystal Palace,37,36,2.0,1,0,0,1,4,0,0,0,1612.0,0,0
392757,19/20,GB1,Premier League,631,Chelsea FC,3,0,0.0,0,0,0,0,0,0,0,0,,0,0
392757,18/19,GB1,Premier League,631,Chelsea FC,1,0,0.0,0,0,0,0,0,0,0,0,,0,0
392763,20/21,GB1,Premier League,399,Leeds United,32,14,0.0,0,0,14,0,0,0,0,0,,0,0
392761,19/20,GB1,Premier League,11,Arsenal FC,1,0,0.0,0,0,0,0,0,0,0,0,,0,0
392761,18/19,GB1,Premier League,11,Arsenal FC,1,0,0.0,0,0,0,0,0,0,0,0,,0,0
392765,25/26,GB1,Premier League,931,Fulham FC,3,3,1.0,0,0,3,0,0,0,0,0,55.0,0,0
392765,24/25,GB1,Premier League,931,Fulham FC,34,34,6.0,3,0,9,25,3,0,0,0,343.0,0,0
392765,23/24,GB1,Premier League,11,Arsenal FC,31,13,0.0,2,0,10,3,0,0,0,0,,0,0
392765,22/23,GB1,Premier League,11,Arsenal FC,23,12,0.0,2,0,12,1,0,0,0,0,,0,0
392765,21/22,GB1,Premier League,11,Arsenal FC,35,33,10.0,2,0,12,11,1,0,0,0,192.0,0,0
392765,20/21,GB1,Premier League,11,Arsenal FC,23,20,2.0,4,0,2,11,0,0,0,0,725.0,0,0
392765,19/20,GB1,Premier League,11,Arsenal FC,4,2,0.0,0,0,1,1,0,0,0,0,,0,0
392765,18/19,GB1,Premier League,11,Arsenal FC,3,0,0.0,0,0,0,0,0,0,0,0,,0,0
392768,25/26,GB1,Premier League,703,Nottingham Forest,3,3,1.0,0,0,0,2,0,0,0,0,251.0,0,0
392768,24/25,GB1,Premier League,703,Nottingham Forest,32,31,5.0,3,0,6,17,2,0,0,0,441.0,0,0
392768,23/24,GB1,Premier League,703,Nottingham Forest,30,29,8.0,2,0,9,11,0,0,0,0,232.0,0,0
392768,22/23,GB1,Premier League,631,Chelsea FC,3,0,0.0,0,0,0,0,0,0,0,0,,0,0
392768,21/22,GB1,Premier League,631,Chelsea FC,22,15,1.0,3,0,4,8,1,0,0,0,966.0,0,0
392768,20/21,GB1,Premier League,631,Chelsea FC,33,23,2.0,3,0,13,9,0,0,0,0,529.0,0,0
392768,19/20,GB1,Premier League,631,Chelsea FC,25,22,1.0,5,0,15,3,1,0,0,0,851.0,0,0
392768,18/19,GB1,Premier League,631,Chelsea FC,13,10,0.0,1,0,6,4,0,0,0,0,,0,0
392768,17/18,GB1,Premier League,631,Chelsea FC,4,2,0.0,0,0,2,0,0,0,0,0,,0,0
392770,19/20,GB1,Premier League,985,Manchester United,5,2,0.0,0,0,2,0,0,0,0,0,,0,0
392770,18/19,GB1,Premier League,985,Manchester United,3,2,0.0,0,0,2,0,0,0,0,0,,0,0
392770,16/17,GB1,Premier League,985,Manchester United,1,1,0.0,0,0,1,0,0,0,0,0,,0,0
392771,25/26,GB1,Premier League,399,Leeds United,1,1,0.0,0,0,0,1,0,0,0,0,,0,0
392771,22/23,GB1,Premier League,631,Chelsea FC,3,0,0.0,0,0,0,0,0,0,0,0,,0,0
392771,20/21,GB1,Premier League,350,Sheffield United,29,25,0.0,0,1,2,4,3,0,0,0,,0,0
392771,18/19,GB1,Premier League,631,Chelsea FC,4,0,0.0,0,0,0,0,0,0,0,0,,0,0
392771,17/18,GB1,Premier League,631,Chelsea FC,12,1,0.0,0,0,1,0,0,0,0,0,,0,0
392773,19/20,GB1,Premier League,1237,Brighton & Hove Albion,1,0,0.0,0,0,0,0,0,0,0,0,,0,0
392774,17/18,GB1,Premier League,984,West Bromwich Albion,3,0,0.0,0,0,0,0,0,0,0,0,,0,0
392774,16/17,GB1,Premier League,984,West Bromwich Albion,8,0,0.0,0,0,0,0,0,0,0,0,,0,0
392772,21/22,GB1,Premier League,148,Tottenham Hotspur,1,0,0.0,0,0,0,0,0,0,0,0,,0,0
392775,25/26,GB1,Premier League,931,Fulham FC,2,2,0.0,0,0,0,2,0,0,0,0,,0,0
392775,24/25,GB1,Premier League,931,Fulham FC,32,16,4.0,2,0,9,6,1,0,0,0,145.0,0,0
392775,22/23,GB1,Premier League,148,Tottenham Hotspur,21,17,2.0,0,0,8,6,4,0,0,0,406.0,0,0
392775,21/22,GB1,Premier League,148,Tottenham Hotspur,22,15,0.0,2,0,2,9,2,0,0,0,,0,0
392775,19/20,GB1,Premier League,148,Tottenham Hotspur,19,6,0.0,0,0,2,1,0,0,0,0,,0,0
392775,18/19,GB1,Premier League,931,Fulham FC,36,35,2.0,6,0,9,7,0,0,0,0,1147.0,0,0
393323,25/26,GB1,Premier League,399,Leeds United,3,3,0.0,0,0,3,0,0,0,0,0,,0,0
393323,22/23,GB1,Premier League,399,Leeds United,38,36,1.0,3,0,8,20,2,0,0,0,2383.0,0,0
393325,21/22,GB1,Premier League,1123,Norwich City,26,26,2.0,1,0,8,14,1,0,0,0,790.0,0,0
39372,19/20,GB1,Premier League,1123,Norwich City,29,20,1.0,0,0,14,4,3,0,0,0,628.0,0,0
39381,20/21,GB1,Premier League,148,Tottenham Hotspur,30,20,11.0,2,0,10,10,1,0,0,0,84.0,0,0
394327,25/26,GB1,Premier League,405,Aston Villa,2,2,0.0,0,0,0,1,1,0,0,0,,0,0
394327,24/25,GB1,Premier League,405,Aston Villa,27,26,1.0,0,0,6,8,2,0,0,0,1728.0,0,0
394327,23/24,GB1,Premier League,405,Aston Villa,20,20,0.0,1,0,0,9,7,0,1,0,,0,0
394327,22/23,GB1,Premier League,405,Aston Villa,24,24,0.0,1,0,3,7,4,0,0,0,,0,0
39471,16/17,GB1,Premier League,641,Middlesbrough FC,36,10,,0,0,0,0,0,0,0,0,900.0,17,3
395239,22/23,GB1,Premier League,281,Manchester City,2,0,0.0,0,0,0,0,0,0,0,0,,0,0
395239,20/21,GB1,Premier League,281,Manchester City,1,0,0.0,0,0,0,0,0,0,0,0,,0,0
39532,16/17,GB1,Premier League,289,Sunderland AFC,20,18,3.0,0,0,4,2,2,0,0,0,405.0,0,0
395516,23/24,GB1,Premier League,405,Aston Villa,38,38,6.0,10,0,13,22,1,0,0,0,364.0,0,0
395797,17/18,GB1,Premier League,1003,Leicester City,2,0,0.0,0,0,0,0,0,0,0,0,,0,0
396174,20/21,GB1,Premier League,1132,Burnley FC,33,3,1.0,0,0,0,0,1,0,0,0,270.0,0,0
396174,19/20,GB1,Premier League,1132,Burnley FC,9,0,0.0,0,0,0,0,0,0,0,0,,0,0
396638,25/26,GB1,Premier League,148,Tottenham Hotspur,1,0,0.0,0,0,0,0,0,0,0,0,,0,0
396638,23/24,GB1,Premier League,148,Tottenham Hotspur,7,5,0.0,2,0,3,2,1,0,0,0,,0,0
396638,22/23,GB1,Premier League,931,Fulham FC,22,19,4.0,0,0,15,3,0,0,0,0,141.0,0,0
39679,18/19,GB1,Premier League,985,Manchester United,17,14,0.0,2,0,8,0,1,0,0,0,,0,0
39679,17/18,GB1,Premier League,985,Manchester United,16,16,4.0,0,0,11,2,1,0,0,0,153.0,0,0
39679,16/17,GB1,Premier League,985,Manchester United,32,28,1.0,0,0,10,4,8,0,1,0,1599.0,0,0
396857,16/17,GB1,Premier League,379,West Ham United,1,0,0.0,0,0,0,0,0,0,0,0,,0,0
396861,20/21,GB1,Premier League,1132,Burnley FC,9,0,0.0,0,0,0,0,0,0,0,0,,0,0
397033,25/26,GB1,Premier League,762,Newcastle United,3,3,0.0,0,0,0,1,0,0,0,0,,0,0
397033,24/25,GB1,Premier League,762,Newcastle United,36,36,4.0,2,0,8,6,5,0,0,0,657.0,0,0
397033,23/24,GB1,Premier League,762,Newcastle United,9,8,1.0,0,0,3,4,2,0,0,0,440.0,0,0
397102,20/21,GB1,Premier League,1132,Burnley FC,23,6,0.0,0,0,4,1,0,0,0,0,,0,0
397102,19/20,GB1,Premier League,1132,Burnley FC,6,0,0.0,0,0,0,0,0,0,0,0,,0,0
397102,18/19,GB1,Premier League,1132,Burnley FC,1,0,0.0,0,0,0,0,0,0,0,0,,0,0
397099,17/18,GB1,Premier League,11,Arsenal FC,2,0,0.0,0,0,0,0,0,0,0,0,,0,0
398065,25/26,GB1,Premier League,762,Newcastle United,3,3,0.0,0,0,1,2,0,0,0,0,,0,0
398065,24/25,GB1,Premier League,762,Newcastle United,34,33,9.0,5,0,16,11,0,0,0,0,195.0,0,0
398065,23/24,GB1,Premier League,762,Newcastle United,21,21,5.0,3,0,14,6,3,0,0,0,159.0,0,0
398065,22/23,GB1,Premier League,1003,Leicester City,34,34,13.0,1,0,2,11,3,0,0,0,209.0,0,0
398065,21/22,GB1,Premier League,1003,Leicester City,35,32,6.0,10,0,8,11,2,0,0,0,351.0,0,0
398065,20/21,GB1,Premier League,1003,Leicester City,26,25,9.0,4,0,3,7,0,0,0,0,217.0,0,0
398065,19/20,GB1,Premier League,1003,Leicester City,38,36,6.0,8,0,12,20,0,0,0,0,348.0,0,0
398065,18/19,GB1,Premier League,1003,Leicester City,17,16,1.0,2,0,5,8,0,0,0,0,1009.0,0,0
398065,17/18,GB1,Premier League,1003,Leicester City,6,3,0.0,0,0,3,0,0,0,0,0,,0,0
398184,21/22,GB1,Premier League,281,Manchester City,7,4,2.0,1,0,0,2,0,0,0,0,153.0,0,0
398184,20/21,GB1,Premier League,281,Manchester City,37,24,7.0,2,0,9,10,1,0,0,0,187.0,0,0
398402,22/23,GB1,Premier League,703,Nottingham Forest,36,20,1.0,0,0,19,1,2,0,0,0,307.0,0,0
398402,19/20,GB1,Premier League,989,AFC Bournemouth,12,4,0.0,0,0,4,0,0,0,0,0,,0,0
398402,18/19,GB1,Premier League,989,AFC Bournemouth,10,2,0.0,0,0,2,0,0,0,0,0,,0,0
398402,16/17,GB1,Premier League,989,AFC Bournemouth,1,0,0.0,0,0,0,0,0,0,0,0,,0,0
39908,16/17,GB1,Premier League,641,Middlesbrough FC,17,16,1.0,0,0,12,3,3,0,0,0,525.0,0,0
399369,19/20,GB1,Premier League,29,Everton FC,10,0,0.0,0,0,0,0,0,0,0,0,,0,0
399369,17/18,GB1,Premier League,29,Everton FC,14,8,0.0,0,0,7,1,1,0,0,0,,0,0
399434,25/26,GB1,Premier League,989,AFC Bournemouth,3,3,1.0,0,0,0,2,0,0,0,0,249.0,0,0
399434,24/25,GB1,Premier League,989,AFC Bournemouth,29,29,3.0,6,0,9,9,6,0,0,0,647.0,0,0
399434,23/24,GB1,Premier League,989,AFC Bournemouth,30,30,3.0,4,0,5,18,3,0,0,0,711.0,0,0
399434,22/23,GB1,Premier League,989,AFC Bournemouth,23,23,5.0,4,0,4,9,1,0,0,0,350.0,0,0
399776,25/26,GB1,Premier League,405,Aston Villa,3,2,0.0,0,0,1,0,0,0,0,0,,0,0
399776,24/25,GB1,Premier League,405,Aston Villa,28,24,0.0,0,0,1,1,2,0,0,0,,0,0
399776,23/24,GB1,Premier League,405,Aston Villa,34,29,2.0,0,0,2,2,1,0,0,0,1232.0,0,0
40043,17/18,GB1,Premier League,2288,Swansea City,7,5,0.0,0,0,1,4,1,0,0,0,,0,0
40043,16/17,GB1,Premier League,2288,Swansea City,25,16,0.0,0,0,0,13,3,0,0,0,,0,0
400536,25/26,GB1,Premier League,379,West Ham United,3,3,,0,0,0,0,0,0,0,0,270.0,8,1
400536,24/25,GB1,Premier League,1003,Leicester City,27,27,,0,0,0,1,1,0,0,0,2385.0,58,1
401173,24/25,GB1,Premier League,631,Chelsea FC,32,31,3.0,5,0,12,12,2,0,0,0,588.0,0,0
401173,23/24,GB1,Premier League,985,Manchester United,3,3,0.0,0,0,3,0,0,0,0,0,,0,0
401173,22/23,GB1,Premier League,985,Manchester United,30,26,6.0,3,0,5,17,0,0,0,0,283.0,0,0
401173,21/22,GB1,Premier League,985,Manchester United,32,29,3.0,3,0,9,9,0,0,0,0,634.0,0,0
401320,24/25,GB1,Premier League,677,Ipswich Town,36,35,0.0,2,0,0,1,6,0,0,0,,0,0
401320,23/24,GB1,Premier League,1132,Burnley FC,34,33,3.0,4,1,1,2,5,0,1,0,965.0,0,0
401320,20/21,GB1,Premier League,984,West Bromwich Albion,36,28,0.0,0,0,3,4,3,0,0,0,,0,0
401356,25/26,GB1,Premier League,379,West Ham United,1,0,0.0,0,0,0,0,0,0,0,0,,0,0
401356,24/25,GB1,Premier League,379,West Ham United,30,28,0.0,1,0,8,15,7,1,0,0,,0,0
401356,23/24,GB1,Premier League,379,West Ham United,32,31,1.0,1,0,3,10,11,0,0,0,2383.0,0,0
401604,21/22,GB1,Premier League,1237,Brighton & Hove Albion,1,0,0.0,0,0,0,0,0,0,0,0,,0,0
401604,20/21,GB1,Premier League,1237,Brighton & Hove Albion,7,0,0.0,0,0,0,0,0,0,0,0,,0,0
40204,20/21,GB1,Premier League,148,Tottenham Hotspur,38,0,0.0,0,0,0,0,0,0,0,0,,0,0
40204,19/20,GB1,Premier League,1132,Burnley FC,29,0,0.0,0,0,0,0,0,0,0,0,,0,0
40204,18/19,GB1,Premier League,1132,Burnley FC,38,19,,0,0,0,0,0,0,0,0,1710.0,41,4
40204,17/18,GB1,Premier League,379,West Ham United,35,19,,0,0,0,0,0,0,0,0,1710.0,39,4
40204,16/17,GB1,Premier League,281,Manchester City,3,0,0.0,0,0,0,0,0,0,0,0,,0,0
402733,23/24,GB1,Premier League,703,Nottingham Forest,24,14,0.0,2,0,6,6,5,0,0,0,,0,0
403151,25/26,GB1,Premier League,631,Chelsea FC,3,3,,0,0,0,0,0,0,0,0,270.0,1,2
403151,24/25,GB1,Premier League,631,Chelsea FC,38,32,,0,0,0,0,5,0,0,0,2880.0,34,10
403151,23/24,GB1,Premier League,631,Chelsea FC,18,16,,0,0,0,1,1,0,0,0,1434.0,25,3
403151,22/23,GB1,Premier League,1237,Brighton & Hove Albion,33,23,,0,0,0,0,2,0,0,0,2070.0,30,6
403151,21/22,GB1,Premier League,1237,Brighton & Hove Albion,37,37,,0,0,0,0,3,0,0,0,3330.0,42,11
403151,20/21,GB1,Premier League,1237,Brighton & Hove Albion,27,27,,0,0,0,0,2,0,0,0,2430.0,27,10
403564,21/22,GB1,Premier League,1123,Norwich City,1,0,0.0,0,0,0,0,0,0,0,0,,0,0
403898,23/24,GB1,Premier League,1132,Burnley FC,15,15,0.0,1,0,0,5,6,0,0,0,,0,0
40423,19/20,GB1,Premier League,281,Manchester City,31,4,,0,0,1,0,0,0,0,0,346.0,7,1
40423,18/19,GB1,Premier League,281,Manchester City,2,0,0.0,0,0,0,0,0,0,0,0,,0,0
40423,17/18,GB1,Premier League,281,Manchester City,38,3,,0,0,1,0,0,0,0,0,225.0,1,2
40423,16/17,GB1,Premier League,281,Manchester City,30,22,,0,0,0,1,0,0,0,0,1969.0,26,6
40433,18/19,GB1,Premier League,985,Manchester United,23,20,1.0,3,0,11,8,3,0,0,0,877.0,0,0
40433,17/18,GB1,Premier League,985,Manchester United,13,12,2.0,3,0,0,5,1,0,0,0,525.0,0,0
40433,17/18,GB1,Premier League,11,Arsenal FC,19,19,7.0,3,0,2,6,4,0,0,1,215.0,0,0
40433,16/17,GB1,Premier League,11,Arsenal FC,38,38,24.0,10,0,2,8,6,0,0,2,134.0,0,0
404584,21/22,GB1,Premier League,1148,Brentford FC,23,7,0.0,1,0,6,0,0,0,0,0,,0,0
404586,18/19,GB1,Premier League,180,Southampton FC,1,1,0.0,0,0,1,0,0,0,0,0,,0,0
404842,25/26,GB1,Premier League,29,Everton FC,1,1,0.0,0,0,0,0,0,0,0,0,,0,0
404842,24/25,GB1,Premier League,29,Everton FC,35,35,1.0,2,0,0,2,4,0,0,0,3084.0,0,0
404842,23/24,GB1,Premier League,29,Everton FC,32,28,2.0,0,0,0,3,0,0,0,0,1236.0,0,0
404842,22/23,GB1,Premier League,29,Everton FC,34,34,0.0,0,0,4,3,4,0,0,0,,0,0
404842,21/22,GB1,Premier League,29,Everton FC,17,13,1.0,0,0,1,2,0,0,0,0,1056.0,0,0
405385,24/25,GB1,Premier League,180,Southampton FC,35,30,1.0,1,0,14,10,4,0,0,0,1557.0,0,0
4055,17/18,GB1,Premier League,1132,Burnley FC,11,0,0.0,0,0,0,0,0,0,0,0,,0,0
4055,16/17,GB1,Premier League,1132,Burnley FC,21,21,1.0,2,0,0,6,7,0,0,0,1770.0,0,0
40567,17/18,GB1,Premier League,984,West Bromwich Albion,27,9,0.0,0,0,4,2,0,0,0,0,,0,0
40567,16/17,GB1,Premier League,984,West Bromwich Albion,36,36,6.0,1,1,0,3,5,0,0,0,524.0,0,0
405686,20/21,GB1,Premier League,1237,Brighton & Hove Albion,2,1,0.0,0,0,1,0,0,0,0,0,,0,0
406008,22/23,GB1,Premier League,180,Southampton FC,5,1,0.0,0,0,0,1,0,0,0,0,,0,0
406008,21/22,GB1,Premier League,180,Southampton FC,34,5,0.0,0,0,2,0,0,0,0,0,,0,0
406008,20/21,GB1,Premier League,180,Southampton FC,9,3,0.0,0,0,2,0,0,0,0,0,,0,0
406008,19/20,GB1,Premier League,180,Southampton FC,21,11,0.0,0,0,1,6,1,0,0,0,,0,0
406008,18/19,GB1,Premier League,180,Southampton FC,24,23,2.0,1,0,3,5,3,1,0,0,857.0,0,0
40613,23/24,GB1,Premier League,1132,Burnley FC,22,4,0.0,0,0,4,0,0,0,0,0,,0,0
40613,21/22,GB1,Premier League,1132,Burnley FC,38,20,1.0,0,0,0,6,4,0,0,0,1676.0,0,0
40613,20/21,GB1,Premier League,1132,Burnley FC,21,16,0.0,0,0,1,3,2,0,0,0,,0,0
40613,19/20,GB1,Premier League,1132,Burnley FC,30,30,0.0,0,0,0,6,1,0,0,0,,0,0
40613,18/19,GB1,Premier League,1132,Burnley FC,37,37,1.0,2,0,0,1,6,0,0,0,3313.0,0,0
40613,17/18,GB1,Premier League,1132,Burnley FC,38,38,2.0,1,0,0,0,7,0,0,0,1710.0,0,0
40613,16/17,GB1,Premier League,2288,Swansea City,36,30,0.0,0,2,5,6,7,0,0,0,,0,0
406040,21/22,GB1,Premier League,1003,Leicester City,33,26,6.0,0,0,10,13,2,0,0,0,243.0,0,0
406040,20/21,GB1,Premier League,931,Fulham FC,34,34,4.0,4,0,3,12,5,0,0,0,689.0,0,0
406040,18/19,GB1,Premier League,29,Everton FC,30,21,0.0,2,0,18,1,0,0,0,0,,0,0
406040,17/18,GB1,Premier League,29,Everton FC,17,7,0.0,0,0,6,1,0,0,0,0,,0,0
406040,16/17,GB1,Premier League,29,Everton FC,16,8,1.0,0,0,5,3,0,0,0,0,290.0,0,0
40611,21/22,GB1,Premier League,1003,Leicester City,9,4,0.0,0,0,0,1,1,0,0,0,,0,0
40611,20/21,GB1,Premier League,180,Southampton FC,29,29,0.0,1,0,0,1,5,0,0,0,,0,0
40611,19/20,GB1,Premier League,180,Southampton FC,34,32,1.0,1,0,1,1,3,0,1,0,2744.0,0,0
40611,18/19,GB1,Premier League,180,Southampton FC,25,24,1.0,0,0,0,0,8,0,0,0,2160.0,0,0
40611,17/18,GB1,Premier League,180,Southampton FC,35,35,0.0,4,0,0,3,2,0,0,0,,0,0
40611,16/17,GB1,Premier League,180,Southampton FC,32,28,2.0,4,0,0,1,3,0,0,0,1254.0,0,0
4063,16/17,GB1,Premier League,641,Middlesbrough FC,37,30,1.0,3,0,6,4,1,0,0,0,2212.0,0,0
406556,22/23,GB1,Premier League,1237,Brighton & Hove Albion,6,0,0.0,0,0,0,0,0,0,0,0,,0,0
406556,21/22,GB1,Premier League,1237,Brighton & Hove Albion,3,0,0.0,0,0,0,0,0,0,0,0,,0,0
406556,20/21,GB1,Premier League,1237,Brighton & Hove Albion,2,0,0.0,0,0,0,0,0,0,0,0,,0,0
406558,18/19,GB1,Premier League,931,Fulham FC,5,0,0.0,0,0,0,0,0,0,0,0,,0,0
406560,23/24,GB1,Premier League,350,Sheffield United,14,13,0.0,0,0,10,3,0,0,1,0,,0,0
406560,20/21,GB1,Premier League,350,Sheffield United,34,27,0.0,0,0,15,10,1,0,0,0,,0,0
406560,19/20,GB1,Premier League,31,Liverpool FC,1,0,0.0,0,0,0,0,0,0,0,0,,0,0
406560,16/17,GB1,Premier League,31,Liverpool FC,1,0,0.0,0,0,0,0,0,0,0,0,,0,0
406559,18/19,GB1,Premier League,148,Tottenham Hotspur,1,0,0.0,0,0,0,0,0,0,0,0,,0,0
406634,25/26,GB1,Premier League,1237,Brighton & Hove Albion,3,2,1.0,0,0,0,1,0,0,0,1,178.0,0,0
406634,24/25,GB1,Premier League,1237,Brighton & Hove Albion,24,21,2.0,3,1,10,11,1,0,0,1,469.0,0,0
406633,19/20,GB1,Premier League,873,Crystal Palace,4,0,0.0,0,0,0,0,0,0,0,0,,0,0
406633,17/18,GB1,Premier League,873,Crystal Palace,1,0,0.0,0,0,0,0,0,0,0,0,,0,0
406635,25/26,GB1,Premier League,281,Manchester City,1,1,0.0,0,0,1,0,0,0,0,0,,0,0
406635,24/25,GB1,Premier League,281,Manchester City,33,28,7.0,2,0,8,10,2,0,0,0,254.0,0,0
406635,23/24,GB1,Premier League,281,Manchester City,37,35,19.0,8,0,2,14,2,0,0,0,151.0,0,0
406635,22/23,GB1,Premier League,281,Manchester City,33,32,11.0,5,0,10,11,1,0,0,0,167.0,0,0
406635,21/22,GB1,Premier League,281,Manchester City,33,28,9.0,5,0,4,9,1,0,0,0,237.0,0,0
406635,20/21,GB1,Premier League,281,Manchester City,38,28,9.0,5,0,11,7,0,0,0,0,179.0,0,0
406635,19/20,GB1,Premier League,281,Manchester City,36,23,5.0,2,0,14,5,0,0,0,0,179.0,0,0
406635,18/19,GB1,Premier League,281,Manchester City,29,13,1.0,0,0,10,2,0,0,0,0,329.0,0,0
406635,17/18,GB1,Premier League,281,Manchester City,13,5,0.0,1,0,5,0,0,0,0,0,,0,0
406637,17/18,GB1,Premier League,148,Tottenham Hotspur,1,0,0.0,0,0,0,0,0,0,0,0,,0,0
406640,20/21,GB1,Premier League,281,Manchester City,1,0,0.0,0,0,0,0,0,0,0,0,,0,0
406638,24/25,GB1,Premier League,1003,Leicester City,35,24,0.0,0,0,14,7,8,0,0,0,,0,0
406638,23/24,GB1,Premier League,148,Tottenham Hotspur,31,21,0.0,0,0,16,4,3,0,0,0,,0,0
406638,22/23,GB1,Premier League,148,Tottenham Hotspur,33,23,1.0,0,0,5,10,7,0,0,0,1496.0,0,0
406638,21/22,GB1,Premier League,148,Tottenham Hotspur,19,18,0.0,0,0,4,2,6,0,0,0,,0,0
406638,19/20,GB1,Premier League,148,Tottenham Hotspur,24,7,0.0,0,0,6,1,0,0,0,0,,0,0
406638,18/19,GB1,Premier League,148,Tottenham Hotspur,21,8,0.0,0,0,6,2,0,0,0,0,,0,0
407021,23/24,GB1,Premier League,1031,Luton Town,12,8,1.0,0,0,4,2,1,0,0,0,399.0,0,0
4072,18/19,GB1,Premier League,1132,Burnley FC,9,6,0.0,0,0,6,0,1,0,0,0,,0,0
4072,17/18,GB1,Premier League,512,Stoke City,35,31,5.0,2,0,17,4,4,0,0,0,311.0,0,0
4072,16/17,GB1,Premier League,512,Stoke City,38,27,7.0,3,0,14,5,3,0,0,0,191.0,0,0
409106,21/22,GB1,Premier League,1010,Watford FC,12,9,0.0,0,0,5,1,3,0,0,0,,0,0
410225,25/26,GB1,Premier League,873,Crystal Palace,3,3,2.0,0,0,0,0,1,0,0,0,135.0,0,0
410225,24/25,GB1,Premier League,873,Crystal Palace,38,38,8.0,7,0,8,17,4,0,0,0,340.0,0,0
410225,21/22,GB1,Premier League,1010,Watford FC,22,22,5.0,2,0,1,4,2,0,0,0,373.0,0,0
410225,19/20,GB1,Premier League,1010,Watford FC,30,28,5.0,6,0,6,8,1,0,0,0,406.0,0,0
410425,24/25,GB1,Premier League,148,Tottenham Hotspur,34,28,2.0,0,0,12,12,7,0,0,0,703.0,0,0
410425,23/24,GB1,Premier League,148,Tottenham Hotspur,28,28,0.0,0,0,2,16,8,1,1,0,,0,0
410425,22/23,GB1,Premier League,148,Tottenham Hotspur,25,23,0.0,0,0,13,6,6,0,0,0,,0,0
410425,21/22,GB1,Premier League,1237,Brighton & Hove Albion,30,26,1.0,2,0,1,7,10,0,0,0,2116.0,0,0
410425,20/21,GB1,Premier League,1237,Brighton & Hove Albion,36,36,1.0,0,0,1,4,8,0,1,0,3114.0,0,0
410425,19/20,GB1,Premier League,1237,Brighton & Hove Albion,29,22,1.0,0,0,7,11,4,0,0,0,1262.0,0,0
410425,18/19,GB1,Premier League,1237,Brighton & Hove Albion,34,28,0.0,0,0,11,6,5,0,0,0,,0,0
410436,20/21,GB1,Premier League,1132,Burnley FC,35,4,,0,0,0,0,0,0,0,0,360.0,14,0
410436,19/20,GB1,Premier League,1132,Burnley FC,9,0,0.0,0,0,0,0,0,0,0,0,,0,0
410708,25/26,GB1,Premier League,399,Leeds United,3,3,0.0,0,0,0,0,0,0,0,0,,0,0
410708,22/23,GB1,Premier League,399,Leeds United,34,29,2.0,1,0,3,6,5,0,0,0,1102.0,0,0
410708,21/22,GB1,Premier League,399,Leeds United,31,29,1.0,0,0,7,2,6,0,1,0,2051.0,0,0
410708,20/21,GB1,Premier League,399,Leeds United,37,27,1.0,0,0,5,4,3,0,0,0,2076.0,0,0
41112,19/20,GB1,Premier League,1010,Watford FC,21,14,0.0,0,0,3,2,5,0,0,0,,0,0
41112,18/19,GB1,Premier League,1010,Watford FC,31,28,3.0,6,0,1,1,12,0,1,0,798.0,0,0
41112,17/18,GB1,Premier League,1010,Watford FC,32,28,0.0,4,0,2,2,7,0,0,0,,0,0
41112,16/17,GB1,Premier League,1010,Watford FC,34,33,2.0,4,0,0,6,14,0,0,0,1455.0,0,0
411295,21/22,GB1,Premier League,399,Leeds United,35,35,11.0,3,0,1,8,7,0,0,4,266.0,0,0
411295,20/21,GB1,Premier League,399,Leeds United,30,30,6.0,9,0,4,7,3,0,0,0,394.0,0,0
411495,20/21,GB1,Premier League,1237,Brighton & Hove Albion,2,0,0.0,0,0,0,0,0,0,0,0,,0,0
411495,18/19,GB1,Premier League,1237,Brighton & Hove Albion,1,0,0.0,0,0,0,0,0,0,0,0,,0,0
411537,25/26,GB1,Premier League,1132,Burnley FC,3,2,0.0,0,0,2,0,0,0,0,0,,0,0
412660,21/22,GB1,Premier League,405,Aston Villa,6,1,0.0,0,0,1,0,0,0,0,0,,0,0
412660,20/21,GB1,Premier League,405,Aston Villa,33,15,1.0,1,0,14,0,0,0,0,0,265.0,0,0
412660,19/20,GB1,Premier League,405,Aston Villa,21,18,0.0,0,0,14,4,0,0,0,0,,0,0
412669,21/22,GB1,Premier League,543,Wolverhampton Wanderers,37,28,2.0,1,0,12,15,0,0,0,0,671.0,0,0
413039,25/26,GB1,Premier League,985,Manchester United,3,3,1.0,0,0,0,0,0,0,0,0,270.0,0,0
413039,24/25,GB1,Premier League,1148,Brentford FC,38,38,20.0,8,0,0,3,3,0,0,5,171.0,0,0
413039,23/24,GB1,Premier League,1148,Brentford FC,25,25,9.0,7,0,3,4,2,0,0,3,218.0,0,0
413039,22/23,GB1,Premier League,1148,Brentford FC,38,38,9.0,8,0,2,26,5,0,0,1,325.0,0,0
413039,21/22,GB1,Premier League,1148,Brentford FC,36,35,4.0,7,0,1,12,4,0,0,1,729.0,0,0
413032,22/23,GB1,Premier League,180,Southampton FC,30,18,0.0,0,0,7,7,4,0,0,0,,0,0
413032,21/22,GB1,Premier League,180,Southampton FC,35,23,0.0,2,0,13,3,1,0,0,0,,0,0
413032,20/21,GB1,Premier League,180,Southampton FC,28,22,0.0,0,0,12,2,3,0,0,0,,0,0
413220,25/26,GB1,Premier League,399,Leeds United,1,1,0.0,0,0,1,0,0,0,0,0,,0,0
413220,24/25,GB1,Premier League,1003,Leicester City,37,36,2.0,2,0,2,11,6,0,0,0,1461.0,0,0
413220,22/23,GB1,Premier League,1003,Leicester City,14,14,0.0,2,0,0,2,0,0,0,0,,0,0
413220,21/22,GB1,Premier League,1003,Leicester City,15,13,0.0,0,0,2,1,0,0,0,0,,0,0
413220,20/21,GB1,Premier League,1003,Leicester City,23,23,2.0,2,0,0,0,4,0,0,0,1035.0,0,0
413220,19/20,GB1,Premier League,1003,Leicester City,38,13,0.0,1,1,2,0,1,0,0,0,,0,0
413403,25/26,GB1,Premier League,405,Aston Villa,2,2,0.0,0,0,0,0,0,0,1,0,,0,0
413403,24/25,GB1,Premier League,405,Aston Villa,35,34,2.0,0,0,1,1,1,0,0,0,1469.0,0,0
413403,23/24,GB1,Premier League,405,Aston Villa,35,35,1.0,1,0,0,5,5,0,0,0,3074.0,0,0
413403,22/23,GB1,Premier League,405,Aston Villa,38,38,0.0,0,0,1,1,6,0,0,0,,0,0
413403,21/22,GB1,Premier League,405,Aston Villa,32,29,2.0,0,0,0,3,4,1,1,0,1241.0,0,0
413403,20/21,GB1,Premier League,405,Aston Villa,36,36,2.0,0,0,1,0,3,0,0,0,1598.0,0,0
413403,19/20,GB1,Premier League,405,Aston Villa,38,25,1.0,2,0,1,5,3,0,0,0,2042.0,0,0
413507,25/26,GB1,Premier League,703,Nottingham Forest,3,3,0.0,0,0,0,0,0,0,0,0,,0,0
413507,24/25,GB1,Premier League,703,Nottingham Forest,37,37,5.0,2,0,0,0,4,0,0,0,666.0,0,0
41384,18/19,GB1,Premier League,379,West Ham United,28,28,10.0,4,0,4,15,3,0,0,1,200.0,0,0
41384,17/18,GB1,Premier League,379,West Ham United,32,31,11.0,6,0,3,13,5,0,1,0,211.0,0,0
41384,16/17,GB1,Premier League,512,Stoke City,32,32,6.0,5,0,0,11,9,0,1,0,454.0,0,0
41416,22/23,GB1,Premier League,873,Crystal Palace,12,4,0.0,0,0,4,0,0,0,0,0,,0,0
41416,21/22,GB1,Premier League,873,Crystal Palace,22,21,0.0,4,0,6,4,3,0,0,0,,0,0
41416,20/21,GB1,Premier League,873,Crystal Palace,19,18,0.0,2,0,1,6,3,0,0,0,,0,0
41416,19/20,GB1,Premier League,873,Crystal Palace,37,37,0.0,4,0,0,15,6,0,0,0,,0,0
41416,18/19,GB1,Premier League,873,Crystal Palace,38,38,3.0,6,0,2,15,7,0,0,0,1024.0,0,0
41416,17/18,GB1,Premier League,873,Crystal Palace,35,33,5.0,1,0,6,9,5,0,0,0,487.0,0,0
41416,16/17,GB1,Premier League,873,Crystal Palace,30,29,5.0,3,0,5,16,5,0,0,0,402.0,0,0
41414,16/17,GB1,Premier League,31,Liverpool FC,35,24,0.0,3,0,12,3,4,0,0,0,,0,0
414908,25/26,GB1,Premier League,543,Wolverhampton Wanderers,3,3,0.0,1,0,0,0,0,0,0,0,,0,0
414908,24/25,GB1,Premier League,543,Wolverhampton Wanderers,14,14,2.0,1,0,2,3,0,0,0,0,540.0,0,0
415381,25/26,GB1,Premier League,1237,Brighton & Hove Albion,2,2,0.0,0,0,0,1,1,0,0,0,,0,0
415381,24/25,GB1,Premier League,1237,Brighton & Hove Albion,28,25,1.0,5,0,15,5,6,0,0,0,1008.0,0,0
415646,21/22,GB1,Premier League,543,Wolverhampton Wanderers,4,0,0.0,0,0,0,0,0,0,0,0,,0,0
415646,19/20,GB1,Premier League,543,Wolverhampton Wanderers,12,1,0.0,0,0,1,0,0,0,0,0,,0,0
415912,25/26,GB1,Premier League,379,West Ham United,3,1,0.0,0,0,0,0,0,0,0,0,,0,0
415912,24/25,GB1,Premier League,379,West Ham United,36,33,0.0,0,0,12,3,4,1,0,0,,0,0
415912,23/24,GB1,Premier League,379,West Ham United,29,19,1.0,0,2,3,1,2,0,0,0,1501.0,0,0
415912,19/20,GB1,Premier League,11,Arsenal FC,3,0,0.0,0,0,0,0,0,0,0,0,,0,0
415912,18/19,GB1,Premier League,11,Arsenal FC,7,4,0.0,0,0,1,3,1,0,0,0,,0,0
415912,17/18,GB1,Premier League,11,Arsenal FC,3,3,0.0,0,0,0,0,0,0,1,0,,0,0
415970,25/26,GB1,Premier League,1132,Burnley FC,3,2,0.0,0,0,2,0,0,0,0,0,,0,0
415970,23/24,GB1,Premier League,703,Nottingham Forest,14,7,0.0,0,0,2,1,0,0,1,0,,0,0
415970,22/23,GB1,Premier League,703,Nottingham Forest,38,30,1.0,0,0,9,1,6,0,0,0,2216.0,0,0
417346,25/26,GB1,Premier League,399,Leeds United,3,2,0.0,0,0,2,0,0,0,0,0,,0,0
417346,24/25,GB1,Premier League,29,Everton FC,38,34,1.0,1,0,10,16,0,0,0,0,2083.0,0,0
417346,23/24,GB1,Premier League,29,Everton FC,30,29,3.0,3,0,4,8,1,0,0,0,740.0,0,0
417346,22/23,GB1,Premier League,399,Leeds United,37,36,5.0,7,0,2,23,2,0,0,0,545.0,0,0
417346,21/22,GB1,Premier League,399,Leeds United,37,35,8.0,1,0,3,12,3,0,0,0,331.0,0,0
417346,20/21,GB1,Premier League,399,Leeds United,36,36,8.0,8,0,2,12,2,0,0,0,357.0,0,0
418560,25/26,GB1,Premier League,281,Manchester City,3,3,3.0,0,0,0,1,0,0,0,0,84.0,0,0
418560,24/25,GB1,Premier League,281,Manchester City,32,31,22.0,3,0,0,6,2,0,0,3,125.0,0,0
418560,23/24,GB1,Premier League,281,Manchester City,32,31,27.0,6,0,2,9,1,0,0,7,95.0,0,0
418560,22/23,GB1,Premier League,281,Manchester City,36,35,36.0,8,0,2,12,5,0,0,7,77.0,0,0
418561,22/23,GB1,Premier League,399,Leeds United,11,0,0.0,0,0,0,0,0,0,0,0,,0,0
418561,21/22,GB1,Premier League,399,Leeds United,38,1,,0,0,1,0,0,0,0,0,35.0,1,0
4190,18/19,GB1,Premier League,603,Cardiff City,12,0,0.0,0,0,0,0,0,0,0,0,,0,0
419025,23/24,GB1,Premier League,379,West Ham United,2,0,0.0,0,0,0,0,0,0,0,0,,0,0
419025,22/23,GB1,Premier League,379,West Ham United,11,1,0.0,0,0,1,0,0,0,0,0,,0,0
419025,21/22,GB1,Premier League,379,West Ham United,3,0,0.0,0,0,0,0,0,0,0,0,,0,0
419025,20/21,GB1,Premier League,379,West Ham United,7,0,0.0,0,0,0,0,0,0,0,0,,0,0
419025,19/20,GB1,Premier League,379,West Ham United,3,0,0.0,0,0,0,0,0,0,0,0,,0,0
419025,18/19,GB1,Premier League,379,West Ham United,4,0,0.0,0,0,0,0,0,0,0,0,,0,0
419325,19/20,GB1,Premier League,29,Everton FC,1,0,0.0,0,0,0,0,0,0,0,0,,0,0
419929,17/18,GB1,Premier League,512,Stoke City,8,3,0.0,0,0,1,1,0,0,0,0,,0,0
419929,16/17,GB1,Premier League,3008,Hull City,17,5,0.0,0,0,1,4,1,0,0,0,,0,0
419930,19/20,GB1,Premier League,989,AFC Bournemouth,21,4,0.0,0,0,3,0,0,0,0,0,,0,0
419930,18/19,GB1,Premier League,989,AFC Bournemouth,17,6,0.0,0,1,2,2,0,0,0,0,,0,0
419930,17/18,GB1,Premier League,989,AFC Bournemouth,17,1,0.0,0,0,0,1,0,0,0,0,,0,0
420002,25/26,GB1,Premier League,873,Crystal Palace,3,3,1.0,0,0,0,2,2,0,0,1,263.0,0,0
420002,24/25,GB1,Premier League,873,Crystal Palace,37,37,14.0,2,0,4,16,2,0,0,2,190.0,0,0
420002,23/24,GB1,Premier League,873,Crystal Palace,37,35,16.0,6,0,10,12,3,0,0,2,143.0,0,0
420002,22/23,GB1,Premier League,873,Crystal Palace,37,29,2.0,0,0,23,6,3,0,0,0,377.0,0,0
420002,21/22,GB1,Premier League,873,Crystal Palace,30,22,5.0,1,0,9,12,2,0,0,0,230.0,0,0
420002,20/21,GB1,Premier League,873,Crystal Palace,18,7,1.0,0,0,5,2,0,0,0,0,218.0,0,0
420243,25/26,GB1,Premier League,11,Arsenal FC,4,4,2.0,1,0,1,1,1,0,0,0,132.0,0,0
420243,24/25,GB1,Premier League,11,Arsenal FC,32,30,1.0,3,0,3,9,7,0,0,0,2423.0,0,0
420243,23/24,GB1,Premier League,11,Arsenal FC,2,2,0.0,0,0,1,1,2,0,0,0,,0,0
420808,24/25,GB1,Premier League,677,Ipswich Town,26,26,3.0,1,0,21,5,3,0,0,0,216.0,0,0
420808,19/20,GB1,Premier League,1003,Leicester City,3,2,0.0,0,0,2,0,0,0,0,0,,0,0
421424,20/21,GB1,Premier League,180,Southampton FC,8,1,0.0,0,0,0,1,0,0,0,0,,0,0
421424,19/20,GB1,Premier League,180,Southampton FC,8,1,0.0,0,0,0,0,0,0,0,0,,0,0
421637,25/26,GB1,Premier League,1148,Brentford FC,3,3,0.0,1,0,3,0,0,0,0,0,,0,0
421637,24/25,GB1,Premier League,1148,Brentford FC,2,2,0.0,0,0,2,0,0,0,0,0,,0,0
421637,23/24,GB1,Premier League,1148,Brentford FC,30,26,1.0,2,0,15,8,8,0,0,0,1153.0,0,0
421637,22/23,GB1,Premier League,1148,Brentford FC,27,21,0.0,2,0,13,8,0,0,0,0,,0,0
421637,21/22,GB1,Premier League,1148,Brentford FC,26,20,0.0,0,0,8,11,4,0,0,0,,0,0
421873,20/21,GB1,Premier League,399,Leeds United,5,0,0.0,0,0,0,0,0,0,0,0,,0,0
42234,18/19,GB1,Premier League,931,Fulham FC,6,5,0.0,1,0,1,0,0,0,0,0,,0,0
42234,16/17,GB1,Premier League,379,West Ham United,28,16,0.0,1,0,5,3,2,0,0,0,,0,0
4233,16/17,GB1,Premier League,989,AFC Bournemouth,22,2,,0,0,0,0,1,0,0,0,180.0,3,1
423440,25/26,GB1,Premier League,11,Arsenal FC,3,3,0.0,0,0,0,0,1,0,0,0,,0,0
423571,19/20,GB1,Premier League,379,West Ham United,1,0,0.0,0,0,0,0,0,0,0,0,,0,0
423744,24/25,GB1,Premier League,1237,Brighton & Hove Albion,2,2,0.0,0,0,1,1,0,0,0,0,,0,0
423744,23/24,GB1,Premier League,1237,Brighton & Hove Albion,31,30,0.0,2,0,6,10,8,0,1,0,,0,0
423744,22/23,GB1,Premier League,1237,Brighton & Hove Albion,30,14,0.0,1,0,7,5,1,0,0,0,,0,0
423744,22/23,GB1,Premier League,631,Chelsea FC,1,0,0.0,0,0,0,0,0,0,0,0,,0,0
423744,21/22,GB1,Premier League,1123,Norwich City,31,24,0.0,1,0,3,6,2,0,0,0,,0,0
423744,20/21,GB1,Premier League,631,Chelsea FC,17,5,0.0,0,0,2,1,0,0,0,0,,0,0
423744,19/20,GB1,Premier League,631,Chelsea FC,11,6,0.0,0,0,4,1,0,0,0,0,,0,0
424015,24/25,GB1,Premier League,29,Everton FC,28,10,0.0,1,0,7,3,1,0,0,0,,0,0
424015,23/24,GB1,Premier League,29,Everton FC,32,20,0.0,2,0,11,2,4,0,0,0,,0,0
424015,22/23,GB1,Premier League,29,Everton FC,21,19,0.0,0,0,5,3,3,0,0,0,,0,0
424015,21/22,GB1,Premier League,29,Everton FC,6,0,0.0,0,0,0,0,0,0,0,0,,0,0
424051,21/22,GB1,Premier League,1010,Watford FC,11,4,0.0,0,0,2,1,0,0,0,0,,0,0
4241,16/17,GB1,Premier League,289,Sunderland AFC,9,2,0.0,0,0,1,0,0,0,0,0,,0,0
42411,16/17,GB1,Premier League,873,Crystal Palace,24,12,1.0,0,0,12,0,0,0,0,0,154.0,0,0
42412,24/25,GB1,Premier League,985,Manchester United,17,7,0.0,0,0,4,2,1,0,0,0,,0,0
42412,23/24,GB1,Premier League,985,Manchester United,26,23,0.0,1,0,8,7,2,0,0,0,,0,0
42412,22/23,GB1,Premier League,1003,Leicester City,16,13,0.0,0,0,1,2,1,0,0,0,,0,0
42412,21/22,GB1,Premier League,1003,Leicester City,20,18,1.0,1,0,2,4,3,0,0,0,1350.0,0,0
42412,20/21,GB1,Premier League,1003,Leicester City,28,28,2.0,2,1,0,3,6,0,0,0,1238.0,0,0
42412,19/20,GB1,Premier League,1003,Leicester City,38,38,1.0,2,1,0,2,7,0,1,0,3386.0,0,0
42412,18/19,GB1,Premier League,1003,Leicester City,34,24,1.0,0,0,3,2,2,0,0,0,1995.0,0,0
42412,17/18,GB1,Premier League,984,West Bromwich Albion,29,28,2.0,1,1,2,4,7,0,0,0,1137.0,0,0
42412,16/17,GB1,Premier League,984,West Bromwich Albion,31,31,2.0,1,0,1,2,8,0,0,0,1319.0,0,0
42413,16/17,GB1,Premier League,289,Sunderland AFC,13,12,0.0,0,0,5,6,4,0,0,0,,0,0
42460,23/24,GB1,Premier League,148,Tottenham Hotspur,5,5,0.0,1,0,5,0,2,0,0,0,,0,0
42460,22/23,GB1,Premier League,148,Tottenham Hotspur,37,34,1.0,8,0,11,13,6,0,0,0,2111.0,0,0
425026,18/19,GB1,Premier League,1003,Leicester City,1,0,0.0,0,0,0,0,0,0,0,0,,0,0
425306,24/25,GB1,Premier League,873,Crystal Palace,32,0,0.0,0,0,0,0,0,0,0,0,,0,0
425306,23/24,GB1,Premier League,703,Nottingham Forest,38,17,,0,0,0,0,2,0,0,0,1530.0,28,2
425306,22/23,GB1,Premier League,11,Arsenal FC,37,0,0.0,0,0,0,0,0,0,0,0,,0,0
425334,25/26,GB1,Premier League,405,Aston Villa,3,3,0.0,0,0,0,1,1,0,0,0,,0,0
425334,24/25,GB1,Premier League,405,Aston Villa,29,27,1.0,1,0,3,8,7,0,0,0,2077.0,0,0
425334,23/24,GB1,Premier League,405,Aston Villa,31,29,2.0,2,1,6,7,8,0,0,0,1072.0,0,0
425334,22/23,GB1,Premier League,405,Aston Villa,27,26,0.0,1,0,6,5,4,0,0,0,,0,0
425334,21/22,GB1,Premier League,405,Aston Villa,38,38,4.0,3,0,0,3,8,0,0,0,845.0,0,0
425334,20/21,GB1,Premier League,405,Aston Villa,29,28,0.0,2,0,0,5,6,1,0,0,,0,0
425713,19/20,GB1,Premier League,1123,Norwich City,3,1,0.0,0,0,1,0,0,0,0,0,,0,0
425902,25/26,GB1,Premier League,703,Nottingham Forest,3,2,0.0,0,0,2,0,0,0,0,0,,0,0
425902,24/25,GB1,Premier League,703,Nottingham Forest,37,35,2.0,1,0,17,5,10,0,0,0,952.0,0,0
425902,23/24,GB1,Premier League,703,Nottingham Forest,37,35,1.0,1,0,14,7,6,0,0,0,1986.0,0,0
425902,22/23,GB1,Premier League,703,Nottingham Forest,26,26,0.0,2,0,5,7,5,0,0,0,,0,0
425894,18/19,GB1,Premier League,543,Wolverhampton Wanderers,1,0,0.0,0,0,0,0,0,0,0,0,,0,0
425918,25/26,GB1,Premier League,11,Arsenal FC,1,0,0.0,0,0,0,0,0,0,0,0,,0,0
425918,24/25,GB1,Premier League,11,Arsenal FC,37,17,1.0,0,0,7,1,1,0,0,0,1117.0,0,0
425918,23/24,GB1,Premier League,11,Arsenal FC,38,20,1.0,3,0,9,4,1,0,0,0,945.0,0,0
425918,22/23,GB1,Premier League,11,Arsenal FC,18,7,1.0,0,0,2,2,0,0,0,0,427.0,0,0
426192,24/25,GB1,Premier League,180,Southampton FC,14,10,0.0,0,0,6,2,1,0,0,0,,0,0
426192,23/24,GB1,Premier League,350,Sheffield United,15,14,6.0,1,0,0,6,3,0,0,1,185.0,0,0
42710,20/21,GB1,Premier League,148,Tottenham Hotspur,35,25,1.0,0,1,0,1,2,0,0,0,2241.0,0,0
42710,19/20,GB1,Premier League,148,Tottenham Hotspur,38,33,2.0,2,1,0,1,7,0,0,0,1479.0,0,0
42710,18/19,GB1,Premier League,148,Tottenham Hotspur,37,34,0.0,0,1,1,3,3,0,0,0,,0,0
42710,17/18,GB1,Premier League,148,Tottenham Hotspur,15,14,0.0,0,0,1,0,3,0,0,0,,0,0
42710,16/17,GB1,Premier League,148,Tottenham Hotspur,30,30,1.0,0,0,0,3,1,0,0,0,2603.0,0,0
427568,25/26,GB1,Premier League,762,Newcastle United,3,0,0.0,0,0,0,0,0,0,0,0,,0,0
427568,24/25,GB1,Premier League,180,Southampton FC,30,30,,0,0,0,0,2,0,0,0,2700.0,66,3
427568,24/25,GB1,Premier League,11,Arsenal FC,2,0,0.0,0,0,0,0,0,0,0,0,,0,0
427568,23/24,GB1,Premier League,11,Arsenal FC,37,6,,0,0,0,0,0,0,0,0,540.0,5,2
427568,22/23,GB1,Premier League,11,Arsenal FC,38,38,,0,0,0,0,1,0,0,0,3420.0,43,14
427568,21/22,GB1,Premier League,11,Arsenal FC,36,34,,0,0,0,0,1,0,0,0,3060.0,39,12
427568,20/21,GB1,Premier League,350,Sheffield United,38,38,,0,0,0,0,1,0,0,0,3420.0,63,5
427568,19/20,GB1,Premier League,989,AFC Bournemouth,37,37,,0,0,0,0,0,0,0,0,3330.0,62,5
427568,17/18,GB1,Premier League,989,AFC Bournemouth,1,0,0.0,0,0,0,0,0,0,0,0,,0,0
427568,16/17,GB1,Premier League,989,AFC Bournemouth,1,0,0.0,0,0,0,0,0,0,0,0,,0,0
427691,20/21,GB1,Premier League,1003,Leicester City,2,0,0.0,0,0,0,0,0,0,0,0,,0,0
428016,24/25,GB1,Premier League,148,Tottenham Hotspur,13,1,,0,0,0,0,0,0,0,0,90.0,2,0
428016,23/24,GB1,Premier League,148,Tottenham Hotspur,18,0,0.0,0,0,0,0,0,0,0,0,,0,0
428016,22/23,GB1,Premier League,148,Tottenham Hotspur,15,0,0.0,0,0,0,0,0,0,0,0,,0,0
428016,21/22,GB1,Premier League,148,Tottenham Hotspur,4,0,0.0,0,0,0,0,0,0,0,0,,0,0
428016,19/20,GB1,Premier League,148,Tottenham Hotspur,4,0,0.0,0,0,0,0,0,0,0,0,,0,0
429014,25/26,GB1,Premier League,703,Nottingham Forest,3,3,0.0,1,0,0,2,0,0,0,0,,0,0
429014,24/25,GB1,Premier League,703,Nottingham Forest,34,34,7.0,10,0,0,20,9,1,0,0,403.0,0,0
429014,23/24,GB1,Premier League,703,Nottingham Forest,37,37,5.0,10,0,2,8,9,0,0,1,632.0,0,0
429014,22/23,GB1,Premier League,703,Nottingham Forest,35,35,5.0,8,0,1,8,5,0,0,2,596.0,0,0
429014,22/23,GB1,Premier League,543,Wolverhampton Wanderers,2,2,0.0,0,0,0,0,1,0,0,0,,0,0
429014,21/22,GB1,Premier League,543,Wolverhampton Wanderers,3,2,0.0,0,0,2,0,1,0,0,0,,0,0
429014,20/21,GB1,Premier League,543,Wolverhampton Wanderers,20,11,1.0,0,0,7,3,1,0,0,0,410.0,0,0
429014,19/20,GB1,Premier League,543,Wolverhampton Wanderers,26,7,0.0,0,0,6,1,0,0,0,0,,0,0
429014,18/19,GB1,Premier League,543,Wolverhampton Wanderers,36,26,0.0,1,0,21,5,1,0,0,0,,0,0
429563,21/22,GB1,Premier League,1148,Brentford FC,1,0,0.0,0,0,0,0,0,0,0,0,,0,0
429915,25/26,GB1,Premier League,1237,Brighton & Hove Albion,3,3,0.0,0,0,0,1,1,0,0,0,,0,0
429983,25/26,GB1,Premier League,543,Wolverhampton Wanderers,2,2,0.0,0,0,0,2,0,0,0,0,,0,0
429983,24/25,GB1,Premier League,543,Wolverhampton Wanderers,35,35,14.0,4,0,5,19,4,0,0,0,186.0,0,0
43003,19/20,GB1,Premier League,11,Arsenal FC,3,3,0.0,0,0,0,0,0,0,0,0,,0,0
43003,18/19,GB1,Premier League,11,Arsenal FC,26,22,1.0,3,0,1,1,5,0,0,0,1861.0,0,0
43003,17/18,GB1,Premier League,11,Arsenal FC,30,28,5.0,2,0,2,3,3,0,0,0,448.0,0,0
43003,16/17,GB1,Premier League,11,Arsenal FC,37,36,0.0,3,0,1,1,5,0,0,0,,0,0
430310,25/26,GB1,Premier League,379,West Ham United,3,2,0.0,0,0,2,0,0,0,0,0,,0,0
430310,24/25,GB1,Premier League,379,West Ham United,25,10,0.0,0,0,9,1,2,0,0,0,,0,0
430788,17/18,GB1,Premier League,512,Stoke City,12,6,0.0,0,0,0,2,0,0,0,0,,0,0
430788,16/17,GB1,Premier League,512,Stoke City,1,0,0.0,0,0,0,0,0,0,0,0,,0,0
43084,20/21,GB1,Premier League,399,Leeds United,11,2,0.0,0,0,1,1,0,0,0,0,,0,0
4311,19/20,GB1,Premier League,29,Everton FC,24,0,0.0,0,0,0,0,0,0,0,0,,0,0
4311,18/19,GB1,Premier League,29,Everton FC,38,0,0.0,0,0,0,0,0,0,0,0,,0,0
4311,17/18,GB1,Premier League,29,Everton FC,8,0,0.0,0,0,0,0,0,0,0,0,,0,0
4311,16/17,GB1,Premier League,29,Everton FC,32,19,,1,0,0,1,2,0,0,0,1684.0,24,4
431424,18/19,GB1,Premier League,148,Tottenham Hotspur,2,0,0.0,0,0,0,0,0,0,0,0,,0,0
431422,20/21,GB1,Premier League,379,West Ham United,10,0,0.0,0,0,0,0,0,0,0,0,,0,0
431422,17/18,GB1,Premier League,379,West Ham United,3,0,0.0,0,0,0,0,0,0,0,0,,0,0
431475,20/21,GB1,Premier League,399,Leeds United,1,0,0.0,0,0,0,0,0,0,0,0,,0,0
431755,24/25,GB1,Premier League,148,Tottenham Hotspur,32,32,7.0,4,0,5,5,3,0,0,0,342.0,0,0
431755,23/24,GB1,Premier League,148,Tottenham Hotspur,36,36,8.0,3,0,5,10,7,0,0,0,346.0,0,0
431755,22/23,GB1,Premier League,148,Tottenham Hotspur,30,30,2.0,7,0,7,19,2,0,0,0,1040.0,0,0
431755,21/22,GB1,Premier League,148,Tottenham Hotspur,18,18,5.0,8,0,4,10,3,0,0,0,253.0,0,0
4321,16/17,GB1,Premier League,289,Sunderland AFC,19,15,0.0,0,0,5,9,5,1,0,0,,0,0
432164,25/26,GB1,Premier League,703,Nottingham Forest,3,3,0.0,0,0,3,0,0,0,0,0,,0,0
432293,18/19,GB1,Premier League,873,Crystal Palace,1,1,0.0,0,0,1,0,0,0,0,0,,0,0
432293,16/17,GB1,Premier League,873,Crystal Palace,1,0,0.0,0,0,0,0,0,0,0,0,,0,0
43250,19/20,GB1,Premier League,148,Tottenham Hotspur,34,23,1.0,1,0,4,3,2,0,0,0,1646.0,0,0
43250,18/19,GB1,Premier League,148,Tottenham Hotspur,23,22,1.0,0,0,0,3,3,1,0,0,1914.0,0,0
43250,17/18,GB1,Premier League,148,Tottenham Hotspur,36,36,0.0,0,0,0,2,4,0,0,0,,0,0
43250,16/17,GB1,Premier League,148,Tottenham Hotspur,33,33,0.0,0,0,0,3,5,0,0,0,,0,0
433177,25/26,GB1,Premier League,11,Arsenal FC,2,2,1.0,0,0,0,1,0,0,0,0,143.0,0,0
433177,24/25,GB1,Premier League,11,Arsenal FC,25,25,6.0,11,0,5,13,3,0,0,1,289.0,0,0
433177,23/24,GB1,Premier League,11,Arsenal FC,35,35,16.0,12,0,0,18,4,0,0,6,184.0,0,0
433177,22/23,GB1,Premier League,11,Arsenal FC,38,38,14.0,12,0,1,14,6,0,0,2,228.0,0,0
433177,21/22,GB1,Premier League,11,Arsenal FC,38,38,11.0,7,0,2,20,6,0,0,2,272.0,0,0
433177,20/21,GB1,Premier League,11,Arsenal FC,36,32,5.0,4,1,2,11,1,0,0,0,512.0,0,0
433177,19/20,GB1,Premier League,11,Arsenal FC,32,26,1.0,5,0,7,9,6,0,0,0,1753.0,0,0
433177,18/19,GB1,Premier League,11,Arsenal FC,3,1,0.0,0,0,1,0,0,0,0,0,,0,0
433183,24/25,GB1,Premier League,543,Wolverhampton Wanderers,33,24,0.0,1,0,21,2,1,0,0,0,,0,0
433183,23/24,GB1,Premier League,543,Wolverhampton Wanderers,32,26,0.0,0,0,15,6,2,0,0,0,,0,0
433183,21/22,GB1,Premier League,281,Manchester City,2,0,0.0,0,0,0,0,0,0,0,0,,0,0
433183,20/21,GB1,Premier League,281,Manchester City,5,0,0.0,0,0,0,0,0,0,0,0,,0,0
433183,19/20,GB1,Premier League,281,Manchester City,6,1,0.0,0,0,1,0,0,0,0,0,,0,0
433186,21/22,GB1,Premier League,1123,Norwich City,6,1,0.0,0,0,1,0,0,0,0,0,,0,0
433181,20/21,GB1,Premier League,631,Chelsea FC,3,0,0.0,0,0,0,0,0,0,0,0,,0,0
433181,19/20,GB1,Premier League,631,Chelsea FC,1,1,0.0,0,0,1,0,0,0,0,0,,0,0
433188,25/26,GB1,Premier League,31,Liverpool FC,3,3,0.0,0,0,2,1,0,0,0,0,,0,0
433188,24/25,GB1,Premier League,31,Liverpool FC,34,33,3.0,4,0,14,13,1,1,0,0,570.0,0,0
433188,23/24,GB1,Premier League,31,Liverpool FC,27,23,1.0,1,0,9,9,3,0,1,0,1166.0,0,0
433188,22/23,GB1,Premier League,31,Liverpool FC,23,18,3.0,1,0,6,10,2,0,0,0,346.0,0,0
433188,21/22,GB1,Premier League,31,Liverpool FC,25,15,1.0,1,0,5,6,0,0,0,0,856.0,0,0
433188,20/21,GB1,Premier League,31,Liverpool FC,36,24,1.0,2,0,11,9,2,0,0,0,1178.0,0,0
433188,19/20,GB1,Premier League,31,Liverpool FC,16,6,1.0,0,0,5,1,0,0,0,0,122.0,0,0
433188,18/19,GB1,Premier League,31,Liverpool FC,1,0,0.0,0,0,0,0,0,0,0,0,,0,0
433188,17/18,GB1,Premier League,31,Liverpool FC,1,0,0.0,0,0,0,0,0,0,0,0,,0,0
433184,17/18,GB1,Premier League,984,West Bromwich Albion,1,0,0.0,0,0,0,0,0,0,0,0,,0,0
434015,22/23,GB1,Premier League,931,Fulham FC,2,0,0.0,0,0,0,0,0,0,0,0,,0,0
434207,21/22,GB1,Premier League,1237,Brighton & Hove Albion,9,4,0.0,0,0,3,1,0,0,0,0,,0,0
434207,20/21,GB1,Premier League,1237,Brighton & Hove Albion,28,17,2.0,1,0,8,8,0,0,0,0,396.0,0,0
434207,19/20,GB1,Premier League,1237,Brighton & Hove Albion,28,24,3.0,2,0,10,14,0,0,0,0,420.0,0,0
434224,25/26,GB1,Premier League,873,Crystal Palace,3,3,0.0,1,0,0,0,1,0,0,0,,0,0
434224,24/25,GB1,Premier League,873,Crystal Palace,35,35,1.0,1,0,0,3,5,0,0,0,3119.0,0,0
434223,21/22,GB1,Premier League,1123,Norwich City,23,17,1.0,1,0,11,3,0,0,0,0,620.0,0,0
434223,19/20,GB1,Premier League,1123,Norwich City,17,12,0.0,0,0,11,1,0,0,0,0,,0,0
434675,25/26,GB1,Premier League,31,Liverpool FC,3,3,1.0,2,0,0,1,0,0,0,0,270.0,0,0
434675,24/25,GB1,Premier League,31,Liverpool FC,35,35,10.0,5,0,12,17,5,0,0,0,194.0,0,0
434675,23/24,GB1,Premier League,31,Liverpool FC,35,35,8.0,5,0,18,14,1,0,0,0,206.0,0,0
434675,22/23,GB1,Premier League,31,Liverpool FC,21,21,7.0,3,0,4,11,0,0,0,0,209.0,0,0
43530,24/25,GB1,Premier League,180,Southampton FC,20,14,0.0,2,0,9,5,4,0,0,0,,0,0
43530,23/24,GB1,Premier League,1237,Brighton & Hove Albion,33,25,0.0,1,0,12,13,2,0,0,0,,0,0
43530,22/23,GB1,Premier League,1237,Brighton & Hove Albion,16,16,2.0,1,0,4,12,0,0,0,0,364.0,0,0
43530,21/22,GB1,Premier League,1237,Brighton & Hove Albion,34,24,0.0,1,0,6,10,4,0,0,0,,0,0
43530,20/21,GB1,Premier League,1237,Brighton & Hove Albion,31,30,1.0,1,0,14,9,0,0,0,0,1590.0,0,0
43530,19/20,GB1,Premier League,31,Liverpool FC,26,15,1.0,1,0,12,3,1,0,0,0,374.0,0,0
43530,18/19,GB1,Premier League,31,Liverpool FC,24,13,0.0,0,0,8,5,1,0,0,0,,0,0
43530,17/18,GB1,Premier League,31,Liverpool FC,14,12,0.0,0,0,11,2,1,0,0,0,,0,0
43530,16/17,GB1,Premier League,31,Liverpool FC,31,31,8.0,7,0,4,17,3,0,0,0,294.0,0,0
435338,25/26,GB1,Premier League,11,Arsenal FC,3,3,0.0,0,0,0,0,0,0,0,0,,0,0
435338,24/25,GB1,Premier League,11,Arsenal FC,28,28,3.0,3,0,0,3,4,0,0,0,788.0,0,0
435338,23/24,GB1,Premier League,11,Arsenal FC,38,36,4.0,1,1,2,2,4,0,0,0,761.0,0,0
435338,22/23,GB1,Premier League,11,Arsenal FC,38,38,3.0,0,0,0,2,5,0,0,0,1137.0,0,0
435338,21/22,GB1,Premier League,11,Arsenal FC,35,35,5.0,0,0,0,3,6,1,0,0,613.0,0,0
435338,20/21,GB1,Premier League,11,Arsenal FC,33,23,2.0,0,0,1,0,2,1,0,0,999.0,0,0
435648,25/26,GB1,Premier League,985,Manchester United,3,1,0.0,0,0,1,0,0,0,0,0,,0,0
435648,24/25,GB1,Premier League,985,Manchester United,32,32,3.0,2,0,18,10,2,0,0,0,465.0,0,0
43763,21/22,GB1,Premier League,1132,Burnley FC,25,12,0.0,1,0,4,1,1,0,0,0,,0,0
43763,20/21,GB1,Premier League,1132,Burnley FC,32,20,0.0,2,1,7,3,1,0,0,0,,0,0
43763,19/20,GB1,Premier League,1132,Burnley FC,36,24,0.0,4,0,3,4,2,0,0,0,,0,0
43763,17/18,GB1,Premier League,512,Stoke City,32,31,0.0,1,0,1,3,5,0,0,0,,0,0
43763,16/17,GB1,Premier League,512,Stoke City,38,36,0.0,1,0,1,0,4,0,0,0,,0,0
438001,25/26,GB1,Premier League,543,Wolverhampton Wanderers,3,2,0.0,0,0,1,0,0,0,0,0,,0,0
438001,24/25,GB1,Premier League,543,Wolverhampton Wanderers,37,29,0.0,0,0,11,4,2,0,0,0,,0,0
438001,23/24,GB1,Premier League,543,Wolverhampton Wanderers,30,12,0.0,0,0,3,2,1,0,0,0,,0,0
43858,17/18,GB1,Premier League,1132,Burnley FC,2,0,0.0,0,0,0,0,0,0,0,0,,0,0
439072,22/23,GB1,Premier League,989,AFC Bournemouth,16,12,2.0,0,0,7,3,1,0,0,0,228.0,0,0
44068,21/22,GB1,Premier League,985,Manchester United,29,7,0.0,0,0,5,2,0,0,0,0,,0,0
44068,20/21,GB1,Premier League,985,Manchester United,26,9,1.0,2,0,3,5,0,0,0,1,511.0,0,0
44068,19/20,GB1,Premier League,985,Manchester United,38,19,0.0,2,0,11,6,1,0,0,0,,0,0
44068,18/19,GB1,Premier League,985,Manchester United,33,22,3.0,3,0,6,11,3,0,0,0,431.0,0,0
44068,17/18,GB1,Premier League,985,Manchester United,36,28,3.0,5,0,5,16,1,0,0,0,644.0,0,0
44068,16/17,GB1,Premier League,985,Manchester United,31,25,6.0,3,1,6,18,3,0,0,0,271.0,0,0
442248,25/26,GB1,Premier League,1148,Brentford FC,1,0,0.0,0,0,0,0,0,0,0,0,,0,0
442248,24/25,GB1,Premier League,1148,Brentford FC,31,22,2.0,0,1,1,1,2,0,0,0,957.0,0,0
442248,23/24,GB1,Premier League,1148,Brentford FC,29,29,2.0,0,0,1,0,1,0,0,0,1261.0,0,0
442248,22/23,GB1,Premier League,1148,Brentford FC,30,30,3.0,0,1,0,0,0,0,0,0,900.0,0,0
442248,21/22,GB1,Premier League,1148,Brentford FC,32,32,1.0,1,0,0,4,1,0,0,0,2697.0,0,0
442531,22/23,GB1,Premier League,631,Chelsea FC,23,10,,0,0,1,0,1,0,0,0,855.0,14,1
442531,21/22,GB1,Premier League,631,Chelsea FC,34,34,,0,0,0,0,3,0,0,0,3060.0,31,14
442531,20/21,GB1,Premier League,631,Chelsea FC,34,31,,0,0,0,1,2,0,0,0,2745.0,25,16
44327,16/17,GB1,Premier League,3008,Hull City,16,16,2.0,2,0,1,1,2,0,0,0,665.0,0,0
444211,24/25,GB1,Premier League,180,Southampton FC,20,18,1.0,0,0,12,4,1,0,0,0,682.0,0,0
444211,21/22,GB1,Premier League,180,Southampton FC,16,4,0.0,0,0,2,2,0,0,0,0,,0,0
444211,20/21,GB1,Premier League,180,Southampton FC,8,3,0.0,0,0,1,2,0,0,0,0,,0,0
444211,19/20,GB1,Premier League,180,Southampton FC,14,9,0.0,2,0,5,4,0,0,0,0,,0,0
444208,23/24,GB1,Premier League,1132,Burnley FC,6,2,0.0,0,0,2,0,0,0,0,0,,0,0
444208,20/21,GB1,Premier League,180,Southampton FC,14,4,0.0,0,0,4,0,0,0,0,0,,0,0
444208,19/20,GB1,Premier League,180,Southampton FC,31,21,3.0,2,0,13,8,1,0,0,0,220.0,0,0
444208,18/19,GB1,Premier League,180,Southampton FC,6,6,1.0,1,0,5,2,1,0,0,0,136.0,0,0
444208,17/18,GB1,Premier League,180,Southampton FC,1,1,0.0,0,0,1,0,0,0,0,0,,0,0
444523,25/26,GB1,Premier League,379,West Ham United,3,3,2.0,0,0,0,0,0,0,0,1,135.0,0,0
444523,24/25,GB1,Premier League,379,West Ham United,34,33,4.0,0,0,6,11,9,0,0,2,596.0,0,0
444523,23/24,GB1,Premier League,379,West Ham United,31,31,4.0,6,0,0,16,10,0,0,2,660.0,0,0
444523,22/23,GB1,Premier League,379,West Ham United,29,28,4.0,3,0,1,20,5,0,0,1,543.0,0,0
444641,21/22,GB1,Premier League,543,Wolverhampton Wanderers,9,0,0.0,0,0,0,0,0,0,0,0,,0,0
445939,25/26,GB1,Premier League,281,Manchester City,3,3,0.0,1,0,1,2,0,0,0,0,,0,0
445939,24/25,GB1,Premier League,281,Manchester City,16,16,7.0,2,0,2,10,0,0,0,0,169.0,0,0
44624,16/17,GB1,Premier League,3008,Hull City,17,12,0.0,2,0,4,3,0,0,0,0,,0,0
44675,17/18,GB1,Premier League,512,Stoke City,3,1,0.0,0,0,0,1,0,0,0,0,,0,0
44675,16/17,GB1,Premier League,512,Stoke City,21,9,3.0,0,0,4,4,1,0,0,2,158.0,0,0
447063,19/20,GB1,Premier League,1123,Norwich City,2,0,0.0,0,0,0,0,0,0,0,0,,0,0
447661,25/26,GB1,Premier League,703,Nottingham Forest,2,0,0.0,0,0,0,0,0,0,0,0,,0,0
447661,23/24,GB1,Premier League,405,Aston Villa,35,35,9.0,5,0,0,9,12,0,0,4,334.0,0,0
447661,22/23,GB1,Premier League,405,Aston Villa,38,37,6.0,6,0,4,9,6,0,1,0,489.0,0,0
447661,21/22,GB1,Premier League,405,Aston Villa,34,34,2.0,3,0,3,9,7,0,0,0,1361.0,0,0
447661,20/21,GB1,Premier League,405,Aston Villa,37,33,0.0,2,0,1,10,8,1,0,0,,0,0
447661,19/20,GB1,Premier League,405,Aston Villa,37,36,3.0,2,0,8,4,8,0,0,0,869.0,0,0
44779,22/23,GB1,Premier League,543,Wolverhampton Wanderers,25,23,1.0,0,0,7,14,5,0,1,0,1247.0,0,0
44779,16/17,GB1,Premier League,631,Chelsea FC,36,35,20.0,7,0,0,8,10,0,0,0,155.0,0,0
44794,19/20,GB1,Premier League,405,Aston Villa,29,10,0.0,0,0,8,2,0,0,0,0,,0,0
44792,20/21,GB1,Premier League,984,West Bromwich Albion,17,10,0.0,0,0,1,0,0,0,1,0,,0,0
44792,17/18,GB1,Premier League,984,West Bromwich Albion,33,33,0.0,1,0,1,5,3,0,0,0,,0,0
44792,16/17,GB1,Premier League,11,Arsenal FC,31,11,0.0,1,0,3,3,3,0,0,0,,0,0
447995,24/25,GB1,Premier League,180,Southampton FC,12,12,1.0,0,0,8,4,1,0,0,0,385.0,0,0
448854,22/23,GB1,Premier League,703,Nottingham Forest,31,19,2.0,2,0,13,6,3,0,0,0,358.0,0,0
448854,21/22,GB1,Premier League,1010,Watford FC,33,33,10.0,6,0,3,12,7,1,0,0,259.0,0,0
44983,21/22,GB1,Premier League,1010,Watford FC,18,4,1.0,0,0,2,1,0,0,0,0,164.0,0,0
44983,19/20,GB1,Premier League,989,AFC Bournemouth,27,24,3.0,1,0,10,7,3,0,0,0,420.0,0,0
44983,18/19,GB1,Premier League,989,AFC Bournemouth,26,25,2.0,1,0,6,4,8,0,0,0,869.0,0,0
44983,17/18,GB1,Premier League,989,AFC Bournemouth,38,28,2.0,1,0,7,2,8,0,0,0,971.0,0,0
44983,16/17,GB1,Premier League,989,AFC Bournemouth,33,27,2.0,0,0,13,4,6,0,0,0,679.0,0,0
450050,25/26,GB1,Premier League,543,Wolverhampton Wanderers,3,3,0.0,0,0,1,2,0,0,0,0,,0,0
450050,24/25,GB1,Premier League,543,Wolverhampton Wanderers,37,35,2.0,7,0,15,19,3,0,0,0,842.0,0,0
450050,23/24,GB1,Premier League,543,Wolverhampton Wanderers,22,22,2.0,1,0,12,8,0,0,1,0,479.0,0,0
45026,20/21,GB1,Premier League,543,Wolverhampton Wanderers,38,37,,0,0,0,1,1,0,0,0,3330.0,51,10
45026,19/20,GB1,Premier League,543,Wolverhampton Wanderers,38,38,,0,0,0,0,0,0,0,0,3420.0,40,13
45026,18/19,GB1,Premier League,543,Wolverhampton Wanderers,37,37,,0,0,0,1,0,0,0,0,3330.0,46,8
450936,21/22,GB1,Premier League,148,Tottenham Hotspur,15,9,1.0,1,0,3,5,1,0,0,0,486.0,0,0
450936,20/21,GB1,Premier League,148,Tottenham Hotspur,36,33,3.0,2,0,5,22,3,0,0,0,702.0,0,0
450936,19/20,GB1,Premier League,148,Tottenham Hotspur,27,21,2.0,2,0,9,10,3,0,0,0,504.0,0,0
45121,16/17,GB1,Premier League,873,Crystal Palace,7,5,0.0,0,0,4,1,0,0,0,0,,0,0
451276,25/26,GB1,Premier League,31,Liverpool FC,3,3,1.0,0,0,0,0,0,0,0,0,270.0,0,0
451276,24/25,GB1,Premier League,31,Liverpool FC,36,36,6.0,7,0,7,12,6,0,0,0,416.0,0,0
451276,23/24,GB1,Premier League,31,Liverpool FC,33,33,3.0,3,0,8,13,1,0,0,0,704.0,0,0
451677,21/22,GB1,Premier League,1123,Norwich City,30,14,0.0,0,0,11,3,0,0,0,0,,0,0
45184,17/18,GB1,Premier League,984,West Bromwich Albion,33,27,0.0,2,0,7,9,2,0,0,0,,0,0
452707,22/23,GB1,Premier League,703,Nottingham Forest,2,0,0.0,0,0,0,0,0,0,0,0,,0,0
45330,17/18,GB1,Premier League,984,West Bromwich Albion,34,16,0.0,0,0,7,3,5,0,0,0,,0,0
45330,16/17,GB1,Premier League,984,West Bromwich Albion,36,33,0.0,0,0,6,6,9,0,0,0,,0,0
45333,20/21,GB1,Premier League,873,Crystal Palace,24,16,0.0,0,0,6,8,1,0,0,0,,0,0
45333,19/20,GB1,Premier League,873,Crystal Palace,38,33,0.0,0,0,17,5,9,0,0,0,,0,0
45333,18/19,GB1,Premier League,29,Everton FC,7,1,0.0,0,0,1,0,0,0,0,0,,0,0
45333,17/18,GB1,Premier League,29,Everton FC,4,4,0.0,0,0,1,3,0,0,0,0,,0,0
45333,16/17,GB1,Premier League,29,Everton FC,14,12,1.0,1,0,5,5,2,0,0,0,613.0,0,0
453704,21/22,GB1,Premier League,1148,Brentford FC,31,12,,1,0,0,0,0,0,0,0,1080.0,24,1
453594,18/19,GB1,Premier League,1110,Huddersfield Town,18,12,0.0,0,0,6,5,1,0,0,0,,0,0
453824,20/21,GB1,Premier League,931,Fulham FC,17,15,3.0,0,0,6,6,0,0,0,1,270.0,0,0
453824,16/17,GB1,Premier League,289,Sunderland AFC,4,0,0.0,0,0,0,0,0,0,0,0,,0,0
45403,22/23,GB1,Premier League,703,Nottingham Forest,18,13,0.0,0,0,12,1,1,0,0,0,,0,0
45403,17/18,GB1,Premier League,2288,Swansea City,12,12,0.0,2,0,2,3,3,0,0,0,,0,0
45403,17/18,GB1,Premier League,379,West Ham United,22,18,3.0,1,0,9,5,2,0,0,0,297.0,0,0
45403,16/17,GB1,Premier League,379,West Ham United,25,25,6.0,3,0,9,11,1,0,0,0,240.0,0,0
45494,24/25,GB1,Premier League,703,Nottingham Forest,5,0,0.0,0,0,0,0,0,0,0,0,,0,0
45494,23/24,GB1,Premier League,703,Nottingham Forest,1,0,0.0,0,0,0,0,0,0,0,0,,0,0
45494,22/23,GB1,Premier League,703,Nottingham Forest,37,4,,0,0,1,0,0,0,0,0,271.0,5,1
45494,21/22,GB1,Premier League,1132,Burnley FC,38,2,,0,0,0,0,0,0,0,0,180.0,6,0
45494,20/21,GB1,Premier League,873,Crystal Palace,5,0,0.0,0,0,0,0,0,0,0,0,,0,0
45494,19/20,GB1,Premier League,873,Crystal Palace,37,3,,0,0,0,0,0,0,0,0,270.0,8,0
45494,18/19,GB1,Premier League,873,Crystal Palace,33,18,,0,0,1,0,0,0,0,0,1575.0,26,5
45494,17/18,GB1,Premier League,873,Crystal Palace,36,27,,0,0,0,0,1,0,0,0,2430.0,41,7
45494,16/17,GB1,Premier League,873,Crystal Palace,37,29,,0,0,0,0,1,0,0,0,2610.0,46,7
456292,23/24,GB1,Premier League,1148,Brentford FC,3,0,0.0,0,0,0,0,0,0,0,0,,0,0
45660,17/18,GB1,Premier League,512,Stoke City,31,30,5.0,5,0,4,9,3,0,0,0,450.0,0,0
45671,21/22,GB1,Premier League,29,Everton FC,8,1,0.0,0,0,1,0,0,0,0,0,,0,0
45671,20/21,GB1,Premier League,29,Everton FC,11,5,0.0,0,0,5,0,1,0,0,0,,0,0
45671,19/20,GB1,Premier League,873,Crystal Palace,5,5,1.0,0,0,3,2,0,0,0,0,176.0,0,0
45671,19/20,GB1,Premier League,29,Everton FC,16,5,1.0,0,0,3,2,0,0,0,0,290.0,0,0
45671,18/19,GB1,Premier League,29,Everton FC,36,25,3.0,3,0,15,6,3,0,0,0,350.0,0,0
45671,17/18,GB1,Premier League,29,Everton FC,16,14,5.0,0,0,2,7,0,0,0,0,198.0,0,0
456877,20/21,GB1,Premier League,984,West Bromwich Albion,10,2,0.0,0,0,2,0,0,0,0,0,,0,0
456877,17/18,GB1,Premier League,984,West Bromwich Albion,5,1,0.0,0,0,1,0,0,0,0,0,,0,0
456877,16/17,GB1,Premier League,984,West Bromwich Albion,3,0,0.0,0,0,0,0,0,0,0,0,,0,0
45693,19/20,GB1,Premier League,1237,Brighton & Hove Albion,37,23,1.0,1,0,16,5,0,0,0,0,790.0,0,0
45693,18/19,GB1,Premier League,1237,Brighton & Hove Albion,38,38,13.0,1,0,8,14,5,0,0,4,193.0,0,0
45693,17/18,GB1,Premier League,1237,Brighton & Hove Albion,36,35,12.0,0,0,10,15,9,0,0,4,183.0,0,0
45760,19/20,GB1,Premier League,1123,Norwich City,34,24,0.0,0,0,10,14,6,0,0,0,,0,0
458178,24/25,GB1,Premier League,677,Ipswich Town,33,32,1.0,0,0,28,4,4,0,0,0,838.0,0,0
45861,17/18,GB1,Premier League,512,Stoke City,29,27,1.0,1,1,0,1,2,0,0,0,2372.0,0,0
45861,16/17,GB1,Premier League,512,Stoke City,35,35,1.0,1,2,0,0,6,0,0,0,3150.0,0,0
45882,20/21,GB1,Premier League,931,Fulham FC,8,0,0.0,0,0,0,0,0,0,0,0,,0,0
45882,18/19,GB1,Premier League,931,Fulham FC,19,2,,0,0,0,0,0,0,0,0,180.0,5,0
459463,21/22,GB1,Premier League,1010,Watford FC,32,25,5.0,2,1,14,6,3,0,0,0,228.0,0,0
46001,21/22,GB1,Premier League,1010,Watford FC,36,36,2.0,1,0,0,1,5,0,0,0,1611.0,0,0
46001,21/22,GB1,Premier League,148,Tottenham Hotspur,1,0,0.0,0,0,0,0,0,0,0,0,,0,0
46001,20/21,GB1,Premier League,148,Tottenham Hotspur,35,25,0.0,0,0,10,1,3,0,0,0,,0,0
46001,19/20,GB1,Premier League,148,Tottenham Hotspur,29,29,2.0,1,0,1,5,8,0,0,0,1228.0,0,0
46001,18/19,GB1,Premier League,148,Tottenham Hotspur,30,29,0.0,3,0,2,8,2,0,0,0,,0,0
46001,17/18,GB1,Premier League,148,Tottenham Hotspur,38,33,1.0,1,0,18,9,3,0,0,0,1395.0,0,0
46001,16/17,GB1,Premier League,148,Tottenham Hotspur,31,25,0.0,3,0,17,7,3,0,0,0,,0,0
460255,17/18,GB1,Premier League,984,West Bromwich Albion,1,0,0.0,0,0,0,0,0,0,0,0,,0,0
460939,25/26,GB1,Premier League,281,Manchester City,3,3,1.0,1,0,0,0,1,0,0,0,270.0,0,0
46156,16/17,GB1,Premier League,281,Manchester City,38,29,1.0,1,1,2,0,6,0,0,0,2533.0,0,0
461833,24/25,GB1,Premier League,1003,Leicester City,37,19,1.0,0,0,7,4,4,0,0,0,1124.0,0,0
461882,20/21,GB1,Premier League,1003,Leicester City,5,1,0.0,0,0,1,0,0,0,0,0,,0,0
461883,25/26,GB1,Premier League,931,Fulham FC,3,3,0.0,0,0,0,0,1,0,0,0,,0,0
461883,24/25,GB1,Premier League,931,Fulham FC,37,35,1.0,0,0,1,0,7,0,0,0,3074.0,0,0
461883,23/24,GB1,Premier League,931,Fulham FC,33,29,1.0,0,0,4,0,4,1,0,0,2300.0,0,0
46220,20/21,GB1,Premier League,399,Leeds United,26,16,0.0,2,0,13,3,1,0,0,0,,0,0
462250,24/25,GB1,Premier League,631,Chelsea FC,20,12,1.0,1,0,9,2,2,0,0,0,363.0,0,0
462250,22/23,GB1,Premier League,631,Chelsea FC,17,16,4.0,0,0,5,7,1,0,1,0,236.0,0,0
462820,20/21,GB1,Premier League,543,Wolverhampton Wanderers,3,0,0.0,0,0,0,0,0,0,0,0,,0,0
462832,21/22,GB1,Premier League,1148,Brentford FC,18,4,0.0,0,0,4,0,0,0,0,0,,0,0
463527,21/22,GB1,Premier League,1237,Brighton & Hove Albion,8,0,0.0,0,0,0,0,0,0,0,0,,0,0
463603,24/25,GB1,Premier League,631,Chelsea FC,22,5,0.0,0,0,2,1,0,0,0,0,,0,0
463603,23/24,GB1,Premier League,631,Chelsea FC,25,18,0.0,1,1,3,2,1,0,0,0,,0,0
463603,22/23,GB1,Premier League,631,Chelsea FC,18,11,1.0,0,0,1,0,2,0,0,0,904.0,0,0
463605,25/26,GB1,Premier League,989,AFC Bournemouth,3,3,0.0,0,0,0,0,0,0,0,0,,0,0
463610,22/23,GB1,Premier League,703,Nottingham Forest,2,0,0.0,0,0,0,0,0,0,0,0,,0,0
463751,21/22,GB1,Premier League,1237,Brighton & Hove Albion,10,0,0.0,0,0,0,0,0,0,0,0,,0,0
46405,19/20,GB1,Premier League,405,Aston Villa,1,0,0.0,0,0,0,0,0,0,0,0,,0,0
465294,20/21,GB1,Premier League,180,Southampton FC,2,1,0.0,0,0,1,0,0,0,0,0,,0,0
465555,25/26,GB1,Premier League,989,AFC Bournemouth,3,3,,0,0,0,0,1,0,0,0,270.0,4,2
465555,23/24,GB1,Premier League,631,Chelsea FC,35,23,,0,0,1,0,2,0,0,0,1986.0,38,5
465606,22/23,GB1,Premier League,1148,Brentford FC,2,1,0.0,0,0,1,0,0,0,0,0,,0,0
465606,21/22,GB1,Premier League,1148,Brentford FC,3,0,0.0,0,0,0,0,0,0,0,0,,0,0
465717,25/26,GB1,Premier League,399,Leeds United,3,3,0.0,0,0,0,1,1,0,0,0,,0,0
465717,23/24,GB1,Premier League,350,Sheffield United,35,34,3.0,1,1,2,9,9,0,0,0,931.0,0,0
465717,20/21,GB1,Premier League,350,Sheffield United,23,16,2.0,0,0,4,3,2,0,0,0,554.0,0,0
465830,19/20,GB1,Premier League,11,Arsenal FC,29,24,0.0,2,0,5,4,6,0,0,0,,0,0
465830,18/19,GB1,Premier League,11,Arsenal FC,37,33,0.0,0,0,10,4,9,0,0,0,,0,0
466794,20/21,GB1,Premier League,281,Manchester City,22,6,0.0,0,0,3,0,0,0,0,0,,0,0
466794,19/20,GB1,Premier League,281,Manchester City,20,13,0.0,0,0,5,3,1,0,0,0,,0,0
466802,20/21,GB1,Premier League,281,Manchester City,5,0,0.0,0,0,0,0,0,0,0,0,,0,0
466805,25/26,GB1,Premier League,281,Manchester City,3,2,0.0,0,0,0,1,1,0,0,0,,0,0
466805,24/25,GB1,Premier League,281,Manchester City,14,11,1.0,0,0,2,4,3,0,0,0,764.0,0,0
466810,23/24,GB1,Premier League,1237,Brighton & Hove Albion,24,19,2.0,0,0,16,3,2,0,0,0,256.0,0,0
46741,20/21,GB1,Premier League,11,Arsenal FC,22,20,1.0,0,0,3,3,1,0,1,0,1396.0,0,0
46741,19/20,GB1,Premier League,11,Arsenal FC,36,33,2.0,1,0,1,1,5,0,2,0,1406.0,0,0
46741,18/19,GB1,Premier League,631,Chelsea FC,38,36,3.0,2,0,0,1,3,0,0,0,1080.0,0,0
46741,17/18,GB1,Premier League,631,Chelsea FC,13,10,1.0,0,0,1,0,3,0,1,0,839.0,0,0
46741,16/17,GB1,Premier League,631,Chelsea FC,34,33,1.0,0,0,0,2,6,0,0,0,2956.0,0,0
467599,18/19,GB1,Premier League,1010,Watford FC,7,2,0.0,0,0,2,0,0,0,0,0,,0,0
467563,24/25,GB1,Premier League,180,Southampton FC,12,4,0.0,0,0,2,0,0,0,0,0,,0,0
467563,22/23,GB1,Premier League,180,Southampton FC,26,24,0.0,2,0,0,6,4,0,0,0,,0,0
467623,25/26,GB1,Premier League,1132,Burnley FC,3,3,1.0,0,0,0,2,1,0,0,0,250.0,0,0
467623,23/24,GB1,Premier League,1132,Burnley FC,24,24,5.0,3,0,2,11,0,0,1,0,382.0,0,0
46791,18/19,GB1,Premier League,873,Crystal Palace,7,4,0.0,0,0,4,0,0,0,0,0,,0,0
46791,17/18,GB1,Premier League,873,Crystal Palace,20,16,3.0,0,0,12,2,0,0,0,0,156.0,0,0
46791,16/17,GB1,Premier League,873,Crystal Palace,21,7,0.0,0,0,7,0,0,0,0,0,,0,0
468002,24/25,GB1,Premier League,677,Ipswich Town,32,23,1.0,2,0,9,3,3,1,0,0,1349.0,0,0
468002,23/24,GB1,Premier League,379,West Ham United,25,14,0.0,0,0,10,0,1,0,0,0,,0,0
468002,22/23,GB1,Premier League,379,West Ham United,27,17,0.0,0,0,8,1,0,0,0,0,,0,0
468002,21/22,GB1,Premier League,379,West Ham United,32,20,1.0,0,0,4,3,1,0,0,0,1398.0,0,0
468002,20/21,GB1,Premier League,379,West Ham United,33,14,1.0,0,0,9,4,1,0,0,0,518.0,0,0
468002,19/20,GB1,Premier League,379,West Ham United,9,3,0.0,0,0,0,0,0,0,0,0,,0,0
468002,18/19,GB1,Premier League,379,West Ham United,1,1,0.0,0,0,0,1,0,0,0,0,,0,0
468002,17/18,GB1,Premier League,379,West Ham United,1,0,0.0,0,0,0,0,0,0,0,0,,0,0
468066,24/25,GB1,Premier League,677,Ipswich Town,33,30,1.0,1,0,5,22,2,0,0,0,1978.0,0,0
468198,24/25,GB1,Premier League,180,Southampton FC,38,32,3.0,0,0,11,13,1,0,0,0,673.0,0,0
468198,22/23,GB1,Premier League,180,Southampton FC,29,21,2.0,0,0,8,10,2,0,0,0,615.0,0,0
468249,23/24,GB1,Premier League,1132,Burnley FC,34,32,0.0,3,0,6,10,1,0,0,0,,0,0
469050,25/26,GB1,Premier League,1148,Brentford FC,3,3,0.0,0,0,0,0,1,0,0,0,,0,0
469050,24/25,GB1,Premier League,1148,Brentford FC,38,38,2.0,5,0,0,0,5,0,0,0,1710.0,0,0
469050,23/24,GB1,Premier League,1148,Brentford FC,33,32,1.0,1,0,3,1,3,0,0,0,2650.0,0,0
469050,22/23,GB1,Premier League,543,Wolverhampton Wanderers,35,26,0.0,0,0,7,0,2,0,1,0,,0,0
469050,21/22,GB1,Premier League,1132,Burnley FC,36,19,2.0,0,0,1,0,2,0,1,0,835.0,0,0
469064,23/24,GB1,Premier League,989,AFC Bournemouth,7,0,0.0,0,0,0,0,0,0,0,0,,0,0
469064,19/20,GB1,Premier League,989,AFC Bournemouth,4,0,0.0,0,0,0,0,0,0,0,0,,0,0
46972,21/22,GB1,Premier League,1123,Norwich City,37,37,11.0,3,0,0,8,4,0,0,3,296.0,0,0
46972,19/20,GB1,Premier League,1123,Norwich City,37,36,11.0,3,0,3,11,3,0,0,2,263.0,0,0
469781,25/26,GB1,Premier League,989,AFC Bournemouth,3,3,0.0,1,0,0,0,0,0,0,0,,0,0
469781,24/25,GB1,Premier League,989,AFC Bournemouth,21,17,0.0,0,0,4,6,5,0,0,0,,0,0
469781,23/24,GB1,Premier League,989,AFC Bournemouth,32,31,4.0,5,0,5,9,13,0,0,0,562.0,0,0
469781,22/23,GB1,Premier League,989,AFC Bournemouth,36,31,2.0,0,0,2,7,7,0,0,0,1248.0,0,0
469860,19/20,GB1,Premier League,405,Aston Villa,12,4,0.0,0,0,4,0,0,0,0,0,,0,0
469958,23/24,GB1,Premier League,1031,Luton Town,21,19,2.0,0,0,7,8,4,0,0,0,510.0,0,0
470606,20/21,GB1,Premier League,31,Liverpool FC,3,0,0.0,0,0,0,0,0,0,0,0,,0,0
470596,24/25,GB1,Premier League,1148,Brentford FC,23,8,0.0,0,0,8,0,0,0,0,0,,0,0
470596,21/22,GB1,Premier League,1148,Brentford FC,4,0,0.0,0,0,0,0,0,0,0,0,,0,0
470607,25/26,GB1,Premier League,148,Tottenham Hotspur,3,3,2.0,0,0,0,3,1,0,0,0,106.0,0,0
470607,24/25,GB1,Premier League,148,Tottenham Hotspur,35,33,11.0,5,0,9,10,5,0,0,0,198.0,0,0
470607,23/24,GB1,Premier League,148,Tottenham Hotspur,32,32,5.0,11,0,9,15,3,0,0,0,419.0,0,0
470607,23/24,GB1,Premier League,703,Nottingham Forest,3,3,0.0,0,0,0,3,0,0,0,0,,0,0
470607,22/23,GB1,Premier League,703,Nottingham Forest,38,38,8.0,3,0,5,12,6,0,0,1,368.0,0,0
47082,18/19,GB1,Premier League,31,Liverpool FC,35,18,2.0,1,0,14,1,1,0,0,0,250.0,0,0
47082,17/18,GB1,Premier League,984,West Bromwich Albion,7,6,0.0,0,0,4,2,0,0,0,0,,0,0
47082,17/18,GB1,Premier League,31,Liverpool FC,14,9,2.0,1,0,4,4,0,0,0,0,216.0,0,0
47082,16/17,GB1,Premier League,31,Liverpool FC,27,20,3.0,1,0,13,7,1,0,0,0,256.0,0,0
471690,24/25,GB1,Premier League,989,AFC Bournemouth,14,3,0.0,0,0,2,1,0,0,0,0,,0,0
471690,23/24,GB1,Premier League,989,AFC Bournemouth,25,20,0.0,1,0,7,5,1,0,0,0,,0,0
471690,21/22,GB1,Premier League,1123,Norwich City,36,34,0.0,2,1,2,3,8,0,0,0,,0,0
471690,19/20,GB1,Premier League,1123,Norwich City,36,36,0.0,2,0,0,0,7,0,0,0,,0,0
472423,25/26,GB1,Premier League,631,Chelsea FC,3,3,0.0,0,0,2,1,1,0,0,0,,0,0
472423,24/25,GB1,Premier League,631,Chelsea FC,23,19,1.0,1,0,7,7,1,0,0,0,1063.0,0,0
472423,23/24,GB1,Premier League,631,Chelsea FC,10,10,0.0,2,0,5,4,0,1,1,0,,0,0
472423,22/23,GB1,Premier League,631,Chelsea FC,16,16,1.0,1,0,2,2,4,0,0,0,1244.0,0,0
472423,21/22,GB1,Premier League,631,Chelsea FC,27,26,5.0,9,1,4,4,4,0,1,0,373.0,0,0
472423,20/21,GB1,Premier League,631,Chelsea FC,35,32,1.0,2,0,7,0,3,0,0,0,2367.0,0,0
472423,19/20,GB1,Premier League,631,Chelsea FC,29,24,0.0,2,0,8,3,1,0,0,0,,0,0
473050,25/26,GB1,Premier League,1148,Brentford FC,3,3,0.0,0,0,1,2,0,0,0,0,,0,0
473050,24/25,GB1,Premier League,1148,Brentford FC,38,38,11.0,2,0,12,20,3,0,0,0,209.0,0,0
473050,23/24,GB1,Premier League,1148,Brentford FC,11,11,2.0,1,0,8,3,0,0,0,0,165.0,0,0
473050,22/23,GB1,Premier League,1148,Brentford FC,20,18,0.0,1,0,11,6,2,0,0,0,,0,0
474382,18/19,GB1,Premier League,762,Newcastle United,1,0,0.0,0,0,0,0,0,0,0,0,,0,0
474701,25/26,GB1,Premier League,379,West Ham United,1,1,0.0,2,0,1,0,0,0,0,0,,0,0
474701,24/25,GB1,Premier League,379,West Ham United,20,19,1.0,1,0,12,6,2,0,0,0,780.0,0,0
474701,22/23,GB1,Premier League,399,Leeds United,36,28,4.0,3,0,16,5,4,0,0,0,354.0,0,0
474701,21/22,GB1,Premier League,399,Leeds United,25,6,0.0,0,0,6,1,0,0,0,0,,0,0
474701,20/21,GB1,Premier League,399,Leeds United,1,0,0.0,0,0,0,0,0,0,0,0,,0,0
475188,25/26,GB1,Premier League,29,Everton FC,3,3,1.0,1,0,0,0,2,0,0,0,270.0,0,0
475188,24/25,GB1,Premier League,631,Chelsea FC,26,13,0.0,1,0,11,2,0,0,0,0,,0,0
475188,22/23,GB1,Premier League,1003,Leicester City,33,31,2.0,2,0,3,11,3,1,0,0,1158.0,0,0
475188,21/22,GB1,Premier League,1003,Leicester City,36,28,1.0,2,0,5,4,4,0,0,0,2105.0,0,0
475411,25/26,GB1,Premier League,631,Chelsea FC,3,1,0.0,0,0,1,0,0,0,0,0,,0,0
475411,24/25,GB1,Premier League,631,Chelsea FC,15,14,0.0,0,0,0,4,7,0,0,0,,0,0
475411,22/23,GB1,Premier League,631,Chelsea FC,16,15,1.0,0,0,3,5,3,0,0,0,1187.0,0,0
475411,22/23,GB1,Premier League,1003,Leicester City,2,2,0.0,0,0,0,0,1,0,0,0,,0,0
475411,21/22,GB1,Premier League,1003,Leicester City,9,7,0.0,0,0,0,0,2,0,0,0,,0,0
475411,20/21,GB1,Premier League,1003,Leicester City,29,28,0.0,1,0,1,5,7,0,0,0,,0,0
475946,25/26,GB1,Premier League,289,Sunderland AFC,3,0,0.0,0,0,0,0,0,0,0,0,,0,0
475959,24/25,GB1,Premier League,281,Manchester City,38,37,5.0,0,0,1,3,2,0,0,0,656.0,0,0
475959,23/24,GB1,Premier League,281,Manchester City,35,28,4.0,2,0,2,4,3,0,0,0,582.0,0,0
476237,23/24,GB1,Premier League,1237,Brighton & Hove Albion,1,0,0.0,0,0,0,0,0,0,0,0,,0,0
476237,22/23,GB1,Premier League,1237,Brighton & Hove Albion,5,0,0.0,0,0,0,0,0,0,0,0,,0,0
476237,21/22,GB1,Premier League,1237,Brighton & Hove Albion,27,9,0.0,0,0,4,5,0,0,0,0,,0,0
476237,20/21,GB1,Premier League,1237,Brighton & Hove Albion,35,15,1.0,0,0,5,6,2,0,0,0,897.0,0,0
476237,19/20,GB1,Premier League,1237,Brighton & Hove Albion,22,19,0.0,0,0,7,2,1,0,0,0,,0,0
476344,23/24,GB1,Premier League,148,Tottenham Hotspur,38,22,1.0,0,0,11,3,4,0,0,0,1155.0,0,0
476344,22/23,GB1,Premier League,148,Tottenham Hotspur,28,26,2.0,1,0,6,7,2,0,1,0,868.0,0,0
476344,21/22,GB1,Premier League,148,Tottenham Hotspur,34,31,1.0,1,0,5,9,5,0,0,0,2289.0,0,0
476352,22/23,GB1,Premier League,703,Nottingham Forest,30,28,0.0,1,0,2,10,7,0,0,0,,0,0
476367,19/20,GB1,Premier League,379,West Ham United,1,0,0.0,0,0,0,0,0,0,0,0,,0,0
47659,17/18,GB1,Premier League,1010,Watford FC,3,0,0.0,0,0,0,0,0,0,0,0,,0,0
47659,16/17,GB1,Premier League,1010,Watford FC,33,2,,0,0,2,0,0,0,0,0,81.0,4,1
476701,25/26,GB1,Premier League,985,Manchester United,3,2,0.0,0,0,2,0,0,0,0,0,,0,0
476701,24/25,GB1,Premier League,985,Manchester United,32,29,1.0,2,1,7,14,11,0,0,0,1792.0,0,0
47713,20/21,GB1,Premier League,873,Crystal Palace,12,4,0.0,0,0,1,0,0,0,0,0,,0,0
47713,19/20,GB1,Premier League,873,Crystal Palace,16,14,0.0,0,0,3,2,1,0,1,0,,0,0
47713,18/19,GB1,Premier League,873,Crystal Palace,27,27,0.0,0,0,0,1,2,0,0,0,,0,0
47713,17/18,GB1,Premier League,873,Crystal Palace,21,19,1.0,2,0,1,1,1,0,0,0,1600.0,0,0
47713,16/17,GB1,Premier League,873,Crystal Palace,10,8,0.0,0,0,0,1,0,0,0,0,,0,0
477758,25/26,GB1,Premier League,379,West Ham United,3,2,0.0,0,0,0,0,0,0,0,0,,0,0
477758,24/25,GB1,Premier League,379,West Ham United,37,36,2.0,5,1,1,2,1,0,0,0,1578.0,0,0
477758,23/24,GB1,Premier League,985,Manchester United,25,22,0.0,2,0,2,4,4,0,0,0,,0,0
477758,22/23,GB1,Premier League,985,Manchester United,26,19,0.0,0,0,3,4,2,0,0,0,,0,0
477758,21/22,GB1,Premier League,985,Manchester United,30,20,0.0,0,0,0,1,2,0,0,0,,0,0
477758,20/21,GB1,Premier League,985,Manchester United,37,34,2.0,4,0,0,0,3,0,0,0,1530.0,0,0
477758,19/20,GB1,Premier League,985,Manchester United,36,35,0.0,4,0,1,2,8,0,0,0,,0,0
477758,18/19,GB1,Premier League,873,Crystal Palace,35,35,0.0,3,0,0,0,4,0,1,0,,0,0
477758,17/18,GB1,Premier League,873,Crystal Palace,14,7,0.0,0,0,0,1,1,0,0,0,,0,0
477758,16/17,GB1,Premier League,873,Crystal Palace,3,0,0.0,0,0,0,0,0,0,0,0,,0,0
478573,25/26,GB1,Premier League,31,Liverpool FC,2,2,1.0,0,0,0,0,2,0,0,0,180.0,0,0
478573,24/25,GB1,Premier League,31,Liverpool FC,37,37,0.0,4,0,0,9,5,0,1,0,,0,0
478573,23/24,GB1,Premier League,31,Liverpool FC,31,26,1.0,0,0,14,11,0,0,0,0,1121.0,0,0
47995,18/19,GB1,Premier League,1110,Huddersfield Town,8,6,0.0,0,0,1,2,1,0,0,0,,0,0
47995,18/19,GB1,Premier League,873,Crystal Palace,16,5,0.0,0,0,5,0,0,0,0,0,,0,0
47995,17/18,GB1,Premier League,873,Crystal Palace,19,10,0.0,0,0,4,3,5,0,0,0,,0,0
47995,16/17,GB1,Premier League,873,Crystal Palace,36,36,0.0,5,0,1,6,9,0,0,0,,0,0
479942,16/17,GB1,Premier League,1010,Watford FC,8,2,0.0,0,0,1,0,0,0,0,0,,0,0
479999,25/26,GB1,Premier League,11,Arsenal FC,1,1,0.0,0,0,1,0,0,0,0,0,,0,0
479999,25/26,GB1,Premier League,873,Crystal Palace,1,1,0.0,0,0,0,1,0,0,0,0,,0,0
479999,24/25,GB1,Premier League,873,Crystal Palace,34,34,8.0,8,0,3,18,1,0,0,1,325.0,0,0
479999,23/24,GB1,Premier League,873,Crystal Palace,27,27,11.0,4,0,3,12,3,0,0,1,188.0,0,0
479999,22/23,GB1,Premier League,873,Crystal Palace,38,38,10.0,4,0,8,15,3,0,0,1,265.0,0,0
479999,21/22,GB1,Premier League,873,Crystal Palace,25,13,1.0,1,0,7,4,1,0,0,0,602.0,0,0
479999,20/21,GB1,Premier League,873,Crystal Palace,36,34,4.0,6,0,5,10,3,0,0,0,641.0,0,0
48002,23/24,GB1,Premier League,379,West Ham United,38,11,0.0,0,0,4,2,1,0,0,0,,0,0
48002,22/23,GB1,Premier League,379,West Ham United,35,16,0.0,0,0,3,2,0,0,0,0,,0,0
48002,21/22,GB1,Premier League,379,West Ham United,11,11,1.0,0,0,0,1,1,0,0,0,922.0,0,0
48002,20/21,GB1,Premier League,379,West Ham United,29,28,3.0,0,0,0,1,4,0,0,0,831.0,0,0
48002,19/20,GB1,Premier League,379,West Ham United,36,31,2.0,0,1,0,1,4,0,0,0,1394.0,0,0
48002,18/19,GB1,Premier League,379,West Ham United,36,24,1.0,1,0,4,0,2,0,0,0,1871.0,0,0
48002,17/18,GB1,Premier League,379,West Ham United,37,32,1.0,0,0,0,0,3,0,0,0,2880.0,0,0
48002,16/17,GB1,Premier League,379,West Ham United,24,20,0.0,0,0,0,1,2,0,0,0,,0,0
480116,24/25,GB1,Premier League,762,Newcastle United,24,10,0.0,1,0,6,3,2,0,0,0,,0,0
480116,23/24,GB1,Premier League,989,AFC Bournemouth,23,23,0.0,1,0,6,5,2,0,0,0,,0,0
480116,22/23,GB1,Premier League,989,AFC Bournemouth,23,23,0.0,2,0,0,1,3,0,0,0,,0,0
480116,19/20,GB1,Premier League,989,AFC Bournemouth,14,8,0.0,0,0,1,0,2,0,0,0,,0,0
48066,20/21,GB1,Premier League,762,Newcastle United,35,18,1.0,0,0,14,4,1,0,0,0,383.0,0,0
48066,19/20,GB1,Premier League,762,Newcastle United,21,19,0.0,4,0,15,1,1,0,0,0,,0,0
48066,18/19,GB1,Premier League,379,West Ham United,16,12,0.0,0,0,9,2,2,0,0,0,,0,0
48066,17/18,GB1,Premier League,379,West Ham United,21,16,3.0,1,0,9,3,5,1,0,0,248.0,0,0
48066,16/17,GB1,Premier League,379,West Ham United,19,18,7.0,1,0,3,6,3,0,0,0,188.0,0,0
480692,24/25,GB1,Premier League,31,Liverpool FC,38,36,13.0,7,0,8,21,2,0,0,0,186.0,0,0
480692,23/24,GB1,Premier League,31,Liverpool FC,37,37,8.0,6,0,5,21,3,0,0,0,331.0,0,0
480692,22/23,GB1,Premier League,31,Liverpool FC,17,17,4.0,2,0,6,6,2,0,0,0,249.0,0,0
480692,21/22,GB1,Premier League,31,Liverpool FC,16,13,4.0,3,0,2,7,0,0,0,0,241.0,0,0
480763,19/20,GB1,Premier League,148,Tottenham Hotspur,11,4,0.0,0,0,3,1,1,0,0,0,,0,0
480763,18/19,GB1,Premier League,148,Tottenham Hotspur,23,12,1.0,0,0,2,1,3,0,1,0,890.0,0,0
480763,17/18,GB1,Premier League,148,Tottenham Hotspur,16,0,0.0,0,0,0,0,0,0,0,0,,0,0
480762,24/25,GB1,Premier League,985,Manchester United,22,20,2.0,1,0,0,3,7,0,0,0,877.0,0,0
480762,23/24,GB1,Premier League,985,Manchester United,11,11,0.0,1,1,3,6,3,0,0,0,,0,0
480762,22/23,GB1,Premier League,985,Manchester United,27,27,1.0,0,0,3,5,6,0,0,0,2117.0,0,0
48078,18/19,GB1,Premier League,1132,Burnley FC,24,20,3.0,0,0,10,8,0,0,0,0,305.0,0,0
48078,17/18,GB1,Premier League,1132,Burnley FC,37,30,4.0,1,0,23,3,3,0,0,0,245.0,0,0
48078,16/17,GB1,Premier League,1132,Burnley FC,37,37,10.0,3,0,16,7,0,0,0,2,206.0,0,0
480987,23/24,GB1,Premier League,989,AFC Bournemouth,24,10,0.0,1,0,4,1,2,0,0,0,,0,0
480987,22/23,GB1,Premier League,989,AFC Bournemouth,33,26,0.0,0,2,2,1,7,0,0,0,,0,0
480987,19/20,GB1,Premier League,989,AFC Bournemouth,23,12,1.0,0,0,2,0,1,0,0,0,911.0,0,0
480987,18/19,GB1,Premier League,989,AFC Bournemouth,15,13,0.0,1,0,3,2,1,0,0,0,,0,0
48280,21/22,GB1,Premier League,985,Manchester United,15,15,2.0,1,0,8,3,0,0,0,0,383.0,0,0
48280,20/21,GB1,Premier League,985,Manchester United,26,26,10.0,3,0,13,5,3,0,0,0,137.0,0,0
483348,25/26,GB1,Premier League,148,Tottenham Hotspur,3,3,0.0,0,0,0,0,1,0,0,0,,0,0
483348,24/25,GB1,Premier League,148,Tottenham Hotspur,33,25,1.0,2,1,6,1,2,1,0,0,1791.0,0,0
483348,22/23,GB1,Premier League,148,Tottenham Hotspur,12,4,0.0,0,0,4,0,0,0,0,0,,0,0
484389,19/20,GB1,Premier League,762,Newcastle United,3,1,0.0,0,0,1,0,0,0,0,0,,0,0
484389,18/19,GB1,Premier League,762,Newcastle United,1,0,0.0,0,0,0,0,0,0,0,0,,0,0
484387,20/21,GB1,Premier League,762,Newcastle United,18,5,0.0,0,0,1,1,0,0,0,0,,0,0
484387,19/20,GB1,Premier League,762,Newcastle United,21,9,2.0,0,0,3,1,1,0,0,0,286.0,0,0
484390,19/20,GB1,Premier League,762,Newcastle United,4,0,0.0,0,0,0,0,0,0,0,0,,0,0
484551,21/22,GB1,Premier League,1237,Brighton & Hove Albion,16,2,0.0,0,0,2,0,0,0,0,0,,0,0
484547,25/26,GB1,Premier League,31,Liverpool FC,1,1,0.0,0,0,0,1,0,0,0,0,,0,0
484838,22/23,GB1,Premier League,405,Aston Villa,15,0,0.0,0,0,0,0,0,0,0,0,,0,0
484838,21/22,GB1,Premier League,405,Aston Villa,2,0,0.0,0,0,0,0,0,0,0,0,,0,0
485424,22/23,GB1,Premier League,180,Southampton FC,26,16,0.0,2,0,9,5,1,0,0,0,,0,0
485424,21/22,GB1,Premier League,180,Southampton FC,22,12,0.0,0,0,7,3,3,0,0,0,,0,0
485424,20/21,GB1,Premier League,180,Southampton FC,34,27,1.0,0,0,12,11,5,0,0,0,1238.0,0,0
485424,19/20,GB1,Premier League,180,Southampton FC,21,18,2.0,2,0,8,5,4,0,1,0,463.0,0,0
485583,25/26,GB1,Premier League,543,Wolverhampton Wanderers,2,2,0.0,0,0,0,2,0,0,0,0,,0,0
485583,21/22,GB1,Premier League,543,Wolverhampton Wanderers,29,8,0.0,0,0,4,1,1,0,0,0,,0,0
485583,20/21,GB1,Premier League,543,Wolverhampton Wanderers,34,12,0.0,0,0,7,1,1,0,0,0,,0,0
485583,19/20,GB1,Premier League,31,Liverpool FC,1,0,0.0,0,0,0,0,0,0,0,0,,0,0
485585,25/26,GB1,Premier League,405,Aston Villa,3,2,0.0,0,0,1,1,0,0,0,0,,0,0
485585,24/25,GB1,Premier League,405,Aston Villa,37,29,1.0,2,0,19,4,2,0,0,0,1127.0,0,0
485585,23/24,GB1,Premier League,631,Chelsea FC,20,12,0.0,0,0,11,1,1,0,0,0,,0,0
485706,25/26,GB1,Premier League,405,Aston Villa,2,2,0.0,0,0,0,1,1,0,0,0,,0,0
485706,24/25,GB1,Premier League,405,Aston Villa,28,26,3.0,0,0,6,13,4,0,0,0,541.0,0,0
485706,23/24,GB1,Premier League,29,Everton FC,31,30,2.0,0,0,7,7,5,0,0,0,1045.0,0,0
485706,22/23,GB1,Premier League,29,Everton FC,34,33,1.0,3,0,4,13,9,0,0,0,2496.0,0,0
486049,25/26,GB1,Premier League,281,Manchester City,3,3,0.0,0,0,2,1,0,0,0,0,,0,0
486049,24/25,GB1,Premier League,281,Manchester City,33,29,3.0,6,0,13,10,1,0,0,0,505.0,0,0
486049,23/24,GB1,Premier League,281,Manchester City,31,29,3.0,10,0,11,11,3,0,0,0,531.0,0,0
486144,24/25,GB1,Premier League,1003,Leicester City,21,10,,0,0,0,0,1,0,0,0,900.0,16,2
486477,21/22,GB1,Premier League,1010,Watford FC,20,13,0.0,0,0,4,5,0,0,0,0,,0,0
486604,24/25,GB1,Premier League,31,Liverpool FC,12,1,,0,0,1,0,0,0,0,0,11.0,0,1
487465,25/26,GB1,Premier League,631,Chelsea FC,3,3,1.0,0,0,0,1,0,0,0,0,261.0,0,0
487465,24/25,GB1,Premier League,631,Chelsea FC,36,35,4.0,6,0,11,9,8,0,0,0,567.0,0,0
487465,23/24,GB1,Premier League,543,Wolverhampton Wanderers,21,20,2.0,12,0,2,6,4,0,0,0,760.0,0,0
487465,22/23,GB1,Premier League,543,Wolverhampton Wanderers,21,18,0.0,1,0,5,11,1,0,0,0,,0,0
487465,21/22,GB1,Premier League,543,Wolverhampton Wanderers,13,13,1.0,1,0,8,5,3,0,0,0,464.0,0,0
487465,20/21,GB1,Premier League,543,Wolverhampton Wanderers,31,31,5.0,6,0,1,11,4,0,0,0,512.0,0,0
487465,19/20,GB1,Premier League,543,Wolverhampton Wanderers,35,29,3.0,3,0,20,8,3,0,0,0,309.0,0,0
487428,19/20,GB1,Premier League,873,Crystal Palace,3,0,0.0,0,0,0,0,0,0,0,0,,0,0
487469,20/21,GB1,Premier League,543,Wolverhampton Wanderers,34,19,0.0,1,0,14,5,0,0,0,0,,0,0
488,16/17,GB1,Premier League,2288,Swansea City,1,0,0.0,0,0,0,0,0,0,0,0,,0,0
488362,23/24,GB1,Premier League,631,Chelsea FC,37,37,5.0,7,0,0,8,7,1,0,0,627.0,0,0
488362,22/23,GB1,Premier League,631,Chelsea FC,37,35,3.0,1,0,17,9,9,1,0,0,539.0,0,0
488362,21/22,GB1,Premier League,873,Crystal Palace,34,34,8.0,3,0,1,7,10,0,0,0,356.0,0,0
488362,20/21,GB1,Premier League,984,West Bromwich Albion,32,30,2.0,2,0,2,3,11,0,0,0,1266.0,0,0
488656,22/23,GB1,Premier League,989,AFC Bournemouth,15,6,0.0,0,0,6,0,0,0,0,0,,0,0
48870,21/22,GB1,Premier League,1148,Brentford FC,12,2,,0,0,0,0,0,0,0,0,180.0,5,0
48870,20/21,GB1,Premier League,29,Everton FC,8,0,0.0,0,0,0,0,0,0,0,0,,0,0
48870,19/20,GB1,Premier League,29,Everton FC,13,0,0.0,0,0,0,0,0,0,0,0,,0,0
48870,18/19,GB1,Premier League,1110,Huddersfield Town,34,31,,0,0,1,0,1,0,0,0,2777.0,54,5
48870,17/18,GB1,Premier League,1110,Huddersfield Town,38,38,,1,0,0,0,1,0,0,0,3420.0,58,10
488935,25/26,GB1,Premier League,1148,Brentford FC,3,0,0.0,0,0,0,0,0,0,0,0,,0,0
488935,24/25,GB1,Premier League,1148,Brentford FC,38,2,,0,0,1,0,0,0,0,0,144.0,2,1
488935,23/24,GB1,Premier League,1148,Brentford FC,4,0,0.0,0,0,0,0,0,0,0,0,,0,0
489359,25/26,GB1,Premier League,399,Leeds United,2,2,0.0,0,0,0,2,0,0,0,0,,0,0
48950,16/17,GB1,Premier League,641,Middlesbrough FC,14,6,0.0,0,0,4,1,0,0,0,0,,0,0
490224,23/24,GB1,Premier League,350,Sheffield United,1,0,0.0,0,0,0,0,0,0,0,0,,0,0
490307,22/23,GB1,Premier League,1237,Brighton & Hove Albion,6,6,0.0,1,0,4,2,0,0,0,0,,0,0
490307,21/22,GB1,Premier League,1237,Brighton & Hove Albion,24,18,2.0,5,0,6,7,2,0,0,0,497.0,0,0
490606,23/24,GB1,Premier League,631,Chelsea FC,15,0,0.0,0,0,0,0,0,0,0,0,,0,0
491296,23/24,GB1,Premier League,1132,Burnley FC,13,6,0.0,0,0,5,1,0,0,1,0,,0,0
493003,25/26,GB1,Premier League,873,Crystal Palace,3,3,0.0,1,0,0,0,1,0,0,0,,0,0
493003,24/25,GB1,Premier League,873,Crystal Palace,37,37,4.0,6,0,0,4,10,0,0,0,808.0,0,0
493003,23/24,GB1,Premier League,873,Crystal Palace,16,16,0.0,4,0,0,1,4,0,0,0,,0,0
493513,23/24,GB1,Premier League,11,Arsenal FC,5,0,0.0,0,0,0,0,0,0,0,0,,0,0
493513,22/23,GB1,Premier League,11,Arsenal FC,1,0,0.0,0,0,0,0,0,0,0,0,,0,0
493513,21/22,GB1,Premier League,11,Arsenal FC,1,0,0.0,0,0,0,0,0,0,0,0,,0,0
494237,25/26,GB1,Premier League,289,Sunderland AFC,3,3,2.0,0,0,3,0,0,0,0,0,33.0,0,0
494284,20/21,GB1,Premier League,31,Liverpool FC,1,0,0.0,0,0,0,0,0,0,0,0,,0,0
494880,25/26,GB1,Premier League,931,Fulham FC,3,1,0.0,0,0,0,1,0,0,0,0,,0,0
494880,24/25,GB1,Premier League,931,Fulham FC,26,8,0.0,0,0,4,1,0,0,0,0,,0,0
49499,20/21,GB1,Premier League,31,Liverpool FC,38,38,2.0,0,0,4,10,1,0,0,0,1474.0,0,0
49499,19/20,GB1,Premier League,31,Liverpool FC,37,37,4.0,0,0,2,15,0,0,0,0,737.0,0,0
49499,18/19,GB1,Premier League,31,Liverpool FC,35,35,3.0,0,0,3,13,3,0,0,0,912.0,0,0
49499,17/18,GB1,Premier League,31,Liverpool FC,35,33,1.0,2,0,6,6,1,0,0,0,2387.0,0,0
49499,16/17,GB1,Premier League,31,Liverpool FC,37,36,6.0,9,0,3,9,2,0,0,0,496.0,0,0
495033,22/23,GB1,Premier League,985,Manchester United,4,0,0.0,0,0,0,0,0,0,0,0,,0,0
495033,20/21,GB1,Premier League,985,Manchester United,1,0,0.0,0,0,0,0,0,0,0,0,,0,0
49501,18/19,GB1,Premier League,1110,Huddersfield Town,30,20,0.0,0,0,7,6,2,0,0,0,,0,0
49501,17/18,GB1,Premier League,1110,Huddersfield Town,20,19,1.0,1,0,2,11,1,0,0,0,1338.0,0,0
49542,20/21,GB1,Premier League,350,Sheffield United,25,16,3.0,0,0,9,3,1,0,0,2,243.0,0,0
49542,19/20,GB1,Premier League,350,Sheffield United,36,25,3.0,2,0,15,10,1,0,1,0,349.0,0,0
495441,18/19,GB1,Premier League,1110,Huddersfield Town,1,0,0.0,0,0,0,0,0,0,0,0,,0,0
495666,25/26,GB1,Premier League,11,Arsenal FC,3,3,0.0,0,0,0,1,0,0,0,0,,0,0
495666,24/25,GB1,Premier League,11,Arsenal FC,35,35,2.0,0,0,0,2,2,0,1,0,1521.0,0,0
495666,23/24,GB1,Premier League,11,Arsenal FC,38,38,2.0,1,0,0,0,4,0,0,0,1710.0,0,0
495666,22/23,GB1,Premier League,11,Arsenal FC,27,27,2.0,1,1,0,1,4,0,0,0,1208.0,0,0
495993,21/22,GB1,Premier League,543,Wolverhampton Wanderers,1,0,0.0,0,0,0,0,0,0,0,0,,0,0
49655,16/17,GB1,Premier League,984,West Bromwich Albion,3,1,0.0,0,0,1,0,0,0,0,0,,0,0
497291,24/25,GB1,Premier League,703,Nottingham Forest,37,34,0.0,1,0,11,18,9,0,0,0,,0,0
497291,23/24,GB1,Premier League,703,Nottingham Forest,32,26,2.0,2,0,7,16,4,0,0,0,752.0,0,0
49734,16/17,GB1,Premier League,289,Sunderland AFC,7,7,0.0,0,0,2,4,1,0,0,0,,0,0
49755,21/22,GB1,Premier League,1132,Burnley FC,19,3,0.0,0,0,2,0,1,0,0,0,,0,0
49755,20/21,GB1,Premier League,1132,Burnley FC,26,7,0.0,0,0,4,2,1,0,0,0,,0,0
49755,20/21,GB1,Premier League,1237,Brighton & Hove Albion,1,0,0.0,0,0,0,0,0,0,0,0,,0,0
49755,19/20,GB1,Premier League,1237,Brighton & Hove Albion,35,33,0.0,1,0,5,4,8,0,0,0,,0,0
49755,18/19,GB1,Premier League,1237,Brighton & Hove Albion,31,30,1.0,1,0,1,2,6,0,1,0,2487.0,0,0
49755,17/18,GB1,Premier League,1237,Brighton & Hove Albion,36,36,0.0,3,0,0,0,6,0,0,0,,0,0
499604,16/17,GB1,Premier League,1010,Watford FC,5,2,0.0,0,0,2,0,0,0,0,0,,0,0
50057,18/19,GB1,Premier League,11,Arsenal FC,31,28,4.0,6,0,14,10,0,0,0,0,332.0,0,0
50057,17/18,GB1,Premier League,11,Arsenal FC,24,24,7.0,8,0,3,5,0,0,0,0,264.0,0,0
50057,16/17,GB1,Premier League,11,Arsenal FC,24,23,1.0,5,0,10,3,3,0,0,0,1229.0,0,0
500689,25/26,GB1,Premier League,405,Aston Villa,3,2,0.0,0,0,1,1,0,0,0,0,,0,0
50174,21/22,GB1,Premier League,1010,Watford FC,15,8,0.0,0,0,1,1,4,0,0,0,,0,0
50174,19/20,GB1,Premier League,762,Newcastle United,13,11,0.0,0,0,1,3,2,0,0,0,,0,0
50174,19/20,GB1,Premier League,148,Tottenham Hotspur,15,12,0.0,0,0,2,3,5,0,0,0,,0,0
50174,18/19,GB1,Premier League,148,Tottenham Hotspur,31,26,0.0,3,0,6,6,5,0,0,0,,0,0
50174,17/18,GB1,Premier League,148,Tottenham Hotspur,20,10,0.0,1,0,1,3,4,0,0,0,,0,0
50174,16/17,GB1,Premier League,148,Tottenham Hotspur,18,18,2.0,2,0,0,3,8,0,0,0,767.0,0,0
50201,21/22,GB1,Premier League,873,Crystal Palace,37,25,4.0,1,0,14,5,3,0,0,0,284.0,0,0
50201,20/21,GB1,Premier League,873,Crystal Palace,34,30,10.0,1,0,9,9,1,1,0,0,182.0,0,0
50201,19/20,GB1,Premier League,873,Crystal Palace,27,24,2.0,1,0,11,6,4,0,1,0,629.0,0,0
50201,18/19,GB1,Premier League,873,Crystal Palace,20,16,1.0,1,0,7,6,1,0,0,0,813.0,0,0
50201,17/18,GB1,Premier League,873,Crystal Palace,31,31,3.0,6,0,7,3,6,0,0,1,745.0,0,0
50201,16/17,GB1,Premier League,873,Crystal Palace,36,36,15.0,2,0,0,7,10,0,0,2,209.0,0,0
50202,18/19,GB1,Premier League,631,Chelsea FC,37,37,16.0,15,0,5,8,2,0,0,4,183.0,0,0
50202,17/18,GB1,Premier League,631,Chelsea FC,35,34,12.0,4,0,6,17,2,0,0,2,203.0,0,0
50202,16/17,GB1,Premier League,631,Chelsea FC,36,36,16.0,5,0,0,25,3,0,0,2,188.0,0,0
502070,22/23,GB1,Premier League,931,Fulham FC,2,0,0.0,0,0,0,0,0,0,0,0,,0,0
502065,21/22,GB1,Premier League,379,West Ham United,11,0,0.0,0,0,0,0,0,0,0,0,,0,0
502073,20/21,GB1,Premier League,543,Wolverhampton Wanderers,3,0,0.0,0,0,0,0,0,0,0,0,,0,0
502073,19/20,GB1,Premier League,543,Wolverhampton Wanderers,3,0,0.0,0,0,0,0,0,0,0,0,,0,0
502074,20/21,GB1,Premier League,931,Fulham FC,1,0,0.0,0,0,0,0,0,0,0,0,,0,0
50219,18/19,GB1,Premier League,31,Liverpool FC,37,0,0.0,0,0,0,0,0,0,0,0,,0,0
50219,17/18,GB1,Premier League,31,Liverpool FC,37,19,,0,0,0,0,3,0,0,0,1710.0,24,7
50219,16/17,GB1,Premier League,31,Liverpool FC,38,28,,0,0,0,0,0,0,0,0,2520.0,30,9
502676,25/26,GB1,Premier League,31,Liverpool FC,3,0,0.0,0,0,0,0,0,0,0,0,,0,0
502821,25/26,GB1,Premier League,11,Arsenal FC,3,3,1.0,2,0,0,2,1,0,0,0,226.0,0,0
502821,24/25,GB1,Premier League,11,Arsenal FC,22,19,2.0,1,0,8,8,4,0,0,0,493.0,0,0
503241,21/22,GB1,Premier League,873,Crystal Palace,2,0,0.0,0,0,0,0,0,0,0,0,,0,0
503241,20/21,GB1,Premier League,873,Crystal Palace,5,0,0.0,0,0,0,0,0,0,0,0,,0,0
50362,21/22,GB1,Premier League,29,Everton FC,16,11,0.0,0,0,3,6,2,0,0,0,,0,0
50362,20/21,GB1,Premier League,29,Everton FC,15,8,0.0,0,0,6,1,1,0,0,0,,0,0
50362,19/20,GB1,Premier League,29,Everton FC,17,16,0.0,0,0,3,2,3,1,0,0,,0,0
50362,18/19,GB1,Premier League,281,Manchester City,17,11,0.0,1,0,3,2,1,0,1,0,,0,0
50362,17/18,GB1,Premier League,281,Manchester City,25,22,1.0,2,0,1,6,2,0,0,0,1746.0,0,0
50362,16/17,GB1,Premier League,281,Manchester City,13,7,1.0,0,0,5,0,1,0,0,0,220.0,0,0
503679,22/23,GB1,Premier League,31,Liverpool FC,2,0,0.0,0,0,0,0,0,0,0,0,,0,0
503679,21/22,GB1,Premier League,31,Liverpool FC,1,0,0.0,0,0,0,0,0,0,0,0,,0,0
503679,20/21,GB1,Premier League,31,Liverpool FC,25,9,0.0,0,0,2,1,0,0,0,0,,0,0
503683,20/21,GB1,Premier League,1132,Burnley FC,12,0,0.0,0,0,0,0,0,0,0,0,,0,0
503683,19/20,GB1,Premier League,1132,Burnley FC,6,0,0.0,0,0,0,0,0,0,0,0,,0,0
503683,18/19,GB1,Premier League,1132,Burnley FC,1,0,0.0,0,0,0,0,0,0,0,0,,0,0
503686,25/26,GB1,Premier League,289,Sunderland AFC,2,2,1.0,0,0,0,1,0,0,0,0,99.0,0,0
503680,25/26,GB1,Premier League,703,Nottingham Forest,3,3,0.0,0,0,0,0,1,0,0,0,,0,0
503680,24/25,GB1,Premier League,703,Nottingham Forest,38,35,1.0,3,0,7,5,7,0,0,0,2592.0,0,0
503680,23/24,GB1,Premier League,703,Nottingham Forest,31,26,0.0,1,0,8,4,4,0,0,0,,0,0
503680,22/23,GB1,Premier League,703,Nottingham Forest,33,31,1.0,0,0,11,5,7,0,0,0,1876.0,0,0
503680,21/22,GB1,Premier League,31,Liverpool FC,13,1,0.0,1,0,1,0,0,0,0,0,,0,0
503680,20/21,GB1,Premier League,31,Liverpool FC,31,6,0.0,0,0,3,3,1,0,0,0,,0,0
503680,19/20,GB1,Premier League,31,Liverpool FC,15,6,0.0,0,0,3,3,1,0,0,0,,0,0
503688,21/22,GB1,Premier League,1148,Brentford FC,13,2,0.0,0,0,0,2,0,0,0,0,,0,0
503687,21/22,GB1,Premier League,148,Tottenham Hotspur,1,0,0.0,0,0,0,0,0,0,0,0,,0,0
503733,25/26,GB1,Premier League,762,Newcastle United,2,2,0.0,0,0,0,0,0,0,1,0,,0,0
503733,24/25,GB1,Premier League,762,Newcastle United,34,34,6.0,6,0,6,19,2,0,0,1,408.0,0,0
503733,23/24,GB1,Premier League,762,Newcastle United,35,35,11.0,15,0,1,17,10,1,0,1,264.0,0,0
503733,22/23,GB1,Premier League,762,Newcastle United,16,16,1.0,0,0,12,5,1,0,0,0,481.0,0,0
503733,22/23,GB1,Premier League,29,Everton FC,17,16,3.0,0,0,4,5,6,0,0,0,366.0,0,0
503733,21/22,GB1,Premier League,29,Everton FC,37,35,4.0,2,0,10,11,4,0,0,0,572.0,0,0
503733,20/21,GB1,Premier League,29,Everton FC,11,3,0.0,0,0,2,1,0,0,0,0,,0,0
503733,19/20,GB1,Premier League,29,Everton FC,16,11,0.0,1,0,7,4,0,0,0,0,,0,0
503743,25/26,GB1,Premier League,405,Aston Villa,3,3,0.0,0,0,0,0,0,0,0,0,,0,0
503743,24/25,GB1,Premier League,405,Aston Villa,37,37,8.0,11,0,0,18,10,0,0,0,391.0,0,0
503743,23/24,GB1,Premier League,405,Aston Villa,14,11,3.0,1,0,3,5,3,0,0,0,214.0,0,0
503749,25/26,GB1,Premier League,762,Newcastle United,2,2,0.0,0,0,1,1,0,0,0,0,,0,0
503749,24/25,GB1,Premier League,405,Aston Villa,29,29,1.0,5,0,10,17,2,1,0,0,1628.0,0,0
503749,23/24,GB1,Premier League,405,Aston Villa,16,16,1.0,1,0,8,3,2,0,0,0,851.0,0,0
503749,22/23,GB1,Premier League,405,Aston Villa,35,35,6.0,7,1,4,15,5,0,0,0,441.0,0,0
503749,21/22,GB1,Premier League,405,Aston Villa,35,34,6.0,1,0,5,15,6,0,0,0,413.0,0,0
503749,20/21,GB1,Premier League,405,Aston Villa,30,22,0.0,0,0,16,6,0,0,0,0,,0,0
503769,21/22,GB1,Premier League,11,Arsenal FC,7,0,0.0,0,0,0,0,0,0,0,0,,0,0
503770,21/22,GB1,Premier League,11,Arsenal FC,2,2,0.0,0,0,1,1,0,0,0,0,,0,0
503768,19/20,GB1,Premier League,11,Arsenal FC,1,0,0.0,0,0,0,0,0,0,0,0,,0,0
503795,21/22,GB1,Premier League,1010,Watford FC,33,16,0.0,0,0,7,4,0,0,0,0,,0,0
503795,19/20,GB1,Premier League,379,West Ham United,7,5,0.0,0,0,0,1,0,0,0,0,,0,0
503866,24/25,GB1,Premier League,180,Southampton FC,6,4,0.0,0,0,2,2,0,0,0,0,,0,0
503975,23/24,GB1,Premier League,543,Wolverhampton Wanderers,9,0,0.0,0,0,0,0,0,0,0,0,,0,0
503975,22/23,GB1,Premier League,543,Wolverhampton Wanderers,17,6,0.0,0,0,5,1,1,0,0,0,,0,0
503976,21/22,GB1,Premier League,180,Southampton FC,3,0,0.0,0,0,0,0,0,0,0,0,,0,0
503980,22/23,GB1,Premier League,399,Leeds United,17,15,0.0,2,0,14,2,1,0,0,0,,0,0
503980,21/22,GB1,Premier League,399,Leeds United,31,20,2.0,4,0,15,3,4,0,0,0,368.0,0,0
503980,20/21,GB1,Premier League,399,Leeds United,8,0,0.0,0,0,0,0,0,0,0,0,,0,0
503977,24/25,GB1,Premier League,180,Southampton FC,34,34,1.0,0,0,2,5,9,0,0,0,2828.0,0,0
503977,20/21,GB1,Premier League,281,Manchester City,2,0,0.0,0,0,0,0,0,0,0,0,,0,0
503977,19/20,GB1,Premier League,281,Manchester City,2,0,0.0,0,0,0,0,0,0,0,0,,0,0
503987,25/26,GB1,Premier League,11,Arsenal FC,3,3,0.0,0,0,1,2,0,0,0,0,,0,0
503987,24/25,GB1,Premier League,631,Chelsea FC,33,32,7.0,4,0,5,21,3,0,0,0,292.0,0,0
503987,23/24,GB1,Premier League,631,Chelsea FC,33,23,5.0,3,0,10,11,2,0,0,1,211.0,0,0
503987,22/23,GB1,Premier League,631,Chelsea FC,16,12,1.0,0,0,5,7,0,0,0,0,646.0,0,0
503988,22/23,GB1,Premier League,703,Nottingham Forest,6,1,0.0,0,0,1,0,0,0,0,0,,0,0
503981,25/26,GB1,Premier League,762,Newcastle United,3,3,0.0,1,0,0,0,0,0,0,0,,0,0
503981,24/25,GB1,Premier League,762,Newcastle United,37,37,0.0,1,0,5,7,1,0,0,0,,0,0
503981,23/24,GB1,Premier League,762,Newcastle United,33,26,1.0,0,0,14,4,1,0,0,0,1306.0,0,0
503981,22/23,GB1,Premier League,180,Southampton FC,2,2,0.0,0,0,2,0,0,0,0,0,,0,0
503981,21/22,GB1,Premier League,180,Southampton FC,28,28,1.0,2,0,3,3,2,0,0,0,2203.0,0,0
503981,20/21,GB1,Premier League,631,Chelsea FC,2,0,0.0,0,0,0,0,0,0,0,0,,0,0
503990,24/25,GB1,Premier League,180,Southampton FC,25,11,0.0,0,0,2,3,2,0,0,0,,0,0
504051,21/22,GB1,Premier League,148,Tottenham Hotspur,1,0,0.0,0,0,0,0,0,0,0,0,,0,0
504148,24/25,GB1,Premier League,1237,Brighton & Hove Albion,25,15,2.0,2,0,5,5,0,0,0,0,430.0,0,0
504148,23/24,GB1,Premier League,1237,Brighton & Hove Albion,19,19,0.0,3,0,9,9,3,0,0,0,,0,0
504148,22/23,GB1,Premier League,1237,Brighton & Hove Albion,23,20,0.0,0,0,17,2,1,0,0,0,,0,0
504148,21/22,GB1,Premier League,1237,Brighton & Hove Albion,33,30,0.0,2,0,14,9,4,0,0,0,,0,0
504148,20/21,GB1,Premier League,1237,Brighton & Hove Albion,11,11,1.0,3,0,0,4,2,1,0,0,890.0,0,0
504148,19/20,GB1,Premier League,1237,Brighton & Hove Albion,9,8,0.0,1,0,1,4,2,0,0,0,,0,0
504148,19/20,GB1,Premier League,631,Chelsea FC,2,1,0.0,0,0,1,0,0,0,0,0,,0,0
504215,23/24,GB1,Premier League,703,Nottingham Forest,13,9,0.0,1,0,7,2,0,0,0,0,,0,0
504507,22/23,GB1,Premier League,29,Everton FC,2,0,0.0,0,0,0,0,0,0,0,0,,0,0
504507,20/21,GB1,Premier League,29,Everton FC,6,0,0.0,0,0,0,0,0,0,0,0,,0,0
504518,22/23,GB1,Premier League,873,Crystal Palace,3,0,0.0,0,0,0,0,0,0,0,0,,0,0
504581,23/24,GB1,Premier League,1031,Luton Town,20,11,0.0,0,0,6,3,0,0,0,0,,0,0
504581,21/22,GB1,Premier League,543,Wolverhampton Wanderers,2,0,0.0,0,0,0,0,0,0,0,0,,0,0
504581,19/20,GB1,Premier League,543,Wolverhampton Wanderers,2,0,0.0,0,0,0,0,0,0,0,0,,0,0
504581,18/19,GB1,Premier League,543,Wolverhampton Wanderers,2,0,0.0,0,0,0,0,0,0,0,0,,0,0
50477,17/18,GB1,Premier League,1003,Leicester City,9,1,0.0,0,0,0,0,0,0,0,0,,0,0
50477,16/17,GB1,Premier League,1003,Leicester City,14,11,0.0,0,0,0,4,4,0,0,0,,0,0
504849,25/26,GB1,Premier League,1237,Brighton & Hove Albion,3,3,0.0,1,0,0,1,1,0,0,0,,0,0
504849,24/25,GB1,Premier League,1237,Brighton & Hove Albion,36,36,10.0,4,0,8,14,1,0,0,0,261.0,0,0
504849,23/24,GB1,Premier League,1237,Brighton & Hove Albion,19,19,3.0,6,0,4,3,4,0,0,0,496.0,0,0
504849,22/23,GB1,Premier League,1237,Brighton & Hove Albion,35,33,7.0,7,0,9,8,0,0,0,0,331.0,0,0
504856,20/21,GB1,Premier League,180,Southampton FC,16,0,0.0,0,0,0,0,0,0,0,0,,0,0
504856,19/20,GB1,Premier League,180,Southampton FC,4,0,0.0,0,0,0,0,0,0,0,0,,0,0
504855,23/24,GB1,Premier League,1031,Luton Town,1,0,0.0,0,0,0,0,0,0,0,0,,0,0
505194,24/25,GB1,Premier League,1003,Leicester City,25,14,0.0,0,0,1,4,3,0,0,0,,0,0
505194,23/24,GB1,Premier League,350,Sheffield United,16,12,0.0,0,0,1,4,3,0,0,0,,0,0
505194,22/23,GB1,Premier League,1003,Leicester City,36,17,0.0,0,1,6,3,3,0,0,0,,0,0
505194,21/22,GB1,Premier League,1003,Leicester City,27,22,0.0,1,0,1,1,2,0,0,0,,0,0
505194,20/21,GB1,Premier League,1003,Leicester City,31,14,1.0,0,0,2,5,2,0,0,0,970.0,0,0
505194,19/20,GB1,Premier League,1003,Leicester City,3,3,0.0,1,0,0,1,0,0,0,0,,0,0
505219,25/26,GB1,Premier League,29,Everton FC,3,3,1.0,0,0,0,0,1,0,0,0,270.0,0,0
505219,24/25,GB1,Premier League,29,Everton FC,22,21,0.0,1,0,4,6,5,0,0,0,,0,0
505219,23/24,GB1,Premier League,29,Everton FC,37,37,1.0,2,0,3,5,7,0,0,0,3005.0,0,0
505219,22/23,GB1,Premier League,29,Everton FC,21,16,0.0,1,0,9,1,3,0,0,0,,0,0
505219,22/23,GB1,Premier League,985,Manchester United,2,0,0.0,0,0,0,0,0,0,0,0,,0,0
505219,19/20,GB1,Premier League,985,Manchester United,7,1,0.0,0,0,1,0,0,0,0,0,,0,0
505219,18/19,GB1,Premier League,985,Manchester United,2,1,0.0,0,0,1,0,0,0,0,0,,0,0
50552,16/17,GB1,Premier League,641,Middlesbrough FC,12,0,0.0,0,0,0,0,0,0,0,0,,0,0
505653,23/24,GB1,Premier League,543,Wolverhampton Wanderers,17,8,0.0,0,0,5,3,2,0,0,0,,0,0
505653,21/22,GB1,Premier League,543,Wolverhampton Wanderers,37,22,0.0,0,0,16,4,0,0,0,0,,0,0
505653,20/21,GB1,Premier League,543,Wolverhampton Wanderers,38,32,4.0,3,0,21,5,2,0,0,1,339.0,0,0
506213,17/18,GB1,Premier League,1010,Watford FC,2,0,0.0,0,0,0,0,0,0,0,0,,0,0
506189,24/25,GB1,Premier League,180,Southampton FC,29,27,1.0,0,0,2,7,12,0,0,0,2155.0,0,0
506189,22/23,GB1,Premier League,379,West Ham United,37,21,0.0,0,0,14,5,2,0,0,0,,0,0
507254,21/22,GB1,Premier League,873,Crystal Palace,4,1,0.0,0,0,1,0,0,0,0,0,,0,0
507254,17/18,GB1,Premier League,984,West Bromwich Albion,1,0,0.0,0,0,0,0,0,0,0,0,,0,0
507235,19/20,GB1,Premier League,762,Newcastle United,3,0,0.0,0,0,0,0,0,0,0,0,,0,0
507472,20/21,GB1,Premier League,180,Southampton FC,12,2,0.0,0,0,1,0,0,0,1,0,,0,0
507472,19/20,GB1,Premier League,180,Southampton FC,3,0,0.0,0,0,0,0,0,0,0,0,,0,0
507700,22/23,GB1,Premier League,985,Manchester United,7,0,0.0,0,0,0,0,0,0,0,0,,0,0
507700,21/22,GB1,Premier League,1123,Norwich City,32,26,0.0,1,0,3,4,8,0,0,0,,0,0
507700,21/22,GB1,Premier League,985,Manchester United,1,0,0.0,0,0,0,0,0,0,0,0,,0,0
507700,20/21,GB1,Premier League,985,Manchester United,20,4,0.0,0,0,2,0,0,0,0,0,,0,0
507700,19/20,GB1,Premier League,985,Manchester United,29,17,1.0,1,0,6,5,6,0,0,0,1006.0,0,0
509268,16/17,GB1,Premier League,3008,Hull City,1,0,0.0,0,0,0,0,0,0,0,0,,0,0
50935,19/20,GB1,Premier League,379,West Ham United,2,2,1.0,0,0,1,1,0,0,0,0,107.0,0,0
50935,18/19,GB1,Premier League,379,West Ham United,29,25,7.0,1,0,11,12,2,0,0,0,191.0,0,0
50935,17/18,GB1,Premier League,379,West Ham United,31,28,8.0,0,0,12,7,3,0,0,0,193.0,0,0
511550,22/23,GB1,Premier League,29,Everton FC,21,11,1.0,0,0,9,2,0,0,0,0,219.0,0,0
511550,21/22,GB1,Premier League,29,Everton FC,7,1,0.0,0,0,0,1,0,0,0,0,,0,0
511550,20/21,GB1,Premier League,29,Everton FC,1,0,0.0,0,0,0,0,0,0,0,0,,0,0
511550,19/20,GB1,Premier League,29,Everton FC,2,0,0.0,0,0,0,0,0,0,0,0,,0,0
51152,23/24,GB1,Premier League,931,Fulham FC,1,1,0.0,0,0,1,0,0,0,0,0,,0,0
51152,22/23,GB1,Premier League,931,Fulham FC,24,24,14.0,1,0,1,9,7,0,0,4,144.0,0,0
51152,20/21,GB1,Premier League,931,Fulham FC,30,27,3.0,3,0,14,1,3,0,0,1,463.0,0,0
51152,18/19,GB1,Premier League,931,Fulham FC,37,37,11.0,3,0,0,2,7,0,0,1,298.0,0,0
51152,17/18,GB1,Premier League,762,Newcastle United,10,6,1.0,0,0,6,0,0,0,0,0,152.0,0,0
511552,20/21,GB1,Premier League,29,Everton FC,1,0,0.0,0,0,0,0,0,0,0,0,,0,0
511813,20/21,GB1,Premier League,1003,Leicester City,4,2,0.0,0,0,1,1,0,0,0,0,,0,0
511815,20/21,GB1,Premier League,543,Wolverhampton Wanderers,23,6,0.0,1,0,4,2,1,0,0,0,,0,0
511815,19/20,GB1,Premier League,543,Wolverhampton Wanderers,3,0,0.0,0,0,0,0,0,0,0,0,,0,0
51174,16/17,GB1,Premier League,281,Manchester City,30,15,0.0,0,0,10,1,3,0,0,0,,0,0
51226,19/20,GB1,Premier League,379,West Ham United,18,6,0.0,0,0,5,1,0,0,0,0,,0,0
51226,18/19,GB1,Premier League,379,West Ham United,7,7,0.0,0,0,5,0,0,0,0,0,,0,0
512354,23/24,GB1,Premier League,873,Crystal Palace,10,0,0.0,0,0,0,0,0,0,0,0,,0,0
512354,22/23,GB1,Premier League,873,Crystal Palace,17,3,0.0,0,0,3,0,0,0,0,0,,0,0
512385,24/25,GB1,Premier League,989,AFC Bournemouth,13,12,1.0,1,0,11,2,0,0,0,0,230.0,0,0
512385,23/24,GB1,Premier League,989,AFC Bournemouth,24,20,2.0,2,0,13,7,0,0,0,0,346.0,0,0
512385,22/23,GB1,Premier League,399,Leeds United,20,19,5.0,0,0,6,12,1,1,0,0,175.0,0,0
51321,23/24,GB1,Premier League,989,AFC Bournemouth,1,0,0.0,0,0,0,0,0,0,0,0,,0,0
51321,22/23,GB1,Premier League,989,AFC Bournemouth,3,0,0.0,0,0,0,0,0,0,0,0,,0,0
51321,22/23,GB1,Premier League,379,West Ham United,8,0,0.0,0,0,0,0,0,0,0,0,,0,0
51321,21/22,GB1,Premier League,379,West Ham United,3,0,0.0,0,0,0,0,0,0,0,0,,0,0
51321,20/21,GB1,Premier League,379,West Ham United,27,3,,0,0,0,0,0,0,0,0,270.0,3,1
51321,19/20,GB1,Premier League,379,West Ham United,17,2,,0,0,0,0,0,0,0,0,180.0,5,0
51321,16/17,GB1,Premier League,379,West Ham United,36,22,,0,0,0,0,1,0,0,0,1980.0,39,4
513245,24/25,GB1,Premier League,29,Everton FC,28,25,0.0,1,0,10,14,2,0,0,0,,0,0
513970,25/26,GB1,Premier League,989,AFC Bournemouth,2,0,0.0,0,0,0,0,0,0,0,0,,0,0
513970,24/25,GB1,Premier League,989,AFC Bournemouth,19,12,0.0,0,0,5,7,2,0,0,0,,0,0
514285,25/26,GB1,Premier League,1132,Burnley FC,3,3,0.0,0,0,0,0,0,0,0,0,,0,0
51452,17/18,GB1,Premier League,512,Stoke City,37,36,2.0,6,0,0,3,8,0,0,0,1571.0,0,0
51452,16/17,GB1,Premier League,512,Stoke City,36,36,6.0,2,0,2,8,9,0,0,0,489.0,0,0
51471,24/25,GB1,Premier League,281,Manchester City,33,31,6.0,2,0,6,12,5,0,1,0,367.0,0,0
51471,23/24,GB1,Premier League,281,Manchester City,34,30,1.0,0,0,14,9,4,0,0,0,1548.0,0,0
51471,22/23,GB1,Premier League,631,Chelsea FC,29,27,1.0,2,0,10,7,8,0,0,0,1705.0,0,0
51471,21/22,GB1,Premier League,631,Chelsea FC,25,25,2.0,5,0,9,5,4,0,0,0,778.0,0,0
51471,20/21,GB1,Premier League,631,Chelsea FC,30,27,0.0,1,0,6,11,4,0,0,0,,0,0
51471,19/20,GB1,Premier League,631,Chelsea FC,34,31,1.0,3,0,8,8,8,0,0,0,2074.0,0,0
51471,18/19,GB1,Premier League,631,Chelsea FC,36,32,0.0,2,0,11,19,3,0,0,0,,0,0
51540,17/18,GB1,Premier League,762,Newcastle United,4,1,1.0,0,0,0,1,0,0,0,0,84.0,0,0
515544,25/26,GB1,Premier League,289,Sunderland AFC,3,3,0.0,0,0,0,0,0,0,0,0,,0,0
51730,17/18,GB1,Premier League,1237,Brighton & Hove Albion,6,4,0.0,0,0,3,0,0,0,0,0,,0,0
517894,25/26,GB1,Premier League,985,Manchester United,3,3,0.0,0,0,0,1,0,0,0,0,,0,0
517894,24/25,GB1,Premier League,543,Wolverhampton Wanderers,33,33,15.0,6,0,4,10,3,0,0,0,174.0,0,0
517894,23/24,GB1,Premier League,543,Wolverhampton Wanderers,32,32,12.0,7,0,3,17,8,0,0,1,205.0,0,0
517894,22/23,GB1,Premier League,543,Wolverhampton Wanderers,20,17,2.0,0,0,5,11,1,0,0,0,486.0,0,0
518644,25/26,GB1,Premier League,399,Leeds United,1,0,0.0,0,0,0,0,0,0,0,0,,0,0
52059,23/24,GB1,Premier League,1148,Brentford FC,37,14,1.0,0,0,2,1,4,0,0,0,1087.0,0,0
52059,22/23,GB1,Premier League,1148,Brentford FC,33,18,0.0,0,1,7,2,2,0,0,0,,0,0
52059,21/22,GB1,Premier League,1148,Brentford FC,14,8,1.0,0,0,2,1,2,0,0,0,517.0,0,0
52059,18/19,GB1,Premier League,1110,Huddersfield Town,31,24,3.0,1,0,0,1,6,0,0,0,716.0,0,0
52059,17/18,GB1,Premier League,1110,Huddersfield Town,38,38,0.0,2,0,0,0,6,0,0,0,,0,0
520624,25/26,GB1,Premier League,762,Newcastle United,3,3,1.0,0,0,0,0,1,0,0,0,270.0,0,0
520624,24/25,GB1,Premier League,762,Newcastle United,38,38,5.0,6,0,0,17,7,0,0,0,657.0,0,0
520624,23/24,GB1,Premier League,762,Newcastle United,37,37,7.0,8,0,0,6,9,0,0,0,467.0,0,0
520624,22/23,GB1,Premier League,762,Newcastle United,32,32,4.0,5,0,0,9,7,0,0,0,684.0,0,0
520624,21/22,GB1,Premier League,762,Newcastle United,17,17,5.0,1,0,6,4,4,0,0,0,207.0,0,0
520651,20/21,GB1,Premier League,1237,Brighton & Hove Albion,2,0,0.0,0,0,0,0,0,0,0,0,,0,0
52119,20/21,GB1,Premier League,873,Crystal Palace,33,22,0.0,1,0,2,1,2,0,0,0,,0,0
52119,19/20,GB1,Premier League,873,Crystal Palace,29,29,3.0,2,1,0,4,0,0,0,1,837.0,0,0
52119,18/19,GB1,Premier League,873,Crystal Palace,38,36,3.0,2,0,0,3,3,0,0,0,1066.0,0,0
52119,17/18,GB1,Premier League,873,Crystal Palace,36,28,5.0,1,0,3,4,7,0,0,0,437.0,0,0
52119,16/17,GB1,Premier League,873,Crystal Palace,12,11,2.0,0,0,3,3,1,0,0,0,357.0,0,0
52119,16/17,GB1,Premier League,289,Sunderland AFC,21,21,3.0,1,0,1,1,2,0,0,0,594.0,0,0
52191,20/21,GB1,Premier League,873,Crystal Palace,3,0,0.0,0,0,0,0,0,0,0,0,,0,0
52191,19/20,GB1,Premier League,873,Crystal Palace,4,0,0.0,0,0,0,0,0,0,0,0,,0,0
521964,25/26,GB1,Premier League,762,Newcastle United,3,1,0.0,0,0,1,0,0,0,0,0,,0,0
52495,23/24,GB1,Premier League,350,Sheffield United,8,8,0.0,0,0,5,2,1,0,0,0,,0,0
52495,20/21,GB1,Premier League,350,Sheffield United,31,31,0.0,1,0,0,10,5,0,0,0,,0,0
52495,19/20,GB1,Premier League,350,Sheffield United,38,38,0.0,1,0,0,13,4,0,0,0,,0,0
525247,25/26,GB1,Premier League,379,West Ham United,3,3,0.0,0,0,0,0,1,0,0,0,,0,0
525247,24/25,GB1,Premier League,379,West Ham United,38,38,0.0,2,0,0,1,5,0,0,0,,0,0
525247,23/24,GB1,Premier League,543,Wolverhampton Wanderers,38,38,2.0,0,0,0,0,7,0,0,0,1710.0,0,0
525247,22/23,GB1,Premier League,543,Wolverhampton Wanderers,38,37,0.0,0,0,0,1,3,0,0,0,,0,0
525247,21/22,GB1,Premier League,543,Wolverhampton Wanderers,32,30,1.0,0,0,0,2,3,0,0,0,2689.0,0,0
525247,20/21,GB1,Premier League,543,Wolverhampton Wanderers,37,18,0.0,1,0,4,0,4,0,0,0,,0,0
525247,19/20,GB1,Premier League,543,Wolverhampton Wanderers,33,3,0.0,0,0,1,0,0,0,0,0,,0,0
525247,18/19,GB1,Premier League,543,Wolverhampton Wanderers,6,1,0.0,0,0,1,0,0,0,0,0,,0,0
525287,24/25,GB1,Premier League,931,Fulham FC,11,3,0.0,0,0,3,0,0,0,0,0,,0,0
525287,23/24,GB1,Premier League,931,Fulham FC,20,13,2.0,0,0,11,2,2,0,0,0,153.0,0,0
525287,22/23,GB1,Premier League,931,Fulham FC,33,28,5.0,2,0,17,4,3,0,0,0,220.0,0,0
525287,20/21,GB1,Premier League,148,Tottenham Hotspur,25,9,1.0,0,0,6,1,2,0,0,0,305.0,0,0
52570,24/25,GB1,Premier League,148,Tottenham Hotspur,18,7,,0,0,0,0,0,0,0,0,630.0,15,1
52570,23/24,GB1,Premier League,148,Tottenham Hotspur,23,0,0.0,0,0,0,0,0,0,0,0,,0,0
52570,22/23,GB1,Premier League,148,Tottenham Hotspur,38,14,,0,0,1,0,1,0,0,0,1215.0,24,3
52570,21/22,GB1,Premier League,180,Southampton FC,33,19,,0,0,0,0,1,0,0,0,1710.0,35,3
52570,20/21,GB1,Premier League,180,Southampton FC,38,8,,0,0,0,0,0,0,0,0,720.0,11,2
52570,19/20,GB1,Premier League,180,Southampton FC,1,0,0.0,0,0,0,0,0,0,0,0,,0,0
52570,18/19,GB1,Premier League,180,Southampton FC,5,1,,0,0,0,0,0,0,0,0,90.0,3,0
52570,17/18,GB1,Premier League,180,Southampton FC,38,20,,0,0,0,0,0,0,0,0,1800.0,30,4
52570,16/17,GB1,Premier League,180,Southampton FC,38,38,,0,0,0,0,3,0,0,0,3420.0,48,14
526258,20/21,GB1,Premier League,631,Chelsea FC,1,0,0.0,0,0,0,0,0,0,0,0,,0,0
526873,19/20,GB1,Premier League,350,Sheffield United,1,0,0.0,0,0,0,0,0,0,0,0,,0,0
527425,24/25,GB1,Premier League,677,Ipswich Town,28,15,0.0,0,0,3,1,2,0,0,0,,0,0
52769,24/25,GB1,Premier League,931,Fulham FC,14,10,0.0,0,0,8,2,0,0,0,0,,0,0
52769,23/24,GB1,Premier League,931,Fulham FC,33,31,4.0,2,0,7,15,1,0,0,2,514.0,0,0
52769,22/23,GB1,Premier League,931,Fulham FC,27,27,5.0,5,0,2,19,2,0,0,0,429.0,0,0
52769,20/21,GB1,Premier League,11,Arsenal FC,33,25,1.0,5,0,9,10,0,0,0,0,1407.0,0,0
52769,19/20,GB1,Premier League,631,Chelsea FC,36,36,9.0,7,0,7,11,4,0,0,4,289.0,0,0
52769,18/19,GB1,Premier League,631,Chelsea FC,37,32,3.0,7,0,6,17,2,0,0,0,703.0,0,0
52769,17/18,GB1,Premier League,631,Chelsea FC,37,36,6.0,8,0,16,9,1,0,0,1,314.0,0,0
52769,16/17,GB1,Premier League,631,Chelsea FC,34,34,8.0,2,0,19,13,3,0,0,0,191.0,0,0
5278,16/17,GB1,Premier League,31,Liverpool FC,3,0,0.0,0,0,0,0,0,0,0,0,,0,0
5285,17/18,GB1,Premier League,379,West Ham United,12,5,0.0,0,0,2,2,0,0,0,0,,0,0
528888,23/24,GB1,Premier League,931,Fulham FC,5,0,0.0,0,0,0,0,0,0,0,0,,0,0
528888,22/23,GB1,Premier League,931,Fulham FC,7,1,0.0,0,0,1,0,0,0,0,0,,0,0
528888,20/21,GB1,Premier League,931,Fulham FC,1,1,0.0,0,0,1,0,0,0,0,0,,0,0
528894,22/23,GB1,Premier League,11,Arsenal FC,3,0,0.0,0,0,0,0,0,0,0,0,,0,0
528894,19/20,GB1,Premier League,11,Arsenal FC,3,0,0.0,0,0,0,0,0,0,0,0,,0,0
528892,24/25,GB1,Premier League,677,Ipswich Town,12,7,0.0,0,0,3,0,1,1,0,0,,0,0
530732,21/22,GB1,Premier League,1003,Leicester City,5,0,0.0,0,0,0,0,0,0,0,0,,0,0
530732,20/21,GB1,Premier League,1003,Leicester City,10,0,0.0,0,0,0,0,0,0,0,0,,0,0
530807,21/22,GB1,Premier League,148,Tottenham Hotspur,1,0,0.0,0,0,0,0,0,0,0,0,,0,0
530879,20/21,GB1,Premier League,180,Southampton FC,14,1,0.0,0,0,0,0,1,0,0,0,,0,0
530879,18/19,GB1,Premier League,180,Southampton FC,11,1,0.0,0,0,0,0,0,0,0,0,,0,0
530915,20/21,GB1,Premier League,1237,Brighton & Hove Albion,2,0,0.0,0,0,0,0,0,0,0,0,,0,0
531461,22/23,GB1,Premier League,379,West Ham United,1,0,0.0,0,0,0,0,0,0,0,0,,0,0
531461,21/22,GB1,Premier League,379,West Ham United,10,0,0.0,0,0,0,0,0,0,0,0,,0,0
53173,16/17,GB1,Premier League,512,Stoke City,2,2,0.0,0,0,0,0,1,0,0,0,,0,0
531957,22/23,GB1,Premier League,399,Leeds United,6,1,0.0,0,0,0,1,0,0,0,0,,0,0
531957,21/22,GB1,Premier League,399,Leeds United,10,3,0.0,0,0,2,0,1,0,0,0,,0,0
531957,20/21,GB1,Premier League,399,Leeds United,1,0,0.0,0,0,0,0,0,0,0,0,,0,0
532178,22/23,GB1,Premier League,399,Leeds United,36,18,1.0,2,0,15,2,1,0,0,0,411.0,0,0
532178,21/22,GB1,Premier League,399,Leeds United,21,7,0.0,2,0,6,1,0,0,0,0,,0,0
532178,20/21,GB1,Premier League,399,Leeds United,1,0,0.0,0,0,0,0,0,0,0,0,,0,0
53231,17/18,GB1,Premier League,873,Crystal Palace,6,0,0.0,0,0,0,0,0,0,0,0,,0,0
532464,19/20,GB1,Premier League,1123,Norwich City,1,0,0.0,0,0,0,0,0,0,0,0,,0,0
532541,24/25,GB1,Premier League,543,Wolverhampton Wanderers,3,0,0.0,0,0,0,0,0,0,0,0,,0,0
532541,22/23,GB1,Premier League,543,Wolverhampton Wanderers,3,0,0.0,0,0,0,0,0,0,0,0,,0,0
532541,21/22,GB1,Premier League,543,Wolverhampton Wanderers,33,4,0.0,0,0,2,1,0,0,0,0,,0,0
532541,20/21,GB1,Premier League,543,Wolverhampton Wanderers,6,0,0.0,0,0,0,0,0,0,0,0,,0,0
532541,19/20,GB1,Premier League,543,Wolverhampton Wanderers,1,0,0.0,0,0,0,0,0,0,0,0,,0,0
532776,25/26,GB1,Premier League,989,AFC Bournemouth,2,2,0.0,0,0,2,0,0,0,0,0,,0,0
532826,21/22,GB1,Premier League,985,Manchester United,21,18,5.0,1,0,2,12,1,0,0,0,256.0,0,0
532826,20/21,GB1,Premier League,985,Manchester United,35,31,7.0,2,0,10,14,2,0,0,0,261.0,0,0
532826,19/20,GB1,Premier League,985,Manchester United,37,31,10.0,1,0,19,9,0,0,0,0,131.0,0,0
532826,18/19,GB1,Premier League,985,Manchester United,3,3,0.0,0,0,2,0,0,0,0,0,,0,0
532824,20/21,GB1,Premier League,762,Newcastle United,1,0,0.0,0,0,0,0,0,0,0,0,,0,0
533086,23/24,GB1,Premier League,762,Newcastle United,6,1,0.0,0,0,1,0,0,0,0,0,,0,0
533523,21/22,GB1,Premier League,1237,Brighton & Hove Albion,14,0,0.0,0,0,0,0,0,0,0,0,,0,0
53359,16/17,GB1,Premier League,3008,Hull City,12,11,0.0,0,0,4,5,1,0,0,0,,0,0
53360,23/24,GB1,Premier League,1132,Burnley FC,35,21,2.0,1,0,14,3,0,0,0,1,407.0,0,0
53360,21/22,GB1,Premier League,1132,Burnley FC,31,29,2.0,2,0,16,8,3,0,0,0,686.0,0,0
53360,20/21,GB1,Premier League,1132,Burnley FC,34,31,1.0,2,0,19,8,3,0,0,0,1256.0,0,0
53360,19/20,GB1,Premier League,1132,Burnley FC,36,36,8.0,2,0,16,7,1,0,0,1,251.0,0,0
53360,17/18,GB1,Premier League,984,West Bromwich Albion,38,37,7.0,1,0,6,18,2,0,0,1,404.0,0,0
53360,16/17,GB1,Premier League,180,Southampton FC,31,24,5.0,2,0,15,6,0,0,0,0,176.0,0,0
533657,22/23,GB1,Premier League,1003,Leicester City,7,1,0.0,0,0,1,0,0,0,0,0,,0,0
533657,21/22,GB1,Premier League,1003,Leicester City,5,1,0.0,0,0,1,0,0,0,0,0,,0,0
533662,24/25,GB1,Premier League,180,Southampton FC,37,35,2.0,0,0,22,13,0,0,0,0,717.0,0,0
533662,23/24,GB1,Premier League,350,Sheffield United,29,29,4.0,2,0,8,12,1,0,0,0,459.0,0,0
533662,23/24,GB1,Premier League,405,Aston Villa,2,1,0.0,0,0,1,0,1,0,0,0,,0,0
533662,22/23,GB1,Premier League,405,Aston Villa,14,6,0.0,0,0,6,0,0,0,0,0,,0,0
533662,21/22,GB1,Premier League,405,Aston Villa,12,3,0.0,0,0,3,0,0,0,0,0,,0,0
533916,23/24,GB1,Premier League,1148,Brentford FC,21,10,1.0,1,0,8,2,1,0,0,0,224.0,0,0
533916,22/23,GB1,Premier League,1148,Brentford FC,28,23,0.0,1,0,19,4,1,1,0,0,,0,0
533916,21/22,GB1,Premier League,1148,Brentford FC,32,22,1.0,0,0,13,6,0,1,0,0,905.0,0,0
534033,25/26,GB1,Premier League,31,Liverpool FC,2,2,0.0,1,0,0,2,0,0,0,0,,0,0
534033,24/25,GB1,Premier League,31,Liverpool FC,35,35,5.0,5,0,5,13,6,0,0,0,522.0,0,0
534033,23/24,GB1,Premier League,31,Liverpool FC,33,33,5.0,5,0,2,13,8,0,1,1,522.0,0,0
534033,22/23,GB1,Premier League,1237,Brighton & Hove Albion,35,35,10.0,2,1,4,4,8,0,0,6,289.0,0,0
534033,21/22,GB1,Premier League,1237,Brighton & Hove Albion,38,33,5.0,2,0,11,4,4,0,0,2,423.0,0,0
534033,20/21,GB1,Premier League,1237,Brighton & Hove Albion,30,21,1.0,1,0,8,8,1,0,0,0,1115.0,0,0
534033,19/20,GB1,Premier League,1237,Brighton & Hove Albion,10,9,0.0,0,0,5,4,0,0,0,0,,0,0
534700,21/22,GB1,Premier League,399,Leeds United,28,14,0.0,0,0,7,4,4,0,0,0,,0,0
534700,20/21,GB1,Premier League,399,Leeds United,31,13,0.0,0,0,10,2,0,0,0,0,,0,0
535955,23/24,GB1,Premier League,703,Nottingham Forest,13,8,0.0,0,0,3,1,2,0,0,0,,0,0
535955,21/22,GB1,Premier League,11,Arsenal FC,38,22,1.0,1,0,9,3,2,0,0,0,1171.0,0,0
53622,25/26,GB1,Premier League,281,Manchester City,2,0,0.0,0,0,0,0,0,0,0,0,,0,0
53622,24/25,GB1,Premier League,281,Manchester City,37,33,1.0,7,0,8,13,1,0,0,0,2229.0,0,0
53622,22/23,GB1,Premier League,281,Manchester City,38,31,8.0,5,0,4,10,0,0,0,0,295.0,0,0
53622,21/22,GB1,Premier League,281,Manchester City,35,27,8.0,3,0,7,5,1,0,0,0,232.0,0,0
53622,20/21,GB1,Premier League,281,Manchester City,34,28,13.0,3,0,5,7,1,0,0,1,156.0,0,0
53622,19/20,GB1,Premier League,281,Manchester City,36,31,2.0,1,0,10,5,7,0,0,1,1009.0,0,0
53622,18/19,GB1,Premier League,281,Manchester City,32,31,6.0,3,0,8,6,3,0,0,0,356.0,0,0
53622,17/18,GB1,Premier League,281,Manchester City,34,30,4.0,1,0,15,6,3,0,0,1,378.0,0,0
53622,16/17,GB1,Premier League,281,Manchester City,10,10,3.0,1,0,1,7,0,0,0,0,237.0,0,0
536508,23/24,GB1,Premier League,1132,Burnley FC,8,3,0.0,0,0,3,0,0,0,0,0,,0,0
536507,22/23,GB1,Premier League,703,Nottingham Forest,10,2,0.0,0,0,2,0,0,0,0,0,,0,0
536794,23/24,GB1,Premier League,29,Everton FC,1,0,0.0,0,0,0,0,0,0,0,0,,0,0
536835,25/26,GB1,Premier League,985,Manchester United,3,3,0.0,1,0,1,1,0,0,0,0,,0,0
536835,24/25,GB1,Premier League,985,Manchester United,28,26,8.0,8,0,6,6,5,0,0,0,238.0,0,0
536835,23/24,GB1,Premier League,985,Manchester United,17,9,1.0,1,0,6,3,1,0,0,0,388.0,0,0
536835,21/22,GB1,Premier League,985,Manchester United,1,0,0.0,0,0,0,0,0,0,0,0,,0,0
536835,20/21,GB1,Premier League,985,Manchester United,11,3,0.0,1,0,1,2,0,0,0,0,,0,0
537182,17/18,GB1,Premier League,873,Crystal Palace,1,1,0.0,0,0,1,0,0,0,0,0,,0,0
537382,23/24,GB1,Premier League,148,Tottenham Hotspur,24,11,0.0,0,0,9,2,0,0,0,0,,0,0
537382,22/23,GB1,Premier League,148,Tottenham Hotspur,16,4,0.0,1,0,2,2,1,0,0,0,,0,0
537382,21/22,GB1,Premier League,148,Tottenham Hotspur,16,9,0.0,0,0,9,0,0,0,0,0,,0,0
537598,23/24,GB1,Premier League,11,Arsenal FC,24,11,1.0,3,0,9,2,0,0,1,1,292.0,0,0
537598,22/23,GB1,Premier League,11,Arsenal FC,36,22,1.0,2,0,19,4,0,0,0,0,501.0,0,0
537860,24/25,GB1,Premier League,631,Chelsea FC,12,7,0.0,0,0,6,1,0,0,0,0,,0,0
537860,23/24,GB1,Premier League,631,Chelsea FC,35,31,5.0,4,0,13,16,5,0,0,0,316.0,0,0
537860,22/23,GB1,Premier League,631,Chelsea FC,19,15,0.0,2,0,8,6,1,0,0,0,,0,0
538971,24/25,GB1,Premier League,873,Crystal Palace,1,0,0.0,0,0,0,0,0,0,0,0,,0,0
538971,23/24,GB1,Premier League,873,Crystal Palace,34,20,0.0,0,0,20,0,2,1,0,0,,0,0
538971,22/23,GB1,Premier League,873,Crystal Palace,11,8,0.0,0,0,8,0,1,0,0,0,,0,0
538977,25/26,GB1,Premier League,1237,Brighton & Hove Albion,2,2,0.0,1,0,1,1,0,0,0,0,,0,0
538977,24/25,GB1,Premier League,1237,Brighton & Hove Albion,28,28,5.0,3,0,9,16,2,0,0,0,333.0,0,0
538977,22/23,GB1,Premier League,399,Leeds United,20,11,0.0,1,0,10,1,0,0,0,0,,0,0
538994,21/22,GB1,Premier League,379,West Ham United,1,0,0.0,0,0,0,0,0,0,0,0,,0,0
539807,21/22,GB1,Premier League,543,Wolverhampton Wanderers,2,0,0.0,0,0,0,0,0,0,0,0,,0,0
539807,20/21,GB1,Premier League,543,Wolverhampton Wanderers,4,0,0.0,0,0,0,0,0,0,0,0,,0,0
539810,23/24,GB1,Premier League,931,Fulham FC,2,0,0.0,0,0,0,0,0,0,0,0,,0,0
539810,22/23,GB1,Premier League,931,Fulham FC,1,0,0.0,0,0,0,0,0,0,0,0,,0,0
540630,20/21,GB1,Premier League,31,Liverpool FC,1,0,0.0,0,0,0,0,0,0,0,0,,0,0
540687,21/22,GB1,Premier League,11,Arsenal FC,15,0,0.0,0,0,0,0,0,0,0,0,,0,0
540941,25/26,GB1,Premier League,1148,Brentford FC,2,2,0.0,0,0,0,0,0,0,0,0,,0,0
540941,24/25,GB1,Premier League,1148,Brentford FC,38,38,2.0,11,0,4,23,2,0,0,0,1465.0,0,0
540941,23/24,GB1,Premier League,1148,Brentford FC,26,23,0.0,3,0,16,7,2,0,0,0,,0,0
540941,22/23,GB1,Premier League,1148,Brentford FC,35,26,0.0,0,0,17,9,4,0,0,0,,0,0
541231,25/26,GB1,Premier League,1148,Brentford FC,3,3,0.0,0,0,0,0,0,0,0,0,,0,0
541231,24/25,GB1,Premier League,1148,Brentford FC,32,31,0.0,1,0,2,4,3,0,0,0,,0,0
541231,22/23,GB1,Premier League,31,Liverpool FC,4,0,0.0,0,0,0,0,0,0,0,0,,0,0
541628,25/26,GB1,Premier League,1132,Burnley FC,3,3,0.0,0,0,2,1,0,0,0,0,,0,0
542586,22/23,GB1,Premier League,399,Leeds United,38,34,,0,0,0,0,3,0,0,0,3060.0,67,5
542586,21/22,GB1,Premier League,399,Leeds United,38,38,,0,0,0,1,2,0,0,0,3385.0,78,5
542586,20/21,GB1,Premier League,399,Leeds United,37,35,,1,0,0,0,0,0,0,0,3150.0,52,11
542690,20/21,GB1,Premier League,379,West Ham United,11,0,0.0,0,0,0,0,0,0,0,0,,0,0
543164,23/24,GB1,Premier League,350,Sheffield United,6,5,0.0,0,0,3,2,1,0,0,0,,0,0
543387,24/25,GB1,Premier League,873,Crystal Palace,17,13,0.0,0,0,9,4,1,0,0,0,,0,0
543387,23/24,GB1,Premier League,873,Crystal Palace,12,11,0.0,0,0,0,3,2,0,0,0,,0,0
543387,22/23,GB1,Premier League,873,Crystal Palace,35,34,0.0,3,0,0,17,8,1,0,0,,0,0
543499,25/26,GB1,Premier League,148,Tottenham Hotspur,3,3,0.0,2,0,0,2,0,0,0,0,,0,0
543499,24/25,GB1,Premier League,379,West Ham United,32,32,5.0,3,0,1,16,2,0,1,0,521.0,0,0
543499,23/24,GB1,Premier League,379,West Ham United,33,33,8.0,9,0,6,9,6,0,0,0,311.0,0,0
543726,22/23,GB1,Premier League,379,West Ham United,3,0,0.0,0,0,0,0,0,0,0,0,,0,0
54383,23/24,GB1,Premier League,350,Sheffield United,9,4,0.0,0,0,3,1,1,0,0,0,,0,0
54383,20/21,GB1,Premier League,350,Sheffield United,33,31,0.0,2,0,2,3,4,0,0,0,,0,0
54383,19/20,GB1,Premier League,350,Sheffield United,30,30,5.0,2,0,2,2,8,0,0,0,503.0,0,0
546543,24/25,GB1,Premier League,31,Liverpool FC,35,30,5.0,3,0,22,6,8,0,0,0,224.0,0,0
546543,23/24,GB1,Premier League,31,Liverpool FC,37,36,11.0,10,0,14,13,8,0,0,0,186.0,0,0
546543,22/23,GB1,Premier League,31,Liverpool FC,29,29,9.0,3,0,10,13,1,0,1,0,189.0,0,0
546712,23/24,GB1,Premier League,350,Sheffield United,28,15,0.0,0,1,11,4,2,0,0,0,,0,0
546944,20/21,GB1,Premier League,984,West Bromwich Albion,4,0,0.0,0,0,0,0,0,0,0,0,,0,0
547533,21/22,GB1,Premier League,11,Arsenal FC,4,0,0.0,0,0,0,0,0,0,0,0,,0,0
547533,20/21,GB1,Premier League,11,Arsenal FC,1,0,0.0,0,0,0,0,0,0,0,0,,0,0
547534,19/20,GB1,Premier League,1123,Norwich City,8,5,0.0,0,0,5,0,0,0,0,0,,0,0
54781,20/21,GB1,Premier League,281,Manchester City,1,0,0.0,0,0,0,0,0,0,0,0,,0,0
54781,19/20,GB1,Premier League,281,Manchester City,36,24,2.0,1,0,6,1,3,0,0,0,856.0,0,0
54781,18/19,GB1,Premier League,281,Manchester City,35,18,0.0,0,0,4,1,1,0,0,0,,0,0
54781,17/18,GB1,Premier League,281,Manchester City,35,34,4.0,0,1,1,2,9,0,0,0,742.0,0,0
54781,16/17,GB1,Premier League,281,Manchester City,33,30,1.0,1,0,1,1,9,0,0,0,2592.0,0,0
548470,23/24,GB1,Premier League,1031,Luton Town,33,30,1.0,0,0,2,3,3,0,0,0,2470.0,0,0
548729,23/24,GB1,Premier League,1132,Burnley FC,38,34,5.0,1,0,7,26,2,0,0,1,395.0,0,0
54890,17/18,GB1,Premier League,1237,Brighton & Hove Albion,13,10,1.0,0,0,8,2,0,0,0,0,262.0,0,0
54890,17/18,GB1,Premier League,1003,Leicester City,8,4,0.0,0,0,4,0,0,0,0,0,,0,0
54890,16/17,GB1,Premier League,1003,Leicester City,24,16,1.0,0,0,13,1,0,0,0,0,435.0,0,0
54906,18/19,GB1,Premier League,985,Manchester United,16,6,0.0,0,0,1,1,0,0,0,0,,0,0
54906,17/18,GB1,Premier League,985,Manchester United,17,8,0.0,0,0,3,1,0,0,0,0,,0,0
54906,16/17,GB1,Premier League,985,Manchester United,26,18,0.0,0,0,3,3,3,0,0,0,,0,0
54935,16/17,GB1,Premier League,180,Southampton FC,13,1,0.0,0,0,0,0,0,0,0,0,,0,0
550829,22/23,GB1,Premier League,985,Manchester United,1,0,0.0,0,0,0,0,0,0,0,0,,0,0
550995,23/24,GB1,Premier League,543,Wolverhampton Wanderers,1,0,0.0,0,0,0,0,0,0,0,0,,0,0
551001,23/24,GB1,Premier League,31,Liverpool FC,1,1,0.0,0,0,1,0,0,0,0,0,,0,0
551001,21/22,GB1,Premier League,31,Liverpool FC,3,0,0.0,0,0,0,0,0,0,0,0,,0,0
55125,18/19,GB1,Premier League,1110,Huddersfield Town,33,29,0.0,2,0,6,6,2,0,0,0,,0,0
55125,17/18,GB1,Premier League,1110,Huddersfield Town,31,23,0.0,0,0,4,9,1,0,0,0,,0,0
552655,19/20,GB1,Premier League,148,Tottenham Hotspur,3,2,0.0,0,0,2,0,0,0,0,0,,0,0
55291,17/18,GB1,Premier League,1132,Burnley FC,26,18,2.0,1,0,3,6,3,0,0,0,668.0,0,0
55291,16/17,GB1,Premier League,1132,Burnley FC,34,31,1.0,0,0,8,13,3,0,0,0,2107.0,0,0
553875,25/26,GB1,Premier League,148,Tottenham Hotspur,3,3,0.0,0,0,0,1,1,0,0,0,,0,0
553875,24/25,GB1,Premier League,148,Tottenham Hotspur,38,33,2.0,6,0,5,4,5,0,0,0,1305.0,0,0
553875,23/24,GB1,Premier League,148,Tottenham Hotspur,36,35,3.0,8,0,0,4,3,0,0,0,1031.0,0,0
553875,22/23,GB1,Premier League,148,Tottenham Hotspur,17,15,3.0,3,0,2,7,0,0,0,0,379.0,0,0
554251,23/24,GB1,Premier League,350,Sheffield United,34,11,0.0,1,0,5,6,1,0,0,0,,0,0
555074,24/25,GB1,Premier League,405,Aston Villa,9,0,0.0,0,0,0,0,0,0,0,0,,0,0
555074,23/24,GB1,Premier League,405,Aston Villa,1,0,0.0,0,0,0,0,0,0,0,0,,0,0
555074,22/23,GB1,Premier League,405,Aston Villa,2,0,0.0,0,0,0,0,0,0,0,0,,0,0
555076,25/26,GB1,Premier League,989,AFC Bournemouth,1,0,0.0,0,0,0,0,0,0,0,0,,0,0
555076,23/24,GB1,Premier League,989,AFC Bournemouth,13,5,0.0,0,0,5,0,1,0,0,0,,0,0
55619,17/18,GB1,Premier League,1010,Watford FC,3,3,0.0,0,0,0,2,0,0,0,0,,0,0
55619,16/17,GB1,Premier League,1010,Watford FC,29,29,0.0,3,0,4,14,4,0,0,0,,0,0
556385,25/26,GB1,Premier League,148,Tottenham Hotspur,1,1,0.0,0,0,1,0,0,0,0,0,,0,0
556385,24/25,GB1,Premier League,148,Tottenham Hotspur,30,25,0.0,1,1,1,10,2,0,0,0,,0,0
556385,23/24,GB1,Premier League,148,Tottenham Hotspur,28,28,2.0,3,0,0,6,5,1,0,0,1199.0,0,0
55735,19/20,GB1,Premier League,11,Arsenal FC,4,3,0.0,0,0,2,1,1,0,0,0,,0,0
55735,18/19,GB1,Premier League,11,Arsenal FC,28,25,6.0,4,0,6,8,1,0,0,0,274.0,0,0
55735,17/18,GB1,Premier League,11,Arsenal FC,11,11,2.0,4,0,2,4,0,0,0,0,398.0,0,0
55735,17/18,GB1,Premier League,985,Manchester United,16,15,1.0,5,0,4,11,2,0,0,0,932.0,0,0
55735,16/17,GB1,Premier League,985,Manchester United,26,24,4.0,1,0,9,11,1,0,0,0,337.0,0,0
55742,18/19,GB1,Premier League,603,Cardiff City,27,25,0.0,1,0,1,12,10,0,0,0,,0,0
55742,17/18,GB1,Premier League,989,AFC Bournemouth,24,13,1.0,0,0,2,4,4,0,0,0,962.0,0,0
55742,16/17,GB1,Premier League,989,AFC Bournemouth,36,35,1.0,4,0,2,4,11,1,0,0,2960.0,0,0
557459,25/26,GB1,Premier League,148,Tottenham Hotspur,3,3,0.0,0,0,0,0,1,0,0,0,,0,0
557459,24/25,GB1,Premier League,148,Tottenham Hotspur,19,13,0.0,2,0,1,5,4,0,0,0,,0,0
557459,23/24,GB1,Premier League,148,Tottenham Hotspur,28,27,3.0,0,0,0,4,5,0,0,0,781.0,0,0
557612,22/23,GB1,Premier League,180,Southampton FC,33,22,1.0,2,0,18,4,1,0,0,0,542.0,0,0
559130,22/23,GB1,Premier League,762,Newcastle United,2,0,0.0,0,0,0,0,0,0,0,0,,0,0
559130,22/23,GB1,Premier League,379,West Ham United,3,0,0.0,0,0,0,0,0,0,0,0,,0,0
559130,21/22,GB1,Premier League,379,West Ham United,8,1,0.0,0,0,1,0,0,0,0,0,,0,0
559263,25/26,GB1,Premier League,1148,Brentford FC,3,2,0.0,0,0,1,0,0,0,0,0,,0,0
559263,24/25,GB1,Premier League,1148,Brentford FC,25,19,2.0,1,0,16,3,1,0,0,0,223.0,0,0
559263,22/23,GB1,Premier League,31,Liverpool FC,31,13,2.0,0,0,9,4,0,0,0,0,171.0,0,0
559263,20/21,GB1,Premier League,931,Fulham FC,5,4,1.0,0,0,1,1,0,0,0,0,255.0,0,0
559330,24/25,GB1,Premier League,11,Arsenal FC,1,0,0.0,0,0,0,0,0,0,0,0,,0,0
559330,21/22,GB1,Premier League,11,Arsenal FC,5,0,0.0,0,0,0,0,0,0,0,0,,0,0
559794,24/25,GB1,Premier League,677,Ipswich Town,35,32,0.0,4,0,20,12,2,0,0,0,,0,0
559801,20/21,GB1,Premier League,399,Leeds United,9,1,0.0,0,0,1,0,0,0,0,0,,0,0
559800,20/21,GB1,Premier League,399,Leeds United,9,0,0.0,0,0,0,0,0,0,0,0,,0,0
560694,23/24,GB1,Premier League,703,Nottingham Forest,1,0,0.0,0,0,0,0,0,0,0,0,,0,0
560694,22/23,GB1,Premier League,703,Nottingham Forest,15,13,1.0,0,0,7,3,2,0,0,0,580.0,0,0
56100,19/20,GB1,Premier League,1237,Brighton & Hove Albion,4,0,0.0,0,0,0,0,0,0,0,0,,0,0
56100,18/19,GB1,Premier League,1237,Brighton & Hove Albion,26,8,1.0,0,0,3,0,2,0,0,0,591.0,0,0
561452,21/22,GB1,Premier League,379,West Ham United,2,1,0.0,0,0,1,0,0,0,0,0,,0,0
562254,18/19,GB1,Premier League,989,AFC Bournemouth,6,0,0.0,0,0,0,0,0,0,0,0,,0,0
562254,17/18,GB1,Premier League,989,AFC Bournemouth,4,0,0.0,0,0,0,0,0,0,0,0,,0,0
563306,19/20,GB1,Premier League,1123,Norwich City,4,1,0.0,0,0,1,0,0,0,0,0,,0,0
563963,22/23,GB1,Premier League,180,Southampton FC,26,22,0.0,1,1,1,1,5,0,0,0,,0,0
563963,21/22,GB1,Premier League,180,Southampton FC,36,34,0.0,0,1,1,0,8,1,0,0,,0,0
563963,20/21,GB1,Premier League,180,Southampton FC,23,12,0.0,0,0,4,1,1,0,0,0,,0,0
564529,24/25,GB1,Premier League,1003,Leicester City,35,30,0.0,1,1,1,9,1,0,0,0,,0,0
564529,22/23,GB1,Premier League,1003,Leicester City,14,12,0.0,1,0,1,4,2,0,0,0,,0,0
565093,25/26,GB1,Premier League,1237,Brighton & Hove Albion,3,3,,0,0,0,0,0,0,0,0,270.0,4,0
565093,24/25,GB1,Premier League,1237,Brighton & Hove Albion,36,36,,0,0,0,0,5,0,0,0,3240.0,58,7
565093,23/24,GB1,Premier League,1237,Brighton & Hove Albion,38,21,,0,0,0,0,3,0,0,0,1890.0,28,4
565420,20/21,GB1,Premier League,31,Liverpool FC,2,0,0.0,0,0,0,0,0,0,0,0,,0,0
565684,22/23,GB1,Premier League,703,Nottingham Forest,2,0,0.0,0,0,0,0,0,0,0,0,,0,0
5658,18/19,GB1,Premier League,11,Arsenal FC,36,7,,0,0,0,1,0,0,0,0,585.0,9,2
5658,17/18,GB1,Premier League,11,Arsenal FC,35,34,,0,0,0,1,1,0,0,0,3040.0,48,11
5658,16/17,GB1,Premier League,11,Arsenal FC,35,35,,1,0,0,1,2,0,0,0,3098.0,37,12
565821,21/22,GB1,Premier League,11,Arsenal FC,1,0,0.0,0,0,0,0,0,0,0,0,,0,0
565822,25/26,GB1,Premier League,31,Liverpool FC,3,1,0.0,0,0,1,0,0,0,0,0,,0,0
565822,24/25,GB1,Premier League,31,Liverpool FC,30,18,1.0,2,0,16,1,1,0,0,0,360.0,0,0
565822,23/24,GB1,Premier League,31,Liverpool FC,38,34,3.0,9,0,23,7,2,0,0,0,445.0,0,0
565822,22/23,GB1,Premier League,31,Liverpool FC,37,32,1.0,2,0,14,14,2,0,0,0,1611.0,0,0
565822,21/22,GB1,Premier League,31,Liverpool FC,12,6,0.0,0,0,2,2,0,0,0,0,,0,0
565822,19/20,GB1,Premier League,31,Liverpool FC,12,2,0.0,0,0,2,0,0,0,0,0,,0,0
565822,18/19,GB1,Premier League,931,Fulham FC,5,2,0.0,0,0,2,0,0,0,0,0,,0,0
565846,24/25,GB1,Premier League,1237,Brighton & Hove Albion,2,0,0.0,0,0,0,0,0,0,0,0,,0,0
565846,23/24,GB1,Premier League,1237,Brighton & Hove Albion,1,0,0.0,0,0,0,0,0,0,0,0,,0,0
565846,22/23,GB1,Premier League,1237,Brighton & Hove Albion,1,0,0.0,0,0,0,0,0,0,0,0,,0,0
566043,20/21,GB1,Premier League,543,Wolverhampton Wanderers,3,0,0.0,0,0,0,0,0,0,0,0,,0,0
56631,17/18,GB1,Premier League,2288,Swansea City,3,0,0.0,0,0,0,0,0,0,0,0,,0,0
566349,18/19,GB1,Premier League,1110,Huddersfield Town,8,2,0.0,0,0,2,0,0,0,0,0,,0,0
566723,23/24,GB1,Premier League,873,Crystal Palace,19,19,10.0,6,0,5,6,0,0,0,1,128.0,0,0
566723,22/23,GB1,Premier League,873,Crystal Palace,37,37,2.0,11,0,6,14,2,0,0,0,1378.0,0,0
566723,21/22,GB1,Premier League,873,Crystal Palace,28,26,2.0,5,0,14,8,4,0,0,0,568.0,0,0
566799,25/26,GB1,Premier League,281,Manchester City,3,3,,0,0,0,0,0,0,0,0,270.0,4,1
566799,23/24,GB1,Premier League,1132,Burnley FC,36,28,,0,0,0,0,2,0,0,0,2520.0,62,2
566799,20/21,GB1,Premier League,281,Manchester City,1,0,0.0,0,0,0,0,0,0,0,0,,0,0
566832,23/24,GB1,Premier League,631,Chelsea FC,1,0,0.0,0,0,0,0,0,0,0,0,,0,0
566888,21/22,GB1,Premier League,1123,Norwich City,1,0,0.0,0,0,0,0,0,0,0,0,,0,0
567576,25/26,GB1,Premier League,703,Nottingham Forest,4,4,0.0,1,0,0,0,0,0,0,0,,0,0
567576,24/25,GB1,Premier League,703,Nottingham Forest,37,37,2.0,6,0,4,20,10,0,0,0,1372.0,0,0
567576,23/24,GB1,Premier League,762,Newcastle United,21,21,0.0,2,0,11,7,3,0,0,0,,0,0
567576,22/23,GB1,Premier League,762,Newcastle United,34,22,0.0,1,0,19,3,0,0,0,0,,0,0
567576,21/22,GB1,Premier League,762,Newcastle United,5,0,0.0,0,0,0,0,0,0,0,0,,0,0
567576,20/21,GB1,Premier League,762,Newcastle United,9,1,0.0,0,0,1,0,0,0,0,0,,0,0
567597,23/24,GB1,Premier League,1237,Brighton & Hove Albion,8,4,0.0,0,0,3,1,0,0,0,0,,0,0
567597,22/23,GB1,Premier League,1237,Brighton & Hove Albion,7,2,0.0,0,0,2,0,0,0,0,0,,0,0
567597,21/22,GB1,Premier League,1237,Brighton & Hove Albion,9,0,0.0,0,0,0,0,0,0,0,0,,0,0
568006,19/20,GB1,Premier League,148,Tottenham Hotspur,1,0,0.0,0,0,0,0,0,0,0,0,,0,0
568005,24/25,GB1,Premier League,1237,Brighton & Hove Albion,1,1,0.0,0,0,1,0,0,0,0,0,,0,0
568005,22/23,GB1,Premier League,1237,Brighton & Hove Albion,20,9,0.0,1,0,8,1,1,0,0,0,,0,0
568005,21/22,GB1,Premier League,1237,Brighton & Hove Albion,12,5,0.0,0,0,4,1,0,0,0,0,,0,0
568007,22/23,GB1,Premier League,281,Manchester City,4,0,0.0,0,0,0,0,0,0,0,0,,0,0
56810,18/19,GB1,Premier League,1003,Leicester City,4,2,0.0,0,0,1,1,0,0,0,0,,0,0
56810,17/18,GB1,Premier League,1003,Leicester City,15,12,0.0,1,0,3,4,3,0,0,0,,0,0
568157,25/26,GB1,Premier League,873,Crystal Palace,1,1,0.0,0,0,1,0,0,0,0,0,,0,0
56818,19/20,GB1,Premier League,29,Everton FC,19,15,0.0,0,0,3,5,4,1,0,0,,0,0
56818,18/19,GB1,Premier League,29,Everton FC,19,14,0.0,1,0,4,3,2,0,0,0,,0,0
56818,17/18,GB1,Premier League,29,Everton FC,34,30,0.0,0,0,6,4,4,1,0,0,,0,0
56818,16/17,GB1,Premier League,29,Everton FC,14,14,1.0,0,0,2,2,2,0,0,0,1059.0,0,0
56818,16/17,GB1,Premier League,985,Manchester United,7,3,0.0,0,0,3,0,0,0,0,0,,0,0
568177,25/26,GB1,Premier League,631,Chelsea FC,1,1,0.0,0,0,0,0,0,0,0,0,,0,0
568177,24/25,GB1,Premier League,631,Chelsea FC,37,37,15.0,9,0,1,10,7,0,0,4,213.0,0,0
568177,23/24,GB1,Premier League,631,Chelsea FC,33,33,22.0,11,0,4,15,7,0,0,9,119.0,0,0
568177,23/24,GB1,Premier League,281,Manchester City,3,1,0.0,0,0,1,0,0,0,0,0,,0,0
568177,22/23,GB1,Premier League,281,Manchester City,31,14,0.0,1,0,12,0,1,0,0,0,,0,0
568177,21/22,GB1,Premier League,281,Manchester City,24,4,0.0,0,0,3,1,0,0,0,0,,0,0
568177,20/21,GB1,Premier League,281,Manchester City,6,0,0.0,0,0,0,0,0,0,0,0,,0,0
568177,19/20,GB1,Premier League,281,Manchester City,2,0,0.0,0,0,0,0,0,0,0,0,,0,0
568535,20/21,GB1,Premier League,543,Wolverhampton Wanderers,11,1,0.0,0,0,1,0,0,0,0,0,,0,0
568559,24/25,GB1,Premier League,148,Tottenham Hotspur,23,16,0.0,0,0,2,3,1,0,0,0,,0,0
568559,23/24,GB1,Premier League,148,Tottenham Hotspur,18,9,0.0,0,0,5,0,1,0,0,0,,0,0
568693,25/26,GB1,Premier League,148,Tottenham Hotspur,3,3,0.0,1,0,0,1,0,0,0,0,,0,0
568693,24/25,GB1,Premier League,148,Tottenham Hotspur,38,36,3.0,2,0,14,16,6,0,0,0,638.0,0,0
568693,23/24,GB1,Premier League,148,Tottenham Hotspur,34,34,3.0,3,0,7,23,9,0,0,0,695.0,0,0
568693,22/23,GB1,Premier League,148,Tottenham Hotspur,26,11,0.0,1,0,9,2,1,0,0,0,,0,0
56872,17/18,GB1,Premier League,2288,Swansea City,12,11,2.0,0,0,2,5,1,0,0,0,359.0,0,0
56872,17/18,GB1,Premier League,1003,Leicester City,20,11,1.0,1,0,6,2,1,0,0,0,535.0,0,0
56872,16/17,GB1,Premier League,1003,Leicester City,37,23,1.0,0,0,8,5,4,0,0,0,1446.0,0,0
570336,25/26,GB1,Premier League,289,Sunderland AFC,3,0,0.0,0,0,0,0,0,0,0,0,,0,0
57079,19/20,GB1,Premier League,350,Sheffield United,8,1,0.0,0,0,1,0,0,0,0,0,,0,0
57079,16/17,GB1,Premier League,289,Sunderland AFC,25,20,0.0,1,0,3,4,4,0,0,0,,0,0
570864,21/22,GB1,Premier League,1123,Norwich City,6,3,0.0,0,0,2,1,1,0,0,0,,0,0
57162,16/17,GB1,Premier League,379,West Ham United,31,21,3.0,3,0,10,6,1,0,1,0,347.0,0,0
571827,20/21,GB1,Premier League,543,Wolverhampton Wanderers,10,0,0.0,0,0,0,0,0,0,0,0,,0,0
571743,24/25,GB1,Premier League,29,Everton FC,13,10,0.0,0,0,6,4,1,0,0,0,,0,0
571743,23/24,GB1,Premier League,931,Fulham FC,12,8,0.0,1,0,8,0,0,0,0,0,,0,0
571743,23/24,GB1,Premier League,631,Chelsea FC,14,13,1.0,1,0,7,6,0,0,0,0,453.0,0,0
571743,22/23,GB1,Premier League,631,Chelsea FC,13,12,1.0,1,0,10,2,0,0,0,0,287.0,0,0
571743,21/22,GB1,Premier League,180,Southampton FC,32,32,6.0,1,0,11,16,2,0,0,0,330.0,0,0
571743,19/20,GB1,Premier League,631,Chelsea FC,1,1,0.0,0,0,1,0,0,0,0,0,,0,0
57207,17/18,GB1,Premier League,873,Crystal Palace,1,0,0.0,0,0,0,0,0,0,0,0,,0,0
57207,16/17,GB1,Premier League,873,Crystal Palace,7,4,0.0,0,0,4,0,0,0,0,0,,0,0
57420,16/17,GB1,Premier League,289,Sunderland AFC,31,30,1.0,0,0,1,1,4,0,0,0,2545.0,0,0
574420,23/24,GB1,Premier League,29,Everton FC,17,0,0.0,0,0,0,0,0,0,0,0,,0,0
574448,25/26,GB1,Premier League,29,Everton FC,1,0,0.0,0,0,0,0,0,0,0,0,,0,0
574448,21/22,GB1,Premier League,29,Everton FC,2,0,0.0,0,0,0,0,0,0,0,0,,0,0
574448,20/21,GB1,Premier League,29,Everton FC,5,0,0.0,0,0,0,0,0,0,0,0,,0,0
57500,22/23,GB1,Premier League,631,Chelsea FC,31,25,0.0,0,1,9,4,3,0,0,0,,0,0
57500,21/22,GB1,Premier League,631,Chelsea FC,34,27,1.0,2,0,3,8,3,0,0,0,2074.0,0,0
57500,20/21,GB1,Premier League,631,Chelsea FC,38,26,1.0,2,0,2,3,5,0,1,0,2191.0,0,0
57500,19/20,GB1,Premier League,631,Chelsea FC,38,36,2.0,6,0,0,1,1,0,0,0,1615.0,0,0
57500,18/19,GB1,Premier League,631,Chelsea FC,38,38,1.0,5,0,0,1,4,0,0,0,3403.0,0,0
57500,17/18,GB1,Premier League,631,Chelsea FC,38,37,2.0,6,1,0,0,1,0,0,0,1665.0,0,0
57500,16/17,GB1,Premier League,631,Chelsea FC,38,38,1.0,4,0,0,0,4,0,0,0,3420.0,0,0
576024,23/24,GB1,Premier League,281,Manchester City,38,36,11.0,10,0,5,16,2,0,0,2,242.0,0,0
576024,22/23,GB1,Premier League,281,Manchester City,37,31,9.0,1,0,18,5,0,0,0,1,162.0,0,0
576121,24/25,GB1,Premier League,281,Manchester City,2,0,0.0,0,0,0,0,0,0,0,0,,0,0
576121,22/23,GB1,Premier League,281,Manchester City,8,0,0.0,0,0,0,0,0,0,0,0,,0,0
576121,21/22,GB1,Premier League,281,Manchester City,6,0,0.0,0,0,0,0,0,0,0,0,,0,0
576099,23/24,GB1,Premier League,379,West Ham United,7,0,0.0,0,0,0,0,0,0,0,0,,0,0
576099,22/23,GB1,Premier League,379,West Ham United,7,0,0.0,0,0,0,0,0,0,0,0,,0,0
576099,19/20,GB1,Premier League,379,West Ham United,1,0,0.0,0,0,0,0,0,0,0,0,,0,0
576314,25/26,GB1,Premier League,1237,Brighton & Hove Albion,4,4,0.0,0,0,0,0,1,0,0,0,,0,0
576314,24/25,GB1,Premier League,1237,Brighton & Hove Albion,34,34,1.0,1,0,1,2,6,1,0,0,2961.0,0,0
576314,23/24,GB1,Premier League,1237,Brighton & Hove Albion,32,28,0.0,0,0,2,0,4,0,0,0,,0,0
576314,22/23,GB1,Premier League,1237,Brighton & Hove Albion,32,8,0.0,0,0,5,1,2,0,0,0,,0,0
577779,19/20,GB1,Premier League,873,Crystal Palace,3,0,0.0,0,0,0,0,0,0,0,0,,0,0
577779,17/18,GB1,Premier League,873,Crystal Palace,1,0,0.0,0,0,0,0,0,0,0,0,,0,0
578391,25/26,GB1,Premier League,281,Manchester City,3,3,0.0,0,0,0,1,1,0,0,0,,0,0
578391,24/25,GB1,Premier League,543,Wolverhampton Wanderers,37,37,4.0,7,0,0,18,5,1,0,0,782.0,0,0
578391,23/24,GB1,Premier League,543,Wolverhampton Wanderers,33,33,2.0,3,0,4,19,7,0,0,0,1172.0,0,0
578391,22/23,GB1,Premier League,543,Wolverhampton Wanderers,28,21,1.0,0,1,12,5,4,0,0,0,1070.0,0,0
578391,21/22,GB1,Premier League,543,Wolverhampton Wanderers,35,23,1.0,4,0,3,3,4,0,0,0,1828.0,0,0
578391,20/21,GB1,Premier League,543,Wolverhampton Wanderers,29,21,1.0,1,0,5,6,1,0,0,0,1405.0,0,0
57842,18/19,GB1,Premier League,1110,Huddersfield Town,37,37,1.0,0,0,0,1,4,1,0,0,3262.0,0,0
57842,17/18,GB1,Premier League,1110,Huddersfield Town,37,37,0.0,1,0,0,1,6,1,0,0,,0,0
578539,25/26,GB1,Premier League,873,Crystal Palace,3,3,0.0,0,0,0,0,0,0,0,0,,0,0
578539,24/25,GB1,Premier League,873,Crystal Palace,29,24,1.0,0,0,2,3,2,1,0,0,1925.0,0,0
578539,23/24,GB1,Premier League,873,Crystal Palace,35,26,1.0,1,0,3,0,3,0,0,0,2091.0,0,0
578539,22/23,GB1,Premier League,873,Crystal Palace,27,9,0.0,0,0,5,0,0,0,0,0,,0,0
580030,22/23,GB1,Premier League,1237,Brighton & Hove Albion,1,0,0.0,0,0,0,0,0,0,0,0,,0,0
580809,22/23,GB1,Premier League,1237,Brighton & Hove Albion,6,0,0.0,0,0,0,0,0,0,0,0,,0,0
580809,21/22,GB1,Premier League,1237,Brighton & Hove Albion,2,0,0.0,0,0,0,0,0,0,0,0,,0,0
581330,24/25,GB1,Premier League,1237,Brighton & Hove Albion,11,2,0.0,0,0,2,0,0,0,0,0,,0,0
581445,21/22,GB1,Premier League,11,Arsenal FC,2,0,0.0,0,0,0,0,0,0,0,0,,0,0
581598,22/23,GB1,Premier League,148,Tottenham Hotspur,3,1,0.0,0,0,1,0,0,0,0,0,,0,0
581598,21/22,GB1,Premier League,148,Tottenham Hotspur,19,0,0.0,0,0,0,0,0,0,0,0,,0,0
581598,19/20,GB1,Premier League,148,Tottenham Hotspur,3,0,0.0,0,0,0,0,0,0,0,0,,0,0
581672,25/26,GB1,Premier League,405,Aston Villa,1,0,0.0,0,0,0,0,0,0,0,0,,0,0
581669,23/24,GB1,Premier League,1132,Burnley FC,1,0,0.0,0,0,0,0,0,0,0,0,,0,0
581669,21/22,GB1,Premier League,281,Manchester City,7,1,0.0,0,0,1,0,0,0,0,0,,0,0
581674,21/22,GB1,Premier League,11,Arsenal FC,6,0,0.0,0,0,0,0,0,0,0,0,,0,0
581675,22/23,GB1,Premier League,631,Chelsea FC,1,0,0.0,0,0,0,0,0,0,0,0,,0,0
581675,21/22,GB1,Premier League,631,Chelsea FC,3,0,0.0,0,0,0,0,0,0,0,0,,0,0
581677,21/22,GB1,Premier League,399,Leeds United,14,0,0.0,0,0,0,0,1,0,0,0,,0,0
581679,21/22,GB1,Premier League,1148,Brentford FC,8,1,0.0,0,0,1,0,0,0,0,0,,0,0
581683,20/21,GB1,Premier League,148,Tottenham Hotspur,1,0,0.0,0,0,0,0,0,0,0,0,,0,0
581890,19/20,GB1,Premier League,1132,Burnley FC,3,0,0.0,0,0,0,0,0,0,0,0,,0,0
58205,18/19,GB1,Premier League,931,Fulham FC,28,24,6.0,0,0,3,14,2,0,0,0,275.0,0,0
582078,25/26,GB1,Premier League,989,AFC Bournemouth,3,0,0.0,0,0,0,0,0,0,0,0,,0,0
582078,24/25,GB1,Premier League,989,AFC Bournemouth,21,0,0.0,0,0,0,0,0,0,0,0,,0,0
582078,22/23,GB1,Premier League,989,AFC Bournemouth,1,0,0.0,0,0,0,0,0,0,0,0,,0,0
583189,25/26,GB1,Premier League,762,Newcastle United,3,3,0.0,0,0,1,1,0,0,0,0,,0,0
583189,24/25,GB1,Premier League,703,Nottingham Forest,38,38,6.0,11,0,7,19,1,0,0,0,418.0,0,0
583189,23/24,GB1,Premier League,703,Nottingham Forest,36,36,5.0,9,0,11,10,1,0,0,0,487.0,0,0
583189,22/23,GB1,Premier League,985,Manchester United,27,16,0.0,1,0,11,5,0,0,0,0,,0,0
583189,21/22,GB1,Premier League,985,Manchester United,24,21,2.0,2,0,7,9,0,0,0,0,607.0,0,0
583189,20/21,GB1,Premier League,985,Manchester United,2,2,1.0,0,0,0,1,0,0,0,0,156.0,0,0
583255,25/26,GB1,Premier League,989,AFC Bournemouth,3,3,2.0,1,0,0,0,1,0,0,0,135.0,0,0
583255,24/25,GB1,Premier League,989,AFC Bournemouth,37,37,11.0,6,0,1,8,9,0,0,0,292.0,0,0
583255,23/24,GB1,Premier League,989,AFC Bournemouth,36,33,8.0,3,0,8,15,7,0,0,0,264.0,0,0
583255,22/23,GB1,Premier League,989,AFC Bournemouth,15,11,1.0,0,0,9,1,0,0,0,0,251.0,0,0
583258,20/21,GB1,Premier League,1003,Leicester City,1,0,0.0,0,0,0,0,0,0,0,0,,0,0
583199,25/26,GB1,Premier League,703,Nottingham Forest,2,2,0.0,0,0,2,0,0,0,0,0,,0,0
583199,24/25,GB1,Premier League,281,Manchester City,35,15,3.0,0,0,12,3,1,0,0,0,114.0,0,0
583199,23/24,GB1,Premier League,350,Sheffield United,32,30,3.0,3,0,10,14,2,0,0,1,609.0,0,0
583199,23/24,GB1,Premier League,281,Manchester City,3,1,0.0,0,0,1,0,0,0,0,0,,0,0
583199,21/22,GB1,Premier League,281,Manchester City,13,2,0.0,0,0,2,0,0,0,0,0,,0,0
583952,23/24,GB1,Premier League,11,Arsenal FC,1,0,0.0,0,0,0,0,0,0,0,0,,0,0
583990,22/23,GB1,Premier League,989,AFC Bournemouth,1,1,0.0,0,0,1,0,0,0,0,0,,0,0
584769,25/26,GB1,Premier League,29,Everton FC,3,1,0.0,0,0,1,0,0,0,0,0,,0,0
584769,24/25,GB1,Premier League,29,Everton FC,21,21,4.0,8,0,6,5,1,0,0,0,343.0,0,0
584769,23/24,GB1,Premier League,29,Everton FC,35,35,3.0,6,0,2,9,2,0,0,0,966.0,0,0
584769,22/23,GB1,Premier League,29,Everton FC,38,36,7.0,3,0,8,9,5,0,0,0,357.0,0,0
584769,21/22,GB1,Premier League,1132,Burnley FC,38,38,0.0,1,0,3,9,1,0,0,0,,0,0
584769,20/21,GB1,Premier League,1132,Burnley FC,36,36,2.0,5,0,2,4,1,0,0,0,1536.0,0,0
584769,19/20,GB1,Premier League,1132,Burnley FC,38,38,2.0,6,0,0,7,5,0,0,0,1673.0,0,0
584769,18/19,GB1,Premier League,1132,Burnley FC,25,21,3.0,5,0,2,10,2,0,0,0,533.0,0,0
584769,17/18,GB1,Premier League,1132,Burnley FC,1,1,0.0,0,0,1,0,0,0,0,0,,0,0
585323,25/26,GB1,Premier League,631,Chelsea FC,3,0,0.0,0,0,0,0,0,0,0,0,,0,0
585323,24/25,GB1,Premier League,631,Chelsea FC,37,6,,0,0,0,0,0,0,0,0,540.0,9,1
585550,22/23,GB1,Premier League,180,Southampton FC,38,32,,0,0,0,0,0,0,0,0,2880.0,56,4
585959,25/26,GB1,Premier League,703,Nottingham Forest,2,2,0.0,0,0,2,0,0,0,0,0,,0,0
586834,25/26,GB1,Premier League,873,Crystal Palace,1,0,0.0,0,0,0,0,0,0,0,0,,0,0
586834,23/24,GB1,Premier League,873,Crystal Palace,13,6,0.0,0,0,6,0,0,0,0,0,,0,0
586834,21/22,GB1,Premier League,873,Crystal Palace,7,2,0.0,0,0,1,1,0,0,0,0,,0,0
586834,20/21,GB1,Premier League,873,Crystal Palace,3,0,0.0,0,0,0,0,0,0,0,0,,0,0
586982,23/24,GB1,Premier League,379,West Ham United,1,0,0.0,0,0,0,0,0,0,0,0,,0,0
586980,21/22,GB1,Premier League,11,Arsenal FC,1,0,0.0,0,0,0,0,0,0,0,0,,0,0
586986,23/24,GB1,Premier League,873,Crystal Palace,3,0,0.0,0,0,0,0,0,0,0,0,,0,0
586986,22/23,GB1,Premier League,873,Crystal Palace,2,0,0.0,0,0,0,0,0,0,0,0,,0,0
587003,21/22,GB1,Premier League,399,Leeds United,16,3,0.0,0,0,2,2,0,0,0,0,,0,0
587003,19/20,GB1,Premier League,631,Chelsea FC,1,0,0.0,0,0,0,0,0,0,0,0,,0,0
587002,25/26,GB1,Premier League,1148,Brentford FC,2,0,0.0,0,0,0,0,0,0,0,0,,0,0
587002,24/25,GB1,Premier League,1148,Brentford FC,1,0,0.0,0,0,0,0,0,0,0,0,,0,0
587002,23/24,GB1,Premier League,1148,Brentford FC,9,3,0.0,0,0,3,0,0,0,0,0,,0,0
587002,21/22,GB1,Premier League,1148,Brentford FC,4,0,0.0,0,0,0,0,0,0,0,0,,0,0
587018,24/25,GB1,Premier League,985,Manchester United,2,0,0.0,0,0,0,0,0,0,0,0,,0,0
587019,22/23,GB1,Premier League,1148,Brentford FC,9,0,0.0,0,0,0,0,0,0,0,0,,0,0
587019,21/22,GB1,Premier League,1148,Brentford FC,23,1,0.0,0,0,1,0,0,0,0,0,,0,0
587106,19/20,GB1,Premier League,379,West Ham United,3,0,0.0,0,0,0,0,0,0,0,0,,0,0
58864,22/23,GB1,Premier League,631,Chelsea FC,20,15,1.0,0,0,10,6,1,0,0,0,551.0,0,0
58864,21/22,GB1,Premier League,11,Arsenal FC,14,14,4.0,1,0,2,5,3,0,0,0,260.0,0,0
58864,20/21,GB1,Premier League,11,Arsenal FC,32,29,10.0,3,1,3,7,2,0,0,2,234.0,0,0
58864,19/20,GB1,Premier League,11,Arsenal FC,36,36,22.0,3,0,1,3,3,0,1,2,143.0,0,0
58864,18/19,GB1,Premier League,11,Arsenal FC,36,36,22.0,5,0,6,11,0,0,0,4,124.0,0,0
58864,17/18,GB1,Premier League,11,Arsenal FC,13,13,10.0,4,0,1,2,0,0,0,1,106.0,0,0
588989,25/26,GB1,Premier League,543,Wolverhampton Wanderers,3,3,0.0,0,0,1,2,0,0,0,0,,0,0
58993,18/19,GB1,Premier League,603,Cardiff City,35,32,3.0,1,0,9,10,4,0,0,0,714.0,0,0
591193,21/22,GB1,Premier League,29,Everton FC,1,0,0.0,0,0,0,0,0,0,0,0,,0,0
591193,20/21,GB1,Premier League,29,Everton FC,26,2,0.0,0,0,1,1,1,0,0,0,,0,0
591844,24/25,GB1,Premier League,405,Aston Villa,10,0,0.0,0,0,0,0,0,0,0,0,,0,0
591844,23/24,GB1,Premier League,405,Aston Villa,5,0,0.0,0,0,0,0,0,0,0,0,,0,0
591949,25/26,GB1,Premier League,1148,Brentford FC,3,2,0.0,0,0,2,0,1,0,0,0,,0,0
591949,24/25,GB1,Premier League,1148,Brentford FC,1,0,0.0,0,0,0,0,0,0,0,0,,0,0
591949,23/24,GB1,Premier League,1148,Brentford FC,9,9,0.0,0,0,0,7,5,0,0,0,,0,0
591949,22/23,GB1,Premier League,1148,Brentford FC,28,26,0.0,1,0,3,15,7,0,0,0,,0,0
592474,21/22,GB1,Premier League,399,Leeds United,9,1,0.0,0,0,1,0,0,0,0,0,,0,0
592975,24/25,GB1,Premier League,1003,Leicester City,10,4,0.0,0,0,3,1,1,0,0,0,,0,0
592988,20/21,GB1,Premier League,984,West Bromwich Albion,1,0,0.0,0,0,0,0,0,0,0,0,,0,0
59323,16/17,GB1,Premier League,641,Middlesbrough FC,31,23,4.0,0,0,7,12,4,0,0,0,341.0,0,0
59377,22/23,GB1,Premier League,985,Manchester United,38,38,,0,0,0,0,0,0,0,0,3420.0,43,17
59377,21/22,GB1,Premier League,985,Manchester United,38,38,,0,0,0,0,0,0,0,0,3420.0,57,8
59377,20/21,GB1,Premier League,985,Manchester United,33,26,,0,0,0,1,0,0,0,0,2295.0,32,9
59377,19/20,GB1,Premier League,985,Manchester United,38,38,,0,0,0,0,2,0,0,0,3420.0,36,13
59377,18/19,GB1,Premier League,985,Manchester United,38,38,,0,0,0,0,1,0,0,0,3420.0,54,7
59377,17/18,GB1,Premier League,985,Manchester United,37,37,,0,0,0,0,0,0,0,0,3330.0,28,18
59377,16/17,GB1,Premier League,985,Manchester United,35,35,,0,0,0,0,2,0,0,0,3150.0,29,14
594276,21/22,GB1,Premier League,1010,Watford FC,2,0,0.0,0,0,0,0,0,0,0,0,,0,0
59558,16/17,GB1,Premier League,641,Middlesbrough FC,11,4,0.0,0,0,0,2,0,0,0,0,,0,0
595809,25/26,GB1,Premier League,29,Everton FC,3,3,1.0,0,0,1,1,1,0,0,0,192.0,0,0
595809,24/25,GB1,Premier League,29,Everton FC,38,30,8.0,0,0,15,9,2,0,0,0,191.0,0,0
595809,23/24,GB1,Premier League,29,Everton FC,32,30,3.0,0,0,21,8,2,0,0,0,314.0,0,0
59606,21/22,GB1,Premier League,1010,Watford FC,35,31,0.0,1,0,4,3,3,0,0,0,,0,0
59606,19/20,GB1,Premier League,1010,Watford FC,36,29,0.0,0,0,1,2,7,0,0,0,,0,0
59606,18/19,GB1,Premier League,1010,Watford FC,37,36,3.0,0,2,1,4,2,0,0,0,1033.0,0,0
59606,17/18,GB1,Premier League,1010,Watford FC,9,7,0.0,0,0,2,1,1,0,0,0,,0,0
59606,16/17,GB1,Premier League,1010,Watford FC,20,15,0.0,1,0,2,2,3,0,0,0,,0,0
596216,21/22,GB1,Premier League,1148,Brentford FC,1,0,0.0,0,0,0,0,0,0,0,0,,0,0
59631,17/18,GB1,Premier League,984,West Bromwich Albion,11,5,1.0,0,0,3,3,1,0,0,0,215.0,0,0
59631,16/17,GB1,Premier League,984,West Bromwich Albion,33,31,5.0,5,0,4,19,2,0,0,1,430.0,0,0
59641,20/21,GB1,Premier League,931,Fulham FC,21,3,0.0,0,0,0,0,1,0,0,0,,0,0
59641,18/19,GB1,Premier League,931,Fulham FC,34,31,0.0,1,1,2,1,4,0,0,0,,0,0
596446,24/25,GB1,Premier League,677,Ipswich Town,33,33,1.0,3,0,1,4,5,0,1,0,2746.0,0,0
596446,20/21,GB1,Premier League,399,Leeds United,25,2,0.0,0,0,2,0,0,0,0,0,,0,0
596821,21/22,GB1,Premier League,873,Crystal Palace,1,0,0.0,0,0,0,0,0,0,0,0,,0,0
597659,21/22,GB1,Premier League,399,Leeds United,31,5,0.0,0,0,4,0,1,0,0,0,,0,0
597659,20/21,GB1,Premier League,399,Leeds United,7,0,0.0,0,0,0,0,0,0,0,0,,0,0
598577,25/26,GB1,Premier League,31,Liverpool FC,3,3,0.0,0,0,0,3,0,0,0,0,,0,0
59866,18/19,GB1,Premier League,631,Chelsea FC,4,2,0.0,0,0,2,0,0,0,0,0,,0,0
59866,17/18,GB1,Premier League,631,Chelsea FC,33,28,3.0,3,0,3,11,3,0,0,0,706.0,0,0
59866,16/17,GB1,Premier League,631,Chelsea FC,35,34,3.0,3,0,5,20,4,0,0,0,833.0,0,0
598958,20/21,GB1,Premier League,1132,Burnley FC,2,0,0.0,0,0,0,0,0,0,0,0,,0,0
598958,19/20,GB1,Premier League,1132,Burnley FC,9,1,0.0,0,0,1,0,0,0,0,0,,0,0
601883,25/26,GB1,Premier League,281,Manchester City,3,2,0.0,0,0,1,1,0,0,0,0,,0,0
601883,24/25,GB1,Premier League,281,Manchester City,35,26,1.0,6,0,7,3,4,0,0,0,1672.0,0,0
601883,23/24,GB1,Premier League,281,Manchester City,33,17,0.0,2,0,10,4,0,0,0,0,,0,0
601883,23/24,GB1,Premier League,543,Wolverhampton Wanderers,2,2,0.0,0,0,0,0,0,1,0,0,,0,0
601883,22/23,GB1,Premier League,543,Wolverhampton Wanderers,35,34,1.0,1,0,4,16,2,0,1,0,2478.0,0,0
602105,24/25,GB1,Premier League,985,Manchester United,19,8,0.0,0,0,8,0,0,0,0,0,,0,0
602105,23/24,GB1,Premier League,985,Manchester United,33,29,1.0,1,0,14,12,5,0,0,0,1323.0,0,0
602105,22/23,GB1,Premier League,985,Manchester United,25,25,4.0,2,0,2,17,5,0,0,0,455.0,0,0
60444,23/24,GB1,Premier League,31,Liverpool FC,1,1,0.0,0,0,1,0,0,0,0,0,,0,0
60444,22/23,GB1,Premier League,31,Liverpool FC,18,18,0.0,0,0,4,5,2,0,0,0,,0,0
60444,21/22,GB1,Premier League,31,Liverpool FC,26,25,1.0,4,0,8,12,2,0,0,0,1537.0,0,0
60444,20/21,GB1,Premier League,31,Liverpool FC,25,24,1.0,0,0,4,7,4,0,0,0,1858.0,0,0
605184,25/26,GB1,Premier League,379,West Ham United,3,2,0.0,0,0,0,2,0,0,0,0,,0,0
605184,24/25,GB1,Premier League,379,West Ham United,32,27,0.0,0,0,7,11,3,0,0,0,,0,0
60558,20/21,GB1,Premier League,931,Fulham FC,5,2,0.0,0,0,1,0,2,0,0,0,,0,0
60558,18/19,GB1,Premier League,931,Fulham FC,34,26,0.0,1,0,1,2,5,0,0,0,,0,0
60577,21/22,GB1,Premier League,1010,Watford FC,5,3,0.0,0,0,1,1,0,0,0,0,,0,0
606718,25/26,GB1,Premier League,543,Wolverhampton Wanderers,4,4,0.0,0,0,0,0,0,0,1,0,,0,0
606718,24/25,GB1,Premier League,543,Wolverhampton Wanderers,32,31,0.0,1,0,1,3,7,0,0,0,,0,0
606718,23/24,GB1,Premier League,543,Wolverhampton Wanderers,38,35,1.0,3,0,4,8,7,0,0,0,2776.0,0,0
606718,22/23,GB1,Premier League,543,Wolverhampton Wanderers,28,17,1.0,0,0,7,3,6,0,0,0,981.0,0,0
606718,21/22,GB1,Premier League,543,Wolverhampton Wanderers,16,4,0.0,0,0,0,0,1,0,0,0,,0,0
606872,19/20,GB1,Premier League,543,Wolverhampton Wanderers,2,0,0.0,0,0,0,0,0,0,0,0,,0,0
607224,25/26,GB1,Premier League,1132,Burnley FC,3,3,0.0,0,0,0,3,0,0,0,0,,0,0
607224,23/24,GB1,Premier League,985,Manchester United,14,5,1.0,0,0,4,0,1,0,0,0,131.0,0,0
607224,21/22,GB1,Premier League,985,Manchester United,7,2,0.0,0,0,1,1,2,0,0,0,,0,0
607224,20/21,GB1,Premier League,985,Manchester United,1,1,0.0,0,0,1,0,0,0,0,0,,0,0
607223,25/26,GB1,Premier League,281,Manchester City,2,2,1.0,0,0,1,1,0,0,0,0,71.0,0,0
607226,25/26,GB1,Premier League,1132,Burnley FC,3,3,0.0,0,0,3,0,1,0,0,0,,0,0
608175,23/24,GB1,Premier League,1031,Luton Town,37,37,2.0,8,0,3,16,5,0,0,0,1469.0,0,0
609556,25/26,GB1,Premier League,762,Newcastle United,3,3,1.0,0,0,2,0,0,0,0,0,105.0,0,0
609556,24/25,GB1,Premier League,762,Newcastle United,38,14,1.0,0,0,14,0,0,0,0,0,124.0,0,0
609556,23/24,GB1,Premier League,350,Sheffield United,30,21,0.0,0,0,12,8,4,0,0,0,,0,0
609556,20/21,GB1,Premier League,350,Sheffield United,1,0,0.0,0,0,0,0,0,0,0,0,,0,0
609883,22/23,GB1,Premier League,281,Manchester City,2,0,0.0,0,0,0,0,0,0,0,0,,0,0
609883,21/22,GB1,Premier League,281,Manchester City,14,0,0.0,0,0,0,0,0,0,0,0,,0,0
609883,20/21,GB1,Premier League,281,Manchester City,2,0,0.0,0,0,0,0,0,0,0,0,,0,0
609887,22/23,GB1,Premier League,281,Manchester City,2,0,0.0,0,0,0,0,0,0,0,0,,0,0
60990,18/19,GB1,Premier League,603,Cardiff City,38,38,0.0,1,0,1,0,0,0,0,0,,0,0
610442,24/25,GB1,Premier League,985,Manchester United,34,32,4.0,1,0,9,16,2,0,0,0,504.0,0,0
610442,23/24,GB1,Premier League,985,Manchester United,30,30,10.0,2,0,5,17,2,0,0,0,217.0,0,0
610581,24/25,GB1,Premier League,677,Ipswich Town,13,11,0.0,0,0,11,0,3,0,0,0,,0,0
610621,21/22,GB1,Premier League,1010,Watford FC,8,0,0.0,0,0,0,0,0,0,0,0,,0,0
610649,21/22,GB1,Premier League,11,Arsenal FC,1,0,0.0,0,0,0,0,0,0,0,0,,0,0
610665,20/21,GB1,Premier League,180,Southampton FC,9,3,0.0,0,0,3,0,1,0,0,0,,0,0
610706,21/22,GB1,Premier League,379,West Ham United,5,0,0.0,0,0,0,0,0,0,0,0,,0,0
610706,20/21,GB1,Premier League,379,West Ham United,1,0,0.0,0,0,0,0,0,0,0,0,,0,0
610849,25/26,GB1,Premier League,631,Chelsea FC,3,3,0.0,0,0,1,2,0,0,0,0,,0,0
610849,24/25,GB1,Premier League,677,Ipswich Town,37,37,12.0,2,0,5,29,12,0,0,2,218.0,0,0
610849,22/23,GB1,Premier League,281,Manchester City,1,0,0.0,0,0,0,0,0,0,0,0,,0,0
610849,21/22,GB1,Premier League,281,Manchester City,4,1,0.0,0,0,1,0,0,0,0,0,,0,0
610849,20/21,GB1,Premier League,281,Manchester City,6,1,0.0,0,0,1,0,0,0,0,0,,0,0
610863,23/24,GB1,Premier League,405,Aston Villa,10,0,0.0,0,0,0,0,0,0,0,0,,0,0
610863,22/23,GB1,Premier League,405,Aston Villa,1,0,0.0,0,0,0,0,0,0,0,0,,0,0
610863,21/22,GB1,Premier League,405,Aston Villa,1,0,0.0,0,0,0,0,0,0,0,0,,0,0
611650,20/21,GB1,Premier League,873,Crystal Palace,1,0,0.0,0,0,0,0,0,0,0,0,,0,0
611650,19/20,GB1,Premier League,873,Crystal Palace,14,0,0.0,0,0,0,0,0,0,0,0,,0,0
611650,18/19,GB1,Premier League,873,Crystal Palace,1,0,0.0,0,0,0,0,0,0,0,0,,0,0
611793,25/26,GB1,Premier League,989,AFC Bournemouth,3,3,0.0,0,0,3,0,1,0,0,0,,0,0
611793,24/25,GB1,Premier League,989,AFC Bournemouth,31,10,0.0,1,0,4,5,1,0,0,0,,0,0
611793,23/24,GB1,Premier League,989,AFC Bournemouth,15,5,0.0,0,0,4,1,0,0,0,0,,0,0
611793,22/23,GB1,Premier League,989,AFC Bournemouth,6,0,0.0,0,0,0,0,0,0,0,0,,0,0
611906,18/19,GB1,Premier League,989,AFC Bournemouth,2,0,0.0,0,0,0,0,0,0,0,0,,0,0
612517,23/24,GB1,Premier League,631,Chelsea FC,2,0,0.0,0,0,0,0,0,0,0,0,,0,0
612517,22/23,GB1,Premier League,631,Chelsea FC,4,0,0.0,0,0,0,0,0,0,0,0,,0,0
612749,22/23,GB1,Premier League,29,Everton FC,3,1,0.0,0,0,1,0,1,0,0,0,,0,0
612749,21/22,GB1,Premier League,29,Everton FC,5,1,0.0,0,0,1,0,0,0,0,0,,0,0
612749,20/21,GB1,Premier League,29,Everton FC,2,0,0.0,0,0,0,0,0,0,0,0,,0,0
614082,21/22,GB1,Premier League,399,Leeds United,11,1,0.0,0,0,1,0,0,0,0,0,,0,0
614258,24/25,GB1,Premier League,631,Chelsea FC,37,35,2.0,1,0,0,1,9,0,0,0,1575.0,0,0
614258,23/24,GB1,Premier League,631,Chelsea FC,27,23,1.0,1,0,3,5,2,0,0,0,1798.0,0,0
614258,22/23,GB1,Premier League,1237,Brighton & Hove Albion,28,17,0.0,2,0,4,2,1,0,0,0,,0,0
614603,22/23,GB1,Premier League,543,Wolverhampton Wanderers,14,5,0.0,0,0,5,0,0,0,0,0,,0,0
614603,21/22,GB1,Premier League,543,Wolverhampton Wanderers,7,1,0.0,0,0,1,0,0,0,0,0,,0,0
614700,21/22,GB1,Premier League,1132,Burnley FC,7,0,0.0,0,0,0,0,0,0,0,0,,0,0
614826,20/21,GB1,Premier League,984,West Bromwich Albion,1,0,0.0,0,0,0,0,0,0,0,0,,0,0
614811,23/24,GB1,Premier League,762,Newcastle United,14,4,0.0,0,0,4,0,1,0,0,0,,0,0
614811,21/22,GB1,Premier League,762,Newcastle United,3,0,0.0,0,0,0,0,0,0,0,0,,0,0
61560,22/23,GB1,Premier League,1003,Leicester City,19,6,1.0,0,0,5,1,0,0,0,0,233.0,0,0
61560,21/22,GB1,Premier League,1003,Leicester City,34,17,1.0,2,0,6,0,3,0,0,0,1127.0,0,0
61560,20/21,GB1,Premier League,1003,Leicester City,38,31,1.0,5,0,14,8,2,0,0,0,1742.0,0,0
61560,19/20,GB1,Premier League,1003,Leicester City,36,20,0.0,3,0,11,7,2,0,0,0,,0,0
61560,18/19,GB1,Premier League,1003,Leicester City,29,27,2.0,2,0,9,10,3,0,0,0,813.0,0,0
61560,17/18,GB1,Premier League,1003,Leicester City,35,34,2.0,7,0,4,10,5,0,1,0,1272.0,0,0
61560,16/17,GB1,Premier League,1003,Leicester City,37,33,2.0,6,0,4,17,5,0,0,0,1212.0,0,0
61573,18/19,GB1,Premier League,1110,Huddersfield Town,31,29,0.0,1,0,0,9,8,0,1,0,,0,0
61573,17/18,GB1,Premier League,1110,Huddersfield Town,32,30,0.0,0,0,1,11,8,1,0,0,,0,0
61592,23/24,GB1,Premier League,873,Crystal Palace,28,4,0.0,0,0,4,0,0,0,0,0,,0,0
61592,22/23,GB1,Premier League,873,Crystal Palace,22,6,1.0,0,0,3,0,1,1,0,0,336.0,0,0
61592,21/22,GB1,Premier League,873,Crystal Palace,27,8,1.0,0,0,2,1,2,0,0,0,546.0,0,0
61592,20/21,GB1,Premier League,873,Crystal Palace,12,8,0.0,0,0,2,1,1,0,0,0,,0,0
61592,19/20,GB1,Premier League,873,Crystal Palace,21,18,1.0,1,0,0,2,4,0,0,0,1586.0,0,0
61592,18/19,GB1,Premier League,873,Crystal Palace,29,29,1.0,1,0,0,3,6,0,0,0,2563.0,0,0
61592,17/18,GB1,Premier League,873,Crystal Palace,34,28,3.0,0,0,1,2,8,0,0,0,796.0,0,0
61592,16/17,GB1,Premier League,873,Crystal Palace,27,24,3.0,0,0,1,5,4,0,0,0,659.0,0,0
61644,22/23,GB1,Premier League,703,Nottingham Forest,18,11,0.0,0,0,7,2,0,0,0,0,,0,0
61653,21/22,GB1,Premier League,405,Aston Villa,2,0,0.0,0,0,0,0,0,0,0,0,,0,0
61653,20/21,GB1,Premier League,405,Aston Villa,15,4,1.0,1,0,1,3,0,0,0,0,228.0,0,0
61653,19/20,GB1,Premier League,405,Aston Villa,37,27,3.0,5,0,9,14,4,0,0,0,513.0,0,0
61651,25/26,GB1,Premier League,1148,Brentford FC,3,3,0.0,0,0,1,2,0,0,0,0,,0,0
61651,22/23,GB1,Premier League,31,Liverpool FC,35,35,0.0,2,0,12,13,2,0,0,0,,0,0
61651,21/22,GB1,Premier League,31,Liverpool FC,35,35,2.0,5,0,6,11,3,0,0,0,1302.0,0,0
61651,20/21,GB1,Premier League,31,Liverpool FC,23,21,1.0,1,0,1,4,0,0,0,0,1707.0,0,0
61651,19/20,GB1,Premier League,31,Liverpool FC,31,30,4.0,5,0,4,10,2,0,0,0,561.0,0,0
61651,18/19,GB1,Premier League,31,Liverpool FC,33,32,1.0,3,0,11,6,1,1,0,0,1982.0,0,0
61651,17/18,GB1,Premier League,31,Liverpool FC,31,27,1.0,1,0,2,4,1,0,0,0,2172.0,0,0
61651,16/17,GB1,Premier League,31,Liverpool FC,24,24,1.0,4,0,0,2,8,0,0,0,2118.0,0,0
61694,18/19,GB1,Premier League,603,Cardiff City,38,38,,0,0,0,0,2,0,0,0,3420.0,69,10
61697,24/25,GB1,Premier League,379,West Ham United,9,0,0.0,0,0,0,0,0,0,0,0,,0,0
61697,23/24,GB1,Premier League,350,Sheffield United,38,30,,1,0,1,0,2,0,0,0,2648.0,79,1
61697,20/21,GB1,Premier League,350,Sheffield United,25,0,0.0,0,0,0,0,0,0,0,0,,0,0
617755,25/26,GB1,Premier League,289,Sunderland AFC,3,2,0.0,0,0,1,1,0,0,0,0,,0,0
61814,20/21,GB1,Premier League,984,West Bromwich Albion,38,1,,0,0,0,0,0,0,0,0,90.0,2,0
61814,19/20,GB1,Premier League,1237,Brighton & Hove Albion,38,0,0.0,0,0,0,0,0,0,0,0,,0,0
61814,18/19,GB1,Premier League,1237,Brighton & Hove Albion,29,4,,0,0,0,0,0,0,0,0,360.0,5,1
61832,20/21,GB1,Premier League,984,West Bromwich Albion,30,18,0.0,0,1,3,6,2,0,1,0,,0,0
61832,17/18,GB1,Premier League,984,West Bromwich Albion,34,34,2.0,2,0,4,5,5,0,0,0,1338.0,0,0
61832,16/17,GB1,Premier League,984,West Bromwich Albion,17,16,0.0,0,0,1,3,2,0,0,0,,0,0
61832,16/17,GB1,Premier League,3008,Hull City,21,21,1.0,1,0,1,4,3,0,1,0,1674.0,0,0
61834,16/17,GB1,Premier League,3008,Hull City,18,16,1.0,0,0,5,7,4,0,0,0,928.0,0,0
61834,16/17,GB1,Premier League,148,Tottenham Hotspur,2,0,0.0,0,0,0,0,0,0,0,0,,0,0
61841,25/26,GB1,Premier League,989,AFC Bournemouth,3,3,0.0,0,0,0,2,0,0,0,0,,0,0
61841,24/25,GB1,Premier League,989,AFC Bournemouth,26,25,0.0,0,0,6,12,7,0,0,0,,0,0
61841,23/24,GB1,Premier League,989,AFC Bournemouth,34,28,0.0,3,0,3,10,6,0,0,0,,0,0
61841,22/23,GB1,Premier League,989,AFC Bournemouth,37,37,0.0,1,0,3,9,11,0,0,0,,0,0
61841,19/20,GB1,Premier League,989,AFC Bournemouth,24,24,0.0,1,0,0,5,7,0,0,0,,0,0
61841,18/19,GB1,Premier League,989,AFC Bournemouth,25,25,1.0,1,0,0,6,5,0,1,0,2073.0,0,0
61841,17/18,GB1,Premier League,989,AFC Bournemouth,28,27,1.0,3,0,5,2,6,0,0,0,2068.0,0,0
61841,16/17,GB1,Premier League,989,AFC Bournemouth,36,36,1.0,5,1,2,0,6,0,0,0,3099.0,0,0
61842,23/24,GB1,Premier League,1031,Luton Town,30,27,1.0,3,0,13,13,1,0,0,0,1209.0,0,0
61842,21/22,GB1,Premier League,29,Everton FC,25,21,3.0,2,0,4,6,3,0,0,1,486.0,0,0
61842,20/21,GB1,Premier League,873,Crystal Palace,38,34,1.0,5,0,9,9,0,0,0,0,2259.0,0,0
61842,19/20,GB1,Premier League,873,Crystal Palace,29,24,1.0,1,0,10,6,0,0,0,0,1289.0,0,0
61842,18/19,GB1,Premier League,873,Crystal Palace,38,38,6.0,4,0,4,13,1,0,0,0,503.0,0,0
61842,17/18,GB1,Premier League,873,Crystal Palace,37,36,2.0,6,0,1,9,3,0,0,0,1565.0,0,0
61842,16/17,GB1,Premier League,873,Crystal Palace,37,36,3.0,5,0,6,15,4,0,0,0,842.0,0,0
618494,24/25,GB1,Premier League,31,Liverpool FC,8,0,0.0,0,0,0,0,0,0,0,0,,0,0
618494,21/22,GB1,Premier League,31,Liverpool FC,9,2,0.0,0,0,1,1,1,0,0,0,,0,0
61891,16/17,GB1,Premier League,641,Middlesbrough FC,28,24,0.0,0,0,3,5,8,0,0,0,,0,0
62008,20/21,GB1,Premier League,931,Fulham FC,1,0,0.0,0,0,0,0,0,0,0,0,,0,0
62008,18/19,GB1,Premier League,931,Fulham FC,18,12,0.0,0,0,8,3,4,0,0,0,,0,0
620362,24/25,GB1,Premier League,985,Manchester United,2,0,0.0,0,0,0,0,0,0,0,0,,0,0
620362,23/24,GB1,Premier League,985,Manchester United,1,0,0.0,0,0,0,0,0,0,0,0,,0,0
620322,25/26,GB1,Premier League,631,Chelsea FC,3,3,0.0,0,0,1,1,0,0,0,0,,0,0
620322,24/25,GB1,Premier League,631,Chelsea FC,33,32,0.0,1,0,13,6,4,0,0,0,,0,0
620322,23/24,GB1,Premier League,631,Chelsea FC,28,27,0.0,6,0,8,10,7,0,1,0,,0,0
62049,17/18,GB1,Premier League,512,Stoke City,35,35,6.0,2,0,5,11,6,0,0,0,434.0,0,0
62049,16/17,GB1,Premier League,512,Stoke City,32,27,1.0,2,0,12,9,3,0,0,0,1382.0,0,0
620598,23/24,GB1,Premier League,1132,Burnley FC,15,13,1.0,0,1,1,1,1,0,0,0,1055.0,0,0
621193,24/25,GB1,Premier League,1003,Leicester City,20,18,1.0,1,0,9,8,3,0,0,0,853.0,0,0
621193,22/23,GB1,Premier League,1003,Leicester City,3,0,0.0,0,0,0,0,0,0,0,0,,0,0
621193,21/22,GB1,Premier League,1003,Leicester City,5,1,0.0,0,0,1,0,0,0,0,0,,0,0
62121,20/21,GB1,Premier League,985,Manchester United,2,1,0.0,0,0,1,0,0,0,0,0,,0,0
62121,19/20,GB1,Premier League,985,Manchester United,13,11,0.0,0,0,11,0,0,0,0,0,,0,0
62121,16/17,GB1,Premier League,1010,Watford FC,22,18,1.0,1,0,4,4,1,0,0,0,1292.0,0,0
621993,24/25,GB1,Premier League,703,Nottingham Forest,4,0,0.0,0,0,0,0,0,0,0,0,,0,0
621993,23/24,GB1,Premier League,703,Nottingham Forest,19,11,0.0,0,1,3,0,2,0,0,0,,0,0
621993,21/22,GB1,Premier League,1123,Norwich City,14,5,1.0,0,0,1,0,1,0,0,0,381.0,0,0
621997,24/25,GB1,Premier League,677,Ipswich Town,4,0,0.0,0,0,0,0,0,0,0,0,,0,0
621997,21/22,GB1,Premier League,281,Manchester City,3,0,0.0,0,0,0,0,0,0,0,0,,0,0
622236,23/24,GB1,Premier League,985,Manchester United,1,0,0.0,0,0,0,0,0,0,0,0,,0,0
622380,24/25,GB1,Premier League,631,Chelsea FC,4,0,0.0,0,0,0,0,0,0,0,0,,0,0
622380,23/24,GB1,Premier League,631,Chelsea FC,17,11,0.0,0,0,11,0,0,0,0,0,,0,0
623570,25/26,GB1,Premier League,29,Everton FC,3,3,2.0,0,0,0,2,0,0,0,0,122.0,0,0
623570,24/25,GB1,Premier League,29,Everton FC,33,33,9.0,0,0,4,15,3,0,0,2,271.0,0,0
623570,20/21,GB1,Premier League,350,Sheffield United,7,1,0.0,0,0,1,0,0,0,0,0,,0,0
624258,25/26,GB1,Premier League,31,Liverpool FC,2,1,0.0,0,0,1,0,1,0,0,0,,0,0
624258,24/25,GB1,Premier League,31,Liverpool FC,25,19,0.0,2,0,12,7,4,0,0,0,,0,0
624258,23/24,GB1,Premier League,31,Liverpool FC,19,11,1.0,3,1,1,8,2,0,0,0,760.0,0,0
624258,21/22,GB1,Premier League,31,Liverpool FC,1,0,0.0,0,0,0,0,0,0,0,0,,0,0
624267,22/23,GB1,Premier League,703,Nottingham Forest,1,0,0.0,0,0,0,0,0,0,0,0,,0,0
626291,21/22,GB1,Premier League,762,Newcastle United,4,0,0.0,0,0,0,0,0,0,0,0,,0,0
626724,25/26,GB1,Premier League,631,Chelsea FC,3,3,2.0,2,0,0,1,0,0,0,0,127.0,0,0
626724,24/25,GB1,Premier League,1237,Brighton & Hove Albion,27,27,10.0,6,0,4,10,4,0,1,5,195.0,0,0
626724,23/24,GB1,Premier League,1237,Brighton & Hove Albion,31,31,9.0,3,0,12,10,2,0,0,4,227.0,0,0
626724,21/22,GB1,Premier League,1010,Watford FC,29,28,3.0,1,0,13,5,1,0,0,0,546.0,0,0
626724,19/20,GB1,Premier League,1010,Watford FC,9,3,0.0,0,0,3,0,0,0,0,0,,0,0
62688,20/21,GB1,Premier League,873,Crystal Palace,30,15,1.0,0,0,0,0,1,0,0,0,1350.0,0,0
62688,19/20,GB1,Premier League,873,Crystal Palace,31,16,0.0,1,0,2,1,0,0,0,0,,0,0
62688,18/19,GB1,Premier League,873,Crystal Palace,19,10,0.0,1,0,3,0,1,0,0,0,,0,0
62688,17/18,GB1,Premier League,873,Crystal Palace,19,17,1.0,0,0,1,1,4,0,0,0,1435.0,0,0
62688,16/17,GB1,Premier League,873,Crystal Palace,24,23,3.0,1,0,4,2,2,0,0,0,581.0,0,0
626888,23/24,GB1,Premier League,405,Aston Villa,17,3,0.0,0,0,3,0,0,0,0,0,,0,0
626888,21/22,GB1,Premier League,405,Aston Villa,2,0,0.0,0,0,0,0,0,0,0,0,,0,0
626888,20/21,GB1,Premier League,405,Aston Villa,4,0,0.0,0,0,0,0,0,0,0,0,,0,0
626888,19/20,GB1,Premier League,405,Aston Villa,1,0,0.0,0,0,0,0,0,0,0,0,,0,0
627248,23/24,GB1,Premier League,29,Everton FC,28,12,1.0,0,0,11,1,1,0,0,0,227.0,0,0
627248,21/22,GB1,Premier League,29,Everton FC,11,3,0.0,0,0,3,0,1,0,0,0,,0,0
627442,25/26,GB1,Premier League,985,Manchester United,3,3,0.0,0,0,3,0,0,0,0,0,,0,0
627626,25/26,GB1,Premier League,399,Leeds United,3,3,0.0,0,0,0,3,1,0,0,0,,0,0
627626,22/23,GB1,Premier League,399,Leeds United,29,24,2.0,4,0,10,7,6,0,0,0,676.0,0,0
628451,24/25,GB1,Premier League,631,Chelsea FC,20,16,0.0,1,0,5,11,4,0,0,0,,0,0
628451,23/24,GB1,Premier League,631,Chelsea FC,2,1,0.0,0,0,1,0,0,0,0,0,,0,0
628451,22/23,GB1,Premier League,180,Southampton FC,29,29,1.0,0,0,3,12,9,0,0,0,2231.0,0,0
628451,21/22,GB1,Premier League,281,Manchester City,9,0,0.0,0,0,0,0,0,0,0,0,,0,0
62945,16/17,GB1,Premier League,1003,Leicester City,15,4,0.0,0,0,1,0,1,0,0,0,,0,0
631996,23/24,GB1,Premier League,703,Nottingham Forest,4,1,0.0,0,0,1,0,0,0,0,0,,0,0
63200,21/22,GB1,Premier League,1132,Burnley FC,30,23,1.0,0,0,15,6,4,0,0,1,799.0,0,0
63200,20/21,GB1,Premier League,1132,Burnley FC,25,22,3.0,0,0,7,10,4,0,0,1,445.0,0,0
63200,19/20,GB1,Premier League,1132,Burnley FC,19,19,6.0,0,0,2,12,4,0,0,1,227.0,0,0
63200,18/19,GB1,Premier League,1132,Burnley FC,38,37,12.0,2,1,11,10,8,0,0,2,199.0,0,0
63200,17/18,GB1,Premier League,1132,Burnley FC,37,36,9.0,0,0,15,7,10,0,0,0,240.0,0,0
63200,16/17,GB1,Premier League,1132,Burnley FC,28,28,6.0,2,0,8,12,6,1,0,2,296.0,0,0
632349,24/25,GB1,Premier League,31,Liverpool FC,38,13,0.0,0,1,9,1,2,0,0,0,,0,0
632349,23/24,GB1,Premier League,31,Liverpool FC,34,17,2.0,0,0,4,3,1,0,0,0,595.0,0,0
632349,21/22,GB1,Premier League,31,Liverpool FC,1,0,0.0,0,0,0,0,0,0,0,0,,0,0
63342,17/18,GB1,Premier League,2288,Swansea City,24,20,1.0,1,0,5,5,5,0,0,0,1399.0,0,0
63342,16/17,GB1,Premier League,2288,Swansea City,38,34,6.0,2,0,7,7,9,0,0,0,401.0,0,0
633530,22/23,GB1,Premier League,989,AFC Bournemouth,24,19,0.0,1,0,2,5,1,0,0,0,,0,0
633652,22/23,GB1,Premier League,31,Liverpool FC,1,0,0.0,0,0,0,0,0,0,0,0,,0,0
633659,22/23,GB1,Premier League,148,Tottenham Hotspur,3,1,0.0,0,0,1,0,0,0,0,0,,0,0
633659,21/22,GB1,Premier League,148,Tottenham Hotspur,5,0,0.0,0,0,0,0,0,0,0,0,,0,0
633992,25/26,GB1,Premier League,289,Sunderland AFC,3,3,1.0,0,0,2,0,0,0,0,1,131.0,0,0
63494,19/20,GB1,Premier League,1010,Watford FC,30,30,0.0,3,0,0,5,8,0,0,0,,0,0
63494,18/19,GB1,Premier League,1010,Watford FC,33,33,1.0,3,0,0,2,14,0,1,0,2947.0,0,0
63494,17/18,GB1,Premier League,1010,Watford FC,36,23,1.0,0,0,5,5,3,0,0,0,1541.0,0,0
63494,16/17,GB1,Premier League,1010,Watford FC,38,37,7.0,1,0,0,10,5,0,0,0,459.0,0,0
635336,21/22,GB1,Premier League,1010,Watford FC,29,20,0.0,0,0,3,9,6,0,0,0,,0,0
63821,18/19,GB1,Premier League,603,Cardiff City,31,28,1.0,1,0,1,9,5,0,0,0,2275.0,0,0
638649,23/24,GB1,Premier League,350,Sheffield United,12,0,0.0,0,0,0,0,0,0,0,0,,0,0
638649,20/21,GB1,Premier League,350,Sheffield United,1,1,0.0,0,0,1,0,0,0,0,0,,0,0
638964,24/25,GB1,Premier League,11,Arsenal FC,14,1,0.0,0,0,1,0,0,0,0,0,,0,0
638964,22/23,GB1,Premier League,11,Arsenal FC,1,0,0.0,0,0,0,0,0,0,0,0,,0,0
640026,22/23,GB1,Premier League,985,Manchester United,1,0,0.0,0,0,0,0,0,0,0,0,,0,0
640026,21/22,GB1,Premier League,985,Manchester United,2,1,0.0,0,0,1,0,0,0,0,0,,0,0
640026,20/21,GB1,Premier League,985,Manchester United,5,2,0.0,0,0,2,0,0,0,0,0,,0,0
640245,20/21,GB1,Premier League,985,Manchester United,1,1,0.0,0,0,1,0,0,0,0,0,,0,0
641441,19/20,GB1,Premier League,1132,Burnley FC,1,0,0.0,0,0,0,0,0,0,0,0,,0,0
641441,18/19,GB1,Premier League,1132,Burnley FC,2,0,0.0,0,0,0,0,0,0,0,0,,0,0
641458,24/25,GB1,Premier League,703,Nottingham Forest,33,0,0.0,0,0,0,0,0,0,0,0,,0,0
64399,22/23,GB1,Premier League,873,Crystal Palace,32,27,,0,0,0,0,1,0,0,0,2430.0,34,6
64399,21/22,GB1,Premier League,873,Crystal Palace,35,30,,0,0,0,1,2,0,0,0,2655.0,33,12
64399,20/21,GB1,Premier League,873,Crystal Palace,38,37,,0,0,0,0,2,0,0,0,3330.0,64,8
64399,19/20,GB1,Premier League,873,Crystal Palace,35,35,,1,0,0,0,1,0,0,0,3150.0,42,10
64399,18/19,GB1,Premier League,873,Crystal Palace,37,20,,0,0,0,1,2,0,0,0,1755.0,23,8
644401,25/26,GB1,Premier League,1148,Brentford FC,3,3,0.0,0,0,0,2,0,0,0,0,,0,0
644401,24/25,GB1,Premier League,1148,Brentford FC,38,38,1.0,4,0,2,10,7,0,0,0,3100.0,0,0
644401,23/24,GB1,Premier League,1148,Brentford FC,33,30,3.0,1,0,15,13,0,0,0,0,480.0,0,0
644401,22/23,GB1,Premier League,1148,Brentford FC,19,10,0.0,1,0,7,3,0,0,0,0,,0,0
645686,25/26,GB1,Premier League,405,Aston Villa,3,2,0.0,0,0,2,0,1,0,0,0,,0,0
645686,24/25,GB1,Premier League,405,Aston Villa,22,8,0.0,0,0,3,3,2,0,0,0,,0,0
645686,22/23,GB1,Premier League,405,Aston Villa,3,0,0.0,0,0,0,0,0,0,0,0,,0,0
645686,21/22,GB1,Premier League,405,Aston Villa,1,0,0.0,0,0,0,0,0,0,0,0,,0,0
64598,16/17,GB1,Premier League,641,Middlesbrough FC,34,11,0.0,0,0,1,1,2,0,0,0,,0,0
646214,22/23,GB1,Premier League,703,Nottingham Forest,3,0,0.0,0,0,0,0,0,0,0,0,,0,0
646333,23/24,GB1,Premier League,989,AFC Bournemouth,4,0,0.0,0,0,0,0,0,0,0,0,,0,0
646333,22/23,GB1,Premier League,989,AFC Bournemouth,1,0,0.0,0,0,0,0,0,0,0,0,,0,0
646353,24/25,GB1,Premier League,1237,Brighton & Hove Albion,14,0,0.0,0,0,0,0,0,0,0,0,,0,0
646658,25/26,GB1,Premier League,1132,Burnley FC,3,0,0.0,0,0,0,0,0,0,0,0,,0,0
646658,23/24,GB1,Premier League,1132,Burnley FC,17,14,0.0,0,0,9,7,1,0,0,0,,0,0
646658,21/22,GB1,Premier League,405,Aston Villa,3,0,0.0,0,0,0,0,0,0,0,0,,0,0
646710,24/25,GB1,Premier League,405,Aston Villa,5,0,0.0,0,0,0,0,0,0,0,0,,0,0
646710,22/23,GB1,Premier League,405,Aston Villa,1,0,0.0,0,0,0,0,0,0,0,0,,0,0
646738,22/23,GB1,Premier League,180,Southampton FC,9,5,0.0,0,0,3,2,0,0,0,0,,0,0
646750,25/26,GB1,Premier League,11,Arsenal FC,3,2,0.0,0,0,2,0,0,0,0,0,,0,0
646991,25/26,GB1,Premier League,289,Sunderland AFC,3,3,,0,0,0,0,0,0,0,0,270.0,3,1
648046,24/25,GB1,Premier League,379,West Ham United,12,8,0.0,0,0,7,1,0,0,0,0,,0,0
648046,24/25,GB1,Premier League,1237,Brighton & Hove Albion,15,13,1.0,0,0,11,2,0,0,0,0,237.0,0,0
648046,23/24,GB1,Premier League,1237,Brighton & Hove Albion,28,27,6.0,1,0,12,11,1,0,0,0,228.0,0,0
648046,22/23,GB1,Premier League,1237,Brighton & Hove Albion,21,19,6.0,2,0,9,9,1,0,0,0,158.0,0,0
648046,21/22,GB1,Premier League,1237,Brighton & Hove Albion,17,1,0.0,0,0,1,0,0,0,0,0,,0,0
648195,25/26,GB1,Premier League,631,Chelsea FC,3,3,2.0,1,0,0,1,0,0,0,1,130.0,0,0
648195,24/25,GB1,Premier League,631,Chelsea FC,36,36,6.0,7,0,4,6,8,0,0,0,492.0,0,0
648195,23/24,GB1,Premier League,631,Chelsea FC,28,28,3.0,3,0,2,8,7,0,0,1,738.0,0,0
648195,22/23,GB1,Premier League,631,Chelsea FC,18,18,0.0,2,0,0,4,3,0,0,0,,0,0
649020,24/25,GB1,Premier League,543,Wolverhampton Wanderers,8,1,0.0,0,0,1,0,0,0,0,0,,0,0
649020,23/24,GB1,Premier League,543,Wolverhampton Wanderers,33,24,0.0,0,0,17,2,4,0,0,0,,0,0
649020,22/23,GB1,Premier League,543,Wolverhampton Wanderers,11,10,0.0,1,0,6,2,2,0,0,0,,0,0
649317,24/25,GB1,Premier League,405,Aston Villa,21,20,7.0,0,0,16,3,3,0,1,0,89.0,0,0
649317,23/24,GB1,Premier League,405,Aston Villa,28,23,5.0,1,0,20,2,5,0,0,0,92.0,0,0
649317,22/23,GB1,Premier League,405,Aston Villa,17,12,0.0,0,0,12,0,1,0,0,0,,0,0
649452,24/25,GB1,Premier League,281,Manchester City,1,0,0.0,0,0,0,0,0,0,0,0,,0,0
649452,23/24,GB1,Premier League,1031,Luton Town,28,24,0.0,2,1,3,8,7,0,0,0,,0,0
65255,19/20,GB1,Premier League,1123,Norwich City,8,7,0.0,0,0,0,1,0,0,0,0,,0,0
65278,19/20,GB1,Premier League,631,Chelsea FC,24,11,1.0,1,0,3,3,1,0,0,0,662.0,0,0
65278,18/19,GB1,Premier League,631,Chelsea FC,33,31,8.0,2,0,10,12,2,0,0,0,223.0,0,0
65278,17/18,GB1,Premier League,631,Chelsea FC,35,31,4.0,2,0,14,13,1,0,0,0,381.0,0,0
65278,16/17,GB1,Premier League,631,Chelsea FC,37,35,9.0,9,0,9,20,6,0,0,0,239.0,0,0
652797,23/24,GB1,Premier League,281,Manchester City,2,0,0.0,0,0,0,0,0,0,0,0,,0,0
652979,23/24,GB1,Premier League,29,Everton FC,8,1,0.0,0,0,1,0,0,0,0,0,,0,0
652979,22/23,GB1,Premier League,29,Everton FC,2,0,0.0,0,0,0,0,0,0,0,0,,0,0
654253,24/25,GB1,Premier League,985,Manchester United,17,6,0.0,0,0,6,0,0,0,0,0,,0,0
654253,23/24,GB1,Premier League,985,Manchester United,7,0,0.0,0,0,0,0,0,0,0,0,,0,0
654539,25/26,GB1,Premier League,989,AFC Bournemouth,3,3,0.0,0,0,0,0,0,0,0,0,,0,0
65477,21/22,GB1,Premier League,1010,Watford FC,2,2,0.0,0,0,2,0,0,0,0,0,,0,0
65477,19/20,GB1,Premier League,1010,Watford FC,29,27,10.0,2,0,1,10,3,0,0,5,223.0,0,0
65477,18/19,GB1,Premier League,1010,Watford FC,32,32,9.0,5,0,4,6,4,0,1,1,283.0,0,0
65477,17/18,GB1,Premier League,1010,Watford FC,30,29,5.0,2,0,9,7,1,0,1,3,368.0,0,0
65477,16/17,GB1,Premier League,1010,Watford FC,38,37,10.0,4,1,6,3,7,0,0,3,294.0,0,0
65467,18/19,GB1,Premier League,1003,Leicester City,17,8,0.0,0,0,5,2,0,0,0,0,,0,0
65467,17/18,GB1,Premier League,1003,Leicester City,29,19,3.0,0,0,2,7,0,0,0,0,472.0,0,0
654982,24/25,GB1,Premier League,1003,Leicester City,35,32,2.0,3,0,5,19,4,0,0,0,1099.0,0,0
655006,23/24,GB1,Premier League,631,Chelsea FC,1,0,0.0,0,0,0,0,0,0,0,0,,0,0
655136,22/23,GB1,Premier League,989,AFC Bournemouth,6,0,0.0,0,0,0,0,0,0,0,0,,0,0
655142,22/23,GB1,Premier League,989,AFC Bournemouth,3,0,0.0,0,0,0,0,0,0,0,0,,0,0
655488,25/26,GB1,Premier League,11,Arsenal FC,3,2,0.0,0,0,0,2,0,0,0,0,,0,0
655488,24/25,GB1,Premier League,11,Arsenal FC,35,33,8.0,4,0,8,15,1,0,0,0,287.0,0,0
655488,23/24,GB1,Premier League,11,Arsenal FC,35,35,6.0,4,0,11,20,1,0,0,0,338.0,0,0
655488,22/23,GB1,Premier League,11,Arsenal FC,36,36,15.0,6,0,2,18,3,0,0,0,187.0,0,0
655488,21/22,GB1,Premier League,11,Arsenal FC,36,29,6.0,6,0,8,11,1,1,0,1,311.0,0,0
655488,20/21,GB1,Premier League,11,Arsenal FC,23,14,2.0,1,0,7,5,0,0,0,0,293.0,0,0
655488,19/20,GB1,Premier League,11,Arsenal FC,24,14,3.0,0,0,8,1,1,0,0,0,219.0,0,0
655815,23/24,GB1,Premier League,873,Crystal Palace,2,0,0.0,0,0,0,0,0,0,0,0,,0,0
655835,22/23,GB1,Premier League,989,AFC Bournemouth,1,0,0.0,0,0,0,0,0,0,0,0,,0,0
655835,19/20,GB1,Premier League,989,AFC Bournemouth,1,0,0.0,0,0,0,0,0,0,0,0,,0,0
655880,20/21,GB1,Premier League,379,West Ham United,18,0,0.0,0,0,0,0,0,0,0,0,,0,0
655986,24/25,GB1,Premier League,29,Everton FC,1,0,0.0,0,0,0,0,0,0,0,0,,0,0
655986,22/23,GB1,Premier League,29,Everton FC,5,0,0.0,0,0,0,0,0,0,0,0,,0,0
655986,21/22,GB1,Premier League,29,Everton FC,6,0,0.0,0,0,0,0,0,0,0,0,,0,0
655986,20/21,GB1,Premier League,29,Everton FC,2,0,0.0,0,0,0,0,0,0,0,0,,0,0
656316,25/26,GB1,Premier League,631,Chelsea FC,1,0,0.0,0,0,0,0,0,0,0,0,,0,0
657724,22/23,GB1,Premier League,931,Fulham FC,1,0,0.0,0,0,0,0,0,0,0,0,,0,0
657817,23/24,GB1,Premier League,1237,Brighton & Hove Albion,14,5,0.0,0,0,5,0,1,0,0,0,,0,0
657863,21/22,GB1,Premier League,1132,Burnley FC,5,0,0.0,0,0,0,0,0,0,0,0,,0,0
657863,20/21,GB1,Premier League,1132,Burnley FC,9,2,0.0,0,0,2,0,0,0,0,0,,0,0
657994,18/19,GB1,Premier League,1110,Huddersfield Town,4,2,0.0,0,0,1,1,0,0,0,0,,0,0
658536,25/26,GB1,Premier League,289,Sunderland AFC,3,3,0.0,1,0,1,2,1,0,0,0,,0,0
658536,24/25,GB1,Premier League,1237,Brighton & Hove Albion,35,29,2.0,2,0,17,11,0,0,0,0,547.0,0,0
658536,23/24,GB1,Premier League,1237,Brighton & Hove Albion,32,31,6.0,1,0,6,15,3,0,0,0,372.0,0,0
659089,24/25,GB1,Premier League,989,AFC Bournemouth,36,36,0.0,1,0,1,4,4,0,1,0,,0,0
659089,23/24,GB1,Premier League,989,AFC Bournemouth,37,37,1.0,0,0,0,0,5,0,0,0,3330.0,0,0
659089,22/23,GB1,Premier League,989,AFC Bournemouth,11,5,0.0,0,0,2,0,0,0,0,0,,0,0
659331,23/24,GB1,Premier League,873,Crystal Palace,3,0,0.0,0,0,0,0,0,0,0,0,,0,0
659331,22/23,GB1,Premier League,873,Crystal Palace,5,0,0.0,0,0,0,0,0,0,0,0,,0,0
659331,19/20,GB1,Premier League,873,Crystal Palace,2,0,0.0,0,0,0,0,0,0,0,0,,0,0
659459,23/24,GB1,Premier League,631,Chelsea FC,13,9,1.0,1,0,7,2,2,0,0,0,223.0,0,0
659459,22/23,GB1,Premier League,631,Chelsea FC,21,14,0.0,0,0,12,2,0,0,0,0,,0,0
659459,21/22,GB1,Premier League,405,Aston Villa,31,12,0.0,1,0,10,2,0,0,0,0,,0,0
659459,20/21,GB1,Premier League,405,Aston Villa,7,2,0.0,0,0,2,0,0,0,0,0,,0,0
65976,20/21,GB1,Premier League,984,West Bromwich Albion,27,19,2.0,0,0,17,2,2,0,0,0,274.0,0,0
65976,17/18,GB1,Premier League,984,West Bromwich Albion,26,21,2.0,0,0,13,6,2,0,1,0,411.0,0,0
65976,16/17,GB1,Premier League,984,West Bromwich Albion,32,29,3.0,1,0,24,4,3,0,0,0,227.0,0,0
660867,24/25,GB1,Premier League,677,Ipswich Town,13,13,2.0,3,0,1,10,3,0,0,0,439.0,0,0
660867,24/25,GB1,Premier League,1237,Brighton & Hove Albion,19,12,0.0,0,0,10,2,0,0,0,0,,0,0
660867,23/24,GB1,Premier League,1237,Brighton & Hove Albion,13,12,0.0,2,0,7,5,2,0,0,0,,0,0
660867,22/23,GB1,Premier League,1237,Brighton & Hove Albion,31,20,4.0,2,0,13,7,1,0,0,0,200.0,0,0
660860,25/26,GB1,Premier League,1237,Brighton & Hove Albion,3,1,0.0,0,0,1,0,0,0,0,0,,0,0
661053,24/25,GB1,Premier League,29,Everton FC,30,30,0.0,1,0,2,1,4,0,0,0,,0,0
661053,23/24,GB1,Premier League,29,Everton FC,37,35,3.0,1,0,0,1,8,0,0,0,1039.0,0,0
661053,21/22,GB1,Premier League,29,Everton FC,26,6,1.0,0,0,2,0,0,0,1,0,388.0,0,0
661053,20/21,GB1,Premier League,29,Everton FC,4,0,0.0,0,0,0,0,0,0,0,0,,0,0
661053,19/20,GB1,Premier League,29,Everton FC,9,4,0.0,0,0,2,0,0,0,0,0,,0,0
66100,22/23,GB1,Premier League,180,Southampton FC,4,1,0.0,0,0,0,1,0,0,0,0,,0,0
66100,21/22,GB1,Premier League,180,Southampton FC,37,36,2.0,2,0,2,13,9,0,0,0,1450.0,0,0
66100,20/21,GB1,Premier League,180,Southampton FC,21,21,1.0,1,0,1,5,6,0,0,0,1767.0,0,0
66100,19/20,GB1,Premier League,180,Southampton FC,38,30,0.0,0,0,10,7,5,0,0,0,,0,0
66100,18/19,GB1,Premier League,180,Southampton FC,33,31,1.0,0,0,6,10,11,0,0,0,2139.0,0,0
66100,17/18,GB1,Premier League,180,Southampton FC,37,34,1.0,0,0,0,6,11,0,0,0,2901.0,0,0
66100,16/17,GB1,Premier League,180,Southampton FC,35,35,1.0,1,0,0,1,11,0,0,0,3072.0,0,0
661208,22/23,GB1,Premier League,399,Leeds United,5,0,0.0,0,0,0,0,0,0,0,0,,0,0
661208,21/22,GB1,Premier League,399,Leeds United,16,2,0.0,0,0,2,0,0,0,0,0,,0,0
661207,25/26,GB1,Premier League,281,Manchester City,3,3,0.0,1,0,0,1,0,0,0,0,,0,0
661207,24/25,GB1,Premier League,281,Manchester City,3,3,0.0,0,0,3,0,0,0,0,0,,0,0
661207,23/24,GB1,Premier League,281,Manchester City,35,14,1.0,1,0,12,1,0,0,0,0,295.0,0,0
661427,25/26,GB1,Premier League,543,Wolverhampton Wanderers,3,3,0.0,1,0,1,2,0,0,0,0,,0,0
66219,17/18,GB1,Premier League,2288,Swansea City,35,34,0.0,2,1,0,3,1,0,0,0,,0,0
66219,16/17,GB1,Premier League,2288,Swansea City,36,31,1.0,0,1,0,4,5,0,0,0,2718.0,0,0
662334,23/24,GB1,Premier League,31,Liverpool FC,1,0,0.0,0,0,0,0,0,0,0,0,,0,0
662334,21/22,GB1,Premier League,31,Liverpool FC,2,0,0.0,0,0,0,0,0,0,0,0,,0,0
663225,25/26,GB1,Premier League,29,Everton FC,3,0,0.0,0,0,0,0,0,0,0,0,,0,0
663225,23/24,GB1,Premier League,29,Everton FC,5,1,0.0,0,0,1,0,0,0,0,0,,0,0
663225,21/22,GB1,Premier League,29,Everton FC,5,3,0.0,0,0,3,0,0,0,0,0,,0,0
663225,20/21,GB1,Premier League,29,Everton FC,8,0,0.0,0,0,0,0,0,0,0,0,,0,0
663244,25/26,GB1,Premier League,703,Nottingham Forest,1,1,0.0,0,0,1,0,0,0,0,0,,0,0
663244,24/25,GB1,Premier League,703,Nottingham Forest,37,31,3.0,2,0,26,5,5,0,0,0,280.0,0,0
663264,22/23,GB1,Premier League,399,Leeds United,13,1,0.0,0,0,1,0,0,0,0,0,,0,0
66333,20/21,GB1,Premier League,405,Aston Villa,38,14,0.0,0,0,6,0,2,0,0,0,,0,0
66333,19/20,GB1,Premier League,405,Aston Villa,32,18,1.0,1,0,7,2,1,0,0,0,1026.0,0,0
66333,16/17,GB1,Premier League,3008,Hull City,33,33,0.0,2,1,5,1,3,0,1,0,,0,0
663581,23/24,GB1,Premier League,350,Sheffield United,38,36,1.0,0,0,7,9,3,0,0,0,2672.0,0,0
6636,20/21,GB1,Premier League,1003,Leicester City,29,9,0.0,0,0,1,1,4,0,0,0,,0,0
6636,19/20,GB1,Premier League,1003,Leicester City,16,11,0.0,0,0,3,1,0,0,0,0,,0,0
6636,18/19,GB1,Premier League,1003,Leicester City,32,3,0.0,0,0,1,0,0,0,0,0,,0,0
6636,17/18,GB1,Premier League,1003,Leicester City,36,25,0.0,1,1,4,1,1,0,0,0,,0,0
6636,16/17,GB1,Premier League,1003,Leicester City,36,36,2.0,4,0,1,2,10,0,0,0,1552.0,0,0
66518,16/17,GB1,Premier League,1010,Watford FC,1,0,0.0,0,0,0,0,0,0,0,0,,0,0
66550,17/18,GB1,Premier League,2288,Swansea City,21,4,0.0,0,0,2,1,0,0,0,0,,0,0
66550,16/17,GB1,Premier League,2288,Swansea City,27,18,1.0,0,0,10,1,1,0,0,0,824.0,0,0
665390,24/25,GB1,Premier League,677,Ipswich Town,11,10,2.0,0,0,5,4,1,0,0,0,237.0,0,0
665390,24/25,GB1,Premier League,405,Aston Villa,14,11,0.0,0,0,9,1,2,1,0,0,,0,0
665390,23/24,GB1,Premier League,405,Aston Villa,1,1,0.0,0,0,1,0,0,0,0,0,,0,0
665390,21/22,GB1,Premier League,405,Aston Villa,9,1,0.0,0,0,1,0,0,0,0,0,,0,0
665390,20/21,GB1,Premier League,405,Aston Villa,7,1,0.0,0,0,1,0,0,0,0,0,,0,0
667121,25/26,GB1,Premier League,543,Wolverhampton Wanderers,3,2,1.0,0,0,2,0,0,0,0,0,43.0,0,0
667121,24/25,GB1,Premier League,543,Wolverhampton Wanderers,34,25,2.0,0,0,18,6,0,0,0,0,400.0,0,0
667287,25/26,GB1,Premier League,1237,Brighton & Hove Albion,3,3,0.0,0,0,1,1,0,0,0,0,,0,0
667287,24/25,GB1,Premier League,1237,Brighton & Hove Albion,36,34,2.0,1,0,12,14,3,0,0,0,984.0,0,0
667287,22/23,GB1,Premier League,1237,Brighton & Hove Albion,15,3,0.0,0,0,2,1,0,0,0,0,,0,0
667925,22/23,GB1,Premier League,405,Aston Villa,7,0,0.0,0,0,0,0,0,0,0,0,,0,0
668268,22/23,GB1,Premier League,11,Arsenal FC,15,1,0.0,0,0,1,0,0,0,0,0,,0,0
668265,21/22,GB1,Premier League,281,Manchester City,3,1,0.0,0,0,1,0,0,0,0,0,,0,0
668495,21/22,GB1,Premier League,11,Arsenal FC,1,0,0.0,0,0,0,0,0,0,0,0,,0,0
668547,23/24,GB1,Premier League,281,Manchester City,1,0,0.0,0,0,0,0,0,0,0,0,,0,0
668547,22/23,GB1,Premier League,281,Manchester City,5,1,0.0,0,0,1,0,0,0,0,0,,0,0
66923,19/20,GB1,Premier League,350,Sheffield United,24,11,0.0,0,0,8,2,2,0,0,0,,0,0
66934,23/24,GB1,Premier League,703,Nottingham Forest,30,12,0.0,0,0,10,2,2,0,0,0,,0,0
66934,22/23,GB1,Premier League,703,Nottingham Forest,22,21,1.0,0,0,11,9,3,0,0,0,878.0,0,0
66934,21/22,GB1,Premier League,873,Crystal Palace,33,27,0.0,1,0,4,9,3,0,0,0,,0,0
66934,20/21,GB1,Premier League,873,Crystal Palace,37,36,1.0,0,0,1,2,4,0,0,0,3123.0,0,0
66934,19/20,GB1,Premier League,873,Crystal Palace,38,35,1.0,1,0,6,15,4,0,0,0,2536.0,0,0
66934,18/19,GB1,Premier League,873,Crystal Palace,35,31,0.0,3,0,10,8,3,0,0,0,,0,0
66934,17/18,GB1,Premier League,379,West Ham United,33,33,2.0,3,0,1,5,5,0,0,0,1401.0,0,0
66934,16/17,GB1,Premier League,379,West Ham United,31,31,1.0,0,0,0,6,3,0,0,0,2728.0,0,0
669366,24/25,GB1,Premier League,1003,Leicester City,1,0,0.0,0,0,0,0,0,0,0,0,,0,0
669366,23/24,GB1,Premier League,29,Everton FC,3,1,0.0,0,0,1,0,0,0,0,0,,0,0
669366,22/23,GB1,Premier League,29,Everton FC,2,2,0.0,0,0,2,0,0,0,0,0,,0,0
66994,18/19,GB1,Premier League,603,Cardiff City,12,5,0.0,0,0,5,0,0,0,0,0,,0,0
670558,23/24,GB1,Premier League,543,Wolverhampton Wanderers,2,0,0.0,0,0,0,0,0,0,0,0,,0,0
670558,22/23,GB1,Premier League,543,Wolverhampton Wanderers,1,0,0.0,0,0,0,0,0,0,0,0,,0,0
67063,25/26,GB1,Premier League,1237,Brighton & Hove Albion,4,4,0.0,0,0,1,2,0,0,0,0,,0,0
67063,24/25,GB1,Premier League,1237,Brighton & Hove Albion,30,30,10.0,4,0,6,13,4,0,0,1,212.0,0,0
67063,23/24,GB1,Premier League,1237,Brighton & Hove Albion,30,29,5.0,3,0,8,17,4,0,0,0,341.0,0,0
67063,22/23,GB1,Premier League,1237,Brighton & Hove Albion,32,31,6.0,4,0,10,14,0,0,0,0,309.0,0,0
67063,21/22,GB1,Premier League,1237,Brighton & Hove Albion,26,25,6.0,2,0,10,7,0,0,0,0,246.0,0,0
67063,20/21,GB1,Premier League,1237,Brighton & Hove Albion,26,24,6.0,3,0,7,10,0,0,0,0,258.0,0,0
67063,19/20,GB1,Premier League,1010,Watford FC,20,18,2.0,1,0,10,4,0,0,0,0,409.0,0,0
67063,18/19,GB1,Premier League,11,Arsenal FC,10,8,1.0,1,0,7,1,0,0,0,0,147.0,0,0
67063,17/18,GB1,Premier League,11,Arsenal FC,30,28,5.0,2,0,16,7,1,0,0,0,237.0,0,0
67063,16/17,GB1,Premier League,11,Arsenal FC,16,16,2.0,2,0,8,6,0,0,0,0,374.0,0,0
670688,25/26,GB1,Premier League,29,Everton FC,2,0,0.0,0,0,0,0,0,0,0,0,,0,0
670688,24/25,GB1,Premier League,29,Everton FC,14,4,0.0,0,0,4,0,1,0,0,0,,0,0
670688,23/24,GB1,Premier League,29,Everton FC,36,18,0.0,0,0,17,1,3,0,0,0,,0,0
670713,22/23,GB1,Premier League,399,Leeds United,3,0,0.0,0,0,0,0,0,0,0,0,,0,0
670717,25/26,GB1,Premier League,631,Chelsea FC,3,0,0.0,0,0,0,0,0,0,0,0,,0,0
670840,23/24,GB1,Premier League,873,Crystal Palace,1,0,0.0,0,0,0,0,0,0,0,0,,0,0
670840,22/23,GB1,Premier League,873,Crystal Palace,14,2,,0,0,0,0,0,0,0,0,180.0,5,0
670846,21/22,GB1,Premier League,405,Aston Villa,7,0,0.0,0,0,0,0,0,0,0,0,,0,0
670850,23/24,GB1,Premier League,631,Chelsea FC,13,1,0.0,0,0,1,0,0,0,0,0,,0,0
670848,24/25,GB1,Premier League,281,Manchester City,5,1,0.0,0,0,1,0,0,0,0,0,,0,0
670848,23/24,GB1,Premier League,379,West Ham United,31,5,0.0,0,0,5,0,0,0,0,0,,0,0
670848,22/23,GB1,Premier League,379,West Ham United,3,3,0.0,0,0,3,0,0,0,0,0,,0,0
670845,23/24,GB1,Premier League,985,Manchester United,13,4,0.0,1,0,3,1,0,0,0,0,,0,0
670858,25/26,GB1,Premier League,762,Newcastle United,3,2,0.0,0,0,2,0,0,0,0,0,,0,0
670858,24/25,GB1,Premier League,762,Newcastle United,27,27,0.0,5,0,3,6,3,0,0,0,,0,0
670858,23/24,GB1,Premier League,762,Newcastle United,33,18,1.0,0,0,10,5,2,0,0,0,775.0,0,0
670858,22/23,GB1,Premier League,631,Chelsea FC,14,9,0.0,0,0,1,5,1,0,0,0,,0,0
670858,21/22,GB1,Premier League,631,Chelsea FC,2,0,0.0,0,0,0,0,0,0,0,0,,0,0
670861,23/24,GB1,Premier League,31,Liverpool FC,4,0,0.0,0,0,0,0,0,0,0,0,,0,0
670861,22/23,GB1,Premier League,31,Liverpool FC,1,0,0.0,0,0,0,0,0,0,0,0,,0,0
670877,22/23,GB1,Premier League,399,Leeds United,2,0,0.0,0,0,0,0,0,0,0,0,,0,0
670877,21/22,GB1,Premier League,379,West Ham United,5,1,0.0,0,0,1,0,0,0,0,0,,0,0
670883,24/25,GB1,Premier League,148,Tottenham Hotspur,6,3,0.0,1,0,3,0,0,0,0,0,,0,0
670883,23/24,GB1,Premier League,148,Tottenham Hotspur,8,4,0.0,0,0,4,0,0,0,0,0,,0,0
670883,21/22,GB1,Premier League,148,Tottenham Hotspur,24,1,0.0,0,0,1,0,0,0,0,0,,0,0
670883,20/21,GB1,Premier League,148,Tottenham Hotspur,4,1,0.0,0,0,1,0,0,0,0,0,,0,0
670882,25/26,GB1,Premier League,631,Chelsea FC,3,3,0.0,0,0,2,1,0,0,0,0,,0,0
670987,20/21,GB1,Premier League,1003,Leicester City,1,0,0.0,0,0,0,0,0,0,0,0,,0,0
6710,17/18,GB1,Premier League,11,Arsenal FC,22,6,1.0,0,0,2,1,0,0,0,0,365.0,0,0
6710,16/17,GB1,Premier League,11,Arsenal FC,4,1,0.0,0,0,1,0,0,0,0,0,,0,0
670988,22/23,GB1,Premier League,1003,Leicester City,4,0,0.0,0,0,0,0,0,0,0,0,,0,0
671074,20/21,GB1,Premier League,984,West Bromwich Albion,2,0,0.0,0,0,0,0,0,0,0,0,,0,0
67211,17/18,GB1,Premier League,1237,Brighton & Hove Albion,12,2,0.0,0,0,2,0,0,0,0,0,,0,0
672381,21/22,GB1,Premier League,1123,Norwich City,21,13,0.0,1,0,13,0,0,0,0,0,,0,0
67252,19/20,GB1,Premier League,1003,Leicester City,7,5,0.0,0,0,2,2,0,0,0,0,,0,0
67252,19/20,GB1,Premier League,543,Wolverhampton Wanderers,16,11,0.0,0,0,4,2,2,0,0,0,,0,0
67252,18/19,GB1,Premier League,543,Wolverhampton Wanderers,36,34,1.0,0,0,0,0,12,0,0,0,3060.0,0,0
67283,18/19,GB1,Premier League,1110,Huddersfield Town,33,7,,0,0,0,1,0,0,0,0,553.0,21,1
67283,17/18,GB1,Premier League,1003,Leicester City,33,4,,0,0,1,0,0,0,0,0,274.0,7,2
67283,16/17,GB1,Premier League,1003,Leicester City,8,0,0.0,0,0,0,0,0,0,0,0,,0,0
673492,25/26,GB1,Premier League,703,Nottingham Forest,3,0,0.0,0,0,0,0,0,0,0,0,,0,0
673492,24/25,GB1,Premier League,703,Nottingham Forest,34,26,0.0,0,0,20,2,4,0,0,0,,0,0
67355,17/18,GB1,Premier League,29,Everton FC,29,24,1.0,0,0,4,3,3,0,1,0,1833.0,0,0
67355,16/17,GB1,Premier League,29,Everton FC,36,36,1.0,3,0,1,0,7,0,1,0,3159.0,0,0
67421,20/21,GB1,Premier League,984,West Bromwich Albion,33,30,3.0,1,0,2,1,4,0,0,0,861.0,0,0
67421,17/18,GB1,Premier League,2288,Swansea City,15,5,0.0,0,0,3,1,2,0,0,0,,0,0
67420,22/23,GB1,Premier League,399,Leeds United,33,29,2.0,1,0,7,1,3,0,0,0,1025.0,0,0
67420,21/22,GB1,Premier League,399,Leeds United,26,26,2.0,2,0,0,2,4,0,1,0,1138.0,0,0
67420,20/21,GB1,Premier League,399,Leeds United,38,38,0.0,0,0,0,1,7,0,0,0,,0,0
67416,20/21,GB1,Premier League,405,Aston Villa,27,1,0.0,0,0,1,0,1,0,0,0,,0,0
67416,19/20,GB1,Premier League,405,Aston Villa,27,14,0.0,0,0,3,1,2,0,0,0,,0,0
67416,16/17,GB1,Premier League,2288,Swansea City,14,11,0.0,0,0,0,2,1,0,0,0,,0,0
676318,23/24,GB1,Premier League,985,Manchester United,20,9,0.0,1,0,8,1,0,0,0,0,,0,0
676318,22/23,GB1,Premier League,985,Manchester United,23,4,0.0,0,0,4,0,0,0,0,0,,0,0
677311,21/22,GB1,Premier League,1132,Burnley FC,1,0,0.0,0,0,0,0,0,0,0,0,,0,0
677311,20/21,GB1,Premier League,1132,Burnley FC,2,0,0.0,0,0,0,0,0,0,0,0,,0,0
678402,23/24,GB1,Premier League,31,Liverpool FC,1,0,0.0,0,0,0,0,0,0,0,0,,0,0
678641,23/24,GB1,Premier League,543,Wolverhampton Wanderers,1,0,0.0,0,0,0,0,0,0,0,0,,0,0
680806,24/25,GB1,Premier League,180,Southampton FC,2,2,0.0,0,0,2,0,1,0,0,0,,0,0
680806,22/23,GB1,Premier League,180,Southampton FC,19,17,0.0,0,0,12,5,0,0,0,0,,0,0
680806,21/22,GB1,Premier League,281,Manchester City,1,0,0.0,0,0,0,0,0,0,0,0,,0,0
681615,23/24,GB1,Premier League,631,Chelsea FC,5,1,0.0,0,0,1,0,0,0,0,0,,0,0
68183,16/17,GB1,Premier League,3008,Hull City,31,20,1.0,0,0,11,3,2,0,0,0,954.0,0,0
683620,25/26,GB1,Premier League,1148,Brentford FC,3,1,0.0,0,0,0,1,0,0,0,0,,0,0
683895,25/26,GB1,Premier League,543,Wolverhampton Wanderers,3,3,0.0,0,0,0,0,0,0,0,0,,0,0
683895,24/25,GB1,Premier League,543,Wolverhampton Wanderers,16,16,1.0,0,0,0,1,3,0,0,0,1411.0,0,0
68390,25/26,GB1,Premier League,29,Everton FC,3,1,0.0,0,0,1,0,0,0,0,0,,0,0
68390,24/25,GB1,Premier League,29,Everton FC,18,5,0.0,0,0,2,2,1,0,0,0,,0,0
68390,23/24,GB1,Premier League,29,Everton FC,18,12,0.0,0,1,5,2,0,0,0,0,,0,0
68390,22/23,GB1,Premier League,29,Everton FC,30,23,1.0,0,0,3,11,1,0,0,0,1663.0,0,0
68390,21/22,GB1,Premier League,29,Everton FC,34,30,1.0,1,1,0,2,4,0,0,0,2658.0,0,0
68390,20/21,GB1,Premier League,29,Everton FC,28,25,0.0,3,0,7,6,0,0,0,0,,0,0
68390,19/20,GB1,Premier League,29,Everton FC,33,27,0.0,1,0,6,5,3,1,0,0,,0,0
68390,18/19,GB1,Premier League,29,Everton FC,32,29,2.0,2,1,0,2,1,0,0,0,1280.0,0,0
68390,17/18,GB1,Premier League,29,Everton FC,12,12,0.0,1,0,0,1,0,0,0,0,,0,0
68390,16/17,GB1,Premier League,29,Everton FC,26,26,4.0,3,0,0,1,3,0,0,0,579.0,0,0
684210,25/26,GB1,Premier League,1132,Burnley FC,3,3,2.0,1,0,0,1,1,0,0,0,133.0,0,0
684210,24/25,GB1,Premier League,989,AFC Bournemouth,2,0,0.0,0,0,0,0,0,0,0,0,,0,0
684210,23/24,GB1,Premier League,989,AFC Bournemouth,3,3,0.0,0,0,1,2,1,0,0,0,,0,0
684210,22/23,GB1,Premier League,989,AFC Bournemouth,38,30,3.0,1,0,19,7,2,0,0,0,416.0,0,0
68645,19/20,GB1,Premier League,1237,Brighton & Hove Albion,34,27,0.0,1,0,4,10,5,0,0,0,,0,0
68645,18/19,GB1,Premier League,1237,Brighton & Hove Albion,25,25,0.0,1,0,1,0,4,0,0,0,,0,0
686837,21/22,GB1,Premier League,985,Manchester United,1,0,0.0,0,0,0,0,0,0,0,0,,0,0
686845,22/23,GB1,Premier League,985,Manchester United,7,0,0.0,0,0,0,0,0,0,0,0,,0,0
686839,21/22,GB1,Premier League,1132,Burnley FC,5,0,0.0,0,0,0,0,0,0,0,0,,0,0
687626,25/26,GB1,Premier League,631,Chelsea FC,3,3,1.0,0,0,0,0,1,0,0,0,270.0,0,0
687626,24/25,GB1,Premier League,631,Chelsea FC,38,38,1.0,4,0,0,5,11,0,0,0,3356.0,0,0
687626,23/24,GB1,Premier League,631,Chelsea FC,35,35,1.0,3,0,2,10,12,0,0,0,2874.0,0,0
687626,22/23,GB1,Premier League,1237,Brighton & Hove Albion,37,37,1.0,1,0,3,4,10,0,0,0,3141.0,0,0
687626,21/22,GB1,Premier League,1237,Brighton & Hove Albion,19,8,1.0,1,0,0,4,2,0,0,0,664.0,0,0
687626,20/21,GB1,Premier League,1237,Brighton & Hove Albion,4,0,0.0,0,0,0,0,0,0,0,0,,0,0
689637,24/25,GB1,Premier League,873,Crystal Palace,6,1,0.0,0,0,0,0,0,0,0,0,,0,0
69001,16/17,GB1,Premier League,1010,Watford FC,5,0,0.0,0,0,0,0,0,0,0,0,,0,0
69015,21/22,GB1,Premier League,379,West Ham United,35,19,1.0,0,0,18,1,1,0,0,0,304.0,0,0
69015,20/21,GB1,Premier League,379,West Ham United,25,15,0.0,1,0,14,1,2,0,0,0,,0,0
69015,19/20,GB1,Premier League,379,West Ham United,24,23,5.0,1,0,13,8,2,0,0,0,198.0,0,0
69015,18/19,GB1,Premier League,379,West Ham United,9,9,2.0,0,0,4,4,2,0,0,0,230.0,0,0
693095,24/25,GB1,Premier League,677,Ipswich Town,27,25,1.0,0,0,0,1,5,0,0,0,2205.0,0,0
694901,23/24,GB1,Premier League,703,Nottingham Forest,1,0,0.0,0,0,0,0,0,0,0,0,,0,0
695454,24/25,GB1,Premier League,543,Wolverhampton Wanderers,1,1,0.0,0,0,1,0,0,0,0,0,,0,0
695454,21/22,GB1,Premier League,543,Wolverhampton Wanderers,15,8,0.0,3,0,7,0,0,0,0,0,,0,0
696181,22/23,GB1,Premier League,148,Tottenham Hotspur,5,0,0.0,0,0,0,0,0,0,0,0,,0,0
696324,20/21,GB1,Premier League,31,Liverpool FC,3,0,0.0,0,0,0,0,0,0,0,0,,0,0
69633,24/25,GB1,Premier League,985,Manchester United,35,23,1.0,2,0,12,6,4,0,0,1,1056.0,0,0
69633,23/24,GB1,Premier League,985,Manchester United,33,22,1.0,2,0,10,7,1,0,0,0,1140.0,0,0
69633,22/23,GB1,Premier League,985,Manchester United,29,28,1.0,8,0,3,18,3,0,0,0,2063.0,0,0
69633,21/22,GB1,Premier League,1148,Brentford FC,11,11,1.0,4,0,1,0,1,0,0,0,938.0,0,0
69633,19/20,GB1,Premier League,148,Tottenham Hotspur,23,20,2.0,2,0,10,4,5,0,0,0,546.0,0,0
69633,18/19,GB1,Premier League,148,Tottenham Hotspur,36,35,8.0,12,0,5,3,3,0,0,0,347.0,0,0
69633,17/18,GB1,Premier League,148,Tottenham Hotspur,37,37,10.0,11,0,0,8,0,0,0,0,323.0,0,0
69633,16/17,GB1,Premier League,148,Tottenham Hotspur,38,36,8.0,16,0,0,10,0,0,0,0,396.0,0,0
696346,24/25,GB1,Premier League,931,Fulham FC,2,1,0.0,0,0,1,0,0,0,0,0,,0,0
696346,23/24,GB1,Premier League,931,Fulham FC,1,0,0.0,0,0,0,0,0,0,0,0,,0,0
696346,22/23,GB1,Premier League,931,Fulham FC,5,3,0.0,0,0,2,1,0,0,0,0,,0,0
696589,25/26,GB1,Premier League,29,Everton FC,4,4,0.0,0,0,1,3,3,0,0,0,,0,0
696589,24/25,GB1,Premier League,29,Everton FC,22,18,0.0,1,0,13,2,4,0,0,0,,0,0
696589,23/24,GB1,Premier League,405,Aston Villa,25,9,0.0,0,0,8,1,0,0,0,0,,0,0
696589,22/23,GB1,Premier League,405,Aston Villa,2,0,0.0,0,0,0,0,0,0,0,0,,0,0
696589,21/22,GB1,Premier League,405,Aston Villa,22,3,0.0,0,0,2,1,1,0,0,0,,0,0
696589,20/21,GB1,Premier League,984,West Bromwich Albion,1,0,0.0,0,0,0,0,0,0,0,0,,0,0
696762,21/22,GB1,Premier League,1123,Norwich City,6,0,0.0,0,0,0,0,0,0,0,0,,0,0
696764,21/22,GB1,Premier League,1123,Norwich City,1,0,0.0,0,0,0,0,0,0,0,0,,0,0
697280,23/24,GB1,Premier League,379,West Ham United,9,3,1.0,0,0,3,1,0,0,0,0,32.0,0,0
697282,21/22,GB1,Premier League,11,Arsenal FC,1,0,0.0,0,0,0,0,0,0,0,0,,0,0
698151,23/24,GB1,Premier League,762,Newcastle United,1,1,0.0,0,0,1,0,0,0,0,0,,0,0
698164,25/26,GB1,Premier League,379,West Ham United,3,1,0.0,0,0,1,0,0,0,0,0,,0,0
698678,25/26,GB1,Premier League,543,Wolverhampton Wanderers,3,3,0.0,0,0,2,1,1,0,0,0,,0,0
698678,23/24,GB1,Premier League,543,Wolverhampton Wanderers,33,22,0.0,0,1,15,6,1,0,0,0,,0,0
698678,22/23,GB1,Premier League,543,Wolverhampton Wanderers,30,21,0.0,1,0,5,9,1,0,0,0,,0,0
698678,21/22,GB1,Premier League,543,Wolverhampton Wanderers,4,0,0.0,0,0,0,0,0,0,0,0,,0,0
698678,20/21,GB1,Premier League,543,Wolverhampton Wanderers,1,0,0.0,0,0,0,0,0,0,0,0,,0,0
700106,25/26,GB1,Premier League,1237,Brighton & Hove Albion,3,3,1.0,0,0,3,0,0,0,0,0,41.0,0,0
700106,24/25,GB1,Premier League,1237,Brighton & Hove Albion,28,21,1.0,4,0,13,8,0,0,0,0,681.0,0,0
701021,24/25,GB1,Premier League,1237,Brighton & Hove Albion,8,0,0.0,0,0,0,0,0,0,0,0,,0,0
701057,25/26,GB1,Premier League,281,Manchester City,3,3,0.0,1,0,1,1,0,0,0,0,,0,0
701057,24/25,GB1,Premier League,281,Manchester City,36,28,1.0,2,0,7,6,3,1,0,0,1893.0,0,0
701057,23/24,GB1,Premier League,281,Manchester City,38,16,2.0,0,0,8,4,1,0,0,0,404.0,0,0
701057,22/23,GB1,Premier League,281,Manchester City,37,14,0.0,0,0,4,4,1,0,0,0,,0,0
703470,19/20,GB1,Premier League,873,Crystal Palace,17,2,0.0,0,0,2,0,0,0,0,0,,0,0
703474,21/22,GB1,Premier League,873,Crystal Palace,2,0,0.0,0,0,0,0,0,0,0,0,,0,0
703626,23/24,GB1,Premier League,1237,Brighton & Hove Albion,6,0,0.0,0,0,0,0,0,0,0,0,,0,0
703626,22/23,GB1,Premier League,1237,Brighton & Hove Albion,5,1,0.0,0,0,1,0,0,0,0,0,,0,0
703577,21/22,GB1,Premier League,180,Southampton FC,1,0,0.0,0,0,0,0,0,0,0,0,,0,0
703577,20/21,GB1,Premier League,180,Southampton FC,10,0,0.0,0,0,0,0,0,0,0,0,,0,0
704801,21/22,GB1,Premier League,1132,Burnley FC,2,0,0.0,0,0,0,0,0,0,0,0,,0,0
706815,24/25,GB1,Premier League,31,Liverpool FC,3,0,0.0,0,0,0,0,0,0,0,0,,0,0
706815,22/23,GB1,Premier League,31,Liverpool FC,3,0,0.0,0,0,0,0,0,0,0,0,,0,0
706822,23/24,GB1,Premier League,873,Crystal Palace,2,0,0.0,0,0,0,0,0,0,0,0,,0,0
706947,23/24,GB1,Premier League,148,Tottenham Hotspur,3,0,0.0,0,0,0,0,0,0,0,0,,0,0
706947,22/23,GB1,Premier League,148,Tottenham Hotspur,1,0,0.0,0,0,0,0,0,0,0,0,,0,0
708072,25/26,GB1,Premier League,703,Nottingham Forest,1,1,0.0,0,0,1,0,0,0,0,0,,0,0
70934,16/17,GB1,Premier League,281,Manchester City,26,19,4.0,2,0,10,7,3,0,1,0,195.0,0,0
70950,18/19,GB1,Premier League,762,Newcastle United,32,29,0.0,0,0,5,4,3,0,0,0,,0,0
70950,17/18,GB1,Premier League,762,Newcastle United,37,31,2.0,0,0,8,9,3,0,0,0,1022.0,0,0
709726,25/26,GB1,Premier League,31,Liverpool FC,3,3,2.0,1,0,0,3,0,0,0,0,116.0,0,0
709767,24/25,GB1,Premier League,1148,Brentford FC,15,3,0.0,0,0,3,0,0,0,0,0,,0,0
709767,23/24,GB1,Premier League,1148,Brentford FC,8,0,0.0,0,0,0,0,0,0,0,0,,0,0
709960,22/23,GB1,Premier League,985,Manchester United,1,0,0.0,0,0,0,0,0,0,0,0,,0,0
711247,21/22,GB1,Premier League,1010,Watford FC,3,0,0.0,0,0,0,0,0,0,0,0,,0,0
711337,25/26,GB1,Premier League,989,AFC Bournemouth,3,3,1.0,0,0,0,2,1,0,0,0,259.0,0,0
711337,24/25,GB1,Premier League,989,AFC Bournemouth,32,31,10.0,5,0,3,20,1,0,1,0,234.0,0,0
711544,25/26,GB1,Premier League,29,Everton FC,3,3,0.0,0,0,0,0,0,0,0,0,,0,0
711544,24/25,GB1,Premier League,29,Everton FC,37,20,2.0,0,0,3,1,4,0,0,0,785.0,0,0
711969,23/24,GB1,Premier League,1132,Burnley FC,15,15,1.0,2,0,0,4,3,1,0,0,1238.0,0,0
711999,25/26,GB1,Premier League,1132,Burnley FC,3,3,0.0,0,0,1,2,0,0,0,0,,0,0
711999,24/25,GB1,Premier League,180,Southampton FC,32,26,1.0,1,0,8,14,7,0,0,0,1663.0,0,0
711999,23/24,GB1,Premier League,631,Chelsea FC,17,12,0.0,0,0,9,2,2,0,0,0,,0,0
712099,22/23,GB1,Premier League,543,Wolverhampton Wanderers,2,1,0.0,0,0,1,0,0,0,0,0,,0,0
712117,23/24,GB1,Premier League,31,Liverpool FC,11,5,0.0,0,0,4,1,0,0,0,0,,0,0
712117,22/23,GB1,Premier League,31,Liverpool FC,6,1,0.0,0,0,1,0,0,0,0,0,,0,0
712181,25/26,GB1,Premier League,405,Aston Villa,1,0,0.0,0,0,0,0,0,0,0,0,,0,0
712181,23/24,GB1,Premier League,405,Aston Villa,3,0,0.0,0,0,0,0,0,0,0,0,,0,0
712181,22/23,GB1,Premier League,405,Aston Villa,1,0,0.0,0,0,0,0,0,0,0,0,,0,0
71271,23/24,GB1,Premier League,31,Liverpool FC,15,0,0.0,0,0,0,0,0,0,0,0,,0,0
71271,22/23,GB1,Premier League,31,Liverpool FC,12,0,0.0,0,0,0,0,0,0,0,0,,0,0
71271,21/22,GB1,Premier League,31,Liverpool FC,5,0,0.0,0,0,0,0,0,0,0,0,,0,0
71271,20/21,GB1,Premier League,31,Liverpool FC,30,3,,0,0,0,0,0,0,0,0,270.0,9,1
71271,19/20,GB1,Premier League,31,Liverpool FC,38,11,,0,0,2,0,1,0,0,0,873.0,10,2
71271,18/19,GB1,Premier League,379,West Ham United,38,0,0.0,0,0,0,0,0,0,0,0,,0,0
71271,17/18,GB1,Premier League,379,West Ham United,38,19,,0,0,0,0,2,0,0,0,1710.0,29,6
71271,16/17,GB1,Premier League,379,West Ham United,38,16,,0,0,0,0,1,0,0,0,1440.0,25,6
71292,22/23,GB1,Premier League,703,Nottingham Forest,10,8,0.0,0,0,2,4,2,0,0,0,,0,0
71292,22/23,GB1,Premier League,762,Newcastle United,6,3,0.0,0,0,3,0,0,0,0,0,,0,0
71292,21/22,GB1,Premier League,762,Newcastle United,25,24,2.0,1,0,2,3,5,1,0,0,993.0,0,0
71292,20/21,GB1,Premier League,762,Newcastle United,33,30,1.0,3,0,1,1,7,0,0,0,2617.0,0,0
71292,19/20,GB1,Premier League,762,Newcastle United,32,26,6.0,2,0,1,6,3,0,0,0,354.0,0,0
71292,18/19,GB1,Premier League,762,Newcastle United,23,16,1.0,1,0,6,2,1,0,0,0,944.0,0,0
71292,17/18,GB1,Premier League,762,Newcastle United,33,30,1.0,3,0,5,3,2,1,1,0,2267.0,0,0
714458,24/25,GB1,Premier League,1003,Leicester City,1,0,0.0,0,0,0,0,0,0,0,0,,0,0
714458,21/22,GB1,Premier League,1003,Leicester City,3,0,0.0,0,0,0,0,0,0,0,0,,0,0
716276,25/26,GB1,Premier League,543,Wolverhampton Wanderers,3,0,0.0,0,0,0,0,0,0,0,0,,0,0
716276,24/25,GB1,Premier League,543,Wolverhampton Wanderers,5,5,0.0,0,0,0,1,2,0,0,0,,0,0
716276,23/24,GB1,Premier League,543,Wolverhampton Wanderers,1,0,0.0,0,0,0,0,0,0,0,0,,0,0
716276,22/23,GB1,Premier League,543,Wolverhampton Wanderers,11,0,0.0,0,0,0,0,0,0,0,0,,0,0
716276,21/22,GB1,Premier League,543,Wolverhampton Wanderers,5,0,0.0,0,0,0,0,0,0,0,0,,0,0
717411,25/26,GB1,Premier League,1148,Brentford FC,3,3,0.0,0,0,0,1,0,0,0,0,,0,0
717411,24/25,GB1,Premier League,1148,Brentford FC,38,31,0.0,0,0,16,9,6,0,0,0,,0,0
717411,23/24,GB1,Premier League,1148,Brentford FC,38,27,0.0,0,0,21,6,2,0,0,0,,0,0
717411,22/23,GB1,Premier League,1148,Brentford FC,3,0,0.0,0,0,0,0,0,0,0,0,,0,0
718250,23/24,GB1,Premier League,1148,Brentford FC,13,0,0.0,0,0,0,0,0,0,0,0,,0,0
719673,25/26,GB1,Premier League,989,AFC Bournemouth,2,0,0.0,0,0,0,0,0,0,0,0,,0,0
719673,23/24,GB1,Premier League,31,Liverpool FC,9,1,0.0,0,0,1,0,0,0,0,0,,0,0
719673,22/23,GB1,Premier League,31,Liverpool FC,4,2,0.0,0,0,2,0,0,0,0,0,,0,0
719681,22/23,GB1,Premier League,399,Leeds United,3,0,0.0,0,0,0,0,0,0,0,0,,0,0
720720,22/23,GB1,Premier League,29,Everton FC,2,0,0.0,0,0,0,0,0,0,0,0,,0,0
724529,23/24,GB1,Premier League,873,Crystal Palace,3,0,0.0,0,0,0,0,0,0,0,0,,0,0
724529,22/23,GB1,Premier League,873,Crystal Palace,2,0,0.0,0,0,0,0,0,0,0,0,,0,0
724529,21/22,GB1,Premier League,873,Crystal Palace,1,0,0.0,0,0,0,0,0,0,0,0,,0,0
724530,23/24,GB1,Premier League,1237,Brighton & Hove Albion,4,0,0.0,0,0,0,0,0,0,0,0,,0,0
724537,22/23,GB1,Premier League,1237,Brighton & Hove Albion,13,1,0.0,0,0,1,0,0,0,0,0,,0,0
72462,17/18,GB1,Premier League,2288,Swansea City,32,18,1.0,0,0,13,4,0,0,0,0,621.0,0,0
72462,16/17,GB1,Premier League,2288,Swansea City,15,13,0.0,3,0,10,2,0,0,0,0,,0,0
72476,25/26,GB1,Premier League,931,Fulham FC,3,3,,0,0,0,0,0,0,0,0,270.0,4,0
72476,24/25,GB1,Premier League,931,Fulham FC,38,38,,0,0,0,0,5,0,0,0,3420.0,54,5
72476,23/24,GB1,Premier League,931,Fulham FC,38,38,,1,0,0,0,3,0,0,0,3420.0,61,10
72476,22/23,GB1,Premier League,931,Fulham FC,38,36,,0,0,0,0,3,0,0,0,3240.0,51,8
72476,21/22,GB1,Premier League,11,Arsenal FC,33,4,,0,0,0,0,0,0,0,0,360.0,9,1
72476,20/21,GB1,Premier League,11,Arsenal FC,37,35,,1,0,0,0,0,0,0,0,3132.0,37,11
72476,19/20,GB1,Premier League,11,Arsenal FC,30,30,,0,0,0,1,2,0,0,0,2650.0,39,8
72476,18/19,GB1,Premier League,11,Arsenal FC,38,32,,0,0,1,0,0,0,0,0,2835.0,42,7
724783,24/25,GB1,Premier League,543,Wolverhampton Wanderers,1,0,0.0,0,0,0,0,0,0,0,0,,0,0
724783,23/24,GB1,Premier League,543,Wolverhampton Wanderers,23,8,0.0,0,0,7,1,1,0,0,0,,0,0
724785,21/22,GB1,Premier League,1123,Norwich City,4,0,0.0,0,0,0,0,0,0,0,0,,0,0
725912,25/26,GB1,Premier League,148,Tottenham Hotspur,3,0,0.0,0,0,0,0,0,0,0,0,,0,0
725912,24/25,GB1,Premier League,148,Tottenham Hotspur,18,6,,0,0,0,0,0,0,0,0,540.0,11,1
726701,23/24,GB1,Premier League,703,Nottingham Forest,12,4,0.0,0,0,4,0,0,0,0,0,,0,0
726992,21/22,GB1,Premier League,29,Everton FC,1,0,0.0,0,0,0,0,0,0,0,0,,0,0
727089,25/26,GB1,Premier League,289,Sunderland AFC,3,3,0.0,0,0,0,0,0,0,0,0,,0,0
728734,24/25,GB1,Premier League,148,Tottenham Hotspur,1,0,0.0,0,0,0,0,0,0,0,0,,0,0
728734,22/23,GB1,Premier League,148,Tottenham Hotspur,5,0,0.0,0,0,0,0,0,0,0,0,,0,0
728734,21/22,GB1,Premier League,148,Tottenham Hotspur,3,0,0.0,0,0,0,0,0,0,0,0,,0,0
728734,20/21,GB1,Premier League,148,Tottenham Hotspur,2,0,0.0,0,0,0,0,0,0,0,0,,0,0
729264,24/25,GB1,Premier League,180,Southampton FC,13,10,0.0,0,0,4,4,1,0,0,0,,0,0
730581,22/23,GB1,Premier League,703,Nottingham Forest,1,0,0.0,0,0,0,0,0,0,0,0,,0,0
73067,16/17,GB1,Premier League,641,Middlesbrough FC,38,34,0.0,2,0,2,4,10,0,0,0,,0,0
730861,25/26,GB1,Premier League,31,Liverpool FC,3,3,0.0,0,0,0,1,1,0,0,0,,0,0
730861,24/25,GB1,Premier League,989,AFC Bournemouth,38,38,2.0,6,0,0,6,4,0,0,0,1671.0,0,0
730861,23/24,GB1,Premier League,989,AFC Bournemouth,31,28,0.0,2,1,6,10,4,0,1,0,,0,0
730893,25/26,GB1,Premier League,873,Crystal Palace,3,3,0.0,0,0,0,0,1,0,0,0,,0,0
730893,24/25,GB1,Premier League,873,Crystal Palace,38,37,0.0,5,0,0,12,2,0,0,0,,0,0
730893,23/24,GB1,Premier League,873,Crystal Palace,37,37,2.0,3,1,0,6,6,0,0,0,1605.0,0,0
730893,22/23,GB1,Premier League,873,Crystal Palace,36,36,0.0,2,0,2,6,5,0,1,0,,0,0
730893,21/22,GB1,Premier League,873,Crystal Palace,37,36,0.0,2,0,1,3,1,0,0,0,,0,0
730893,20/21,GB1,Premier League,873,Crystal Palace,30,19,1.0,1,0,0,0,1,0,0,0,1710.0,0,0
730893,19/20,GB1,Premier League,873,Crystal Palace,11,4,0.0,0,0,2,0,1,0,0,0,,0,0
731466,23/24,GB1,Premier League,631,Chelsea FC,1,0,0.0,0,0,0,0,0,0,0,0,,0,0
73185,18/19,GB1,Premier League,379,West Ham United,24,15,3.0,0,0,11,4,0,0,0,0,155.0,0,0
73185,16/17,GB1,Premier League,11,Arsenal FC,17,11,1.0,0,0,9,2,0,0,0,0,265.0,0,0
732119,23/24,GB1,Premier League,31,Liverpool FC,2,1,0.0,0,0,1,0,0,0,0,0,,0,0
732119,21/22,GB1,Premier League,31,Liverpool FC,4,1,0.0,0,0,1,0,0,0,0,0,,0,0
732120,23/24,GB1,Premier League,631,Chelsea FC,2,0,0.0,0,0,0,0,0,0,0,0,,0,0
732165,24/25,GB1,Premier League,180,Southampton FC,3,1,0.0,0,0,1,0,0,0,0,0,,0,0
732529,22/23,GB1,Premier League,1148,Brentford FC,4,0,0.0,0,0,0,0,0,0,0,0,,0,0
733430,21/22,GB1,Premier League,1132,Burnley FC,1,0,0.0,0,0,0,0,0,0,0,0,,0,0
733494,21/22,GB1,Premier League,1010,Watford FC,1,0,0.0,0,0,0,0,0,0,0,0,,0,0
73396,17/18,GB1,Premier League,11,Arsenal FC,34,5,,0,0,1,0,0,0,0,0,380.0,3,3
73396,16/17,GB1,Premier League,11,Arsenal FC,34,2,,0,0,1,0,0,0,0,0,142.0,4,0
734425,23/24,GB1,Premier League,1148,Brentford FC,17,8,0.0,0,0,8,0,0,0,0,0,,0,0
734425,22/23,GB1,Premier League,1148,Brentford FC,1,0,0.0,0,0,0,0,0,0,0,0,,0,0
734375,21/22,GB1,Premier League,399,Leeds United,9,0,0.0,0,0,0,0,0,0,0,0,,0,0
734375,20/21,GB1,Premier League,399,Leeds United,18,0,0.0,0,0,0,0,0,0,0,0,,0,0
73484,21/22,GB1,Premier League,1010,Watford FC,34,28,0.0,2,0,8,15,2,0,0,0,,0,0
73484,19/20,GB1,Premier League,1010,Watford FC,20,18,1.0,0,0,7,3,2,0,0,0,966.0,0,0
73484,18/19,GB1,Premier League,1010,Watford FC,15,13,1.0,0,0,9,1,2,0,0,0,471.0,0,0
73484,17/18,GB1,Premier League,1010,Watford FC,23,23,1.0,2,0,1,3,1,1,0,0,1907.0,0,0
73484,16/17,GB1,Premier League,1010,Watford FC,17,17,0.0,2,0,1,2,3,0,0,0,,0,0
73484,16/17,GB1,Premier League,29,Everton FC,18,10,0.0,0,0,6,2,1,0,0,0,,0,0
73482,19/20,GB1,Premier League,405,Aston Villa,6,0,0.0,0,0,0,0,0,0,0,0,,0,0
73491,19/20,GB1,Premier League,405,Aston Villa,7,4,0.0,0,0,0,4,1,0,0,0,,0,0
73491,19/20,GB1,Premier League,1132,Burnley FC,9,1,0.0,0,0,0,1,0,0,0,0,,0,0
73491,18/19,GB1,Premier League,631,Chelsea FC,1,0,0.0,0,0,0,0,0,0,0,0,,0,0
73491,17/18,GB1,Premier League,631,Chelsea FC,20,12,1.0,0,0,7,2,0,0,0,0,521.0,0,0
73491,16/17,GB1,Premier League,1003,Leicester City,29,29,1.0,1,0,2,2,6,0,0,0,2467.0,0,0
73522,19/20,GB1,Premier League,1003,Leicester City,6,1,0.0,0,0,1,0,0,0,0,0,,0,0
73522,17/18,GB1,Premier League,1003,Leicester City,15,13,0.0,0,0,2,4,2,0,0,0,,0,0
73522,16/17,GB1,Premier League,1003,Leicester City,2,1,0.0,0,0,1,0,0,0,0,0,,0,0
73517,19/20,GB1,Premier League,405,Aston Villa,27,7,,0,0,2,0,0,0,0,0,537.0,12,2
73547,23/24,GB1,Premier League,350,Sheffield United,36,27,1.0,0,0,11,4,8,0,0,1,1433.0,0,0
73547,20/21,GB1,Premier League,350,Sheffield United,37,32,0.0,0,0,6,11,6,0,0,0,,0,0
73547,19/20,GB1,Premier League,350,Sheffield United,38,38,1.0,1,0,1,12,8,0,0,1,3100.0,0,0
735571,25/26,GB1,Premier League,931,Fulham FC,3,3,1.0,0,1,1,2,1,0,0,0,154.0,0,0
735571,24/25,GB1,Premier League,931,Fulham FC,32,31,8.0,1,0,23,8,1,0,0,0,119.0,0,0
735571,23/24,GB1,Premier League,931,Fulham FC,33,26,9.0,1,0,8,11,1,0,0,0,178.0,0,0
735571,22/23,GB1,Premier League,931,Fulham FC,2,0,0.0,0,0,0,0,0,0,0,0,,0,0
735570,25/26,GB1,Premier League,543,Wolverhampton Wanderers,3,3,0.0,0,0,0,0,1,0,0,0,,0,0
735570,24/25,GB1,Premier League,543,Wolverhampton Wanderers,36,36,3.0,1,0,1,16,9,1,0,0,996.0,0,0
735570,23/24,GB1,Premier League,543,Wolverhampton Wanderers,35,34,2.0,1,0,2,14,11,0,0,0,1330.0,0,0
735570,22/23,GB1,Premier League,543,Wolverhampton Wanderers,17,11,1.0,0,0,4,3,5,0,0,0,651.0,0,0
73564,25/26,GB1,Premier League,1237,Brighton & Hove Albion,3,0,0.0,0,0,0,0,0,0,0,0,,0,0
73564,24/25,GB1,Premier League,1237,Brighton & Hove Albion,26,2,,0,0,0,0,0,0,0,0,180.0,1,1
73564,23/24,GB1,Premier League,1237,Brighton & Hove Albion,38,17,,0,0,0,0,0,0,0,0,1530.0,34,2
73564,22/23,GB1,Premier League,1237,Brighton & Hove Albion,37,15,,1,0,0,0,1,0,0,0,1350.0,23,6
73564,21/22,GB1,Premier League,1237,Brighton & Hove Albion,33,1,,0,0,0,0,0,0,0,0,90.0,2,0
73564,20/21,GB1,Premier League,1237,Brighton & Hove Albion,30,0,0.0,0,0,0,0,0,0,0,0,,0,0
73564,18/19,GB1,Premier League,1237,Brighton & Hove Albion,13,0,0.0,0,0,0,0,0,0,0,0,,0,0
736251,23/24,GB1,Premier League,1148,Brentford FC,2,0,0.0,0,0,0,0,0,0,0,0,,0,0
736251,21/22,GB1,Premier League,1010,Watford FC,3,0,0.0,0,0,0,0,0,0,0,0,,0,0
738269,24/25,GB1,Premier League,148,Tottenham Hotspur,2,0,0.0,0,0,0,0,0,0,0,0,,0,0
739443,25/26,GB1,Premier League,1148,Brentford FC,3,3,2.0,0,0,0,0,1,0,0,1,135.0,0,0
739443,24/25,GB1,Premier League,1148,Brentford FC,8,8,0.0,0,0,7,1,0,0,0,0,,0,0
741228,24/25,GB1,Premier League,180,Southampton FC,1,0,0.0,0,0,0,0,0,0,0,0,,0,0
741236,22/23,GB1,Premier League,1148,Brentford FC,21,0,0.0,0,0,0,0,0,0,0,0,,0,0
741236,21/22,GB1,Premier League,1148,Brentford FC,10,0,0.0,0,0,0,0,0,0,0,0,,0,0
741238,25/26,GB1,Premier League,703,Nottingham Forest,2,2,0.0,0,0,2,0,0,0,0,0,,0,0
741238,24/25,GB1,Premier League,677,Ipswich Town,32,31,3.0,2,0,1,12,5,0,0,0,864.0,0,0
741238,22/23,GB1,Premier League,631,Chelsea FC,5,1,0.0,0,0,1,0,0,0,0,0,,0,0
741238,21/22,GB1,Premier League,11,Arsenal FC,8,0,0.0,0,0,0,0,0,0,0,0,,0,0
741267,23/24,GB1,Premier League,350,Sheffield United,9,1,0.0,0,0,1,0,0,0,0,0,,0,0
74223,19/20,GB1,Premier League,379,West Ham United,16,8,0.0,0,0,6,2,0,0,0,0,,0,0
74223,18/19,GB1,Premier League,379,West Ham United,9,8,0.0,1,0,4,1,2,0,0,0,,0,0
74223,17/18,GB1,Premier League,11,Arsenal FC,26,20,1.0,3,0,8,2,6,0,0,0,1187.0,0,0
74223,16/17,GB1,Premier League,989,AFC Bournemouth,28,27,0.0,2,0,5,7,3,0,0,0,,0,0
74223,16/17,GB1,Premier League,11,Arsenal FC,3,2,0.0,0,0,2,0,1,0,0,0,,0,0
74228,16/17,GB1,Premier League,512,Stoke City,30,10,1.0,0,0,3,0,2,0,0,0,648.0,0,0
74230,24/25,GB1,Premier League,543,Wolverhampton Wanderers,31,23,3.0,2,0,16,7,3,0,0,0,268.0,0,0
74230,23/24,GB1,Premier League,543,Wolverhampton Wanderers,37,30,4.0,7,0,10,15,5,0,0,2,438.0,0,0
74230,22/23,GB1,Premier League,543,Wolverhampton Wanderers,18,13,1.0,0,0,4,7,3,0,0,0,770.0,0,0
742451,24/25,GB1,Premier League,543,Wolverhampton Wanderers,27,10,0.0,1,0,9,2,2,0,0,0,,0,0
74300,22/23,GB1,Premier League,873,Crystal Palace,34,18,0.0,0,0,13,4,2,0,0,0,,0,0
74300,21/22,GB1,Premier League,873,Crystal Palace,29,15,0.0,0,1,6,8,1,0,0,0,,0,0
74300,20/21,GB1,Premier League,873,Crystal Palace,32,31,1.0,1,0,4,8,8,0,1,1,2364.0,0,0
74300,19/20,GB1,Premier League,873,Crystal Palace,32,31,3.0,1,0,3,4,12,0,0,2,838.0,0,0
74300,18/19,GB1,Premier League,873,Crystal Palace,38,38,12.0,2,0,0,0,10,0,0,10,285.0,0,0
74300,17/18,GB1,Premier League,873,Crystal Palace,37,36,10.0,1,0,1,3,8,0,0,7,308.0,0,0
74300,16/17,GB1,Premier League,873,Crystal Palace,14,14,2.0,0,0,0,3,4,0,0,2,614.0,0,0
743384,25/26,GB1,Premier League,289,Sunderland AFC,3,3,0.0,1,0,0,3,0,0,0,0,,0,0
743413,25/26,GB1,Premier League,281,Manchester City,3,2,0.0,0,0,2,0,1,0,0,0,,0,0
743413,24/25,GB1,Premier League,281,Manchester City,30,9,2.0,0,0,3,2,0,0,0,0,264.0,0,0
743413,22/23,GB1,Premier League,281,Manchester City,1,0,0.0,0,0,0,0,0,0,0,0,,0,0
743414,22/23,GB1,Premier League,11,Arsenal FC,1,0,0.0,0,0,0,0,0,0,0,0,,0,0
743498,25/26,GB1,Premier League,148,Tottenham Hotspur,3,3,0.0,0,0,3,0,0,0,0,0,,0,0
743498,24/25,GB1,Premier League,148,Tottenham Hotspur,16,16,1.0,0,0,7,6,0,0,0,0,849.0,0,0
743498,23/24,GB1,Premier League,1132,Burnley FC,33,29,3.0,3,0,4,14,3,0,0,0,703.0,0,0
743591,24/25,GB1,Premier League,281,Manchester City,36,29,1.0,10,0,8,14,3,0,0,0,1772.0,0,0
743597,24/25,GB1,Premier League,873,Crystal Palace,11,4,1.0,0,0,4,0,0,0,0,0,52.0,0,0
743597,23/24,GB1,Premier League,873,Crystal Palace,19,10,0.0,2,0,9,1,1,0,0,0,,0,0
743600,25/26,GB1,Premier League,631,Chelsea FC,3,3,0.0,0,0,3,0,1,0,0,0,,0,0
743600,23/24,GB1,Premier League,703,Nottingham Forest,6,1,0.0,0,0,1,0,0,0,0,0,,0,0
743600,23/24,GB1,Premier League,631,Chelsea FC,1,0,0.0,0,0,0,0,0,0,0,0,,0,0
744131,22/23,GB1,Premier League,180,Southampton FC,2,0,0.0,0,0,0,0,0,0,0,0,,0,0
744149,25/26,GB1,Premier League,873,Crystal Palace,3,3,0.0,0,0,0,2,0,0,0,0,,0,0
744149,24/25,GB1,Premier League,873,Crystal Palace,21,20,0.0,2,0,4,13,2,0,0,0,,0,0
744149,23/24,GB1,Premier League,873,Crystal Palace,16,16,0.0,3,0,1,9,2,0,0,0,,0,0
7449,16/17,GB1,Premier League,281,Manchester City,35,25,1.0,0,0,1,3,2,0,0,0,2125.0,0,0
745191,24/25,GB1,Premier League,703,Nottingham Forest,32,19,1.0,0,0,18,1,1,0,0,0,280.0,0,0
745452,23/24,GB1,Premier League,931,Fulham FC,1,0,0.0,0,0,0,0,0,0,0,0,,0,0
745461,23/24,GB1,Premier League,1132,Burnley FC,15,15,1.0,2,0,2,13,0,0,0,0,986.0,0,0
745716,24/25,GB1,Premier League,1237,Brighton & Hove Albion,1,0,0.0,0,0,0,0,0,0,0,0,,0,0
745689,23/24,GB1,Premier League,1237,Brighton & Hove Albion,2,0,0.0,0,0,0,0,0,0,0,0,,0,0
745846,23/24,GB1,Premier League,11,Arsenal FC,2,0,0.0,0,0,0,0,0,0,0,0,,0,0
745846,22/23,GB1,Premier League,11,Arsenal FC,2,0,0.0,0,0,0,0,0,0,0,0,,0,0
745851,23/24,GB1,Premier League,350,Sheffield United,2,1,0.0,0,0,1,0,0,0,0,0,,0,0
746067,21/22,GB1,Premier League,399,Leeds United,4,0,0.0,0,0,0,0,0,0,0,0,,0,0
746554,21/22,GB1,Premier League,180,Southampton FC,3,0,0.0,0,0,0,0,0,0,0,0,,0,0
746695,24/25,GB1,Premier League,180,Southampton FC,28,26,1.0,1,0,9,12,2,0,0,0,1406.0,0,0
746695,22/23,GB1,Premier League,180,Southampton FC,18,18,2.0,1,0,8,8,1,0,0,0,484.0,0,0
746739,23/24,GB1,Premier League,350,Sheffield United,31,20,0.0,0,0,8,12,1,0,0,0,,0,0
746740,24/25,GB1,Premier League,989,AFC Bournemouth,20,16,1.0,0,0,16,0,1,0,0,0,105.0,0,0
746740,23/24,GB1,Premier League,350,Sheffield United,1,1,0.0,0,0,1,0,0,0,0,0,,0,0
746740,20/21,GB1,Premier League,350,Sheffield United,4,4,1.0,0,0,1,1,0,0,0,0,284.0,0,0
746778,20/21,GB1,Premier League,350,Sheffield United,1,0,0.0,0,0,0,0,0,0,0,0,,0,0
746734,20/21,GB1,Premier League,350,Sheffield United,6,0,0.0,0,0,0,0,0,0,0,0,,0,0
74683,21/22,GB1,Premier League,985,Manchester United,33,23,0.0,4,0,7,9,3,0,0,0,,0,0
74683,20/21,GB1,Premier League,985,Manchester United,37,20,0.0,1,0,8,1,2,0,0,0,,0,0
74683,19/20,GB1,Premier League,985,Manchester United,27,21,0.0,2,0,3,5,2,0,0,0,,0,0
74683,18/19,GB1,Premier League,985,Manchester United,30,28,1.0,0,0,0,4,6,1,0,0,2441.0,0,0
74683,17/18,GB1,Premier League,985,Manchester United,36,36,1.0,1,0,1,2,7,0,0,0,3119.0,0,0
74683,16/17,GB1,Premier League,631,Chelsea FC,36,35,1.0,7,0,5,7,4,0,0,0,2697.0,0,0
747009,25/26,GB1,Premier League,873,Crystal Palace,3,3,0.0,0,0,2,1,0,0,0,0,,0,0
747009,24/25,GB1,Premier League,873,Crystal Palace,30,23,1.0,1,0,19,4,1,0,0,0,496.0,0,0
747153,23/24,GB1,Premier League,985,Manchester United,7,1,0.0,0,0,1,0,0,0,0,0,,0,0
747598,25/26,GB1,Premier League,29,Everton FC,1,0,0.0,0,0,0,0,0,0,0,0,,0,0
747598,23/24,GB1,Premier League,29,Everton FC,1,0,0.0,0,0,0,0,0,0,0,0,,0,0
74768,16/17,GB1,Premier League,641,Middlesbrough FC,8,5,0.0,0,0,5,0,0,0,0,0,,0,0
74768,16/17,GB1,Premier League,1010,Watford FC,20,12,0.0,1,0,3,5,2,0,0,0,,0,0
747951,22/23,GB1,Premier League,281,Manchester City,2,1,0.0,0,0,1,0,0,0,0,0,,0,0
747996,23/24,GB1,Premier League,1148,Brentford FC,5,0,0.0,0,0,0,0,0,0,0,0,,0,0
74810,24/25,GB1,Premier League,1148,Brentford FC,35,7,0.0,0,0,5,1,2,0,0,0,,0,0
74810,23/24,GB1,Premier League,1148,Brentford FC,18,16,2.0,0,0,1,3,1,0,1,0,638.0,0,0
74810,22/23,GB1,Premier League,1148,Brentford FC,38,37,3.0,2,0,0,3,2,0,0,0,1091.0,0,0
74810,21/22,GB1,Premier League,1132,Burnley FC,21,21,3.0,0,1,0,1,3,0,0,0,613.0,0,0
74810,20/21,GB1,Premier League,1132,Burnley FC,30,30,2.0,0,0,0,1,3,0,0,0,1347.0,0,0
74810,19/20,GB1,Premier League,1132,Burnley FC,32,32,1.0,1,0,0,0,7,0,0,0,2880.0,0,0
74810,18/19,GB1,Premier League,1132,Burnley FC,38,38,0.0,2,2,0,0,9,0,0,0,,0,0
74810,17/18,GB1,Premier League,1132,Burnley FC,29,29,0.0,0,0,0,0,5,0,0,0,,0,0
74810,16/17,GB1,Premier League,1132,Burnley FC,34,34,1.0,0,2,0,1,5,0,0,0,3015.0,0,0
748319,25/26,GB1,Premier League,29,Everton FC,3,3,0.0,0,0,2,1,1,0,0,0,,0,0
748319,24/25,GB1,Premier League,29,Everton FC,15,15,2.0,3,0,8,5,4,0,0,0,381.0,0,0
748319,24/25,GB1,Premier League,180,Southampton FC,1,1,0.0,0,0,1,0,0,0,0,0,,0,0
748319,22/23,GB1,Premier League,180,Southampton FC,20,18,4.0,2,0,5,11,3,0,0,0,259.0,0,0
74869,17/18,GB1,Premier League,11,Arsenal FC,19,7,0.0,0,0,6,2,0,0,0,0,,0,0
74869,16/17,GB1,Premier League,11,Arsenal FC,35,29,0.0,0,0,7,13,5,0,0,0,,0,0
74943,21/22,GB1,Premier League,1010,Watford FC,28,26,1.0,1,1,4,6,3,1,0,0,1923.0,0,0
74960,25/26,GB1,Premier League,1132,Burnley FC,3,3,,0,0,0,0,0,0,0,0,270.0,6,1
74960,24/25,GB1,Premier League,762,Newcastle United,34,10,,0,0,0,0,0,0,0,0,900.0,12,5
74960,23/24,GB1,Premier League,762,Newcastle United,37,23,,0,0,1,0,1,0,0,0,1984.0,42,5
74960,22/23,GB1,Premier League,762,Newcastle United,24,2,,0,0,1,0,0,0,0,0,156.0,1,1
74960,22/23,GB1,Premier League,985,Manchester United,4,0,0.0,0,0,0,0,0,0,0,0,,0,0
74960,21/22,GB1,Premier League,762,Newcastle United,29,26,,0,0,0,0,1,0,0,0,2340.0,35,8
74960,20/21,GB1,Premier League,762,Newcastle United,24,13,,0,0,0,0,0,0,0,0,1170.0,19,3
74960,19/20,GB1,Premier League,762,Newcastle United,38,38,,0,0,0,0,0,0,0,0,3420.0,58,11
74960,18/19,GB1,Premier League,762,Newcastle United,38,38,,0,0,0,0,1,0,0,0,3420.0,48,11
74960,17/18,GB1,Premier League,762,Newcastle United,13,12,,0,0,0,0,0,0,0,0,1080.0,11,4
75067,22/23,GB1,Premier League,399,Leeds United,25,18,1.0,0,0,2,2,5,0,0,0,1427.0,0,0
75067,21/22,GB1,Premier League,399,Leeds United,22,21,0.0,1,0,0,1,5,0,0,0,,0,0
75067,20/21,GB1,Premier League,399,Leeds United,26,25,1.0,0,0,0,1,4,0,1,0,2187.0,0,0
751666,23/24,GB1,Premier League,543,Wolverhampton Wanderers,6,0,0.0,0,0,0,0,0,0,0,0,,0,0
75458,24/25,GB1,Premier League,405,Aston Villa,30,4,,0,0,3,0,0,0,0,0,225.0,6,1
75458,23/24,GB1,Premier League,405,Aston Villa,31,5,,0,0,1,0,0,0,0,0,405.0,13,0
75458,22/23,GB1,Premier League,405,Aston Villa,34,4,,0,0,2,0,0,0,0,0,280.0,8,1
75458,21/22,GB1,Premier League,405,Aston Villa,18,1,,0,0,0,0,0,0,0,0,90.0,3,0
75458,20/21,GB1,Premier League,29,Everton FC,28,7,,0,0,0,0,1,0,0,0,630.0,9,2
75471,17/18,GB1,Premier League,29,Everton FC,20,16,1.0,0,0,5,9,0,0,0,0,855.0,0,0
75471,16/17,GB1,Premier League,29,Everton FC,13,13,1.0,4,0,1,6,2,0,0,0,1028.0,0,0
75471,16/17,GB1,Premier League,873,Crystal Palace,1,1,0.0,0,0,1,0,1,0,0,0,,0,0
75489,25/26,GB1,Premier League,379,West Ham United,3,3,0.0,0,0,0,2,0,0,0,0,,0,0
75489,24/25,GB1,Premier League,379,West Ham United,19,18,3.0,2,0,12,5,2,0,0,0,263.0,0,0
756591,23/24,GB1,Premier League,1237,Brighton & Hove Albion,1,0,0.0,0,0,0,0,0,0,0,0,,0,0
7589,16/17,GB1,Premier League,641,Middlesbrough FC,28,28,,0,0,0,0,1,0,0,0,2520.0,36,8
75890,17/18,GB1,Premier League,2288,Swansea City,35,0,0.0,0,0,0,0,0,0,0,0,,0,0
75890,16/17,GB1,Premier League,2288,Swansea City,38,1,,0,0,0,0,0,0,0,0,90.0,1,0
76277,18/19,GB1,Premier League,11,Arsenal FC,19,17,3.0,0,0,4,1,1,0,0,0,443.0,0,0
76277,17/18,GB1,Premier League,11,Arsenal FC,26,25,2.0,0,0,0,2,4,0,0,0,1114.0,0,0
76277,16/17,GB1,Premier League,11,Arsenal FC,33,33,2.0,0,0,0,2,4,0,1,0,1412.0,0,0
763079,25/26,GB1,Premier League,281,Manchester City,3,2,0.0,0,0,1,1,1,0,0,0,,0,0
763079,24/25,GB1,Premier League,281,Manchester City,11,6,0.0,0,1,0,1,1,0,0,0,,0,0
76467,21/22,GB1,Premier League,1010,Watford FC,27,27,0.0,5,0,1,9,2,0,0,0,,0,0
76467,19/20,GB1,Premier League,1010,Watford FC,31,28,0.0,1,0,2,6,5,0,0,0,,0,0
76467,18/19,GB1,Premier League,1010,Watford FC,31,29,1.0,1,0,7,3,1,0,0,0,2046.0,0,0
76467,17/18,GB1,Premier League,1010,Watford FC,24,23,1.0,0,0,4,6,2,0,0,0,1716.0,0,0
76608,16/17,GB1,Premier League,3008,Hull City,26,24,4.0,3,0,8,10,0,0,0,0,357.0,0,0
76799,18/19,GB1,Premier League,1010,Watford FC,12,3,0.0,0,0,1,1,0,0,0,0,,0,0
76799,17/18,GB1,Premier League,1010,Watford FC,19,12,1.0,0,0,2,2,3,0,1,0,798.0,0,0
76799,16/17,GB1,Premier League,1010,Watford FC,28,27,1.0,2,0,0,3,6,2,0,0,2284.0,0,0
77001,18/19,GB1,Premier League,1110,Huddersfield Town,10,5,0.0,0,0,0,2,0,0,0,0,,0,0
77001,17/18,GB1,Premier League,1110,Huddersfield Town,34,33,3.0,0,0,7,15,3,0,1,1,715.0,0,0
77100,22/23,GB1,Premier League,148,Tottenham Hotspur,22,15,1.0,0,0,15,0,0,0,1,0,145.0,0,0
77100,21/22,GB1,Premier League,148,Tottenham Hotspur,36,34,2.0,6,0,15,13,4,0,0,0,887.0,0,0
77100,20/21,GB1,Premier League,148,Tottenham Hotspur,37,30,3.0,4,0,16,7,1,0,0,0,468.0,0,0
77100,19/20,GB1,Premier League,148,Tottenham Hotspur,37,35,4.0,4,0,10,14,3,0,0,0,562.0,0,0
77100,18/19,GB1,Premier League,148,Tottenham Hotspur,36,32,10.0,1,0,7,13,3,0,0,0,213.0,0,0
77100,17/18,GB1,Premier League,148,Tottenham Hotspur,12,6,0.0,1,0,4,2,0,0,0,0,,0,0
77274,20/21,GB1,Premier League,984,West Bromwich Albion,34,33,2.0,1,0,13,11,1,0,0,0,913.0,0,0
77274,17/18,GB1,Premier League,984,West Bromwich Albion,31,30,2.0,2,0,7,10,3,0,0,0,1049.0,0,0
77274,16/17,GB1,Premier League,984,West Bromwich Albion,28,27,4.0,8,0,1,13,2,0,0,0,549.0,0,0
77544,16/17,GB1,Premier League,641,Middlesbrough FC,24,24,0.0,2,0,4,0,4,0,0,0,,0,0
776890,24/25,GB1,Premier League,631,Chelsea FC,31,30,10.0,5,0,2,22,7,0,1,0,224.0,0,0
776890,23/24,GB1,Premier League,631,Chelsea FC,35,35,14.0,5,0,4,14,10,0,0,0,201.0,0,0
777308,24/25,GB1,Premier League,989,AFC Bournemouth,8,1,0.0,0,0,1,0,0,0,0,0,,0,0
77737,16/17,GB1,Premier League,3008,Hull City,15,15,1.0,0,0,0,4,7,0,0,0,1278.0,0,0
77757,23/24,GB1,Premier League,1031,Luton Town,38,38,,0,0,0,1,3,0,0,0,3406.0,85,2
77760,19/20,GB1,Premier League,148,Tottenham Hotspur,4,2,0.0,0,0,2,0,1,0,0,0,,0,0
77760,18/19,GB1,Premier League,148,Tottenham Hotspur,20,13,1.0,0,0,9,2,2,0,0,0,513.0,0,0
77760,17/18,GB1,Premier League,148,Tottenham Hotspur,20,18,1.0,0,0,10,2,2,0,0,0,839.0,0,0
77760,16/17,GB1,Premier League,148,Tottenham Hotspur,36,36,4.0,1,0,1,5,10,0,0,0,754.0,0,0
77812,21/22,GB1,Premier League,1123,Norwich City,13,3,0.0,0,0,1,2,0,0,0,0,,0,0
77812,19/20,GB1,Premier League,1123,Norwich City,18,17,0.0,1,0,1,1,3,0,0,0,,0,0
77932,16/17,GB1,Premier League,2288,Swansea City,18,13,0.0,1,0,11,4,0,0,0,0,,0,0
77974,18/19,GB1,Premier League,931,Fulham FC,27,16,1.0,0,0,13,2,0,0,0,0,468.0,0,0
780630,23/24,GB1,Premier League,985,Manchester United,16,8,0.0,0,0,5,1,1,0,0,0,,0,0
7825,19/20,GB1,Premier League,405,Aston Villa,16,12,,0,0,0,0,1,0,0,0,1080.0,20,2
787232,23/24,GB1,Premier League,1132,Burnley FC,16,15,4.0,1,0,5,5,1,0,0,0,220.0,0,0
787232,22/23,GB1,Premier League,631,Chelsea FC,9,3,0.0,0,0,2,1,0,0,0,0,,0,0
788283,21/22,GB1,Premier League,1132,Burnley FC,24,0,0.0,0,0,0,0,0,0,0,0,,0,0
788283,20/21,GB1,Premier League,1132,Burnley FC,2,0,0.0,0,0,0,0,0,0,0,0,,0,0
788283,19/20,GB1,Premier League,1132,Burnley FC,4,0,0.0,0,0,0,0,0,0,0,0,,0,0
78959,21/22,GB1,Premier League,873,Crystal Palace,29,0,0.0,0,0,0,0,0,0,0,0,,0,0
78959,20/21,GB1,Premier League,873,Crystal Palace,25,1,0.0,0,0,1,0,0,0,0,0,,0,0
78959,19/20,GB1,Premier League,873,Crystal Palace,30,19,0.0,1,0,2,3,0,0,0,0,,0,0
78959,18/19,GB1,Premier League,873,Crystal Palace,34,13,0.0,0,1,1,0,2,0,0,0,,0,0
78959,17/18,GB1,Premier League,873,Crystal Palace,28,15,0.0,0,1,3,2,1,0,0,0,,0,0
78959,16/17,GB1,Premier League,873,Crystal Palace,33,29,0.0,2,0,4,10,4,0,0,0,,0,0
78966,16/17,GB1,Premier League,641,Middlesbrough FC,21,14,1.0,0,0,3,2,3,0,0,0,916.0,0,0
79027,20/21,GB1,Premier League,1237,Brighton & Hove Albion,21,7,0.0,0,0,5,2,0,0,0,0,,0,0
79027,19/20,GB1,Premier League,1237,Brighton & Hove Albion,36,35,1.0,2,0,3,4,4,0,0,0,2828.0,0,0
79027,18/19,GB1,Premier League,1237,Brighton & Hove Albion,30,30,1.0,1,0,0,5,2,0,0,0,2551.0,0,0
79027,17/18,GB1,Premier League,1237,Brighton & Hove Albion,35,35,0.0,4,0,0,1,2,0,1,0,,0,0
790992,23/24,GB1,Premier League,631,Chelsea FC,25,11,1.0,0,0,9,2,1,0,0,0,202.0,0,0
790992,22/23,GB1,Premier League,631,Chelsea FC,1,0,0.0,0,0,0,0,0,0,0,0,,0,0
79422,22/23,GB1,Premier League,703,Nottingham Forest,17,17,,0,0,0,1,2,0,0,0,1530.0,32,2
794816,23/24,GB1,Premier League,985,Manchester United,1,0,0.0,0,0,0,0,0,0,0,0,,0,0
794816,22/23,GB1,Premier League,985,Manchester United,1,0,0.0,0,0,0,0,0,0,0,0,,0,0
796024,24/25,GB1,Premier League,11,Arsenal FC,6,0,0.0,0,0,0,0,0,0,0,0,,0,0
796037,23/24,GB1,Premier League,11,Arsenal FC,1,0,0.0,0,0,0,0,0,0,0,0,,0,0
796298,23/24,GB1,Premier League,31,Liverpool FC,2,0,0.0,0,0,0,0,0,0,0,0,,0,0
796303,23/24,GB1,Premier League,631,Chelsea FC,4,0,0.0,0,0,0,0,0,0,0,0,,0,0
796300,24/25,GB1,Premier League,148,Tottenham Hotspur,4,1,0.0,0,0,1,0,0,0,0,0,,0,0
796300,23/24,GB1,Premier League,148,Tottenham Hotspur,10,0,0.0,0,0,0,0,0,0,0,0,,0,0
796305,23/24,GB1,Premier League,148,Tottenham Hotspur,13,3,0.0,0,0,3,0,1,0,0,0,,0,0
79642,18/19,GB1,Premier League,1003,Leicester City,29,21,0.0,1,0,20,1,0,0,0,0,,0,0
79642,17/18,GB1,Premier League,1003,Leicester City,29,27,6.0,2,0,10,15,2,0,0,0,221.0,0,0
79642,16/17,GB1,Premier League,1003,Leicester City,36,30,3.0,1,0,9,20,1,0,0,0,524.0,0,0
79723,18/19,GB1,Premier League,603,Cardiff City,34,34,1.0,3,0,0,1,6,0,0,0,3040.0,0,0
800176,25/26,GB1,Premier League,543,Wolverhampton Wanderers,3,3,0.0,0,0,1,2,0,0,0,0,,0,0
800176,24/25,GB1,Premier League,543,Wolverhampton Wanderers,35,33,0.0,0,0,2,17,7,0,0,0,,0,0
801005,22/23,GB1,Premier League,29,Everton FC,7,0,0.0,0,0,0,0,0,0,0,0,,0,0
801420,22/23,GB1,Premier League,873,Crystal Palace,2,0,0.0,0,0,0,0,0,0,0,0,,0,0
801472,23/24,GB1,Premier League,631,Chelsea FC,1,0,0.0,0,0,0,0,0,0,0,0,,0,0
801474,23/24,GB1,Premier League,1237,Brighton & Hove Albion,1,0,0.0,0,0,0,0,0,0,0,0,,0,0
801734,25/26,GB1,Premier League,148,Tottenham Hotspur,3,2,0.0,0,0,2,0,0,0,0,0,,0,0
801734,24/25,GB1,Premier League,148,Tottenham Hotspur,14,13,2.0,2,0,2,5,2,0,0,1,457.0,0,0
80197,22/23,GB1,Premier League,29,Everton FC,10,7,0.0,0,0,6,1,0,0,0,0,,0,0
80197,21/22,GB1,Premier League,29,Everton FC,30,20,1.0,1,0,12,3,2,0,1,0,783.0,0,0
80197,18/19,GB1,Premier League,762,Newcastle United,35,32,11.0,7,0,2,8,1,0,0,0,237.0,0,0
80197,17/18,GB1,Premier League,984,West Bromwich Albion,37,36,7.0,3,0,4,9,4,0,0,0,396.0,0,0
80197,16/17,GB1,Premier League,984,West Bromwich Albion,38,38,8.0,2,0,6,11,2,0,0,0,362.0,0,0
802230,23/24,GB1,Premier League,1031,Luton Town,2,0,0.0,0,0,0,0,0,0,0,0,,0,0
80444,23/24,GB1,Premier League,405,Aston Villa,2,2,0.0,0,0,2,1,0,0,0,0,,0,0
80444,22/23,GB1,Premier League,405,Aston Villa,22,20,1.0,0,0,13,6,3,0,0,0,781.0,0,0
80444,21/22,GB1,Premier League,405,Aston Villa,19,19,5.0,3,0,3,11,0,0,0,0,268.0,0,0
80444,17/18,GB1,Premier League,31,Liverpool FC,15,14,7.0,7,0,1,8,0,0,0,0,160.0,0,0
80444,16/17,GB1,Premier League,31,Liverpool FC,31,31,13.0,7,0,3,19,2,0,0,0,173.0,0,0
805714,24/25,GB1,Premier League,631,Chelsea FC,20,7,0.0,0,0,6,0,2,0,0,0,,0,0
807318,22/23,GB1,Premier League,180,Southampton FC,2,0,0.0,0,0,0,0,0,0,0,0,,0,0
807318,20/21,GB1,Premier League,180,Southampton FC,2,0,0.0,0,0,0,0,0,0,0,0,,0,0
808509,24/25,GB1,Premier League,703,Nottingham Forest,14,8,0.0,0,0,3,5,0,0,0,0,,0,0
808509,23/24,GB1,Premier League,703,Nottingham Forest,31,29,2.0,2,0,9,13,4,0,0,0,899.0,0,0
808509,22/23,GB1,Premier League,703,Nottingham Forest,16,13,3.0,2,0,1,7,1,0,0,0,327.0,0,0
811778,23/24,GB1,Premier League,985,Manchester United,1,0,0.0,0,0,0,0,0,0,0,0,,0,0
811778,21/22,GB1,Premier League,985,Manchester United,4,0,0.0,0,0,0,0,0,0,0,0,,0,0
811779,24/25,GB1,Premier League,985,Manchester United,36,36,6.0,2,0,13,9,3,0,0,0,366.0,0,0
811779,23/24,GB1,Premier League,985,Manchester United,38,36,7.0,6,0,6,18,4,0,0,0,368.0,0,0
811779,22/23,GB1,Premier League,985,Manchester United,28,19,3.0,2,0,14,7,3,0,0,0,187.0,0,0
811779,21/22,GB1,Premier League,985,Manchester United,7,2,0.0,0,0,2,0,0,0,0,0,,0,0
81190,18/19,GB1,Premier League,603,Cardiff City,4,2,0.0,0,0,2,0,0,0,0,0,,0,0
813142,23/24,GB1,Premier League,543,Wolverhampton Wanderers,1,0,0.0,0,0,0,0,0,0,0,0,,0,0
814524,22/23,GB1,Premier League,1003,Leicester City,1,0,0.0,0,0,0,0,0,0,0,0,,0,0
814811,22/23,GB1,Premier League,873,Crystal Palace,2,0,0.0,0,0,0,0,0,0,0,0,,0,0
814820,23/24,GB1,Premier League,873,Crystal Palace,3,0,0.0,0,0,0,0,0,0,0,0,,0,0
814848,22/23,GB1,Premier League,873,Crystal Palace,4,0,0.0,0,0,0,0,0,0,0,0,,0,0
81512,21/22,GB1,Premier League,1010,Watford FC,31,16,0.0,0,0,4,0,0,0,0,0,,0,0
81512,19/20,GB1,Premier League,1010,Watford FC,34,27,0.0,2,0,1,1,1,1,1,0,,0,0
81512,18/19,GB1,Premier League,1010,Watford FC,31,21,0.0,0,0,2,2,2,1,0,0,,0,0
81512,17/18,GB1,Premier League,1010,Watford FC,29,28,2.0,0,1,1,3,5,0,0,0,1166.0,0,0
81512,16/17,GB1,Premier League,1010,Watford FC,22,16,2.0,0,0,9,4,1,0,0,0,384.0,0,0
816124,23/24,GB1,Premier League,543,Wolverhampton Wanderers,5,0,0.0,0,0,0,0,0,0,0,0,,0,0
817611,23/24,GB1,Premier League,931,Fulham FC,1,0,0.0,0,0,0,0,0,0,0,0,,0,0
817611,22/23,GB1,Premier League,931,Fulham FC,2,0,0.0,0,0,0,0,0,0,0,0,,0,0
817612,23/24,GB1,Premier League,931,Fulham FC,5,1,0.0,0,0,1,0,0,0,0,0,,0,0
817612,22/23,GB1,Premier League,931,Fulham FC,23,3,0.0,0,0,3,0,0,0,0,0,,0,0
81789,19/20,GB1,Premier League,180,Southampton FC,23,8,0.0,0,0,2,0,1,0,0,0,,0,0
81789,18/19,GB1,Premier League,180,Southampton FC,29,17,0.0,1,0,0,2,0,0,0,0,,0,0
81789,17/18,GB1,Premier League,180,Southampton FC,32,24,2.0,1,0,1,1,2,1,0,0,1026.0,0,0
81789,16/17,GB1,Premier League,180,Southampton FC,38,23,1.0,0,0,0,0,2,0,0,0,2070.0,0,0
81796,19/20,GB1,Premier League,762,Newcastle United,5,3,0.0,0,0,2,1,0,0,0,0,,0,0
81796,18/19,GB1,Premier League,762,Newcastle United,24,18,0.0,1,0,4,4,2,0,0,0,,0,0
81796,17/18,GB1,Premier League,2288,Swansea City,25,25,2.0,2,0,4,5,2,0,0,0,935.0,0,0
81796,16/17,GB1,Premier League,2288,Swansea City,25,23,0.0,1,0,10,6,3,0,0,0,,0,0
81801,17/18,GB1,Premier League,873,Crystal Palace,25,7,0.0,0,0,6,1,0,0,0,0,,0,0
81801,16/17,GB1,Premier League,873,Crystal Palace,26,15,0.0,1,0,11,4,0,0,0,0,,0,0
818237,23/24,GB1,Premier League,405,Aston Villa,1,0,0.0,0,0,0,0,0,0,0,0,,0,0
818237,22/23,GB1,Premier League,405,Aston Villa,2,0,0.0,0,0,0,0,0,0,0,0,,0,0
818237,21/22,GB1,Premier League,405,Aston Villa,4,0,0.0,0,0,0,0,0,0,0,0,,0,0
8198,22/23,GB1,Premier League,985,Manchester United,12,10,1.0,0,0,6,1,2,0,0,0,520.0,0,0
8198,21/22,GB1,Premier League,985,Manchester United,30,30,18.0,3,0,3,6,8,0,0,3,137.0,0,0
81999,18/19,GB1,Premier League,762,Newcastle United,28,16,2.0,0,0,11,1,1,0,0,0,294.0,0,0
81999,17/18,GB1,Premier League,762,Newcastle United,34,30,4.0,1,0,11,15,2,0,0,0,414.0,0,0
820374,25/26,GB1,Premier League,985,Manchester United,3,1,0.0,0,0,1,0,0,0,0,0,,0,0
820374,24/25,GB1,Premier League,985,Manchester United,26,25,0.0,0,0,6,10,5,0,0,0,,0,0
820374,23/24,GB1,Premier League,985,Manchester United,29,24,3.0,1,0,0,17,3,0,0,0,647.0,0,0
820374,22/23,GB1,Premier League,985,Manchester United,8,1,0.0,0,0,1,0,0,0,0,0,,0,0
82105,23/24,GB1,Premier League,31,Liverpool FC,14,10,0.0,0,1,1,3,2,0,0,0,,0,0
82105,22/23,GB1,Premier League,31,Liverpool FC,29,14,1.0,0,1,2,2,3,0,0,0,1093.0,0,0
82105,21/22,GB1,Premier League,31,Liverpool FC,35,31,3.0,3,0,0,0,2,0,0,0,930.0,0,0
82105,20/21,GB1,Premier League,31,Liverpool FC,10,10,1.0,2,0,1,3,2,0,0,0,691.0,0,0
82105,19/20,GB1,Premier League,31,Liverpool FC,16,9,1.0,0,0,1,1,0,0,0,0,704.0,0,0
82105,18/19,GB1,Premier League,31,Liverpool FC,31,22,1.0,0,0,5,0,3,0,0,0,1535.0,0,0
82105,17/18,GB1,Premier League,31,Liverpool FC,26,25,1.0,0,0,3,0,3,0,0,0,1995.0,0,0
82105,16/17,GB1,Premier League,31,Liverpool FC,31,29,1.0,0,0,2,1,3,0,0,0,2456.0,0,0
82130,16/17,GB1,Premier League,379,West Ham United,6,5,0.0,1,0,2,3,0,0,0,0,,0,0
821522,24/25,GB1,Premier League,543,Wolverhampton Wanderers,8,1,0.0,0,0,1,0,0,0,0,0,,0,0
82243,19/20,GB1,Premier League,1123,Norwich City,13,9,0.0,0,0,2,3,1,0,0,0,,0,0
823231,25/26,GB1,Premier League,1148,Brentford FC,2,2,1.0,0,0,0,1,0,0,0,0,174.0,0,0
823231,24/25,GB1,Premier League,989,AFC Bournemouth,32,32,7.0,4,0,11,14,3,0,0,0,287.0,0,0
823231,23/24,GB1,Premier League,989,AFC Bournemouth,32,30,1.0,2,0,18,8,3,0,0,0,1220.0,0,0
823231,22/23,GB1,Premier League,989,AFC Bournemouth,19,19,1.0,3,0,4,8,1,0,0,0,1245.0,0,0
823486,25/26,GB1,Premier League,1148,Brentford FC,3,3,0.0,0,0,0,1,0,0,0,0,,0,0
823486,24/25,GB1,Premier League,1148,Brentford FC,13,12,0.0,1,0,6,5,2,0,0,0,,0,0
82442,20/21,GB1,Premier League,631,Chelsea FC,35,17,4.0,0,0,9,7,1,0,0,0,187.0,0,0
82442,19/20,GB1,Premier League,631,Chelsea FC,25,18,8.0,0,0,6,12,1,0,0,0,125.0,0,0
82442,18/19,GB1,Premier League,631,Chelsea FC,36,27,2.0,4,0,20,5,1,0,0,0,417.0,0,0
82442,17/18,GB1,Premier League,631,Chelsea FC,13,13,3.0,1,0,7,4,0,0,0,0,204.0,0,0
82442,17/18,GB1,Premier League,11,Arsenal FC,18,16,4.0,0,0,15,0,0,0,0,0,94.0,0,0
82442,16/17,GB1,Premier League,11,Arsenal FC,32,29,12.0,3,0,18,7,2,0,0,0,100.0,0,0
825024,23/24,GB1,Premier League,631,Chelsea FC,1,0,0.0,0,0,0,0,0,0,0,0,,0,0
82863,21/22,GB1,Premier League,1123,Norwich City,26,19,0.0,0,0,12,5,0,0,0,0,,0,0
82863,19/20,GB1,Premier League,1123,Norwich City,16,12,0.0,0,0,4,7,1,0,0,0,,0,0
82873,23/24,GB1,Premier League,1237,Brighton & Hove Albion,36,36,4.0,11,0,2,2,6,0,0,1,779.0,0,0
82873,22/23,GB1,Premier League,1237,Brighton & Hove Albion,37,37,9.0,8,1,0,7,6,0,0,0,361.0,0,0
82873,21/22,GB1,Premier League,1237,Brighton & Hove Albion,35,29,2.0,4,0,5,10,1,0,0,0,1022.0,0,0
82873,20/21,GB1,Premier League,1237,Brighton & Hove Albion,38,34,3.0,8,0,7,3,3,0,0,3,827.0,0,0
82873,19/20,GB1,Premier League,1237,Brighton & Hove Albion,38,29,2.0,4,1,7,14,4,0,0,0,902.0,0,0
82873,18/19,GB1,Premier League,1237,Brighton & Hove Albion,25,25,3.0,3,0,1,15,1,0,0,1,627.0,0,0
82873,17/18,GB1,Premier League,1237,Brighton & Hove Albion,38,38,7.0,8,0,3,24,2,0,0,1,421.0,0,0
829299,25/26,GB1,Premier League,1132,Burnley FC,3,0,0.0,0,0,0,0,0,0,0,0,,0,0
83430,16/17,GB1,Premier League,641,Middlesbrough FC,2,2,0.0,0,0,1,0,0,0,0,0,,0,0
834742,22/23,GB1,Premier League,399,Leeds United,8,3,0.0,0,0,3,0,0,0,0,0,,0,0
838367,21/22,GB1,Premier League,543,Wolverhampton Wanderers,1,0,0.0,0,0,0,0,0,0,0,0,,0,0
840640,24/25,GB1,Premier League,1003,Leicester City,1,0,0.0,0,0,0,0,0,0,0,0,,0,0
840640,22/23,GB1,Premier League,1003,Leicester City,3,0,0.0,0,0,0,0,0,0,0,0,,0,0
842341,25/26,GB1,Premier League,1132,Burnley FC,3,3,0.0,0,0,0,1,0,0,0,0,,0,0
842341,23/24,GB1,Premier League,1132,Burnley FC,16,16,0.0,0,0,1,3,6,0,0,0,,0,0
843595,24/25,GB1,Premier League,281,Manchester City,2,0,0.0,0,0,0,0,0,0,0,0,,0,0
845289,24/25,GB1,Premier League,31,Liverpool FC,4,0,0.0,0,0,0,0,0,0,0,0,,0,0
845289,23/24,GB1,Premier League,31,Liverpool FC,18,3,0.0,0,0,3,0,0,0,0,0,,0,0
845321,24/25,GB1,Premier League,379,West Ham United,8,1,0.0,0,0,1,0,0,0,0,0,,0,0
845321,23/24,GB1,Premier League,379,West Ham United,8,1,0.0,0,0,1,0,0,0,0,0,,0,0
845321,22/23,GB1,Premier League,379,West Ham United,1,0,0.0,0,0,0,0,0,0,0,0,,0,0
845723,23/24,GB1,Premier League,405,Aston Villa,3,1,0.0,0,0,1,0,0,0,0,0,,0,0
845809,24/25,GB1,Premier League,379,West Ham United,5,2,0.0,0,0,2,0,0,0,0,0,,0,0
845809,23/24,GB1,Premier League,379,West Ham United,4,0,0.0,0,0,0,0,0,0,0,0,,0,0
847579,24/25,GB1,Premier League,29,Everton FC,4,0,0.0,0,0,0,0,0,0,0,0,,0,0
848682,24/25,GB1,Premier League,405,Aston Villa,16,5,0.0,0,0,5,0,0,0,0,0,,0,0
848509,25/26,GB1,Premier League,543,Wolverhampton Wanderers,2,2,0.0,0,0,1,1,0,0,0,0,,0,0
848753,24/25,GB1,Premier League,11,Arsenal FC,3,0,0.0,0,0,0,0,0,0,0,0,,0,0
849410,24/25,GB1,Premier League,1237,Brighton & Hove Albion,1,0,0.0,0,0,0,0,0,0,0,0,,0,0
849410,23/24,GB1,Premier League,1237,Brighton & Hove Albion,10,6,0.0,0,0,3,1,1,0,0,0,,0,0
85177,25/26,GB1,Premier League,873,Crystal Palace,3,1,0.0,0,0,1,0,0,0,0,0,,0,0
85177,24/25,GB1,Premier League,873,Crystal Palace,37,13,0.0,0,0,8,4,1,0,0,0,,0,0
85177,23/24,GB1,Premier League,873,Crystal Palace,37,19,0.0,0,0,5,4,0,0,0,0,,0,0
85177,22/23,GB1,Premier League,873,Crystal Palace,30,22,0.0,0,0,3,5,3,0,0,0,,0,0
85177,21/22,GB1,Premier League,873,Crystal Palace,33,16,0.0,1,0,1,0,1,0,0,0,,0,0
85177,20/21,GB1,Premier League,873,Crystal Palace,22,13,0.0,1,0,0,2,2,0,0,0,,0,0
85177,18/19,GB1,Premier League,989,AFC Bournemouth,15,14,0.0,1,0,1,4,2,0,0,0,,0,0
85177,18/19,GB1,Premier League,31,Liverpool FC,6,4,0.0,0,0,3,0,0,0,0,0,,0,0
85177,17/18,GB1,Premier League,31,Liverpool FC,5,3,0.0,0,0,1,1,1,0,0,0,,0,0
85177,16/17,GB1,Premier League,31,Liverpool FC,37,37,0.0,2,0,0,1,0,0,0,0,,0,0
852024,23/24,GB1,Premier League,350,Sheffield United,19,8,0.0,0,0,5,2,0,0,0,0,,0,0
852517,21/22,GB1,Premier League,1010,Watford FC,1,0,0.0,0,0,0,0,0,0,0,0,,0,0
85289,16/17,GB1,Premier League,2288,Swansea City,31,17,0.0,0,0,2,0,5,0,0,0,,0,0
85314,16/17,GB1,Premier League,631,Chelsea FC,13,9,0.0,1,0,4,4,1,0,0,0,,0,0
85324,19/20,GB1,Premier League,405,Aston Villa,5,2,0.0,0,0,2,0,0,0,0,0,,0,0
85324,16/17,GB1,Premier League,2288,Swansea City,28,18,1.0,0,0,14,1,0,0,0,0,546.0,0,0
854722,23/24,GB1,Premier League,989,AFC Bournemouth,4,0,0.0,0,0,0,0,0,0,0,0,,0,0
854722,22/23,GB1,Premier League,989,AFC Bournemouth,1,0,0.0,0,0,0,0,0,0,0,0,,0,0
85475,21/22,GB1,Premier League,762,Newcastle United,18,7,0.0,0,0,2,1,0,0,0,0,,0,0
85475,20/21,GB1,Premier League,762,Newcastle United,27,24,0.0,0,1,0,4,4,0,0,0,,0,0
85475,19/20,GB1,Premier League,762,Newcastle United,36,32,2.0,3,1,3,1,8,0,0,0,1309.0,0,0
85475,18/19,GB1,Premier League,762,Newcastle United,29,19,0.0,1,0,2,2,2,0,0,0,,0,0
85475,17/18,GB1,Premier League,2288,Swansea City,34,30,1.0,1,1,0,1,5,0,0,0,2677.0,0,0
85475,16/17,GB1,Premier League,2288,Swansea City,29,27,0.0,2,0,0,0,7,0,0,0,,0,0
854930,24/25,GB1,Premier League,1237,Brighton & Hove Albion,3,0,0.0,0,0,0,0,0,0,0,0,,0,0
8552,16/17,GB1,Premier League,29,Everton FC,9,6,0.0,0,0,6,0,0,0,0,0,,0,0
855256,25/26,GB1,Premier League,989,AFC Bournemouth,3,3,0.0,0,0,0,3,1,0,0,0,,0,0
855256,24/25,GB1,Premier League,989,AFC Bournemouth,21,20,0.0,0,0,12,8,3,0,0,0,,0,0
855256,23/24,GB1,Premier League,989,AFC Bournemouth,25,23,1.0,1,0,12,10,3,0,0,0,1010.0,0,0
855890,24/25,GB1,Premier League,29,Everton FC,2,0,0.0,0,0,0,0,0,0,0,0,,0,0
855890,23/24,GB1,Premier League,29,Everton FC,4,0,0.0,0,0,0,0,0,0,0,0,,0,0
856479,24/25,GB1,Premier League,29,Everton FC,8,1,0.0,0,0,0,0,0,0,0,0,,0,0
85706,20/21,GB1,Premier League,350,Sheffield United,30,30,0.0,1,0,0,0,6,0,0,0,,0,0
85706,19/20,GB1,Premier League,350,Sheffield United,38,38,2.0,4,0,0,2,7,0,0,0,1673.0,0,0
857792,23/24,GB1,Premier League,631,Chelsea FC,1,0,0.0,0,0,0,0,0,0,0,0,,0,0
85864,23/24,GB1,Premier League,762,Newcastle United,22,1,,0,0,0,0,0,0,0,0,90.0,4,0
85864,22/23,GB1,Premier League,762,Newcastle United,8,0,0.0,0,0,0,0,0,0,0,0,,0,0
85864,18/19,GB1,Premier League,31,Liverpool FC,1,0,0.0,0,0,0,0,0,0,0,0,,0,0
85864,17/18,GB1,Premier League,31,Liverpool FC,38,19,,0,0,0,0,1,0,0,0,1710.0,14,10
85864,16/17,GB1,Premier League,31,Liverpool FC,35,10,,0,0,0,0,0,0,0,0,900.0,12,3
85941,25/26,GB1,Premier League,281,Manchester City,1,0,0.0,0,0,0,0,0,0,0,0,,0,0
85941,24/25,GB1,Premier League,281,Manchester City,38,13,,0,0,1,0,1,0,0,0,1099.0,18,4
85941,23/24,GB1,Premier League,281,Manchester City,38,9,,0,0,4,0,0,0,0,0,632.0,7,4
85941,22/23,GB1,Premier League,281,Manchester City,38,3,,0,0,0,0,0,0,0,0,270.0,1,2
85935,17/18,GB1,Premier League,984,West Bromwich Albion,38,30,1.0,0,1,16,6,7,0,0,0,1396.0,0,0
85935,16/17,GB1,Premier League,984,West Bromwich Albion,37,34,1.0,2,0,21,8,9,0,0,0,1465.0,0,0
859951,23/24,GB1,Premier League,148,Tottenham Hotspur,7,0,0.0,0,0,0,0,0,0,0,0,,0,0
860078,25/26,GB1,Premier League,873,Crystal Palace,2,0,0.0,0,0,0,0,0,0,0,0,,0,0
860078,24/25,GB1,Premier League,873,Crystal Palace,3,0,0.0,0,0,0,0,0,0,0,0,,0,0
860078,23/24,GB1,Premier League,873,Crystal Palace,2,0,0.0,0,0,0,0,0,0,0,0,,0,0
860078,22/23,GB1,Premier League,873,Crystal Palace,2,0,0.0,0,0,0,0,0,0,0,0,,0,0
86202,21/22,GB1,Premier League,631,Chelsea FC,35,34,3.0,2,0,0,1,9,0,0,0,1012.0,0,0
86202,20/21,GB1,Premier League,631,Chelsea FC,32,19,1.0,0,1,0,0,0,0,0,0,1710.0,0,0
86202,19/20,GB1,Premier League,631,Chelsea FC,23,20,2.0,0,1,1,1,3,0,0,0,855.0,0,0
86202,18/19,GB1,Premier League,631,Chelsea FC,35,33,1.0,0,0,0,3,7,0,0,0,2874.0,0,0
86202,17/18,GB1,Premier League,631,Chelsea FC,36,27,2.0,1,0,2,0,4,0,0,0,1168.0,0,0
862297,24/25,GB1,Premier League,543,Wolverhampton Wanderers,13,5,0.0,0,0,4,1,0,0,0,0,,0,0
863741,23/24,GB1,Premier League,543,Wolverhampton Wanderers,20,7,0.0,0,0,6,1,1,0,0,0,,0,0
863741,22/23,GB1,Premier League,543,Wolverhampton Wanderers,1,0,0.0,0,0,0,0,0,0,0,0,,0,0
864121,24/25,GB1,Premier League,1003,Leicester City,11,11,0.0,2,0,5,1,0,0,0,0,,0,0
864480,22/23,GB1,Premier League,180,Southampton FC,2,1,0.0,0,0,1,0,0,0,0,0,,0,0
864496,22/23,GB1,Premier League,180,Southampton FC,2,2,0.0,0,0,2,0,0,0,0,0,,0,0
864799,23/24,GB1,Premier League,31,Liverpool FC,7,1,0.0,0,0,1,0,0,0,0,0,,0,0
864799,22/23,GB1,Premier League,31,Liverpool FC,21,11,1.0,0,0,5,6,2,0,0,0,529.0,0,0
864788,23/24,GB1,Premier League,985,Manchester United,7,0,0.0,0,0,0,0,0,0,0,0,,0,0
865993,23/24,GB1,Premier League,873,Crystal Palace,24,9,0.0,0,0,9,0,1,0,0,0,,0,0
865993,22/23,GB1,Premier League,873,Crystal Palace,4,1,0.0,0,0,1,0,0,0,0,0,,0,0
866246,25/26,GB1,Premier League,148,Tottenham Hotspur,3,3,0.0,0,0,2,1,0,0,0,0,,0,0
866246,24/25,GB1,Premier League,148,Tottenham Hotspur,34,27,0.0,1,0,16,5,3,0,0,0,,0,0
866651,24/25,GB1,Premier League,1003,Leicester City,1,0,0.0,0,0,0,0,0,0,0,0,,0,0
866655,25/26,GB1,Premier League,29,Everton FC,1,0,0.0,0,0,0,0,0,0,0,0,,0,0
866655,24/25,GB1,Premier League,180,Southampton FC,34,33,2.0,1,0,13,12,6,0,0,0,937.0,0,0
866655,21/22,GB1,Premier League,180,Southampton FC,1,0,0.0,0,0,0,0,0,0,0,0,,0,0
867688,25/26,GB1,Premier League,1237,Brighton & Hove Albion,2,2,0.0,0,0,1,1,0,0,0,0,,0,0
867688,24/25,GB1,Premier League,1237,Brighton & Hove Albion,26,26,5.0,3,0,4,10,5,0,0,0,370.0,0,0
867688,23/24,GB1,Premier League,1237,Brighton & Hove Albion,16,12,3.0,0,0,4,5,1,0,0,0,290.0,0,0
867688,22/23,GB1,Premier League,1237,Brighton & Hove Albion,3,1,0.0,0,0,1,0,0,0,0,0,,0,0
867711,24/25,GB1,Premier League,1003,Leicester City,3,1,0.0,0,0,1,0,0,0,0,0,,0,0
867700,23/24,GB1,Premier League,1237,Brighton & Hove Albion,1,0,0.0,0,0,0,0,0,0,0,0,,0,0
867710,24/25,GB1,Premier League,1003,Leicester City,1,0,0.0,0,0,0,0,0,0,0,0,,0,0
86792,20/21,GB1,Premier League,31,Liverpool FC,27,14,0.0,2,0,9,4,2,0,0,0,,0,0
86792,19/20,GB1,Premier League,31,Liverpool FC,17,7,1.0,0,0,5,1,0,0,0,0,182.0,0,0
86792,18/19,GB1,Premier League,31,Liverpool FC,37,24,6.0,3,0,13,7,2,0,0,0,176.0,0,0
86792,17/18,GB1,Premier League,512,Stoke City,37,36,8.0,7,0,0,10,5,0,0,0,381.0,0,0
86792,16/17,GB1,Premier League,512,Stoke City,24,21,4.0,2,0,0,11,2,0,0,0,427.0,0,0
871837,23/24,GB1,Premier League,11,Arsenal FC,1,0,0.0,0,0,0,0,0,0,0,0,,0,0
874043,23/24,GB1,Premier League,350,Sheffield United,4,0,0.0,0,0,0,0,0,0,0,0,,0,0
874080,23/24,GB1,Premier League,631,Chelsea FC,3,2,0.0,0,0,2,0,0,0,0,0,,0,0
874066,23/24,GB1,Premier League,350,Sheffield United,14,12,0.0,0,1,1,4,2,0,0,0,,0,0
874538,24/25,GB1,Premier League,1148,Brentford FC,12,1,0.0,0,0,1,0,0,0,0,0,,0,0
874538,23/24,GB1,Premier League,1148,Brentford FC,2,0,0.0,0,0,0,0,0,0,0,0,,0,0
874538,22/23,GB1,Premier League,1148,Brentford FC,6,0,0.0,0,0,0,0,0,0,0,0,,0,0
874902,25/26,GB1,Premier League,405,Aston Villa,1,0,0.0,0,0,0,0,0,0,0,0,,0,0
874902,22/23,GB1,Premier League,405,Aston Villa,3,0,0.0,0,0,0,0,0,0,0,0,,0,0
875581,21/22,GB1,Premier League,1010,Watford FC,1,0,0.0,0,0,0,0,0,0,0,0,,0,0
875929,21/22,GB1,Premier League,405,Aston Villa,3,0,0.0,0,0,0,0,0,0,0,0,,0,0
876631,25/26,GB1,Premier League,289,Sunderland AFC,3,3,0.0,1,0,0,2,1,0,0,0,,0,0
87672,22/23,GB1,Premier League,989,AFC Bournemouth,9,4,0.0,0,0,4,0,0,0,0,0,,0,0
87672,19/20,GB1,Premier League,989,AFC Bournemouth,19,15,3.0,1,0,8,6,1,0,0,1,237.0,0,0
87672,18/19,GB1,Premier League,989,AFC Bournemouth,23,23,2.0,3,0,12,8,1,0,0,1,514.0,0,0
87672,17/18,GB1,Premier League,989,AFC Bournemouth,19,19,5.0,2,0,2,13,1,0,0,1,259.0,0,0
87672,16/17,GB1,Premier League,989,AFC Bournemouth,25,21,7.0,5,0,3,12,1,0,0,2,211.0,0,0
878150,22/23,GB1,Premier League,11,Arsenal FC,5,0,0.0,0,0,0,0,0,0,0,0,,0,0
878160,23/24,GB1,Premier League,11,Arsenal FC,8,0,0.0,0,0,0,0,0,0,0,0,,0,0
878160,22/23,GB1,Premier League,11,Arsenal FC,8,0,0.0,0,0,0,0,0,0,0,0,,0,0
879768,24/25,GB1,Premier League,148,Tottenham Hotspur,15,3,0.0,0,0,3,0,0,0,0,0,,0,0
880245,25/26,GB1,Premier League,379,West Ham United,1,1,0.0,0,0,0,1,0,0,0,0,,0,0
880245,24/25,GB1,Premier League,180,Southampton FC,36,36,2.0,4,0,2,15,8,0,0,0,1461.0,0,0
8806,18/19,GB1,Premier League,631,Chelsea FC,15,6,0.0,0,0,5,0,1,0,0,0,,0,0
8806,17/18,GB1,Premier League,631,Chelsea FC,36,32,2.0,4,0,7,9,4,1,0,0,1155.0,0,0
8806,16/17,GB1,Premier League,631,Chelsea FC,34,29,5.0,12,0,16,5,8,0,0,0,266.0,0,0
88103,20/21,GB1,Premier League,29,Everton FC,24,23,6.0,5,0,2,14,4,0,0,0,296.0,0,0
88590,20/21,GB1,Premier League,11,Arsenal FC,9,3,0.0,0,0,3,0,0,0,0,0,,0,0
88590,19/20,GB1,Premier League,11,Arsenal FC,18,15,0.0,1,0,2,1,2,0,0,0,,0,0
88590,18/19,GB1,Premier League,11,Arsenal FC,35,31,2.0,0,0,0,6,9,0,0,0,1308.0,0,0
88590,17/18,GB1,Premier League,11,Arsenal FC,30,27,3.0,1,0,2,2,6,0,0,0,758.0,0,0
88590,16/17,GB1,Premier League,11,Arsenal FC,27,26,2.0,2,0,0,1,11,0,0,0,1138.0,0,0
88755,24/25,GB1,Premier League,281,Manchester City,33,28,4.0,7,0,9,12,2,0,0,0,426.0,0,0
88755,23/24,GB1,Premier League,281,Manchester City,21,18,4.0,10,0,3,10,2,0,0,0,307.0,0,0
88755,22/23,GB1,Premier League,281,Manchester City,35,32,7.0,18,0,4,12,1,0,0,0,346.0,0,0
88755,21/22,GB1,Premier League,281,Manchester City,33,30,15.0,8,0,5,9,2,0,0,0,147.0,0,0
88755,20/21,GB1,Premier League,281,Manchester City,29,25,6.0,12,0,2,6,1,0,0,2,334.0,0,0
88755,19/20,GB1,Premier League,281,Manchester City,36,35,13.0,20,0,3,12,3,0,0,2,215.0,0,0
88755,18/19,GB1,Premier League,281,Manchester City,20,19,2.0,2,0,8,7,2,0,0,0,487.0,0,0
88755,17/18,GB1,Premier League,281,Manchester City,38,37,8.0,16,0,1,14,2,0,0,0,386.0,0,0
88755,16/17,GB1,Premier League,281,Manchester City,37,36,6.0,18,0,3,11,4,0,0,0,481.0,0,0
887433,24/25,GB1,Premier League,405,Aston Villa,3,0,0.0,0,0,0,0,0,0,0,0,,0,0
887433,23/24,GB1,Premier League,405,Aston Villa,1,0,0.0,0,0,0,0,0,0,0,0,,0,0
887433,22/23,GB1,Premier League,405,Aston Villa,5,0,0.0,0,0,0,0,0,0,0,0,,0,0
888493,23/24,GB1,Premier League,148,Tottenham Hotspur,13,8,1.0,0,0,8,1,1,0,0,0,45.0,0,0
888639,24/25,GB1,Premier League,985,Manchester United,5,0,0.0,0,0,0,0,0,0,0,0,,0,0
888639,23/24,GB1,Premier League,985,Manchester United,5,3,0.0,0,0,3,0,0,0,0,0,,0,0
88971,19/20,GB1,Premier League,405,Aston Villa,12,6,0.0,0,0,6,0,1,0,0,0,,0,0
890290,24/25,GB1,Premier League,989,AFC Bournemouth,38,32,3.0,2,0,6,0,10,0,0,0,807.0,0,0
890721,25/26,GB1,Premier League,11,Arsenal FC,4,3,0.0,0,0,3,0,1,0,0,0,,0,0
890721,24/25,GB1,Premier League,11,Arsenal FC,32,23,1.0,0,0,8,7,3,0,2,0,1371.0,0,0
890721,23/24,GB1,Premier League,11,Arsenal FC,1,0,0.0,0,0,0,0,0,0,0,0,,0,0
890719,25/26,GB1,Premier League,11,Arsenal FC,3,1,0.0,0,0,1,0,0,0,0,0,,0,0
890719,24/25,GB1,Premier League,11,Arsenal FC,36,26,4.0,2,0,15,10,1,0,0,0,222.0,0,0
890719,23/24,GB1,Premier League,11,Arsenal FC,2,1,0.0,0,0,1,0,0,0,0,0,,0,0
890719,22/23,GB1,Premier League,11,Arsenal FC,1,1,0.0,0,0,1,0,0,0,0,0,,0,0
890718,24/25,GB1,Premier League,11,Arsenal FC,4,0,0.0,0,0,0,0,0,0,0,0,,0,0
892160,25/26,GB1,Premier League,148,Tottenham Hotspur,2,0,0.0,0,0,0,0,0,0,0,0,,0,0
89231,23/24,GB1,Premier League,1132,Burnley FC,31,26,1.0,3,0,14,11,2,0,0,0,1192.0,0,0
89231,21/22,GB1,Premier League,1132,Burnley FC,18,18,0.0,1,0,5,8,2,0,0,0,,0,0
89231,20/21,GB1,Premier League,1132,Burnley FC,26,22,2.0,0,0,6,12,2,0,0,0,684.0,0,0
89231,19/20,GB1,Premier League,1132,Burnley FC,15,12,1.0,1,0,6,5,0,0,0,0,622.0,0,0
89231,18/19,GB1,Premier League,1132,Burnley FC,31,29,3.0,6,0,10,6,2,0,0,0,583.0,0,0
89231,17/18,GB1,Premier League,1132,Burnley FC,36,35,2.0,8,0,3,9,2,0,0,0,1421.0,0,0
89231,16/17,GB1,Premier League,1132,Burnley FC,24,20,1.0,2,0,10,7,1,0,0,0,995.0,0,0
895074,23/24,GB1,Premier League,281,Manchester City,6,0,0.0,0,0,0,0,0,0,0,0,,0,0
900601,24/25,GB1,Premier League,762,Newcastle United,4,0,0.0,0,0,0,0,0,0,0,0,,0,0
900601,23/24,GB1,Premier League,762,Newcastle United,19,2,0.0,0,0,2,0,0,0,0,0,,0,0
903189,24/25,GB1,Premier League,11,Arsenal FC,4,0,0.0,0,0,0,0,0,0,0,0,,0,0
90466,20/21,GB1,Premier League,29,Everton FC,38,36,6.0,5,0,12,12,2,0,0,3,376.0,0,0
90466,19/20,GB1,Premier League,29,Everton FC,35,35,2.0,3,0,7,9,3,0,0,1,1282.0,0,0
90466,18/19,GB1,Premier League,29,Everton FC,38,38,13.0,6,0,2,19,3,0,0,2,241.0,0,0
90466,17/18,GB1,Premier League,29,Everton FC,29,27,4.0,3,0,2,5,2,0,0,0,566.0,0,0
90466,16/17,GB1,Premier League,2288,Swansea City,38,38,9.0,13,0,1,2,2,0,0,3,370.0,0,0
904802,25/26,GB1,Premier League,631,Chelsea FC,3,1,0.0,0,0,1,0,1,0,0,0,,0,0
906214,24/25,GB1,Premier League,631,Chelsea FC,1,0,0.0,0,0,0,0,0,0,0,0,,0,0
90681,17/18,GB1,Premier League,29,Everton FC,2,2,0.0,0,0,0,1,0,0,0,0,,0,0
90681,17/18,GB1,Premier League,281,Manchester City,24,9,0.0,0,0,5,0,0,0,0,0,,0,0
907215,22/23,GB1,Premier League,148,Tottenham Hotspur,2,1,0.0,0,0,1,0,0,0,0,0,,0,0
907219,23/24,GB1,Premier League,1031,Luton Town,9,0,0.0,0,0,0,0,0,0,0,0,,0,0
90836,22/23,GB1,Premier League,703,Nottingham Forest,19,12,0.0,0,0,1,3,4,0,0,0,,0,0
90836,19/20,GB1,Premier League,989,AFC Bournemouth,32,29,1.0,0,0,1,2,6,0,1,0,2430.0,0,0
90836,18/19,GB1,Premier League,989,AFC Bournemouth,31,31,1.0,1,1,0,1,3,0,0,0,2787.0,0,0
90836,17/18,GB1,Premier League,989,AFC Bournemouth,37,34,2.0,1,1,3,2,5,0,0,0,1383.0,0,0
90836,16/17,GB1,Premier League,989,AFC Bournemouth,38,38,2.0,1,1,0,0,5,0,0,0,1710.0,0,0
908798,23/24,GB1,Premier League,543,Wolverhampton Wanderers,1,0,0.0,0,0,0,0,0,0,0,0,,0,0
90964,18/19,GB1,Premier League,603,Cardiff City,37,30,0.0,1,0,0,2,5,0,0,0,,0,0
91059,21/22,GB1,Premier League,1010,Watford FC,33,32,5.0,3,0,5,7,5,0,0,1,450.0,0,0
91059,20/21,GB1,Premier League,29,Everton FC,16,11,0.0,0,0,11,0,0,0,0,0,,0,0
91059,19/20,GB1,Premier League,989,AFC Bournemouth,26,26,6.0,4,0,2,11,0,0,0,3,337.0,0,0
91059,18/19,GB1,Premier League,989,AFC Bournemouth,35,35,12.0,3,0,1,14,3,0,0,5,248.0,0,0
91059,17/18,GB1,Premier League,989,AFC Bournemouth,33,33,8.0,3,0,6,9,3,0,0,2,307.0,0,0
91059,16/17,GB1,Premier League,989,AFC Bournemouth,36,36,16.0,2,0,5,13,1,0,0,2,170.0,0,0
911424,25/26,GB1,Premier League,985,Manchester United,2,0,0.0,0,0,0,0,0,0,0,0,,0,0
911424,24/25,GB1,Premier League,985,Manchester United,8,2,0.0,0,0,0,1,0,0,0,0,,0,0
91251,19/20,GB1,Premier League,29,Everton FC,3,0,0.0,0,0,0,0,0,0,0,0,,0,0
91251,17/18,GB1,Premier League,29,Everton FC,35,21,0.0,2,0,1,1,2,0,0,0,,0,0
91251,16/17,GB1,Premier League,180,Southampton FC,16,9,0.0,0,0,3,2,0,0,0,0,,0,0
91317,21/22,GB1,Premier League,1132,Burnley FC,27,27,0.0,3,0,1,3,7,0,0,0,,0,0
91317,20/21,GB1,Premier League,1132,Burnley FC,38,38,3.0,3,0,0,1,7,0,0,0,1137.0,0,0
91317,19/20,GB1,Premier League,1132,Burnley FC,35,35,2.0,6,0,0,0,9,0,0,0,1575.0,0,0
91317,18/19,GB1,Premier League,1132,Burnley FC,37,34,2.0,7,0,3,1,5,0,0,0,1411.0,0,0
91317,17/18,GB1,Premier League,1132,Burnley FC,38,19,0.0,1,0,7,2,2,0,0,0,,0,0
91317,16/17,GB1,Premier League,1132,Burnley FC,15,9,0.0,0,0,3,2,3,0,0,0,,0,0
913214,23/24,GB1,Premier League,1237,Brighton & Hove Albion,1,0,0.0,0,0,0,0,0,0,0,0,,0,0
91340,23/24,GB1,Premier League,1031,Luton Town,14,1,,0,0,1,0,0,0,0,0,14.0,0,1
91845,24/25,GB1,Premier League,148,Tottenham Hotspur,30,30,7.0,10,0,6,13,1,0,0,1,302.0,0,0
91845,23/24,GB1,Premier League,148,Tottenham Hotspur,35,35,17.0,10,1,1,15,1,0,0,2,173.0,0,0
91845,22/23,GB1,Premier League,148,Tottenham Hotspur,36,36,10.0,6,0,3,14,2,0,0,0,290.0,0,0
91845,21/22,GB1,Premier League,148,Tottenham Hotspur,35,35,23.0,9,0,0,15,2,0,0,0,131.0,0,0
91845,20/21,GB1,Premier League,148,Tottenham Hotspur,37,37,17.0,11,0,1,13,0,0,0,1,184.0,0,0
91845,19/20,GB1,Premier League,148,Tottenham Hotspur,30,30,11.0,11,0,2,10,0,0,2,0,226.0,0,0
91845,18/19,GB1,Premier League,148,Tottenham Hotspur,33,31,12.0,6,0,8,16,2,0,1,0,171.0,0,0
91845,17/18,GB1,Premier League,148,Tottenham Hotspur,38,37,12.0,6,0,10,20,0,0,0,0,193.0,0,0
91845,16/17,GB1,Premier League,148,Tottenham Hotspur,36,34,14.0,7,0,11,15,2,0,0,0,148.0,0,0
921513,23/24,GB1,Premier League,703,Nottingham Forest,2,0,0.0,0,0,0,0,0,0,0,0,,0,0
921532,23/24,GB1,Premier League,703,Nottingham Forest,1,0,0.0,0,0,0,0,0,0,0,0,,0,0
921662,24/25,GB1,Premier League,1237,Brighton & Hove Albion,5,0,0.0,0,0,0,0,0,0,0,0,,0,0
921992,22/23,GB1,Premier League,931,Fulham FC,1,0,0.0,0,0,0,0,0,0,0,0,,0,0
921995,23/24,GB1,Premier League,931,Fulham FC,5,0,0.0,0,0,0,0,0,0,0,0,,0,0
922462,23/24,GB1,Premier League,31,Liverpool FC,3,0,0.0,0,0,0,0,0,0,0,0,,0,0
922472,24/25,GB1,Premier League,677,Ipswich Town,5,0,0.0,0,0,0,0,0,0,0,0,,0,0
922563,25/26,GB1,Premier League,379,West Ham United,3,0,0.0,0,0,0,0,0,0,0,0,,0,0
922563,24/25,GB1,Premier League,379,West Ham United,21,15,0.0,0,0,8,5,1,0,0,0,,0,0
922563,23/24,GB1,Premier League,379,West Ham United,5,0,0.0,0,0,0,0,0,0,0,0,,0,0
922693,25/26,GB1,Premier League,148,Tottenham Hotspur,3,1,0.0,0,0,0,1,0,0,0,0,,0,0
922693,24/25,GB1,Premier League,148,Tottenham Hotspur,38,28,0.0,0,1,9,3,1,0,0,0,,0,0
922693,22/23,GB1,Premier League,399,Leeds United,6,0,0.0,0,0,0,0,0,0,0,0,,0,0
922693,21/22,GB1,Premier League,399,Leeds United,6,0,0.0,0,0,0,0,0,0,0,0,,0,0
922695,24/25,GB1,Premier League,29,Everton FC,7,0,0.0,0,0,0,0,0,0,0,0,,0,0
922698,24/25,GB1,Premier League,631,Chelsea FC,2,0,0.0,0,0,0,0,0,0,0,0,,0,0
922698,23/24,GB1,Premier League,631,Chelsea FC,1,0,0.0,0,0,0,0,0,0,0,0,,0,0
922698,22/23,GB1,Premier League,29,Everton FC,1,0,0.0,0,0,0,0,0,0,0,0,,0,0
922764,23/24,GB1,Premier League,762,Newcastle United,9,1,0.0,0,0,1,0,0,0,0,0,,0,0
922769,25/26,GB1,Premier League,762,Newcastle United,3,3,0.0,0,0,3,0,0,0,0,0,,0,0
922769,24/25,GB1,Premier League,762,Newcastle United,26,14,1.0,0,0,13,0,0,0,0,0,304.0,0,0
922769,23/24,GB1,Premier League,762,Newcastle United,18,17,1.0,3,0,3,8,1,0,0,0,1208.0,0,0
922769,22/23,GB1,Premier League,762,Newcastle United,4,1,0.0,0,0,1,0,0,0,0,0,,0,0
923831,25/26,GB1,Premier League,985,Manchester United,3,3,0.0,1,0,0,2,0,0,0,0,,0,0
923831,24/25,GB1,Premier League,985,Manchester United,21,21,0.0,0,0,9,7,5,0,0,0,,0,0
92469,23/24,GB1,Premier League,762,Newcastle United,31,13,1.0,0,0,13,0,1,0,0,0,120.0,0,0
92469,22/23,GB1,Premier League,762,Newcastle United,25,7,0.0,0,0,7,0,0,0,0,0,,0,0
92469,21/22,GB1,Premier League,762,Newcastle United,30,18,0.0,2,0,4,1,5,0,0,0,,0,0
92469,20/21,GB1,Premier League,762,Newcastle United,30,18,0.0,3,1,3,4,2,0,0,0,,0,0
92469,19/20,GB1,Premier League,762,Newcastle United,20,18,2.0,1,0,4,5,4,0,0,0,657.0,0,0
92469,18/19,GB1,Premier League,762,Newcastle United,36,36,2.0,8,0,1,14,9,0,0,1,1470.0,0,0
92469,17/18,GB1,Premier League,762,Newcastle United,38,35,3.0,6,0,3,11,6,0,0,0,937.0,0,0
92572,24/25,GB1,Premier League,873,Crystal Palace,20,2,0.0,0,0,1,1,1,0,0,0,,0,0
92572,23/24,GB1,Premier League,873,Crystal Palace,31,26,0.0,1,1,3,4,4,0,0,0,,0,0
92572,22/23,GB1,Premier League,873,Crystal Palace,35,28,1.0,0,0,4,2,6,0,0,0,2255.0,0,0
92572,21/22,GB1,Premier League,873,Crystal Palace,33,28,0.0,0,0,1,0,8,0,0,0,,0,0
92572,20/21,GB1,Premier League,873,Crystal Palace,33,26,0.0,1,0,1,0,5,0,0,0,,0,0
92572,19/20,GB1,Premier League,873,Crystal Palace,29,29,0.0,0,0,2,3,4,0,0,0,,0,0
92572,18/19,GB1,Premier League,873,Crystal Palace,32,7,1.0,0,0,1,0,1,0,0,0,551.0,0,0
92572,17/18,GB1,Premier League,873,Crystal Palace,23,19,0.0,1,1,0,3,4,0,0,0,,0,0
92572,16/17,GB1,Premier League,873,Crystal Palace,38,38,0.0,1,0,0,1,7,0,0,0,,0,0
92571,24/25,GB1,Premier League,379,West Ham United,31,18,0.0,0,0,8,6,3,0,0,0,,0,0
92571,23/24,GB1,Premier League,379,West Ham United,32,11,0.0,0,0,7,2,1,0,0,0,,0,0
92571,22/23,GB1,Premier League,379,West Ham United,36,28,0.0,1,0,4,4,2,0,0,0,,0,0
92571,21/22,GB1,Premier League,379,West Ham United,31,31,2.0,3,0,0,2,3,0,0,0,1364.0,0,0
92571,20/21,GB1,Premier League,379,West Ham United,36,36,0.0,8,0,0,2,3,0,0,0,,0,0
92571,19/20,GB1,Premier League,379,West Ham United,31,31,3.0,0,0,0,3,7,0,0,0,910.0,0,0
92571,18/19,GB1,Premier League,379,West Ham United,27,20,0.0,1,0,2,2,1,0,0,0,,0,0
92571,17/18,GB1,Premier League,379,West Ham United,37,36,1.0,7,0,1,5,7,0,0,0,3072.0,0,0
92571,16/17,GB1,Premier League,379,West Ham United,27,26,0.0,2,0,2,3,2,1,0,0,,0,0
926135,23/24,GB1,Premier League,405,Aston Villa,12,2,0.0,0,0,2,0,0,0,0,0,,0,0
926952,25/26,GB1,Premier League,985,Manchester United,3,2,0.0,0,0,0,0,1,0,0,0,,0,0
926952,24/25,GB1,Premier League,985,Manchester United,12,12,0.0,0,0,2,3,3,0,1,0,,0,0
92738,22/23,GB1,Premier League,399,Leeds United,16,14,0.0,0,0,14,0,2,0,0,0,,0,0
92738,21/22,GB1,Premier League,399,Leeds United,37,33,1.0,2,0,7,19,5,0,0,0,2082.0,0,0
92738,20/21,GB1,Premier League,399,Leeds United,36,35,4.0,5,0,7,13,6,0,0,2,599.0,0,0
927768,25/26,GB1,Premier League,1132,Burnley FC,3,0,0.0,0,0,0,0,0,0,0,0,,0,0
92899,17/18,GB1,Premier League,1010,Watford FC,17,12,0.0,1,0,0,1,4,0,1,0,,0,0
93128,22/23,GB1,Premier League,631,Chelsea FC,29,23,2.0,1,0,3,2,5,1,0,0,900.0,0,0
93145,16/17,GB1,Premier League,3008,Hull City,29,22,2.0,0,0,9,6,1,0,0,0,585.0,0,0
933017,25/26,GB1,Premier League,703,Nottingham Forest,1,0,0.0,0,0,0,0,0,0,0,0,,0,0
933017,24/25,GB1,Premier League,703,Nottingham Forest,7,0,0.0,0,0,0,0,0,0,0,0,,0,0
933900,24/25,GB1,Premier League,180,Southampton FC,9,2,0.0,0,0,2,0,1,0,0,0,,0,0
933900,22/23,GB1,Premier League,180,Southampton FC,1,1,0.0,0,0,1,0,0,0,0,0,,0,0
936842,24/25,GB1,Premier League,1003,Leicester City,2,1,0.0,0,0,1,0,0,0,0,0,,0,0
936867,22/23,GB1,Premier League,180,Southampton FC,1,0,0.0,0,0,0,0,0,0,0,0,,0,0
936874,25/26,GB1,Premier League,631,Chelsea FC,2,1,0.0,0,0,1,1,0,0,0,0,,0,0
936874,24/25,GB1,Premier League,631,Chelsea FC,19,8,1.0,1,0,7,1,1,0,0,0,178.0,0,0
936874,23/24,GB1,Premier League,631,Chelsea FC,3,0,0.0,0,0,0,0,0,0,0,0,,0,0
936901,24/25,GB1,Premier League,989,AFC Bournemouth,1,0,0.0,0,0,0,0,0,0,0,0,,0,0
936901,23/24,GB1,Premier League,989,AFC Bournemouth,5,1,0.0,0,0,1,0,0,0,0,0,,0,0
936901,22/23,GB1,Premier League,989,AFC Bournemouth,4,0,0.0,0,0,0,0,0,0,0,0,,0,0
93720,21/22,GB1,Premier League,11,Arsenal FC,35,30,4.0,7,0,10,14,0,0,0,2,447.0,0,0
93720,20/21,GB1,Premier League,11,Arsenal FC,36,31,13.0,2,0,9,15,3,0,0,3,148.0,0,0
93720,19/20,GB1,Premier League,11,Arsenal FC,34,30,10.0,6,0,8,13,8,0,0,0,188.0,0,0
93720,18/19,GB1,Premier League,11,Arsenal FC,37,35,13.0,9,0,8,9,2,0,0,0,193.0,0,0
93720,17/18,GB1,Premier League,11,Arsenal FC,33,32,14.0,5,0,6,16,1,0,0,2,158.0,0,0
937840,25/26,GB1,Premier League,289,Sunderland AFC,1,0,0.0,0,0,0,0,0,0,0,0,,0,0
937941,25/26,GB1,Premier League,29,Everton FC,3,3,0.0,0,0,2,1,0,0,0,0,,0,0
938158,25/26,GB1,Premier League,289,Sunderland AFC,3,2,0.0,0,0,2,0,0,0,0,0,,0,0
938158,24/25,GB1,Premier League,631,Chelsea FC,13,3,0.0,0,0,3,0,0,0,0,0,,0,0
93831,19/20,GB1,Premier League,1123,Norwich City,30,16,0.0,0,0,2,10,2,0,0,0,,0,0
93905,19/20,GB1,Premier League,350,Sheffield United,23,9,0.0,0,0,7,2,2,0,0,0,,0,0
93905,17/18,GB1,Premier League,29,Everton FC,6,2,0.0,0,0,2,0,0,0,0,0,,0,0
93905,16/17,GB1,Premier League,29,Everton FC,2,0,0.0,0,0,0,0,0,0,0,0,,0,0
93922,18/19,GB1,Premier League,1110,Huddersfield Town,30,28,0.0,1,0,7,3,0,0,0,0,,0,0
939290,24/25,GB1,Premier League,31,Liverpool FC,2,1,0.0,0,0,1,0,0,0,0,0,,0,0
939290,23/24,GB1,Premier League,31,Liverpool FC,6,2,0.0,0,0,2,0,1,0,0,0,,0,0
939615,24/25,GB1,Premier League,989,AFC Bournemouth,14,0,0.0,0,0,0,0,0,0,0,0,,0,0
939615,23/24,GB1,Premier League,989,AFC Bournemouth,7,0,0.0,0,0,0,0,0,0,0,0,,0,0
939615,22/23,GB1,Premier League,989,AFC Bournemouth,1,0,0.0,0,0,0,0,0,0,0,0,,0,0
94005,21/22,GB1,Premier League,11,Arsenal FC,4,2,0.0,0,0,1,0,1,0,0,0,,0,0
94005,20/21,GB1,Premier League,11,Arsenal FC,4,1,0.0,0,0,0,0,0,0,0,0,,0,0
94005,19/20,GB1,Premier League,11,Arsenal FC,29,26,0.0,2,0,7,5,4,0,0,0,,0,0
94005,18/19,GB1,Premier League,11,Arsenal FC,29,24,0.0,6,0,2,6,5,0,0,0,,0,0
94005,17/18,GB1,Premier League,11,Arsenal FC,36,27,2.0,4,0,2,6,3,0,0,0,1076.0,0,0
940858,24/25,GB1,Premier League,762,Newcastle United,1,0,0.0,0,0,0,0,0,0,0,0,,0,0
942497,24/25,GB1,Premier League,281,Manchester City,10,2,0.0,0,0,1,0,1,0,0,0,,0,0
943549,24/25,GB1,Premier League,1237,Brighton & Hove Albion,1,0,0.0,0,0,0,0,0,0,0,0,,0,0
943549,23/24,GB1,Premier League,1237,Brighton & Hove Albion,11,3,0.0,0,0,2,1,1,0,0,0,,0,0
943560,24/25,GB1,Premier League,873,Crystal Palace,8,0,0.0,0,0,0,0,0,0,0,0,,0,0
943560,23/24,GB1,Premier League,873,Crystal Palace,5,0,0.0,0,0,0,0,0,0,0,0,,0,0
947411,25/26,GB1,Premier League,289,Sunderland AFC,3,1,0.0,0,0,1,0,0,0,0,0,,0,0
9500,16/17,GB1,Premier League,3008,Hull City,35,16,,1,0,0,0,0,0,0,0,1440.0,44,0
9508,16/17,GB1,Premier League,3008,Hull City,32,9,1.0,2,0,7,2,0,0,0,0,278.0,0,0
953135,25/26,GB1,Premier League,379,West Ham United,1,0,0.0,0,0,0,0,0,0,0,0,,0,0
953135,23/24,GB1,Premier League,379,West Ham United,1,0,0.0,0,0,0,0,0,0,0,0,,0,0
953933,24/25,GB1,Premier League,985,Manchester United,2,0,0.0,0,0,0,0,0,0,0,0,,0,0
954105,25/26,GB1,Premier League,405,Aston Villa,2,0,0.0,0,0,0,0,0,0,0,0,,0,0
954105,24/25,GB1,Premier League,405,Aston Villa,7,0,0.0,0,0,0,0,0,0,0,0,,0,0
954125,23/24,GB1,Premier League,631,Chelsea FC,4,0,0.0,0,0,0,0,0,0,0,0,,0,0
954104,24/25,GB1,Premier League,1148,Brentford FC,14,1,0.0,0,0,1,0,0,0,0,0,,0,0
95424,25/26,GB1,Premier League,1132,Burnley FC,3,3,0.0,0,0,0,0,1,0,0,0,,0,0
95424,24/25,GB1,Premier League,281,Manchester City,16,15,0.0,0,0,6,1,3,0,0,0,,0,0
95424,23/24,GB1,Premier League,281,Manchester City,35,32,0.0,4,0,2,3,2,0,0,0,,0,0
95424,22/23,GB1,Premier League,281,Manchester City,32,27,0.0,0,0,5,4,3,0,0,0,,0,0
95424,21/22,GB1,Premier League,281,Manchester City,27,20,0.0,2,0,0,1,1,0,0,0,,0,0
95424,20/21,GB1,Premier League,281,Manchester City,33,24,1.0,1,0,2,2,1,0,0,0,1946.0,0,0
95424,19/20,GB1,Premier League,281,Manchester City,36,29,1.0,4,0,1,6,5,0,0,0,2396.0,0,0
95424,18/19,GB1,Premier League,281,Manchester City,37,33,1.0,1,0,3,1,3,0,0,0,2777.0,0,0
95424,17/18,GB1,Premier League,281,Manchester City,36,32,0.0,6,1,0,2,2,1,0,0,,0,0
95424,16/17,GB1,Premier League,148,Tottenham Hotspur,35,33,0.0,5,0,2,5,8,0,0,0,,0,0
95435,20/21,GB1,Premier League,873,Crystal Palace,3,0,0.0,0,0,0,0,0,0,0,0,,0,0
95435,19/20,GB1,Premier League,873,Crystal Palace,13,6,1.0,1,0,6,0,0,0,0,0,90.0,0,0
95435,18/19,GB1,Premier League,873,Crystal Palace,10,6,0.0,1,0,6,0,0,0,0,0,,0,0
95435,16/17,GB1,Premier League,873,Crystal Palace,11,8,2.0,0,0,4,2,2,0,0,0,206.0,0,0
955253,24/25,GB1,Premier League,543,Wolverhampton Wanderers,5,0,0.0,0,0,0,0,0,0,0,0,,0,0
955357,25/26,GB1,Premier League,989,AFC Bournemouth,3,3,0.0,0,0,3,0,0,0,0,0,,0,0
95755,16/17,GB1,Premier League,641,Middlesbrough FC,24,13,0.0,3,0,7,5,0,0,0,0,,0,0
95810,25/26,GB1,Premier League,762,Newcastle United,3,3,0.0,0,0,0,2,0,0,0,0,,0,0
95810,24/25,GB1,Premier League,762,Newcastle United,31,25,0.0,3,0,11,12,1,0,0,0,,0,0
95810,23/24,GB1,Premier League,762,Newcastle United,28,28,1.0,10,0,2,5,5,0,0,0,2240.0,0,0
95810,22/23,GB1,Premier League,762,Newcastle United,38,38,1.0,7,1,0,7,5,0,0,0,3348.0,0,0
95810,21/22,GB1,Premier League,762,Newcastle United,7,6,2.0,0,0,1,2,0,0,0,0,215.0,0,0
95810,18/19,GB1,Premier League,148,Tottenham Hotspur,31,27,1.0,3,1,1,3,2,0,0,0,2278.0,0,0
95810,17/18,GB1,Premier League,148,Tottenham Hotspur,35,24,0.0,5,0,3,3,1,0,0,0,,0,0
95810,16/17,GB1,Premier League,148,Tottenham Hotspur,29,12,0.0,5,0,6,2,1,0,0,0,,0,0
9594,18/19,GB1,Premier League,281,Manchester City,26,17,1.0,0,0,4,3,6,0,0,0,1223.0,0,0
9594,17/18,GB1,Premier League,281,Manchester City,22,17,1.0,1,0,0,3,6,0,0,0,1396.0,0,0
9594,16/17,GB1,Premier League,281,Manchester City,20,11,3.0,0,0,1,3,5,0,0,0,274.0,0,0
95976,24/25,GB1,Premier League,180,Southampton FC,38,5,,0,0,0,0,0,0,0,0,450.0,13,0
95976,22/23,GB1,Premier League,180,Southampton FC,27,6,,0,0,0,0,0,0,0,0,540.0,17,0
95976,21/22,GB1,Premier League,180,Southampton FC,18,17,,0,0,0,0,1,0,0,0,1530.0,27,5
95976,20/21,GB1,Premier League,180,Southampton FC,37,30,,0,0,0,0,2,0,0,0,2700.0,57,7
95976,19/20,GB1,Premier League,180,Southampton FC,36,28,,0,0,0,0,0,0,0,0,2520.0,35,7
95976,18/19,GB1,Premier League,180,Southampton FC,33,25,,0,0,0,0,1,0,0,0,2250.0,44,4
95976,17/18,GB1,Premier League,180,Southampton FC,37,18,,0,0,0,0,2,0,0,0,1620.0,26,4
95976,16/17,GB1,Premier League,180,Southampton FC,9,0,0.0,0,0,0,0,0,0,0,0,,0,0
96341,21/22,GB1,Premier League,631,Chelsea FC,29,26,8.0,1,0,10,5,1,0,0,1,198.0,0,0
96341,18/19,GB1,Premier League,985,Manchester United,33,32,12.0,0,0,10,4,4,0,0,0,178.0,0,0
96341,17/18,GB1,Premier League,985,Manchester United,34,34,16.0,7,0,1,3,4,0,0,0,179.0,0,0
96341,16/17,GB1,Premier League,29,Everton FC,37,37,25.0,6,0,1,2,3,0,0,1,131.0,0,0
963878,24/25,GB1,Premier League,989,AFC Bournemouth,4,0,0.0,0,0,0,0,0,0,0,0,,0,0
963878,22/23,GB1,Premier League,989,AFC Bournemouth,3,0,0.0,0,0,0,0,0,0,0,0,,0,0
964554,24/25,GB1,Premier League,11,Arsenal FC,3,0,0.0,0,0,0,0,0,0,0,0,,0,0
964561,24/25,GB1,Premier League,11,Arsenal FC,9,0,0.0,0,0,0,0,0,0,0,0,,0,0
964690,24/25,GB1,Premier League,985,Manchester United,1,0,0.0,0,0,0,0,0,0,0,0,,0,0
965940,23/24,GB1,Premier League,1031,Luton Town,16,2,0.0,0,0,2,0,0,0,0,0,,0,0
965971,23/24,GB1,Premier League,148,Tottenham Hotspur,1,0,0.0,0,0,0,0,0,0,0,0,,0,0
967318,23/24,GB1,Premier League,350,Sheffield United,1,0,0.0,0,0,0,0,0,0,0,0,,0,0
967319,25/26,GB1,Premier League,873,Crystal Palace,3,1,0.0,0,0,1,0,0,0,0,0,,0,0
967319,24/25,GB1,Premier League,873,Crystal Palace,15,7,1.0,1,0,6,2,0,0,0,0,136.0,0,0
967340,23/24,GB1,Premier League,350,Sheffield United,1,0,0.0,0,0,0,0,0,0,0,0,,0,0
967346,25/26,GB1,Premier League,289,Sunderland AFC,3,3,1.0,0,0,0,3,0,0,0,0,204.0,0,0
96754,16/17,GB1,Premier League,289,Sunderland AFC,26,24,2.0,0,0,5,5,5,0,0,0,871.0,0,0
96828,16/17,GB1,Premier League,379,West Ham United,11,8,0.0,0,0,3,4,2,0,0,0,,0,0
973085,25/26,GB1,Premier League,1237,Brighton & Hove Albion,3,3,0.0,0,0,0,3,0,0,0,0,,0,0
973085,24/25,GB1,Premier League,1237,Brighton & Hove Albion,36,34,3.0,1,0,3,15,6,1,0,0,891.0,0,0
973085,23/24,GB1,Premier League,1237,Brighton & Hove Albion,34,27,0.0,0,0,12,8,7,0,0,0,,0,0
974327,21/22,GB1,Premier League,1010,Watford FC,1,0,0.0,0,0,0,0,0,0,0,0,,0,0
978668,24/25,GB1,Premier League,1237,Brighton & Hove Albion,3,0,0.0,0,0,0,0,0,0,0,0,,0,0
982097,24/25,GB1,Premier League,631,Chelsea FC,2,1,0.0,0,0,1,0,0,0,0,0,,0,0
98240,21/22,GB1,Premier League,762,Newcastle United,17,13,0.0,1,0,1,1,2,0,1,0,,0,0
98240,20/21,GB1,Premier League,762,Newcastle United,30,22,1.0,0,1,1,3,3,0,0,0,1893.0,0,0
98240,19/20,GB1,Premier League,762,Newcastle United,18,14,2.0,0,0,0,3,2,0,0,0,594.0,0,0
98240,18/19,GB1,Premier League,762,Newcastle United,20,11,3.0,0,0,2,1,1,0,0,0,286.0,0,0
98240,17/18,GB1,Premier League,762,Newcastle United,34,20,2.0,1,0,1,0,3,0,0,0,873.0,0,0
983248,24/25,GB1,Premier League,989,AFC Bournemouth,1,0,0.0,0,0,0,0,0,0,0,0,,0,0
983248,23/24,GB1,Premier League,989,AFC Bournemouth,3,0,0.0,0,0,0,0,0,0,0,0,,0,0
983989,24/25,GB1,Premier League,1003,Leicester City,34,31,5.0,2,0,17,8,8,0,0,0,303.0,0,0
983989,23/24,GB1,Premier League,1237,Brighton & Hove Albion,33,27,3.0,1,0,10,16,7,0,0,0,456.0,0,0
983989,22/23,GB1,Premier League,1237,Brighton & Hove Albion,19,13,1.0,1,0,7,5,2,0,0,0,562.0,0,0
984096,25/26,GB1,Premier League,703,Nottingham Forest,1,0,0.0,0,0,0,0,0,0,0,0,,0,0
983702,24/25,GB1,Premier League,281,Manchester City,5,0,0.0,0,0,0,0,0,0,0,0,,0,0
983702,23/24,GB1,Premier League,281,Manchester City,1,0,0.0,0,0,0,0,0,0,0,0,,0,0
984593,25/26,GB1,Premier League,405,Aston Villa,2,0,0.0,0,0,0,0,0,0,0,0,,0,0
985546,24/25,GB1,Premier League,148,Tottenham Hotspur,14,0,0.0,0,0,0,0,0,0,0,0,,0,0
985544,24/25,GB1,Premier League,405,Aston Villa,1,0,0.0,0,0,0,0,0,0,0,0,,0,0
985717,23/24,GB1,Premier League,1031,Luton Town,1,0,0.0,0,0,0,0,0,0,0,0,,0,0
986298,24/25,GB1,Premier League,180,Southampton FC,2,2,0.0,0,0,2,0,0,0,0,0,,0,0
991800,24/25,GB1,Premier League,379,West Ham United,34,12,0.0,0,0,11,1,0,0,0,0,,0,0
992686,24/25,GB1,Premier League,931,Fulham FC,9,2,0.0,0,0,2,0,0,0,0,0,,0,0
992686,22/23,GB1,Premier League,931,Fulham FC,1,0,0.0,0,0,0,0,0,0,0,0,,0,0
99331,24/25,GB1,Premier League,1003,Leicester City,20,18,0.0,0,1,2,6,5,0,0,0,,0,0
99331,22/23,GB1,Premier League,1003,Leicester City,7,0,0.0,0,0,0,0,0,0,0,0,,0,0
99331,21/22,GB1,Premier League,1003,Leicester City,25,10,0.0,0,0,4,1,2,0,0,0,,0,0
99331,20/21,GB1,Premier League,180,Southampton FC,31,30,3.0,0,0,1,0,3,0,1,0,858.0,0,0
99331,19/20,GB1,Premier League,180,Southampton FC,31,19,1.0,0,0,2,2,3,0,0,0,1497.0,0,0
99331,18/19,GB1,Premier League,180,Southampton FC,30,23,0.0,0,0,0,3,2,0,0,0,,0,0
99343,18/19,GB1,Premier League,985,Manchester United,25,22,2.0,3,0,6,7,4,0,0,0,702.0,0,0
99343,17/18,GB1,Premier League,985,Manchester United,33,26,0.0,2,0,13,6,4,0,0,0,,0,0
99343,16/17,GB1,Premier League,985,Manchester United,34,31,1.0,6,0,4,5,5,1,0,0,2467.0,0,0
99397,25/26,GB1,Premier League,399,Leeds United,3,0,0.0,0,0,0,0,0,0,0,0,,0,0
99397,22/23,GB1,Premier League,762,Newcastle United,7,0,0.0,0,0,0,0,0,0,0,0,,0,0
99397,21/22,GB1,Premier League,762,Newcastle United,34,8,,0,0,0,0,1,0,0,0,720.0,15,0
99397,20/21,GB1,Premier League,762,Newcastle United,31,25,,0,0,0,0,3,0,0,0,2250.0,43,4
99397,19/20,GB1,Premier League,762,Newcastle United,37,0,0.0,0,0,0,0,0,0,0,0,,0,0
99397,18/19,GB1,Premier League,762,Newcastle United,23,0,0.0,0,0,0,0,0,0,0,0,,0,0
99397,17/18,GB1,Premier League,762,Newcastle United,35,10,,1,0,0,0,0,0,0,0,900.0,15,2
994536,24/25,GB1,Premier League,281,Manchester City,1,1,0.0,0,0,1,0,0,0,0,0,,0,0
994604,24/25,GB1,Premier League,989,AFC Bournemouth,8,0,0.0,0,0,0,0,0,0,0,0,,0,0
996897,25/26,GB1,Premier League,1237,Brighton & Hove Albion,3,3,0.0,0,0,2,1,1,0,0,0,,0,0
996897,24/25,GB1,Premier League,1237,Brighton & Hove Albion,17,16,1.0,1,0,12,4,0,0,0,0,511.0,0,0
9988,16/17,GB1,Premier League,3008,Hull City,24,22,3.0,0,1,3,0,4,0,0,0,574.0,0,0
999745,24/25,GB1,Premier League,148,Tottenham Hotspur,5,0,0.0,0,0,0,0,0,0,0,0,,0,0
